date,close,adj close,dividends,stock splits,currency
2014-09-17,355.9573669433594,355.9573669433594,0.0,0.0,EUR
2014-09-18,328.53936767578125,328.53936767578125,0.0,0.0,EUR
2014-09-19,307.7611389160156,307.7611389160156,0.0,0.0,EUR
2014-09-20,318.75897216796875,318.75897216796875,0.0,0.0,EUR
2014-09-21,310.6324462890625,310.6324462890625,0.0,0.0,EUR
2014-09-22,312.9587707519531,312.9587707519531,0.0,0.0,EUR
2014-09-23,339.18975830078125,339.18975830078125,0.0,0.0,EUR
2014-09-24,331.25,331.25,0.0,0.0,EUR
2014-09-25,322.6766052246094,322.6766052246094,0.0,0.0,EUR
2014-09-26,318.8968505859375,318.8968505859375,0.0,0.0,EUR
2014-09-27,315.0291748046875,315.0291748046875,0.0,0.0,EUR
2014-09-28,297.5787048339844,297.5787048339844,0.0,0.0,EUR
2014-09-29,295.89959716796875,295.89959716796875,0.0,0.0,EUR
2014-09-30,306.41748046875,306.41748046875,0.0,0.0,EUR
2014-10-01,303.94976806640625,303.94976806640625,0.0,0.0,EUR
2014-10-02,296.054931640625,296.054931640625,0.0,0.0,EUR
2014-10-03,287.2648620605469,287.2648620605469,0.0,0.0,EUR
2014-10-04,262.7774658203125,262.7774658203125,0.0,0.0,EUR
2014-10-05,256.1620788574219,256.1620788574219,0.0,0.0,EUR
2014-10-06,261.0765075683594,261.0765075683594,0.0,0.0,EUR
2014-10-07,265.50860595703125,265.50860595703125,0.0,0.0,EUR
2014-10-08,277.032958984375,277.032958984375,0.0,0.0,EUR
2014-10-09,287.716552734375,287.716552734375,0.0,0.0,EUR
2014-10-10,286.3630676269531,286.3630676269531,0.0,0.0,EUR
2014-10-11,286.94677734375,286.94677734375,0.0,0.0,EUR
2014-10-12,299.5086669921875,299.5086669921875,0.0,0.0,EUR
2014-10-13,306.92926025390625,306.92926025390625,0.0,0.0,EUR
2014-10-14,317.118896484375,317.118896484375,0.0,0.0,EUR
2014-10-15,307.9352722167969,307.9352722167969,0.0,0.0,EUR
2014-10-16,298.8018493652344,298.8018493652344,0.0,0.0,EUR
2014-10-17,300.8215026855469,300.8215026855469,0.0,0.0,EUR
2014-10-18,306.8448486328125,306.8448486328125,0.0,0.0,EUR
2014-10-19,305.6221618652344,305.6221618652344,0.0,0.0,EUR
2014-10-20,299.21453857421875,299.21453857421875,0.0,0.0,EUR
2014-10-21,304.0237731933594,304.0237731933594,0.0,0.0,EUR
2014-10-22,303.1073303222656,303.1073303222656,0.0,0.0,EUR
2014-10-23,283.3559875488281,283.3559875488281,0.0,0.0,EUR
2014-10-24,282.82952880859375,282.82952880859375,0.0,0.0,EUR
2014-10-25,274.08917236328125,274.08917236328125,0.0,0.0,EUR
2014-10-26,279.8453674316406,279.8453674316406,0.0,0.0,EUR
2014-10-27,277.90032958984375,277.90032958984375,0.0,0.0,EUR
2014-10-28,280.77099609375,280.77099609375,0.0,0.0,EUR
2014-10-29,265.6883850097656,265.6883850097656,0.0,0.0,EUR
2014-10-30,273.877685546875,273.877685546875,0.0,0.0,EUR
2014-10-31,270.1381530761719,270.1381530761719,0.0,0.0,EUR
2014-11-01,260.09979248046875,260.09979248046875,0.0,0.0,EUR
2014-11-02,260.6927490234375,260.6927490234375,0.0,0.0,EUR
2014-11-03,262.23199462890625,262.23199462890625,0.0,0.0,EUR
2014-11-04,263.31927490234375,263.31927490234375,0.0,0.0,EUR
2014-11-05,272.0894470214844,272.0894470214844,0.0,0.0,EUR
2014-11-06,282.1861572265625,282.1861572265625,0.0,0.0,EUR
2014-11-07,274.98797607421875,274.98797607421875,0.0,0.0,EUR
2014-11-08,277.4558410644531,277.4558410644531,0.0,0.0,EUR
2014-11-09,291.5441589355469,291.5441589355469,0.0,0.0,EUR
2014-11-10,295.3110656738281,295.3110656738281,0.0,0.0,EUR
2014-11-11,294.7927551269531,294.7927551269531,0.0,0.0,EUR
2014-11-12,340.7844543457031,340.7844543457031,0.0,0.0,EUR
2014-11-13,337.3436279296875,337.3436279296875,0.0,0.0,EUR
2014-11-14,317.7206115722656,317.7206115722656,0.0,0.0,EUR
2014-11-15,300.4017333984375,300.4017333984375,0.0,0.0,EUR
2014-11-16,309.78515625,309.78515625,0.0,0.0,EUR
2014-11-17,311.2210693359375,311.2210693359375,0.0,0.0,EUR
2014-11-18,299.3919677734375,299.3919677734375,0.0,0.0,EUR
2014-11-19,303.52130126953125,303.52130126953125,0.0,0.0,EUR
2014-11-20,285.3133544921875,285.3133544921875,0.0,0.0,EUR
2014-11-21,283.21600341796875,283.21600341796875,0.0,0.0,EUR
2014-11-22,284.88861083984375,284.88861083984375,0.0,0.0,EUR
2014-11-23,297.1247253417969,297.1247253417969,0.0,0.0,EUR
2014-11-24,303.1456604003906,303.1456604003906,0.0,0.0,EUR
2014-11-25,300.7837219238281,300.7837219238281,0.0,0.0,EUR
2014-11-26,294.6017150878906,294.6017150878906,0.0,0.0,EUR
2014-11-27,296.709228515625,296.709228515625,0.0,0.0,EUR
2014-11-28,302.26995849609375,302.26995849609375,0.0,0.0,EUR
2014-11-29,301.5023193359375,301.5023193359375,0.0,0.0,EUR
2014-11-30,304.01849365234375,304.01849365234375,0.0,0.0,EUR
2014-12-01,304.1746826171875,304.1746826171875,0.0,0.0,EUR
2014-12-02,307.8348388671875,307.8348388671875,0.0,0.0,EUR
2014-12-03,304.5643005371094,304.5643005371094,0.0,0.0,EUR
2014-12-04,298.4528503417969,298.4528503417969,0.0,0.0,EUR
2014-12-05,306.75946044921875,306.75946044921875,0.0,0.0,EUR
2014-12-06,305.0752868652344,305.0752868652344,0.0,0.0,EUR
2014-12-07,305.1289367675781,305.1289367675781,0.0,0.0,EUR
2014-12-08,293.9004211425781,293.9004211425781,0.0,0.0,EUR
2014-12-09,284.3456726074219,284.3456726074219,0.0,0.0,EUR
2014-12-10,277.55828857421875,277.55828857421875,0.0,0.0,EUR
2014-12-11,282.8258056640625,282.8258056640625,0.0,0.0,EUR
2014-12-12,282.9389953613281,282.9389953613281,0.0,0.0,EUR
2014-12-13,278.7929382324219,278.7929382324219,0.0,0.0,EUR
2014-12-14,282.1407165527344,282.1407165527344,0.0,0.0,EUR
2014-12-15,277.6308288574219,277.6308288574219,0.0,0.0,EUR
2014-12-16,261.4822692871094,261.4822692871094,0.0,0.0,EUR
2014-12-17,259.2007751464844,259.2007751464844,0.0,0.0,EUR
2014-12-18,253.41470336914062,253.41470336914062,0.0,0.0,EUR
2014-12-19,259.95172119140625,259.95172119140625,0.0,0.0,EUR
2014-12-20,269.8584899902344,269.8584899902344,0.0,0.0,EUR
2014-12-21,262.4697265625,262.4697265625,0.0,0.0,EUR
2014-12-22,271.57025146484375,271.57025146484375,0.0,0.0,EUR
2014-12-23,274.84759521484375,274.84759521484375,0.0,0.0,EUR
2014-12-24,264.5890197753906,264.5890197753906,0.0,0.0,EUR
2014-12-25,261.33203125,261.33203125,0.0,0.0,EUR
2014-12-26,269.34210205078125,269.34210205078125,0.0,0.0,EUR
2014-12-27,259.43572998046875,259.43572998046875,0.0,0.0,EUR
2014-12-28,260.7158203125,260.7158203125,0.0,0.0,EUR
2014-12-29,257.2780456542969,257.2780456542969,0.0,0.0,EUR
2014-12-30,255.56130981445312,255.56130981445312,0.0,0.0,EUR
2014-12-31,264.7098083496094,264.7098083496094,0.0,0.0,EUR
2015-01-01,260.0107421875,260.0107421875,0.0,0.0,EUR
2015-01-02,262.5485534667969,262.5485534667969,0.0,0.0,EUR
2015-01-03,234.2545166015625,234.2545166015625,0.0,0.0,EUR
2015-01-04,221.15771484375,221.15771484375,0.0,0.0,EUR
2015-01-05,229.9355010986328,229.9355010986328,0.0,0.0,EUR
2015-01-06,241.102783203125,241.102783203125,0.0,0.0,EUR
2015-01-07,248.7214813232422,248.7214813232422,0.0,0.0,EUR
2015-01-08,240.30955505371094,240.30955505371094,0.0,0.0,EUR
2015-01-09,245.19418334960938,245.19418334960938,0.0,0.0,EUR
2015-01-10,232.0128173828125,232.0128173828125,0.0,0.0,EUR
2015-01-11,223.84564208984375,223.84564208984375,0.0,0.0,EUR
2015-01-12,226.35110473632812,226.35110473632812,0.0,0.0,EUR
2015-01-13,191.8140106201172,191.8140106201172,0.0,0.0,EUR
2015-01-14,151.1525115966797,151.1525115966797,0.0,0.0,EUR
2015-01-15,180.37132263183594,180.37132263183594,0.0,0.0,EUR
2015-01-16,179.90576171875,179.90576171875,0.0,0.0,EUR
2015-01-17,172.26593017578125,172.26593017578125,0.0,0.0,EUR
2015-01-18,181.9698944091797,181.9698944091797,0.0,0.0,EUR
2015-01-19,185.3208465576172,185.3208465576172,0.0,0.0,EUR
2015-01-20,183.0518035888672,183.0518035888672,0.0,0.0,EUR
2015-01-21,195.3987274169922,195.3987274169922,0.0,0.0,EUR
2015-01-22,205.69842529296875,205.69842529296875,0.0,0.0,EUR
2015-01-23,207.7978057861328,207.7978057861328,0.0,0.0,EUR
2015-01-24,221.15374755859375,221.15374755859375,0.0,0.0,EUR
2015-01-25,227.71316528320312,227.71316528320312,0.0,0.0,EUR
2015-01-26,243.1087188720703,243.1087188720703,0.0,0.0,EUR
2015-01-27,231.76901245117188,231.76901245117188,0.0,0.0,EUR
2015-01-28,207.31631469726562,207.31631469726562,0.0,0.0,EUR
2015-01-29,206.0287628173828,206.0287628173828,0.0,0.0,EUR
2015-01-30,200.62466430664062,200.62466430664062,0.0,0.0,EUR
2015-01-31,192.68475341796875,192.68475341796875,0.0,0.0,EUR
2015-02-01,200.73582458496094,200.73582458496094,0.0,0.0,EUR
2015-02-02,210.11553955078125,210.11553955078125,0.0,0.0,EUR
2015-02-03,198.41802978515625,198.41802978515625,0.0,0.0,EUR
2015-02-04,200.47100830078125,200.47100830078125,0.0,0.0,EUR
2015-02-05,189.28594970703125,189.28594970703125,0.0,0.0,EUR
2015-02-06,196.3480682373047,196.3480682373047,0.0,0.0,EUR
2015-02-07,201.19610595703125,201.19610595703125,0.0,0.0,EUR
2015-02-08,197.5,197.5,0.0,0.0,EUR
2015-02-09,194.39195251464844,194.39195251464844,0.0,0.0,EUR
2015-02-10,194.23838806152344,194.23838806152344,0.0,0.0,EUR
2015-02-11,193.8146514892578,193.8146514892578,0.0,0.0,EUR
2015-02-12,194.5127716064453,194.5127716064453,0.0,0.0,EUR
2015-02-13,206.82333374023438,206.82333374023438,0.0,0.0,EUR
2015-02-14,226.0572967529297,226.0572967529297,0.0,0.0,EUR
2015-02-15,206.0410614013672,206.0410614013672,0.0,0.0,EUR
2015-02-16,206.35633850097656,206.35633850097656,0.0,0.0,EUR
2015-02-17,213.65550231933594,213.65550231933594,0.0,0.0,EUR
2015-02-18,207.3398895263672,207.3398895263672,0.0,0.0,EUR
2015-02-19,211.4794921875,211.4794921875,0.0,0.0,EUR
2015-02-20,214.2547149658203,214.2547149658203,0.0,0.0,EUR
2015-02-21,214.9182586669922,214.9182586669922,0.0,0.0,EUR
2015-02-22,207.37939453125,207.37939453125,0.0,0.0,EUR
2015-02-23,210.81185913085938,210.81185913085938,0.0,0.0,EUR
2015-02-24,210.5432586669922,210.5432586669922,0.0,0.0,EUR
2015-02-25,209.00369262695312,209.00369262695312,0.0,0.0,EUR
2015-02-26,211.07579040527344,211.07579040527344,0.0,0.0,EUR
2015-02-27,226.7536163330078,226.7536163330078,0.0,0.0,EUR
2015-02-28,227.1422119140625,227.1422119140625,0.0,0.0,EUR
2015-03-01,233.15591430664062,233.15591430664062,0.0,0.0,EUR
2015-03-02,246.6845703125,246.6845703125,0.0,0.0,EUR
2015-03-03,251.9245147705078,251.9245147705078,0.0,0.0,EUR
2015-03-04,246.53968811035156,246.53968811035156,0.0,0.0,EUR
2015-03-05,250.38804626464844,250.38804626464844,0.0,0.0,EUR
2015-03-06,251.51986694335938,251.51986694335938,0.0,0.0,EUR
2015-03-07,254.7827911376953,254.7827911376953,0.0,0.0,EUR
2015-03-08,253.00074768066406,253.00074768066406,0.0,0.0,EUR
2015-03-09,267.3130798339844,267.3130798339844,0.0,0.0,EUR
2015-03-10,272.49462890625,272.49462890625,0.0,0.0,EUR
2015-03-11,280.9812316894531,280.9812316894531,0.0,0.0,EUR
2015-03-12,277.01300048828125,277.01300048828125,0.0,0.0,EUR
2015-03-13,271.95672607421875,271.95672607421875,0.0,0.0,EUR
2015-03-14,268.6666259765625,268.6666259765625,0.0,0.0,EUR
2015-03-15,273.19757080078125,273.19757080078125,0.0,0.0,EUR
2015-03-16,274.92242431640625,274.92242431640625,0.0,0.0,EUR
2015-03-17,269.4714660644531,269.4714660644531,0.0,0.0,EUR
2015-03-18,236.28561401367188,236.28561401367188,0.0,0.0,EUR
2015-03-19,244.6352996826172,244.6352996826172,0.0,0.0,EUR
2015-03-20,241.9121856689453,241.9121856689453,0.0,0.0,EUR
2015-03-21,240.31884765625,240.31884765625,0.0,0.0,EUR
2015-03-22,247.53810119628906,247.53810119628906,0.0,0.0,EUR
2015-03-23,243.7539825439453,243.7539825439453,0.0,0.0,EUR
2015-03-24,225.27517700195312,225.27517700195312,0.0,0.0,EUR
2015-03-25,224.59132385253906,224.59132385253906,0.0,0.0,EUR
2015-03-26,228.36717224121094,228.36717224121094,0.0,0.0,EUR
2015-03-27,226.90274047851562,226.90274047851562,0.0,0.0,EUR
2015-03-28,232.2017059326172,232.2017059326172,0.0,0.0,EUR
2015-03-29,223.04080200195312,223.04080200195312,0.0,0.0,EUR
2015-03-30,228.59808349609375,228.59808349609375,0.0,0.0,EUR
2015-03-31,227.3966522216797,227.3966522216797,0.0,0.0,EUR
2015-04-01,229.61463928222656,229.61463928222656,0.0,0.0,EUR
2015-04-02,232.77670288085938,232.77670288085938,0.0,0.0,EUR
2015-04-03,231.70736694335938,231.70736694335938,0.0,0.0,EUR
2015-04-04,231.137939453125,231.137939453125,0.0,0.0,EUR
2015-04-05,237.03656005859375,237.03656005859375,0.0,0.0,EUR
2015-04-06,233.6888427734375,233.6888427734375,0.0,0.0,EUR
2015-04-07,233.9925994873047,233.9925994873047,0.0,0.0,EUR
2015-04-08,227.2509765625,227.2509765625,0.0,0.0,EUR
2015-04-09,228.5033721923828,228.5033721923828,0.0,0.0,EUR
2015-04-10,222.66741943359375,222.66741943359375,0.0,0.0,EUR
2015-04-11,223.1201629638672,223.1201629638672,0.0,0.0,EUR
2015-04-12,222.65982055664062,222.65982055664062,0.0,0.0,EUR
2015-04-13,212.45578002929688,212.45578002929688,0.0,0.0,EUR
2015-04-14,205.87974548339844,205.87974548339844,0.0,0.0,EUR
2015-04-15,209.6796112060547,209.6796112060547,0.0,0.0,EUR
2015-04-16,212.48768615722656,212.48768615722656,0.0,0.0,EUR
2015-04-17,206.2767333984375,206.2767333984375,0.0,0.0,EUR
2015-04-18,206.7154083251953,206.7154083251953,0.0,0.0,EUR
2015-04-19,205.99667358398438,205.99667358398438,0.0,0.0,EUR
2015-04-20,209.01275634765625,209.01275634765625,0.0,0.0,EUR
2015-04-21,219.11985778808594,219.11985778808594,0.0,0.0,EUR
2015-04-22,218.3866424560547,218.3866424560547,0.0,0.0,EUR
2015-04-23,218.7032928466797,218.7032928466797,0.0,0.0,EUR
2015-04-24,212.60159301757812,212.60159301757812,0.0,0.0,EUR
2015-04-25,208.11729431152344,208.11729431152344,0.0,0.0,EUR
2015-04-26,201.96041870117188,201.96041870117188,0.0,0.0,EUR
2015-04-27,210.8376922607422,210.8376922607422,0.0,0.0,EUR
2015-04-28,205.9405517578125,205.9405517578125,0.0,0.0,EUR
2015-04-29,203.22923278808594,203.22923278808594,0.0,0.0,EUR
2015-04-30,210.65567016601562,210.65567016601562,0.0,0.0,EUR
2015-05-01,207.2318878173828,207.2318878173828,0.0,0.0,EUR
2015-05-02,209.77764892578125,209.77764892578125,0.0,0.0,EUR
2015-05-03,214.85475158691406,214.85475158691406,0.0,0.0,EUR
2015-05-04,214.42361450195312,214.42361450195312,0.0,0.0,EUR
2015-05-05,211.21835327148438,211.21835327148438,0.0,0.0,EUR
2015-05-06,202.66537475585938,202.66537475585938,0.0,0.0,EUR
2015-05-07,211.0761260986328,211.0761260986328,0.0,0.0,EUR
2015-05-08,217.7931671142578,217.7931671142578,0.0,0.0,EUR
2015-05-09,215.97927856445312,215.97927856445312,0.0,0.0,EUR
2015-05-10,214.6458282470703,214.6458282470703,0.0,0.0,EUR
2015-05-11,217.2794952392578,217.2794952392578,0.0,0.0,EUR
2015-05-12,214.95230102539062,214.95230102539062,0.0,0.0,EUR
2015-05-13,208.35345458984375,208.35345458984375,0.0,0.0,EUR
2015-05-14,207.83245849609375,207.83245849609375,0.0,0.0,EUR
2015-05-15,207.49716186523438,207.49716186523438,0.0,0.0,EUR
2015-05-16,206.22915649414062,206.22915649414062,0.0,0.0,EUR
2015-05-17,206.94049072265625,206.94049072265625,0.0,0.0,EUR
2015-05-18,205.92527770996094,205.92527770996094,0.0,0.0,EUR
2015-05-19,208.1922607421875,208.1922607421875,0.0,0.0,EUR
2015-05-20,210.80804443359375,210.80804443359375,0.0,0.0,EUR
2015-05-21,211.88800048828125,211.88800048828125,0.0,0.0,EUR
2015-05-22,218.2006378173828,218.2006378173828,0.0,0.0,EUR
2015-05-23,216.8606414794922,216.8606414794922,0.0,0.0,EUR
2015-05-24,219.22755432128906,219.22755432128906,0.0,0.0,EUR
2015-05-25,216.18344116210938,216.18344116210938,0.0,0.0,EUR
2015-05-26,217.83738708496094,217.83738708496094,0.0,0.0,EUR
2015-05-27,217.770751953125,217.770751953125,0.0,0.0,EUR
2015-05-28,216.61314392089844,216.61314392089844,0.0,0.0,EUR
2015-05-29,215.79684448242188,215.79684448242188,0.0,0.0,EUR
2015-05-30,212.3828125,212.3828125,0.0,0.0,EUR
2015-05-31,210.1040496826172,210.1040496826172,0.0,0.0,EUR
2015-06-01,204.12599182128906,204.12599182128906,0.0,0.0,EUR
2015-06-02,202.5684051513672,202.5684051513672,0.0,0.0,EUR
2015-06-03,200.61639404296875,200.61639404296875,0.0,0.0,EUR
2015-06-04,200.1820526123047,200.1820526123047,0.0,0.0,EUR
2015-06-05,202.4588165283203,202.4588165283203,0.0,0.0,EUR
2015-06-06,203.0591278076172,203.0591278076172,0.0,0.0,EUR
2015-06-07,200.7575225830078,200.7575225830078,0.0,0.0,EUR
2015-06-08,202.5970916748047,202.5970916748047,0.0,0.0,EUR
2015-06-09,202.84095764160156,202.84095764160156,0.0,0.0,EUR
2015-06-10,202.3193817138672,202.3193817138672,0.0,0.0,EUR
2015-06-11,204.27301025390625,204.27301025390625,0.0,0.0,EUR
2015-06-12,204.1018829345703,204.1018829345703,0.0,0.0,EUR
2015-06-13,206.2495574951172,206.2495574951172,0.0,0.0,EUR
2015-06-14,208.09320068359375,208.09320068359375,0.0,0.0,EUR
2015-06-15,210.079833984375,210.079833984375,0.0,0.0,EUR
2015-06-16,223.23605346679688,223.23605346679688,0.0,0.0,EUR
2015-06-17,219.4208221435547,219.4208221435547,0.0,0.0,EUR
2015-06-18,218.98426818847656,218.98426818847656,0.0,0.0,EUR
2015-06-19,215.4169921875,215.4169921875,0.0,0.0,EUR
2015-06-20,215.95068359375,215.95068359375,0.0,0.0,EUR
2015-06-21,214.7205352783203,214.7205352783203,0.0,0.0,EUR
2015-06-22,217.7466278076172,217.7466278076172,0.0,0.0,EUR
2015-06-23,218.62896728515625,218.62896728515625,0.0,0.0,EUR
2015-06-24,214.6497039794922,214.6497039794922,0.0,0.0,EUR
2015-06-25,216.74610900878906,216.74610900878906,0.0,0.0,EUR
2015-06-26,218.1764373779297,218.1764373779297,0.0,0.0,EUR
2015-06-27,224.80072021484375,224.80072021484375,0.0,0.0,EUR
2015-06-28,226.90997314453125,226.90997314453125,0.0,0.0,EUR
2015-06-29,229.21444702148438,229.21444702148438,0.0,0.0,EUR
2015-06-30,236.29928588867188,236.29928588867188,0.0,0.0,EUR
2015-07-01,234.3643035888672,234.3643035888672,0.0,0.0,EUR
2015-07-02,230.4330596923828,230.4330596923828,0.0,0.0,EUR
2015-07-03,230.68394470214844,230.68394470214844,0.0,0.0,EUR
2015-07-04,234.7786102294922,234.7786102294922,0.0,0.0,EUR
2015-07-05,247.3285369873047,247.3285369873047,0.0,0.0,EUR
2015-07-06,243.55422973632812,243.55422973632812,0.0,0.0,EUR
2015-07-07,241.8744354248047,241.8744354248047,0.0,0.0,EUR
2015-07-08,244.6336669921875,244.6336669921875,0.0,0.0,EUR
2015-07-09,243.3809356689453,243.3809356689453,0.0,0.0,EUR
2015-07-10,255.2584991455078,255.2584991455078,0.0,0.0,EUR
2015-07-11,262.6242980957031,262.6242980957031,0.0,0.0,EUR
2015-07-12,279.3556823730469,279.3556823730469,0.0,0.0,EUR
2015-07-13,265.9630126953125,265.9630126953125,0.0,0.0,EUR
2015-07-14,261.23590087890625,261.23590087890625,0.0,0.0,EUR
2015-07-15,261.365234375,261.365234375,0.0,0.0,EUR
2015-07-16,255.57301330566406,255.57301330566406,0.0,0.0,EUR
2015-07-17,258.1250305175781,258.1250305175781,0.0,0.0,EUR
2015-07-18,253.90321350097656,253.90321350097656,0.0,0.0,EUR
2015-07-19,252.6678466796875,252.6678466796875,0.0,0.0,EUR
2015-07-20,257.5763854980469,257.5763854980469,0.0,0.0,EUR
2015-07-21,252.24783325195312,252.24783325195312,0.0,0.0,EUR
2015-07-22,253.7965545654297,253.7965545654297,0.0,0.0,EUR
2015-07-23,251.29632568359375,251.29632568359375,0.0,0.0,EUR
2015-07-24,262.35711669921875,262.35711669921875,0.0,0.0,EUR
2015-07-25,262.7384338378906,262.7384338378906,0.0,0.0,EUR
2015-07-26,266.7572021484375,266.7572021484375,0.0,0.0,EUR
2015-07-27,264.8124084472656,264.8124084472656,0.0,0.0,EUR
2015-07-28,266.11260986328125,266.11260986328125,0.0,0.0,EUR
2015-07-29,263.7431640625,263.7431640625,0.0,0.0,EUR
2015-07-30,263.0240173339844,263.0240173339844,0.0,0.0,EUR
2015-07-31,259.10247802734375,259.10247802734375,0.0,0.0,EUR
2015-08-01,256.3271484375,256.3271484375,0.0,0.0,EUR
2015-08-02,257.7419128417969,257.7419128417969,0.0,0.0,EUR
2015-08-03,256.82830810546875,256.82830810546875,0.0,0.0,EUR
2015-08-04,262.1007080078125,262.1007080078125,0.0,0.0,EUR
2015-08-05,258.5361633300781,258.5361633300781,0.0,0.0,EUR
2015-08-06,255.0837860107422,255.0837860107422,0.0,0.0,EUR
2015-08-07,254.84002685546875,254.84002685546875,0.0,0.0,EUR
2015-08-08,237.89718627929688,237.89718627929688,0.0,0.0,EUR
2015-08-09,241.95236206054688,241.95236206054688,0.0,0.0,EUR
2015-08-10,240.14346313476562,240.14346313476562,0.0,0.0,EUR
2015-08-11,244.8926544189453,244.8926544189453,0.0,0.0,EUR
2015-08-12,238.8165740966797,238.8165740966797,0.0,0.0,EUR
2015-08-13,236.69444274902344,236.69444274902344,0.0,0.0,EUR
2015-08-14,239.20050048828125,239.20050048828125,0.0,0.0,EUR
2015-08-15,235.48301696777344,235.48301696777344,0.0,0.0,EUR
2015-08-16,233.0361328125,233.0361328125,0.0,0.0,EUR
2015-08-17,232.97752380371094,232.97752380371094,0.0,0.0,EUR
2015-08-18,191.4027862548828,191.4027862548828,0.0,0.0,EUR
2015-08-19,203.92587280273438,203.92587280273438,0.0,0.0,EUR
2015-08-20,209.5166015625,209.5166015625,0.0,0.0,EUR
2015-08-21,204.15115356445312,204.15115356445312,0.0,0.0,EUR
2015-08-22,202.23841857910156,202.23841857910156,0.0,0.0,EUR
2015-08-23,200.5705108642578,200.5705108642578,0.0,0.0,EUR
2015-08-24,181.7746124267578,181.7746124267578,0.0,0.0,EUR
2015-08-25,191.83604431152344,191.83604431152344,0.0,0.0,EUR
2015-08-26,199.2157745361328,199.2157745361328,0.0,0.0,EUR
2015-08-27,199.972412109375,199.972412109375,0.0,0.0,EUR
2015-08-28,207.01019287109375,207.01019287109375,0.0,0.0,EUR
2015-08-29,205.5644989013672,205.5644989013672,0.0,0.0,EUR
2015-08-30,204.0504913330078,204.0504913330078,0.0,0.0,EUR
2015-08-31,204.96792602539062,204.96792602539062,0.0,0.0,EUR
2015-09-01,201.9663543701172,201.9663543701172,0.0,0.0,EUR
2015-09-02,204.51698303222656,204.51698303222656,0.0,0.0,EUR
2015-09-03,204.2645263671875,204.2645263671875,0.0,0.0,EUR
2015-09-04,206.48973083496094,206.48973083496094,0.0,0.0,EUR
2015-09-05,210.72267150878906,210.72267150878906,0.0,0.0,EUR
2015-09-06,215.08384704589844,215.08384704589844,0.0,0.0,EUR
2015-09-07,214.95518493652344,214.95518493652344,0.0,0.0,EUR
2015-09-08,217.40919494628906,217.40919494628906,0.0,0.0,EUR
2015-09-09,212.34664916992188,212.34664916992188,0.0,0.0,EUR
2015-09-10,211.37831115722656,211.37831115722656,0.0,0.0,EUR
2015-09-11,211.8092803955078,211.8092803955078,0.0,0.0,EUR
2015-09-12,207.5061798095703,207.5061798095703,0.0,0.0,EUR
2015-09-13,203.25543212890625,203.25543212890625,0.0,0.0,EUR
2015-09-14,203.98336791992188,203.98336791992188,0.0,0.0,EUR
2015-09-15,204.3876495361328,204.3876495361328,0.0,0.0,EUR
2015-09-16,202.950927734375,202.950927734375,0.0,0.0,EUR
2015-09-17,201.57003784179688,201.57003784179688,0.0,0.0,EUR
2015-09-18,206.0084991455078,206.0084991455078,0.0,0.0,EUR
2015-09-19,204.69802856445312,204.69802856445312,0.0,0.0,EUR
2015-09-20,204.8299102783203,204.8299102783203,0.0,0.0,EUR
2015-09-21,202.99008178710938,202.99008178710938,0.0,0.0,EUR
2015-09-22,207.42759704589844,207.42759704589844,0.0,0.0,EUR
2015-09-23,205.88555908203125,205.88555908203125,0.0,0.0,EUR
2015-09-24,209.7942657470703,209.7942657470703,0.0,0.0,EUR
2015-09-25,210.17518615722656,210.17518615722656,0.0,0.0,EUR
2015-09-26,209.45655822753906,209.45655822753906,0.0,0.0,EUR
2015-09-27,207.8744354248047,207.8744354248047,0.0,0.0,EUR
2015-09-28,213.0061492919922,213.0061492919922,0.0,0.0,EUR
2015-09-29,210.36973571777344,210.36973571777344,0.0,0.0,EUR
2015-09-30,211.35284423828125,211.35284423828125,0.0,0.0,EUR
2015-10-01,212.286865234375,212.286865234375,0.0,0.0,EUR
2015-10-02,211.717529296875,211.717529296875,0.0,0.0,EUR
2015-10-03,212.9996337890625,212.9996337890625,0.0,0.0,EUR
2015-10-04,212.38990783691406,212.38990783691406,0.0,0.0,EUR
2015-10-05,214.72352600097656,214.72352600097656,0.0,0.0,EUR
2015-10-06,218.3926544189453,218.3926544189453,0.0,0.0,EUR
2015-10-07,216.24154663085938,216.24154663085938,0.0,0.0,EUR
2015-10-08,214.75140380859375,214.75140380859375,0.0,0.0,EUR
2015-10-09,214.7847137451172,214.7847137451172,0.0,0.0,EUR
2015-10-10,215.6740264892578,215.6740264892578,0.0,0.0,EUR
2015-10-11,217.35879516601562,217.35879516601562,0.0,0.0,EUR
2015-10-12,216.11135864257812,216.11135864257812,0.0,0.0,EUR
2015-10-13,219.1935272216797,219.1935272216797,0.0,0.0,EUR
2015-10-14,219.6556854248047,219.6556854248047,0.0,0.0,EUR
2015-10-15,223.77474975585938,223.77474975585938,0.0,0.0,EUR
2015-10-16,231.7047119140625,231.7047119140625,0.0,0.0,EUR
2015-10-17,238.554443359375,238.554443359375,0.0,0.0,EUR
2015-10-18,230.38038635253906,230.38038635253906,0.0,0.0,EUR
2015-10-19,232.5949249267578,232.5949249267578,0.0,0.0,EUR
2015-10-20,237.37051391601562,237.37051391601562,0.0,0.0,EUR
2015-10-21,234.7249755859375,234.7249755859375,0.0,0.0,EUR
2015-10-22,247.3131866455078,247.3131866455078,0.0,0.0,EUR
2015-10-23,250.97213745117188,250.97213745117188,0.0,0.0,EUR
2015-10-24,255.6539764404297,255.6539764404297,0.0,0.0,EUR
2015-10-25,257.4929504394531,257.4929504394531,0.0,0.0,EUR
2015-10-26,258.0265808105469,258.0265808105469,0.0,0.0,EUR
2015-10-27,266.3294372558594,266.3294372558594,0.0,0.0,EUR
2015-10-28,278.90313720703125,278.90313720703125,0.0,0.0,EUR
2015-10-29,285.66033935546875,285.66033935546875,0.0,0.0,EUR
2015-10-30,298.03289794921875,298.03289794921875,0.0,0.0,EUR
2015-10-31,285.4497375488281,285.4497375488281,0.0,0.0,EUR
2015-11-01,295.255859375,295.255859375,0.0,0.0,EUR
2015-11-02,327.9660339355469,327.9660339355469,0.0,0.0,EUR
2015-11-03,368.0812072753906,368.0812072753906,0.0,0.0,EUR
2015-11-04,378.9365539550781,378.9365539550781,0.0,0.0,EUR
2015-11-05,355.0721435546875,355.0721435546875,0.0,0.0,EUR
2015-11-06,348.6036071777344,348.6036071777344,0.0,0.0,EUR
2015-11-07,359.785888671875,359.785888671875,0.0,0.0,EUR
2015-11-08,348.0313415527344,348.0313415527344,0.0,0.0,EUR
2015-11-09,353.4315490722656,353.4315490722656,0.0,0.0,EUR
2015-11-10,313.7870178222656,313.7870178222656,0.0,0.0,EUR
2015-11-11,289.08465576171875,289.08465576171875,0.0,0.0,EUR
2015-11-12,312.9588317871094,312.9588317871094,0.0,0.0,EUR
2015-11-13,312.6768798828125,312.6768798828125,0.0,0.0,EUR
2015-11-14,309.10491943359375,309.10491943359375,0.0,0.0,EUR
2015-11-15,299.2764892578125,299.2764892578125,0.0,0.0,EUR
2015-11-16,309.5470275878906,309.5470275878906,0.0,0.0,EUR
2015-11-17,314.9379577636719,314.9379577636719,0.0,0.0,EUR
2015-11-18,313.5507507324219,313.5507507324219,0.0,0.0,EUR
2015-11-19,304.1299743652344,304.1299743652344,0.0,0.0,EUR
2015-11-20,302.53851318359375,302.53851318359375,0.0,0.0,EUR
2015-11-21,307.1467590332031,307.1467590332031,0.0,0.0,EUR
2015-11-22,305.158447265625,305.158447265625,0.0,0.0,EUR
2015-11-23,303.75738525390625,303.75738525390625,0.0,0.0,EUR
2015-11-24,300.73858642578125,300.73858642578125,0.0,0.0,EUR
2015-11-25,308.98699951171875,308.98699951171875,0.0,0.0,EUR
2015-11-26,332.5952453613281,332.5952453613281,0.0,0.0,EUR
2015-11-27,338.1263427734375,338.1263427734375,0.0,0.0,EUR
2015-11-28,337.50213623046875,337.50213623046875,0.0,0.0,EUR
2015-11-29,350.9063415527344,350.9063415527344,0.0,0.0,EUR
2015-11-30,357.04107666015625,357.04107666015625,0.0,0.0,EUR
2015-12-01,341.1972961425781,341.1972961425781,0.0,0.0,EUR
2015-12-02,338.6001281738281,338.6001281738281,0.0,0.0,EUR
2015-12-03,330.7493591308594,330.7493591308594,0.0,0.0,EUR
2015-12-04,333.6545715332031,333.6545715332031,0.0,0.0,EUR
2015-12-05,357.32568359375,357.32568359375,0.0,0.0,EUR
2015-12-06,357.3701477050781,357.3701477050781,0.0,0.0,EUR
2015-12-07,365.1888122558594,365.1888122558594,0.0,0.0,EUR
2015-12-08,381.53045654296875,381.53045654296875,0.0,0.0,EUR
2015-12-09,379.1546325683594,379.1546325683594,0.0,0.0,EUR
2015-12-10,379.606201171875,379.606201171875,0.0,0.0,EUR
2015-12-11,411.526123046875,411.526123046875,0.0,0.0,EUR
2015-12-12,396.0999755859375,396.0999755859375,0.0,0.0,EUR
2015-12-13,395.07696533203125,395.07696533203125,0.0,0.0,EUR
2015-12-14,404.2060241699219,404.2060241699219,0.0,0.0,EUR
2015-12-15,425.6114501953125,425.6114501953125,0.0,0.0,EUR
2015-12-16,418.40704345703125,418.40704345703125,0.0,0.0,EUR
2015-12-17,420.7361755371094,420.7361755371094,0.0,0.0,EUR
2015-12-18,426.78448486328125,426.78448486328125,0.0,0.0,EUR
2015-12-19,425.5932922363281,425.5932922363281,0.0,0.0,EUR
2015-12-20,407.3663330078125,407.3663330078125,0.0,0.0,EUR
2015-12-21,402.0154113769531,402.0154113769531,0.0,0.0,EUR
2015-12-22,398.8415832519531,398.8415832519531,0.0,0.0,EUR
2015-12-23,405.649169921875,405.649169921875,0.0,0.0,EUR
2015-12-24,414.9051513671875,414.9051513671875,0.0,0.0,EUR
2015-12-25,415.249267578125,415.249267578125,0.0,0.0,EUR
2015-12-26,380.27337646484375,380.27337646484375,0.0,0.0,EUR
2015-12-27,385.7170104980469,385.7170104980469,0.0,0.0,EUR
2015-12-28,384.8345947265625,384.8345947265625,0.0,0.0,EUR
2015-12-29,396.39569091796875,396.39569091796875,0.0,0.0,EUR
2015-12-30,390.2131042480469,390.2131042480469,0.0,0.0,EUR
2015-12-31,396.6166076660156,396.6166076660156,0.0,0.0,EUR
2016-01-01,400.0129089355469,400.0129089355469,0.0,0.0,EUR
2016-01-02,399.18768310546875,399.18768310546875,0.0,0.0,EUR
2016-01-03,396.3600158691406,396.3600158691406,0.0,0.0,EUR
2016-01-04,400.1949768066406,400.1949768066406,0.0,0.0,EUR
2016-01-05,401.89801025390625,401.89801025390625,0.0,0.0,EUR
2016-01-06,398.27825927734375,398.27825927734375,0.0,0.0,EUR
2016-01-07,419.3810729980469,419.3810729980469,0.0,0.0,EUR
2016-01-08,414.7040100097656,414.7040100097656,0.0,0.0,EUR
2016-01-09,409.5626220703125,409.5626220703125,0.0,0.0,EUR
2016-01-10,409.6854248046875,409.6854248046875,0.0,0.0,EUR
2016-01-11,413.1073303222656,413.1073303222656,0.0,0.0,EUR
2016-01-12,401.8909606933594,401.8909606933594,0.0,0.0,EUR
2016-01-13,397.21728515625,397.21728515625,0.0,0.0,EUR
2016-01-14,396.4127197265625,396.4127197265625,0.0,0.0,EUR
2016-01-15,333.9422607421875,333.9422607421875,0.0,0.0,EUR
2016-01-16,355.21173095703125,355.21173095703125,0.0,0.0,EUR
2016-01-17,350.28314208984375,350.28314208984375,0.0,0.0,EUR
2016-01-18,355.52618408203125,355.52618408203125,0.0,0.0,EUR
2016-01-19,348.5047607421875,348.5047607421875,0.0,0.0,EUR
2016-01-20,386.4894714355469,386.4894714355469,0.0,0.0,EUR
2016-01-21,377.9474792480469,377.9474792480469,0.0,0.0,EUR
2016-01-22,354.45465087890625,354.45465087890625,0.0,0.0,EUR
2016-01-23,359.0871887207031,359.0871887207031,0.0,0.0,EUR
2016-01-24,373.29412841796875,373.29412841796875,0.0,0.0,EUR
2016-01-25,361.0378112792969,361.0378112792969,0.0,0.0,EUR
2016-01-26,361.0985412597656,361.0985412597656,0.0,0.0,EUR
2016-01-27,362.3263854980469,362.3263854980469,0.0,0.0,EUR
2016-01-28,347.8041076660156,347.8041076660156,0.0,0.0,EUR
2016-01-29,350.3591613769531,350.3591613769531,0.0,0.0,EUR
2016-01-30,349.2336730957031,349.2336730957031,0.0,0.0,EUR
2016-01-31,340.7253112792969,340.7253112792969,0.0,0.0,EUR
2016-02-01,342.4102783203125,342.4102783203125,0.0,0.0,EUR
2016-02-02,343.0267333984375,343.0267333984375,0.0,0.0,EUR
2016-02-03,333.5578308105469,333.5578308105469,0.0,0.0,EUR
2016-02-04,347.9449768066406,347.9449768066406,0.0,0.0,EUR
2016-02-05,346.401123046875,346.401123046875,0.0,0.0,EUR
2016-02-06,337.41552734375,337.41552734375,0.0,0.0,EUR
2016-02-07,338.04864501953125,338.04864501953125,0.0,0.0,EUR
2016-02-08,333.8222961425781,333.8222961425781,0.0,0.0,EUR
2016-02-09,333.18182373046875,333.18182373046875,0.0,0.0,EUR
2016-02-10,338.28131103515625,338.28131103515625,0.0,0.0,EUR
2016-02-11,335.6205749511719,335.6205749511719,0.0,0.0,EUR
2016-02-12,341.5367431640625,341.5367431640625,0.0,0.0,EUR
2016-02-13,348.2890319824219,348.2890319824219,0.0,0.0,EUR
2016-02-14,362.8854064941406,362.8854064941406,0.0,0.0,EUR
2016-02-15,358.1073913574219,358.1073913574219,0.0,0.0,EUR
2016-02-16,365.75531005859375,365.75531005859375,0.0,0.0,EUR
2016-02-17,374.4576416015625,374.4576416015625,0.0,0.0,EUR
2016-02-18,380.41339111328125,380.41339111328125,0.0,0.0,EUR
2016-02-19,378.1317443847656,378.1317443847656,0.0,0.0,EUR
2016-02-20,392.8504638671875,392.8504638671875,0.0,0.0,EUR
2016-02-21,394.6025085449219,394.6025085449219,0.0,0.0,EUR
2016-02-22,397.0863342285156,397.0863342285156,0.0,0.0,EUR
2016-02-23,381.7584533691406,381.7584533691406,0.0,0.0,EUR
2016-02-24,385.9017333984375,385.9017333984375,0.0,0.0,EUR
2016-02-25,385.21368408203125,385.21368408203125,0.0,0.0,EUR
2016-02-26,395.2730407714844,395.2730407714844,0.0,0.0,EUR
2016-02-27,395.6087341308594,395.6087341308594,0.0,0.0,EUR
2016-02-28,396.90899658203125,396.90899658203125,0.0,0.0,EUR
2016-02-29,402.18414306640625,402.18414306640625,0.0,0.0,EUR
2016-03-01,400.0762939453125,400.0762939453125,0.0,0.0,EUR
2016-03-02,390.1619567871094,390.1619567871094,0.0,0.0,EUR
2016-03-03,385.2453308105469,385.2453308105469,0.0,0.0,EUR
2016-03-04,373.4450988769531,373.4450988769531,0.0,0.0,EUR
2016-03-05,364.0221862792969,364.0221862792969,0.0,0.0,EUR
2016-03-06,370.97998046875,370.97998046875,0.0,0.0,EUR
2016-03-07,376.3133544921875,376.3133544921875,0.0,0.0,EUR
2016-03-08,376.4066162109375,376.4066162109375,0.0,0.0,EUR
2016-03-09,377.76361083984375,377.76361083984375,0.0,0.0,EUR
2016-03-10,373.2716064453125,373.2716064453125,0.0,0.0,EUR
2016-03-11,378.16339111328125,378.16339111328125,0.0,0.0,EUR
2016-03-12,369.1363830566406,369.1363830566406,0.0,0.0,EUR
2016-03-13,370.92626953125,370.92626953125,0.0,0.0,EUR
2016-03-14,375.2369689941406,375.2369689941406,0.0,0.0,EUR
2016-03-15,375.3534240722656,375.3534240722656,0.0,0.0,EUR
2016-03-16,371.833251953125,371.833251953125,0.0,0.0,EUR
2016-03-17,371.8360900878906,371.8360900878906,0.0,0.0,EUR
2016-03-18,363.5256652832031,363.5256652832031,0.0,0.0,EUR
2016-03-19,364.3209533691406,364.3209533691406,0.0,0.0,EUR
2016-03-20,367.0644226074219,367.0644226074219,0.0,0.0,EUR
2016-03-21,367.9072570800781,367.9072570800781,0.0,0.0,EUR
2016-03-22,372.66156005859375,372.66156005859375,0.0,0.0,EUR
2016-03-23,374.05242919921875,374.05242919921875,0.0,0.0,EUR
2016-03-24,373.0794982910156,373.0794982910156,0.0,0.0,EUR
2016-03-25,373.81451416015625,373.81451416015625,0.0,0.0,EUR
2016-03-26,374.502685546875,374.502685546875,0.0,0.0,EUR
2016-03-27,382.57733154296875,382.57733154296875,0.0,0.0,EUR
2016-03-28,378.9129943847656,378.9129943847656,0.0,0.0,EUR
2016-03-29,368.9573974609375,368.9573974609375,0.0,0.0,EUR
2016-03-30,366.15411376953125,366.15411376953125,0.0,0.0,EUR
2016-03-31,366.290771484375,366.290771484375,0.0,0.0,EUR
2016-04-01,367.0501403808594,367.0501403808594,0.0,0.0,EUR
2016-04-02,369.6083068847656,369.6083068847656,0.0,0.0,EUR
2016-04-03,369.4408874511719,369.4408874511719,0.0,0.0,EUR
2016-04-04,370.2073059082031,370.2073059082031,0.0,0.0,EUR
2016-04-05,372.6753234863281,372.6753234863281,0.0,0.0,EUR
2016-04-06,371.5126647949219,371.5126647949219,0.0,0.0,EUR
2016-04-07,371.970947265625,371.970947265625,0.0,0.0,EUR
2016-04-08,368.7919006347656,368.7919006347656,0.0,0.0,EUR
2016-04-09,367.9689636230469,367.9689636230469,0.0,0.0,EUR
2016-04-10,369.6956787109375,369.6956787109375,0.0,0.0,EUR
2016-04-11,370.4041748046875,370.4041748046875,0.0,0.0,EUR
2016-04-12,373.56353759765625,373.56353759765625,0.0,0.0,EUR
2016-04-13,375.85064697265625,375.85064697265625,0.0,0.0,EUR
2016-04-14,376.7042541503906,376.7042541503906,0.0,0.0,EUR
2016-04-15,380.9512634277344,380.9512634277344,0.0,0.0,EUR
2016-04-16,381.7127685546875,381.7127685546875,0.0,0.0,EUR
2016-04-17,378.3631286621094,378.3631286621094,0.0,0.0,EUR
2016-04-18,379.04925537109375,379.04925537109375,0.0,0.0,EUR
2016-04-19,383.4381103515625,383.4381103515625,0.0,0.0,EUR
2016-04-20,390.6097412109375,390.6097412109375,0.0,0.0,EUR
2016-04-21,398.1793212890625,398.1793212890625,0.0,0.0,EUR
2016-04-22,397.0931091308594,397.0931091308594,0.0,0.0,EUR
2016-04-23,401.14208984375,401.14208984375,0.0,0.0,EUR
2016-04-24,408.3303527832031,408.3303527832031,0.0,0.0,EUR
2016-04-25,409.64666748046875,409.64666748046875,0.0,0.0,EUR
2016-04-26,412.687255859375,412.687255859375,0.0,0.0,EUR
2016-04-27,392.62493896484375,392.62493896484375,0.0,0.0,EUR
2016-04-28,395.46502685546875,395.46502685546875,0.0,0.0,EUR
2016-04-29,397.2911376953125,397.2911376953125,0.0,0.0,EUR
2016-04-30,391.3731994628906,391.3731994628906,0.0,0.0,EUR
2016-05-01,394.2718811035156,394.2718811035156,0.0,0.0,EUR
2016-05-02,385.9638977050781,385.9638977050781,0.0,0.0,EUR
2016-05-03,391.60272216796875,391.60272216796875,0.0,0.0,EUR
2016-05-04,388.8258056640625,388.8258056640625,0.0,0.0,EUR
2016-05-05,393.0303649902344,393.0303649902344,0.0,0.0,EUR
2016-05-06,403.054443359375,403.054443359375,0.0,0.0,EUR
2016-05-07,402.1187438964844,402.1187438964844,0.0,0.0,EUR
2016-05-08,402.8004150390625,402.8004150390625,0.0,0.0,EUR
2016-05-09,404.6068115234375,404.6068115234375,0.0,0.0,EUR
2016-05-10,396.4957580566406,396.4957580566406,0.0,0.0,EUR
2016-05-11,396.3648986816406,396.3648986816406,0.0,0.0,EUR
2016-05-12,399.8997497558594,399.8997497558594,0.0,0.0,EUR
2016-05-13,402.85565185546875,402.85565185546875,0.0,0.0,EUR
2016-05-14,402.85650634765625,402.85650634765625,0.0,0.0,EUR
2016-05-15,404.390625,404.390625,0.0,0.0,EUR
2016-05-16,401.41680908203125,401.41680908203125,0.0,0.0,EUR
2016-05-17,401.11639404296875,401.11639404296875,0.0,0.0,EUR
2016-05-18,405.3307800292969,405.3307800292969,0.0,0.0,EUR
2016-05-19,391.6748352050781,391.6748352050781,0.0,0.0,EUR
2016-05-20,394.4012756347656,394.4012756347656,0.0,0.0,EUR
2016-05-21,394.8574523925781,394.8574523925781,0.0,0.0,EUR
2016-05-22,391.623291015625,391.623291015625,0.0,0.0,EUR
2016-05-23,396.1778564453125,396.1778564453125,0.0,0.0,EUR
2016-05-24,400.5217590332031,400.5217590332031,0.0,0.0,EUR
2016-05-25,403.191650390625,403.191650390625,0.0,0.0,EUR
2016-05-26,405.1326904296875,405.1326904296875,0.0,0.0,EUR
2016-05-27,426.045166015625,426.045166015625,0.0,0.0,EUR
2016-05-28,476.95489501953125,476.95489501953125,0.0,0.0,EUR
2016-05-29,473.82763671875,473.82763671875,0.0,0.0,EUR
2016-05-30,479.0166015625,479.0166015625,0.0,0.0,EUR
2016-05-31,477.3499755859375,477.3499755859375,0.0,0.0,EUR
2016-06-01,480.07867431640625,480.07867431640625,0.0,0.0,EUR
2016-06-02,482.486083984375,482.486083984375,0.0,0.0,EUR
2016-06-03,500.6103515625,500.6103515625,0.0,0.0,EUR
2016-06-04,503.7176818847656,503.7176818847656,0.0,0.0,EUR
2016-06-05,506.6322937011719,506.6322937011719,0.0,0.0,EUR
2016-06-06,515.4375,515.4375,0.0,0.0,EUR
2016-06-07,507.8807373046875,507.8807373046875,0.0,0.0,EUR
2016-06-08,510.170166015625,510.170166015625,0.0,0.0,EUR
2016-06-09,508.2073059082031,508.2073059082031,0.0,0.0,EUR
2016-06-10,513.3978881835938,513.3978881835938,0.0,0.0,EUR
2016-06-11,539.4087524414062,539.4087524414062,0.0,0.0,EUR
2016-06-12,598.775390625,598.775390625,0.0,0.0,EUR
2016-06-13,624.1701049804688,624.1701049804688,0.0,0.0,EUR
2016-06-14,611.6148071289062,611.6148071289062,0.0,0.0,EUR
2016-06-15,616.757568359375,616.757568359375,0.0,0.0,EUR
2016-06-16,680.3160400390625,680.3160400390625,0.0,0.0,EUR
2016-06-17,663.9852905273438,663.9852905273438,0.0,0.0,EUR
2016-06-18,670.4734497070312,670.4734497070312,0.0,0.0,EUR
2016-06-19,673.2313842773438,673.2313842773438,0.0,0.0,EUR
2016-06-20,651.3172607421875,651.3172607421875,0.0,0.0,EUR
2016-06-21,592.7376098632812,592.7376098632812,0.0,0.0,EUR
2016-06-22,526.4182739257812,526.4182739257812,0.0,0.0,EUR
2016-06-23,550.7299194335938,550.7299194335938,0.0,0.0,EUR
2016-06-24,599.6386108398438,599.6386108398438,0.0,0.0,EUR
2016-06-25,599.4799194335938,599.4799194335938,0.0,0.0,EUR
2016-06-26,570.18212890625,570.18212890625,0.0,0.0,EUR
2016-06-27,595.055419921875,595.055419921875,0.0,0.0,EUR
2016-06-28,584.3050537109375,584.3050537109375,0.0,0.0,EUR
2016-06-29,575.440673828125,575.440673828125,0.0,0.0,EUR
2016-06-30,606.5552368164062,606.5552368164062,0.0,0.0,EUR
2016-07-01,607.197021484375,607.197021484375,0.0,0.0,EUR
2016-07-02,631.8028564453125,631.8028564453125,0.0,0.0,EUR
2016-07-03,592.0043334960938,592.0043334960938,0.0,0.0,EUR
2016-07-04,613.5349731445312,613.5349731445312,0.0,0.0,EUR
2016-07-05,606.243896484375,606.243896484375,0.0,0.0,EUR
2016-07-06,610.373046875,610.373046875,0.0,0.0,EUR
2016-07-07,579.1176147460938,579.1176147460938,0.0,0.0,EUR
2016-07-08,603.1336669921875,603.1336669921875,0.0,0.0,EUR
2016-07-09,589.05078125,589.05078125,0.0,0.0,EUR
2016-07-10,588.0818481445312,588.0818481445312,0.0,0.0,EUR
2016-07-11,585.8516235351562,585.8516235351562,0.0,0.0,EUR
2016-07-12,600.9685668945312,600.9685668945312,0.0,0.0,EUR
2016-07-13,589.98291015625,589.98291015625,0.0,0.0,EUR
2016-07-14,592.6494750976562,592.6494750976562,0.0,0.0,EUR
2016-07-15,601.2646484375,601.2646484375,0.0,0.0,EUR
2016-07-16,599.0091552734375,599.0091552734375,0.0,0.0,EUR
2016-07-17,614.7280883789062,614.7280883789062,0.0,0.0,EUR
2016-07-18,608.2649536132812,608.2649536132812,0.0,0.0,EUR
2016-07-19,611.0279541015625,611.0279541015625,0.0,0.0,EUR
2016-07-20,604.2891845703125,604.2891845703125,0.0,0.0,EUR
2016-07-21,602.9667358398438,602.9667358398438,0.0,0.0,EUR
2016-07-22,592.9271850585938,592.9271850585938,0.0,0.0,EUR
2016-07-23,597.4264526367188,597.4264526367188,0.0,0.0,EUR
2016-07-24,602.9771118164062,602.9771118164062,0.0,0.0,EUR
2016-07-25,595.3372192382812,595.3372192382812,0.0,0.0,EUR
2016-07-26,593.3400268554688,593.3400268554688,0.0,0.0,EUR
2016-07-27,591.3709716796875,591.3709716796875,0.0,0.0,EUR
2016-07-28,591.1868286132812,591.1868286132812,0.0,0.0,EUR
2016-07-29,587.5968017578125,587.5968017578125,0.0,0.0,EUR
2016-07-30,585.8572387695312,585.8572387695312,0.0,0.0,EUR
2016-07-31,559.4993286132812,559.4993286132812,0.0,0.0,EUR
2016-08-01,543.0111694335938,543.0111694335938,0.0,0.0,EUR
2016-08-02,488.1107482910156,488.1107482910156,0.0,0.0,EUR
2016-08-03,508.0783996582031,508.0783996582031,0.0,0.0,EUR
2016-08-04,519.4834594726562,519.4834594726562,0.0,0.0,EUR
2016-08-05,518.7109985351562,518.7109985351562,0.0,0.0,EUR
2016-08-06,530.198486328125,530.198486328125,0.0,0.0,EUR
2016-08-07,534.677490234375,534.677490234375,0.0,0.0,EUR
2016-08-08,533.249755859375,533.249755859375,0.0,0.0,EUR
2016-08-09,528.7882690429688,528.7882690429688,0.0,0.0,EUR
2016-08-10,529.4671020507812,529.4671020507812,0.0,0.0,EUR
2016-08-11,529.0230102539062,529.0230102539062,0.0,0.0,EUR
2016-08-12,526.2036743164062,526.2036743164062,0.0,0.0,EUR
2016-08-13,524.4384765625,524.4384765625,0.0,0.0,EUR
2016-08-14,511.0849609375,511.0849609375,0.0,0.0,EUR
2016-08-15,507.37030029296875,507.37030029296875,0.0,0.0,EUR
2016-08-16,512.1864624023438,512.1864624023438,0.0,0.0,EUR
2016-08-17,507.405517578125,507.405517578125,0.0,0.0,EUR
2016-08-18,506.2746887207031,506.2746887207031,0.0,0.0,EUR
2016-08-19,508.2377014160156,508.2377014160156,0.0,0.0,EUR
2016-08-20,513.5944213867188,513.5944213867188,0.0,0.0,EUR
2016-08-21,514.614013671875,514.614013671875,0.0,0.0,EUR
2016-08-22,518.5620727539062,518.5620727539062,0.0,0.0,EUR
2016-08-23,516.250732421875,516.250732421875,0.0,0.0,EUR
2016-08-24,515.3051147460938,515.3051147460938,0.0,0.0,EUR
2016-08-25,512.0178833007812,512.0178833007812,0.0,0.0,EUR
2016-08-26,517.73046875,517.73046875,0.0,0.0,EUR
2016-08-27,509.0630798339844,509.0630798339844,0.0,0.0,EUR
2016-08-28,512.6502685546875,512.6502685546875,0.0,0.0,EUR
2016-08-29,513.1453247070312,513.1453247070312,0.0,0.0,EUR
2016-08-30,518.0328369140625,518.0328369140625,0.0,0.0,EUR
2016-08-31,515.9332885742188,515.9332885742188,0.0,0.0,EUR
2016-09-01,511.2130126953125,511.2130126953125,0.0,0.0,EUR
2016-09-02,516.037841796875,516.037841796875,0.0,0.0,EUR
2016-09-03,536.36865234375,536.36865234375,0.0,0.0,EUR
2016-09-04,545.5664672851562,545.5664672851562,0.0,0.0,EUR
2016-09-05,544.12451171875,544.12451171875,0.0,0.0,EUR
2016-09-06,542.8510131835938,542.8510131835938,0.0,0.0,EUR
2016-09-07,546.893310546875,546.893310546875,0.0,0.0,EUR
2016-09-08,555.8359985351562,555.8359985351562,0.0,0.0,EUR
2016-09-09,554.837890625,554.837890625,0.0,0.0,EUR
2016-09-10,555.4151000976562,555.4151000976562,0.0,0.0,EUR
2016-09-11,539.8816528320312,539.8816528320312,0.0,0.0,EUR
2016-09-12,541.1895751953125,541.1895751953125,0.0,0.0,EUR
2016-09-13,543.1408081054688,543.1408081054688,0.0,0.0,EUR
2016-09-14,543.2648315429688,543.2648315429688,0.0,0.0,EUR
2016-09-15,539.933349609375,539.933349609375,0.0,0.0,EUR
2016-09-16,544.1264038085938,544.1264038085938,0.0,0.0,EUR
2016-09-17,543.2398071289062,543.2398071289062,0.0,0.0,EUR
2016-09-18,546.6290283203125,546.6290283203125,0.0,0.0,EUR
2016-09-19,545.1207885742188,545.1207885742188,0.0,0.0,EUR
2016-09-20,545.6202392578125,545.6202392578125,0.0,0.0,EUR
2016-09-21,533.788330078125,533.788330078125,0.0,0.0,EUR
2016-09-22,532.0763549804688,532.0763549804688,0.0,0.0,EUR
2016-09-23,537.2922973632812,537.2922973632812,0.0,0.0,EUR
2016-09-24,537.0989379882812,537.0989379882812,0.0,0.0,EUR
2016-09-25,534.6854248046875,534.6854248046875,0.0,0.0,EUR
2016-09-26,540.5787963867188,540.5787963867188,0.0,0.0,EUR
2016-09-27,540.4957885742188,540.4957885742188,0.0,0.0,EUR
2016-09-28,538.8292236328125,538.8292236328125,0.0,0.0,EUR
2016-09-29,539.9777221679688,539.9777221679688,0.0,0.0,EUR
2016-09-30,542.3240966796875,542.3240966796875,0.0,0.0,EUR
2016-10-01,546.1024169921875,546.1024169921875,0.0,0.0,EUR
2016-10-02,543.9337768554688,543.9337768554688,0.0,0.0,EUR
2016-10-03,546.2059326171875,546.2059326171875,0.0,0.0,EUR
2016-10-04,544.3875122070312,544.3875122070312,0.0,0.0,EUR
2016-10-05,546.7383422851562,546.7383422851562,0.0,0.0,EUR
2016-10-06,550.2881469726562,550.2881469726562,0.0,0.0,EUR
2016-10-07,550.95166015625,550.95166015625,0.0,0.0,EUR
2016-10-08,552.7256469726562,552.7256469726562,0.0,0.0,EUR
2016-10-09,551.16357421875,551.16357421875,0.0,0.0,EUR
2016-10-10,555.64990234375,555.64990234375,0.0,0.0,EUR
2016-10-11,579.8932495117188,579.8932495117188,0.0,0.0,EUR
2016-10-12,577.8310546875,577.8310546875,0.0,0.0,EUR
2016-10-13,576.485595703125,576.485595703125,0.0,0.0,EUR
2016-10-14,583.91357421875,583.91357421875,0.0,0.0,EUR
2016-10-15,582.3342895507812,582.3342895507812,0.0,0.0,EUR
2016-10-16,585.2161254882812,585.2161254882812,0.0,0.0,EUR
2016-10-17,580.6094970703125,580.6094970703125,0.0,0.0,EUR
2016-10-18,581.4967041015625,581.4967041015625,0.0,0.0,EUR
2016-10-19,574.6627807617188,574.6627807617188,0.0,0.0,EUR
2016-10-20,577.3377685546875,577.3377685546875,0.0,0.0,EUR
2016-10-21,581.5364990234375,581.5364990234375,0.0,0.0,EUR
2016-10-22,604.0194702148438,604.0194702148438,0.0,0.0,EUR
2016-10-23,603.925537109375,603.925537109375,0.0,0.0,EUR
2016-10-24,601.3807373046875,601.3807373046875,0.0,0.0,EUR
2016-10-25,604.067626953125,604.067626953125,0.0,0.0,EUR
2016-10-26,621.8978881835938,621.8978881835938,0.0,0.0,EUR
2016-10-27,631.6536254882812,631.6536254882812,0.0,0.0,EUR
2016-10-28,628.0402221679688,628.0402221679688,0.0,0.0,EUR
2016-10-29,650.6502075195312,650.6502075195312,0.0,0.0,EUR
2016-10-30,639.1622314453125,639.1622314453125,0.0,0.0,EUR
2016-10-31,639.1065063476562,639.1065063476562,0.0,0.0,EUR
2016-11-01,660.1474609375,660.1474609375,0.0,0.0,EUR
2016-11-02,667.8948364257812,667.8948364257812,0.0,0.0,EUR
2016-11-03,620.6741333007812,620.6741333007812,0.0,0.0,EUR
2016-11-04,630.9869995117188,630.9869995117188,0.0,0.0,EUR
2016-11-05,631.1512451171875,631.1512451171875,0.0,0.0,EUR
2016-11-06,641.415283203125,641.415283203125,0.0,0.0,EUR
2016-11-07,636.375244140625,636.375244140625,0.0,0.0,EUR
2016-11-08,644.3206176757812,644.3206176757812,0.0,0.0,EUR
2016-11-09,662.3985595703125,662.3985595703125,0.0,0.0,EUR
2016-11-10,657.2974243164062,657.2974243164062,0.0,0.0,EUR
2016-11-11,660.28662109375,660.28662109375,0.0,0.0,EUR
2016-11-12,649.8193969726562,649.8193969726562,0.0,0.0,EUR
2016-11-13,648.6473388671875,648.6473388671875,0.0,0.0,EUR
2016-11-14,656.2608032226562,656.2608032226562,0.0,0.0,EUR
2016-11-15,663.5761108398438,663.5761108398438,0.0,0.0,EUR
2016-11-16,695.1873168945312,695.1873168945312,0.0,0.0,EUR
2016-11-17,697.5870971679688,697.5870971679688,0.0,0.0,EUR
2016-11-18,710.0472412109375,710.0472412109375,0.0,0.0,EUR
2016-11-19,710.0765380859375,710.0765380859375,0.0,0.0,EUR
2016-11-20,690.9508666992188,690.9508666992188,0.0,0.0,EUR
2016-11-21,695.1085815429688,695.1085815429688,0.0,0.0,EUR
2016-11-22,706.7509765625,706.7509765625,0.0,0.0,EUR
2016-11-23,706.4459228515625,706.4459228515625,0.0,0.0,EUR
2016-11-24,701.09765625,701.09765625,0.0,0.0,EUR
2016-11-25,700.3295288085938,700.3295288085938,0.0,0.0,EUR
2016-11-26,694.4117431640625,694.4117431640625,0.0,0.0,EUR
2016-11-27,690.2083740234375,690.2083740234375,0.0,0.0,EUR
2016-11-28,693.1170043945312,693.1170043945312,0.0,0.0,EUR
2016-11-29,691.0324096679688,691.0324096679688,0.0,0.0,EUR
2016-11-30,704.2793579101562,704.2793579101562,0.0,0.0,EUR
2016-12-01,709.7861328125,709.7861328125,0.0,0.0,EUR
2016-12-02,729.1629638671875,729.1629638671875,0.0,0.0,EUR
2016-12-03,722.7997436523438,722.7997436523438,0.0,0.0,EUR
2016-12-04,732.4171752929688,732.4171752929688,0.0,0.0,EUR
2016-12-05,705.373779296875,705.373779296875,0.0,0.0,EUR
2016-12-06,713.028564453125,713.028564453125,0.0,0.0,EUR
2016-12-07,714.0100708007812,714.0100708007812,0.0,0.0,EUR
2016-12-08,726.014892578125,726.014892578125,0.0,0.0,EUR
2016-12-09,731.9511108398438,731.9511108398438,0.0,0.0,EUR
2016-12-10,733.7090454101562,733.7090454101562,0.0,0.0,EUR
2016-12-11,730.01806640625,730.01806640625,0.0,0.0,EUR
2016-12-12,733.0266723632812,733.0266723632812,0.0,0.0,EUR
2016-12-13,734.6409912109375,734.6409912109375,0.0,0.0,EUR
2016-12-14,743.5595092773438,743.5595092773438,0.0,0.0,EUR
2016-12-15,747.15576171875,747.15576171875,0.0,0.0,EUR
2016-12-16,751.4667358398438,751.4667358398438,0.0,0.0,EUR
2016-12-17,757.1364135742188,757.1364135742188,0.0,0.0,EUR
2016-12-18,756.7777709960938,756.7777709960938,0.0,0.0,EUR
2016-12-19,762.0784301757812,762.0784301757812,0.0,0.0,EUR
2016-12-20,770.888427734375,770.888427734375,0.0,0.0,EUR
2016-12-21,800.26953125,800.26953125,0.0,0.0,EUR
2016-12-22,828.2620849609375,828.2620849609375,0.0,0.0,EUR
2016-12-23,881.2693481445312,881.2693481445312,0.0,0.0,EUR
2016-12-24,859.1301879882812,859.1301879882812,0.0,0.0,EUR
2016-12-25,857.42724609375,857.42724609375,0.0,0.0,EUR
2016-12-26,868.6925659179688,868.6925659179688,0.0,0.0,EUR
2016-12-27,892.2440185546875,892.2440185546875,0.0,0.0,EUR
2016-12-28,937.1240844726562,937.1240844726562,0.0,0.0,EUR
2016-12-29,921.17431640625,921.17431640625,0.0,0.0,EUR
2016-12-30,914.3327026367188,914.3327026367188,0.0,0.0,EUR
2016-12-31,916.7154541015625,916.7154541015625,0.0,0.0,EUR
2017-01-01,948.7075805664062,948.7075805664062,0.0,0.0,EUR
2017-01-02,977.3770751953125,977.3770751953125,0.0,0.0,EUR
2017-01-03,1002.1505126953125,1002.1505126953125,0.0,0.0,EUR
2017-01-04,1100.2667236328125,1100.2667236328125,0.0,0.0,EUR
2017-01-05,955.8385009765625,955.8385009765625,0.0,0.0,EUR
2017-01-06,857.0352172851562,857.0352172851562,0.0,0.0,EUR
2017-01-07,863.0996704101562,863.0996704101562,0.0,0.0,EUR
2017-01-08,865.4183349609375,865.4183349609375,0.0,0.0,EUR
2017-01-09,853.0927124023438,853.0927124023438,0.0,0.0,EUR
2017-01-10,860.3592529296875,860.3592529296875,0.0,0.0,EUR
2017-01-11,734.2872314453125,734.2872314453125,0.0,0.0,EUR
2017-01-12,758.2044067382812,758.2044067382812,0.0,0.0,EUR
2017-01-13,774.3482666015625,774.3482666015625,0.0,0.0,EUR
2017-01-14,769.1119384765625,769.1119384765625,0.0,0.0,EUR
2017-01-15,773.3113403320312,773.3113403320312,0.0,0.0,EUR
2017-01-16,784.3180541992188,784.3180541992188,0.0,0.0,EUR
2017-01-17,848.8574829101562,848.8574829101562,0.0,0.0,EUR
2017-01-18,834.2284545898438,834.2284545898438,0.0,0.0,EUR
2017-01-19,843.6455078125,843.6455078125,0.0,0.0,EUR
2017-01-20,836.5510864257812,836.5510864257812,0.0,0.0,EUR
2017-01-21,861.5655517578125,861.5655517578125,0.0,0.0,EUR
2017-01-22,863.2122802734375,863.2122802734375,0.0,0.0,EUR
2017-01-23,856.1978759765625,856.1978759765625,0.0,0.0,EUR
2017-01-24,832.2645874023438,832.2645874023438,0.0,0.0,EUR
2017-01-25,838.7217407226562,838.7217407226562,0.0,0.0,EUR
2017-01-26,859.0020751953125,859.0020751953125,0.0,0.0,EUR
2017-01-27,860.0617065429688,860.0617065429688,0.0,0.0,EUR
2017-01-28,861.7823486328125,861.7823486328125,0.0,0.0,EUR
2017-01-29,858.1390380859375,858.1390380859375,0.0,0.0,EUR
2017-01-30,859.8486938476562,859.8486938476562,0.0,0.0,EUR
2017-01-31,898.5213012695312,898.5213012695312,0.0,0.0,EUR
2017-02-01,918.4834594726562,918.4834594726562,0.0,0.0,EUR
2017-02-02,940.2471923828125,940.2471923828125,0.0,0.0,EUR
2017-02-03,955.301025390625,955.301025390625,0.0,0.0,EUR
2017-02-04,967.3499755859375,967.3499755859375,0.0,0.0,EUR
2017-02-05,953.0055541992188,953.0055541992188,0.0,0.0,EUR
2017-02-06,966.5301513671875,966.5301513671875,0.0,0.0,EUR
2017-02-07,994.145751953125,994.145751953125,0.0,0.0,EUR
2017-02-08,994.5457153320312,994.5457153320312,0.0,0.0,EUR
2017-02-09,933.0796508789062,933.0796508789062,0.0,0.0,EUR
2017-02-10,929.3795776367188,929.3795776367188,0.0,0.0,EUR
2017-02-11,944.20947265625,944.20947265625,0.0,0.0,EUR
2017-02-12,941.1142578125,941.1142578125,0.0,0.0,EUR
2017-02-13,934.7443237304688,934.7443237304688,0.0,0.0,EUR
2017-02-14,949.8392333984375,949.8392333984375,0.0,0.0,EUR
2017-02-15,950.3631591796875,950.3631591796875,0.0,0.0,EUR
2017-02-16,963.0142822265625,963.0142822265625,0.0,0.0,EUR
2017-02-17,985.9673461914062,985.9673461914062,0.0,0.0,EUR
2017-02-18,993.7047119140625,993.7047119140625,0.0,0.0,EUR
2017-02-19,986.3234252929688,986.3234252929688,0.0,0.0,EUR
2017-02-20,1018.1766357421875,1018.1766357421875,0.0,0.0,EUR
2017-02-21,1058.05908203125,1058.05908203125,0.0,0.0,EUR
2017-02-22,1059.184814453125,1059.184814453125,0.0,0.0,EUR
2017-02-23,1102.447265625,1102.447265625,0.0,0.0,EUR
2017-02-24,1111.544677734375,1111.544677734375,0.0,0.0,EUR
2017-02-25,1083.284423828125,1083.284423828125,0.0,0.0,EUR
2017-02-26,1104.24560546875,1104.24560546875,0.0,0.0,EUR
2017-02-27,1114.9674072265625,1114.9674072265625,0.0,0.0,EUR
2017-02-28,1116.5499267578125,1116.5499267578125,0.0,0.0,EUR
2017-03-01,1160.52783203125,1160.52783203125,0.0,0.0,EUR
2017-03-02,1190.984375,1190.984375,0.0,0.0,EUR
2017-03-03,1200.5555419921875,1200.5555419921875,0.0,0.0,EUR
2017-03-04,1181.8739013671875,1181.8739013671875,0.0,0.0,EUR
2017-03-05,1193.25732421875,1193.25732421875,0.0,0.0,EUR
2017-03-06,1203.3941650390625,1203.3941650390625,0.0,0.0,EUR
2017-03-07,1157.8878173828125,1157.8878173828125,0.0,0.0,EUR
2017-03-08,1090.564208984375,1090.564208984375,0.0,0.0,EUR
2017-03-09,1123.442626953125,1123.442626953125,0.0,0.0,EUR
2017-03-10,1046.696044921875,1046.696044921875,0.0,0.0,EUR
2017-03-11,1102.0994873046875,1102.0994873046875,0.0,0.0,EUR
2017-03-12,1142.7581787109375,1142.7581787109375,0.0,0.0,EUR
2017-03-13,1156.841064453125,1156.841064453125,0.0,0.0,EUR
2017-03-14,1168.708740234375,1168.708740234375,0.0,0.0,EUR
2017-03-15,1164.0521240234375,1164.0521240234375,0.0,0.0,EUR
2017-03-16,1102.8876953125,1102.8876953125,0.0,0.0,EUR
2017-03-17,1024.3272705078125,1024.3272705078125,0.0,0.0,EUR
2017-03-18,906.63623046875,906.63623046875,0.0,0.0,EUR
2017-03-19,965.1275024414062,965.1275024414062,0.0,0.0,EUR
2017-03-20,982.0493774414062,982.0493774414062,0.0,0.0,EUR
2017-03-21,1036.385498046875,1036.385498046875,0.0,0.0,EUR
2017-03-22,972.3262329101562,972.3262329101562,0.0,0.0,EUR
2017-03-23,963.1734619140625,963.1734619140625,0.0,0.0,EUR
2017-03-24,868.3153076171875,868.3153076171875,0.0,0.0,EUR
2017-03-25,900.9715576171875,900.9715576171875,0.0,0.0,EUR
2017-03-26,891.4015502929688,891.4015502929688,0.0,0.0,EUR
2017-03-27,962.955810546875,962.955810546875,0.0,0.0,EUR
2017-03-28,968.2385864257812,968.2385864257812,0.0,0.0,EUR
2017-03-29,966.6945190429688,966.6945190429688,0.0,0.0,EUR
2017-03-30,960.4473266601562,960.4473266601562,0.0,0.0,EUR
2017-03-31,1006.4701538085938,1006.4701538085938,0.0,0.0,EUR
2017-04-01,1014.6492919921875,1014.6492919921875,0.0,0.0,EUR
2017-04-02,1033.0584716796875,1033.0584716796875,0.0,0.0,EUR
2017-04-03,1072.1878662109375,1072.1878662109375,0.0,0.0,EUR
2017-04-04,1061.4930419921875,1061.4930419921875,0.0,0.0,EUR
2017-04-05,1054.15185546875,1054.15185546875,0.0,0.0,EUR
2017-04-06,1111.1236572265625,1111.1236572265625,0.0,0.0,EUR
2017-04-07,1111.12158203125,1111.12158203125,0.0,0.0,EUR
2017-04-08,1110.224609375,1110.224609375,0.0,0.0,EUR
2017-04-09,1122.8565673828125,1122.8565673828125,0.0,0.0,EUR
2017-04-10,1120.5682373046875,1120.5682373046875,0.0,0.0,EUR
2017-04-11,1135.73046875,1135.73046875,0.0,0.0,EUR
2017-04-12,1124.995361328125,1124.995361328125,0.0,0.0,EUR
2017-04-13,1101.7431640625,1101.7431640625,0.0,0.0,EUR
2017-04-14,1100.5184326171875,1100.5184326171875,0.0,0.0,EUR
2017-04-15,1105.2125244140625,1105.2125244140625,0.0,0.0,EUR
2017-04-16,1115.139404296875,1115.139404296875,0.0,0.0,EUR
2017-04-17,1121.7796630859375,1121.7796630859375,0.0,0.0,EUR
2017-04-18,1129.7623291015625,1129.7623291015625,0.0,0.0,EUR
2017-04-19,1129.6341552734375,1129.6341552734375,0.0,0.0,EUR
2017-04-20,1147.171875,1147.171875,0.0,0.0,EUR
2017-04-21,1139.653076171875,1139.653076171875,0.0,0.0,EUR
2017-04-22,1148.6617431640625,1148.6617431640625,0.0,0.0,EUR
2017-04-23,1110.2823486328125,1110.2823486328125,0.0,0.0,EUR
2017-04-24,1150.8331298828125,1150.8331298828125,0.0,0.0,EUR
2017-04-25,1158.1312255859375,1158.1312255859375,0.0,0.0,EUR
2017-04-26,1174.4407958984375,1174.4407958984375,0.0,0.0,EUR
2017-04-27,1212.8209228515625,1212.8209228515625,0.0,0.0,EUR
2017-04-28,1208.3341064453125,1208.3341064453125,0.0,0.0,EUR
2017-04-29,1213.2078857421875,1213.2078857421875,0.0,0.0,EUR
2017-04-30,1236.0294189453125,1236.0294189453125,0.0,0.0,EUR
2017-05-01,1303.263671875,1303.263671875,0.0,0.0,EUR
2017-05-02,1328.7176513671875,1328.7176513671875,0.0,0.0,EUR
2017-05-03,1368.6873779296875,1368.6873779296875,0.0,0.0,EUR
2017-05-04,1400.6832275390625,1400.6832275390625,0.0,0.0,EUR
2017-05-05,1414.817138671875,1414.817138671875,0.0,0.0,EUR
2017-05-06,1436.0560302734375,1436.0560302734375,0.0,0.0,EUR
2017-05-07,1456.3206787109375,1456.3206787109375,0.0,0.0,EUR
2017-05-08,1577.5814208984375,1577.5814208984375,0.0,0.0,EUR
2017-05-09,1612.7894287109375,1612.7894287109375,0.0,0.0,EUR
2017-05-10,1644.5477294921875,1644.5477294921875,0.0,0.0,EUR
2017-05-11,1701.868896484375,1701.868896484375,0.0,0.0,EUR
2017-05-12,1577.962890625,1577.962890625,0.0,0.0,EUR
2017-05-13,1651.7891845703125,1651.7891845703125,0.0,0.0,EUR
2017-05-14,1655.601318359375,1655.601318359375,0.0,0.0,EUR
2017-05-15,1583.2696533203125,1583.2696533203125,0.0,0.0,EUR
2017-05-16,1563.6944580078125,1563.6944580078125,0.0,0.0,EUR
2017-05-17,1649.2601318359375,1649.2601318359375,0.0,0.0,EUR
2017-05-18,1699.9549560546875,1699.9549560546875,0.0,0.0,EUR
2017-05-19,1774.107421875,1774.107421875,0.0,0.0,EUR
2017-05-20,1860.7015380859375,1860.7015380859375,0.0,0.0,EUR
2017-05-21,1822.3372802734375,1822.3372802734375,0.0,0.0,EUR
2017-05-22,1934.14599609375,1934.14599609375,0.0,0.0,EUR
2017-05-23,2076.4384765625,2076.4384765625,0.0,0.0,EUR
2017-05-24,2176.1865234375,2176.1865234375,0.0,0.0,EUR
2017-05-25,2056.181884765625,2056.181884765625,0.0,0.0,EUR
2017-05-26,1969.61181640625,1969.61181640625,0.0,0.0,EUR
2017-05-27,1823.3499755859375,1823.3499755859375,0.0,0.0,EUR
2017-05-28,1928.9549560546875,1928.9549560546875,0.0,0.0,EUR
2017-05-29,2027.1502685546875,2027.1502685546875,0.0,0.0,EUR
2017-05-30,1947.0777587890625,1947.0777587890625,0.0,0.0,EUR
2017-05-31,2034.353515625,2034.353515625,0.0,0.0,EUR
2017-06-01,2147.591796875,2147.591796875,0.0,0.0,EUR
2017-06-02,2206.552734375,2206.552734375,0.0,0.0,EUR
2017-06-03,2230.315673828125,2230.315673828125,0.0,0.0,EUR
2017-06-04,2227.76953125,2227.76953125,0.0,0.0,EUR
2017-06-05,2386.79052734375,2386.79052734375,0.0,0.0,EUR
2017-06-06,2540.775634765625,2540.775634765625,0.0,0.0,EUR
2017-06-07,2427.5078125,2427.5078125,0.0,0.0,EUR
2017-06-08,2507.928955078125,2507.928955078125,0.0,0.0,EUR
2017-06-09,2523.061279296875,2523.061279296875,0.0,0.0,EUR
2017-06-10,2633.76513671875,2633.76513671875,0.0,0.0,EUR
2017-06-11,2641.169677734375,2641.169677734375,0.0,0.0,EUR
2017-06-12,2375.517822265625,2375.517822265625,0.0,0.0,EUR
2017-06-13,2424.17919921875,2424.17919921875,0.0,0.0,EUR
2017-06-14,2235.834228515625,2235.834228515625,0.0,0.0,EUR
2017-06-15,2210.980712890625,2210.980712890625,0.0,0.0,EUR
2017-06-16,2249.71875,2249.71875,0.0,0.0,EUR
2017-06-17,2372.38037109375,2372.38037109375,0.0,0.0,EUR
2017-06-18,2274.649658203125,2274.649658203125,0.0,0.0,EUR
2017-06-19,2324.178955078125,2324.178955078125,0.0,0.0,EUR
2017-06-20,2444.355712890625,2444.355712890625,0.0,0.0,EUR
2017-06-21,2408.293212890625,2408.293212890625,0.0,0.0,EUR
2017-06-22,2427.029541015625,2427.029541015625,0.0,0.0,EUR
2017-06-23,2453.002685546875,2453.002685546875,0.0,0.0,EUR
2017-06-24,2331.295654296875,2331.295654296875,0.0,0.0,EUR
2017-06-25,2312.1796875,2312.1796875,0.0,0.0,EUR
2017-06-26,2216.662109375,2216.662109375,0.0,0.0,EUR
2017-06-27,2251.83056640625,2251.83056640625,0.0,0.0,EUR
2017-06-28,2262.954833984375,2262.954833984375,0.0,0.0,EUR
2017-06-29,2219.87939453125,2219.87939453125,0.0,0.0,EUR
2017-06-30,2172.174072265625,2172.174072265625,0.0,0.0,EUR
2017-07-01,2131.6435546875,2131.6435546875,0.0,0.0,EUR
2017-07-02,2194.423095703125,2194.423095703125,0.0,0.0,EUR
2017-07-03,2254.71337890625,2254.71337890625,0.0,0.0,EUR
2017-07-04,2290.377685546875,2290.377685546875,0.0,0.0,EUR
2017-07-05,2293.310302734375,2293.310302734375,0.0,0.0,EUR
2017-07-06,2284.203125,2284.203125,0.0,0.0,EUR
2017-07-07,2209.350830078125,2209.350830078125,0.0,0.0,EUR
2017-07-08,2255.5615234375,2255.5615234375,0.0,0.0,EUR
2017-07-09,2208.57666015625,2208.57666015625,0.0,0.0,EUR
2017-07-10,2082.106201171875,2082.106201171875,0.0,0.0,EUR
2017-07-11,2037.822509765625,2037.822509765625,0.0,0.0,EUR
2017-07-12,2100.928466796875,2100.928466796875,0.0,0.0,EUR
2017-07-13,2068.15185546875,2068.15185546875,0.0,0.0,EUR
2017-07-14,1947.6236572265625,1947.6236572265625,0.0,0.0,EUR
2017-07-15,1743.1412353515625,1743.1412353515625,0.0,0.0,EUR
2017-07-16,1682.2000732421875,1682.2000732421875,0.0,0.0,EUR
2017-07-17,1942.3079833984375,1942.3079833984375,0.0,0.0,EUR
2017-07-18,2008.2098388671875,2008.2098388671875,0.0,0.0,EUR
2017-07-19,1972.2650146484375,1972.2650146484375,0.0,0.0,EUR
2017-07-20,2423.11669921875,2423.11669921875,0.0,0.0,EUR
2017-07-21,2288.351318359375,2288.351318359375,0.0,0.0,EUR
2017-07-22,2410.465087890625,2410.465087890625,0.0,0.0,EUR
2017-07-23,2337.871337890625,2337.871337890625,0.0,0.0,EUR
2017-07-24,2367.125,2367.125,0.0,0.0,EUR
2017-07-25,2212.71044921875,2212.71044921875,0.0,0.0,EUR
2017-07-26,2156.393798828125,2156.393798828125,0.0,0.0,EUR
2017-07-27,2285.917236328125,2285.917236328125,0.0,0.0,EUR
2017-07-28,2391.0537109375,2391.0537109375,0.0,0.0,EUR
2017-07-29,2320.778076171875,2320.778076171875,0.0,0.0,EUR
2017-07-30,2347.53515625,2347.53515625,0.0,0.0,EUR
2017-07-31,2433.017578125,2433.017578125,0.0,0.0,EUR
2017-08-01,2301.65966796875,2301.65966796875,0.0,0.0,EUR
2017-08-02,2287.67822265625,2287.67822265625,0.0,0.0,EUR
2017-08-03,2360.486328125,2360.486328125,0.0,0.0,EUR
2017-08-04,2460.190185546875,2460.190185546875,0.0,0.0,EUR
2017-08-05,2763.494873046875,2763.494873046875,0.0,0.0,EUR
2017-08-06,2729.6923828125,2729.6923828125,0.0,0.0,EUR
2017-08-07,2863.751220703125,2863.751220703125,0.0,0.0,EUR
2017-08-08,2910.091796875,2910.091796875,0.0,0.0,EUR
2017-08-09,2841.753173828125,2841.753173828125,0.0,0.0,EUR
2017-08-10,2872.795166015625,2872.795166015625,0.0,0.0,EUR
2017-08-11,3089.556640625,3089.556640625,0.0,0.0,EUR
2017-08-12,3287.669189453125,3287.669189453125,0.0,0.0,EUR
2017-08-13,3445.491455078125,3445.491455078125,0.0,0.0,EUR
2017-08-14,3673.458251953125,3673.458251953125,0.0,0.0,EUR
2017-08-15,3562.424560546875,3562.424560546875,0.0,0.0,EUR
2017-08-16,3717.5146484375,3717.5146484375,0.0,0.0,EUR
2017-08-17,3698.505859375,3698.505859375,0.0,0.0,EUR
2017-08-18,3537.9423828125,3537.9423828125,0.0,0.0,EUR
2017-08-19,3566.071533203125,3566.071533203125,0.0,0.0,EUR
2017-08-20,3477.3798828125,3477.3798828125,0.0,0.0,EUR
2017-08-21,3388.43359375,3388.43359375,0.0,0.0,EUR
2017-08-22,3486.836669921875,3486.836669921875,0.0,0.0,EUR
2017-08-23,3513.770751953125,3513.770751953125,0.0,0.0,EUR
2017-08-24,3674.391845703125,3674.391845703125,0.0,0.0,EUR
2017-08-25,3666.219482421875,3666.219482421875,0.0,0.0,EUR
2017-08-26,3650.117431640625,3650.117431640625,0.0,0.0,EUR
2017-08-27,3667.681884765625,3667.681884765625,0.0,0.0,EUR
2017-08-28,3663.81884765625,3663.81884765625,0.0,0.0,EUR
2017-08-29,3826.052734375,3826.052734375,0.0,0.0,EUR
2017-08-30,3839.935791015625,3839.935791015625,0.0,0.0,EUR
2017-08-31,3949.7734375,3949.7734375,0.0,0.0,EUR
2017-09-01,4125.84130859375,4125.84130859375,0.0,0.0,EUR
2017-09-02,3861.659912109375,3861.659912109375,0.0,0.0,EUR
2017-09-03,3857.71044921875,3857.71044921875,0.0,0.0,EUR
2017-09-04,3562.3193359375,3562.3193359375,0.0,0.0,EUR
2017-09-05,3670.66162109375,3670.66162109375,0.0,0.0,EUR
2017-09-06,3854.7041015625,3854.7041015625,0.0,0.0,EUR
2017-09-07,3824.6279296875,3824.6279296875,0.0,0.0,EUR
2017-09-08,3514.2939453125,3514.2939453125,0.0,0.0,EUR
2017-09-09,3512.05859375,3512.05859375,0.0,0.0,EUR
2017-09-10,3430.9228515625,3430.9228515625,0.0,0.0,EUR
2017-09-11,3480.48681640625,3480.48681640625,0.0,0.0,EUR
2017-09-12,3451.257568359375,3451.257568359375,0.0,0.0,EUR
2017-09-13,3265.97412109375,3265.97412109375,0.0,0.0,EUR
2017-09-14,2646.77001953125,2646.77001953125,0.0,0.0,EUR
2017-09-15,3046.244140625,3046.244140625,0.0,0.0,EUR
2017-09-16,3035.792724609375,3035.792724609375,0.0,0.0,EUR
2017-09-17,3001.490966796875,3001.490966796875,0.0,0.0,EUR
2017-09-18,3398.99658203125,3398.99658203125,0.0,0.0,EUR
2017-09-19,3272.990234375,3272.990234375,0.0,0.0,EUR
2017-09-20,3289.775146484375,3289.775146484375,0.0,0.0,EUR
2017-09-21,3040.0537109375,3040.0537109375,0.0,0.0,EUR
2017-09-22,3037.734130859375,3037.734130859375,0.0,0.0,EUR
2017-09-23,3173.025390625,3173.025390625,0.0,0.0,EUR
2017-09-24,3088.07666015625,3088.07666015625,0.0,0.0,EUR
2017-09-25,3311.741943359375,3311.741943359375,0.0,0.0,EUR
2017-09-26,3303.64111328125,3303.64111328125,0.0,0.0,EUR
2017-09-27,3575.342529296875,3575.342529296875,0.0,0.0,EUR
2017-09-28,3544.21435546875,3544.21435546875,0.0,0.0,EUR
2017-09-29,3524.441162109375,3524.441162109375,0.0,0.0,EUR
2017-09-30,3673.137451171875,3673.137451171875,0.0,0.0,EUR
2017-10-01,3729.454833984375,3729.454833984375,0.0,0.0,EUR
2017-10-02,3758.6904296875,3758.6904296875,0.0,0.0,EUR
2017-10-03,3675.702392578125,3675.702392578125,0.0,0.0,EUR
2017-10-04,3597.924072265625,3597.924072265625,0.0,0.0,EUR
2017-10-05,3695.389892578125,3695.389892578125,0.0,0.0,EUR
2017-10-06,3725.22802734375,3725.22802734375,0.0,0.0,EUR
2017-10-07,3773.02490234375,3773.02490234375,0.0,0.0,EUR
2017-10-08,3926.486083984375,3926.486083984375,0.0,0.0,EUR
2017-10-09,4064.7529296875,4064.7529296875,0.0,0.0,EUR
2017-10-10,4048.4169921875,4048.4169921875,0.0,0.0,EUR
2017-10-11,4068.515625,4068.515625,0.0,0.0,EUR
2017-10-12,4604.708984375,4604.708984375,0.0,0.0,EUR
2017-10-13,4776.865234375,4776.865234375,0.0,0.0,EUR
2017-10-14,4932.998046875,4932.998046875,0.0,0.0,EUR
2017-10-15,4806.32275390625,4806.32275390625,0.0,0.0,EUR
2017-10-16,4854.6630859375,4854.6630859375,0.0,0.0,EUR
2017-10-17,4762.5400390625,4762.5400390625,0.0,0.0,EUR
2017-10-18,4740.283203125,4740.283203125,0.0,0.0,EUR
2017-10-19,4818.1298828125,4818.1298828125,0.0,0.0,EUR
2017-10-20,5101.79931640625,5101.79931640625,0.0,0.0,EUR
2017-10-21,5118.900390625,5118.900390625,0.0,0.0,EUR
2017-10-22,5111.80859375,5111.80859375,0.0,0.0,EUR
2017-10-23,5045.36328125,5045.36328125,0.0,0.0,EUR
2017-10-24,4700.3232421875,4700.3232421875,0.0,0.0,EUR
2017-10-25,4866.13623046875,4866.13623046875,0.0,0.0,EUR
2017-10-26,5074.6220703125,5074.6220703125,0.0,0.0,EUR
2017-10-27,4980.099609375,4980.099609375,0.0,0.0,EUR
2017-10-28,4956.14208984375,4956.14208984375,0.0,0.0,EUR
2017-10-29,5302.75732421875,5302.75732421875,0.0,0.0,EUR
2017-10-30,5262.708984375,5262.708984375,0.0,0.0,EUR
2017-10-31,5551.7978515625,5551.7978515625,0.0,0.0,EUR
2017-11-01,5820.3408203125,5820.3408203125,0.0,0.0,EUR
2017-11-02,6071.79638671875,6071.79638671875,0.0,0.0,EUR
2017-11-03,6209.8388671875,6209.8388671875,0.0,0.0,EUR
2017-11-04,6358.18896484375,6358.18896484375,0.0,0.0,EUR
2017-11-05,6377.45166015625,6377.45166015625,0.0,0.0,EUR
2017-11-06,6048.888671875,6048.888671875,0.0,0.0,EUR
2017-11-07,6159.47900390625,6159.47900390625,0.0,0.0,EUR
2017-11-08,6434.650390625,6434.650390625,0.0,0.0,EUR
2017-11-09,6133.9345703125,6133.9345703125,0.0,0.0,EUR
2017-11-10,5674.47509765625,5674.47509765625,0.0,0.0,EUR
2017-11-11,5451.08447265625,5451.08447265625,0.0,0.0,EUR
2017-11-12,5102.97607421875,5102.97607421875,0.0,0.0,EUR
2017-11-13,5624.18798828125,5624.18798828125,0.0,0.0,EUR
2017-11-14,5628.76416015625,5628.76416015625,0.0,0.0,EUR
2017-11-15,6209.08154296875,6209.08154296875,0.0,0.0,EUR
2017-11-16,6683.38427734375,6683.38427734375,0.0,0.0,EUR
2017-11-17,6536.92041015625,6536.92041015625,0.0,0.0,EUR
2017-11-18,6605.74072265625,6605.74072265625,0.0,0.0,EUR
2017-11-19,6848.30859375,6848.30859375,0.0,0.0,EUR
2017-11-20,6987.59326171875,6987.59326171875,0.0,0.0,EUR
2017-11-21,6875.00830078125,6875.00830078125,0.0,0.0,EUR
2017-11-22,6986.2451171875,6986.2451171875,0.0,0.0,EUR
2017-11-23,6784.3447265625,6784.3447265625,0.0,0.0,EUR
2017-11-24,6918.43310546875,6918.43310546875,0.0,0.0,EUR
2017-11-25,7368.7509765625,7368.7509765625,0.0,0.0,EUR
2017-11-26,7823.04833984375,7823.04833984375,0.0,0.0,EUR
2017-11-27,8247.94140625,8247.94140625,0.0,0.0,EUR
2017-11-28,8489.87109375,8489.87109375,0.0,0.0,EUR
2017-11-29,8343.4111328125,8343.4111328125,0.0,0.0,EUR
2017-11-30,8601.109375,8601.109375,0.0,0.0,EUR
2017-12-01,9231.7265625,9231.7265625,0.0,0.0,EUR
2017-12-02,9314.9970703125,9314.9970703125,0.0,0.0,EUR
2017-12-03,9550.607421875,9550.607421875,0.0,0.0,EUR
2017-12-04,9823.20703125,9823.20703125,0.0,0.0,EUR
2017-12-05,10073.2880859375,10073.2880859375,0.0,0.0,EUR
2017-12-06,12107.3369140625,12107.3369140625,0.0,0.0,EUR
2017-12-07,15205.3173828125,15205.3173828125,0.0,0.0,EUR
2017-12-08,14084.8349609375,14084.8349609375,0.0,0.0,EUR
2017-12-09,12902.244140625,12902.244140625,0.0,0.0,EUR
2017-12-10,13134.529296875,13134.529296875,0.0,0.0,EUR
2017-12-11,14383.6953125,14383.6953125,0.0,0.0,EUR
2017-12-12,14832.978515625,14832.978515625,0.0,0.0,EUR
2017-12-13,13862.9599609375,13862.9599609375,0.0,0.0,EUR
2017-12-14,14068.2861328125,14068.2861328125,0.0,0.0,EUR
2017-12-15,15067.1376953125,15067.1376953125,0.0,0.0,EUR
2017-12-16,16590.708984375,16590.708984375,0.0,0.0,EUR
2017-12-17,16299.75390625,16299.75390625,0.0,0.0,EUR
2017-12-18,16221.8447265625,16221.8447265625,0.0,0.0,EUR
2017-12-19,15019.177734375,15019.177734375,0.0,0.0,EUR
2017-12-20,13997.3056640625,13997.3056640625,0.0,0.0,EUR
2017-12-21,13333.5302734375,13333.5302734375,0.0,0.0,EUR
2017-12-22,11665.513671875,11665.513671875,0.0,0.0,EUR
2017-12-23,12397.0654296875,12397.0654296875,0.0,0.0,EUR
2017-12-24,11753.7138671875,11753.7138671875,0.0,0.0,EUR
2017-12-25,11815.853515625,11815.853515625,0.0,0.0,EUR
2017-12-26,13579.453125,13579.453125,0.0,0.0,EUR
2017-12-27,13310.7822265625,13310.7822265625,0.0,0.0,EUR
2017-12-28,12234.2744140625,12234.2744140625,0.0,0.0,EUR
2017-12-29,12217.572265625,12217.572265625,0.0,0.0,EUR
2017-12-30,10797.099609375,10797.099609375,0.0,0.0,EUR
2017-12-31,11795.0341796875,11795.0341796875,0.0,0.0,EUR
2018-01-01,11372.470703125,11372.470703125,0.0,0.0,EUR
2018-01-02,12421.9384765625,12421.9384765625,0.0,0.0,EUR
2018-01-03,12656.9521484375,12656.9521484375,0.0,0.0,EUR
2018-01-04,12928.228515625,12928.228515625,0.0,0.0,EUR
2018-01-05,14490.771484375,14490.771484375,0.0,0.0,EUR
2018-01-06,14571.83203125,14571.83203125,0.0,0.0,EUR
2018-01-07,13689.125,13689.125,0.0,0.0,EUR
2018-01-08,12674.4921875,12674.4921875,0.0,0.0,EUR
2018-01-09,12237.27734375,12237.27734375,0.0,0.0,EUR
2018-01-10,12524.7177734375,12524.7177734375,0.0,0.0,EUR
2018-01-11,11133.4609375,11133.4609375,0.0,0.0,EUR
2018-01-12,11465.146484375,11465.146484375,0.0,0.0,EUR
2018-01-13,11776.447265625,11776.447265625,0.0,0.0,EUR
2018-01-14,11297.78515625,11297.78515625,0.0,0.0,EUR
2018-01-15,11267.671875,11267.671875,0.0,0.0,EUR
2018-01-16,9364.7109375,9364.7109375,0.0,0.0,EUR
2018-01-17,9186.796875,9186.796875,0.0,0.0,EUR
2018-01-18,9380.283203125,9380.283203125,0.0,0.0,EUR
2018-01-19,9498.69140625,9498.69140625,0.0,0.0,EUR
2018-01-20,10555.810546875,10555.810546875,0.0,0.0,EUR
2018-01-21,9464.8330078125,9464.8330078125,0.0,0.0,EUR
2018-01-22,8919.2236328125,8919.2236328125,0.0,0.0,EUR
2018-01-23,8831.072265625,8831.072265625,0.0,0.0,EUR
2018-01-24,9167.4609375,9167.4609375,0.0,0.0,EUR
2018-01-25,9086.7568359375,9086.7568359375,0.0,0.0,EUR
2018-01-26,8995.41015625,8995.41015625,0.0,0.0,EUR
2018-01-27,9212.255859375,9212.255859375,0.0,0.0,EUR
2018-01-28,9482.90234375,9482.90234375,0.0,0.0,EUR
2018-01-29,9124.7177734375,9124.7177734375,0.0,0.0,EUR
2018-01-30,8144.98681640625,8144.98681640625,0.0,0.0,EUR
2018-01-31,8232.2001953125,8232.2001953125,0.0,0.0,EUR
2018-02-01,7331.15380859375,7331.15380859375,0.0,0.0,EUR
2018-02-02,7087.279296875,7087.279296875,0.0,0.0,EUR
2018-02-03,7363.4912109375,7363.4912109375,0.0,0.0,EUR
2018-02-04,6650.33740234375,6650.33740234375,0.0,0.0,EUR
2018-02-05,5624.9658203125,5624.9658203125,0.0,0.0,EUR
2018-02-06,6263.833984375,6263.833984375,0.0,0.0,EUR
2018-02-07,6211.83447265625,6211.83447265625,0.0,0.0,EUR
2018-02-08,6741.91650390625,6741.91650390625,0.0,0.0,EUR
2018-02-09,7142.140625,7142.140625,0.0,0.0,EUR
2018-02-10,7048.06689453125,7048.06689453125,0.0,0.0,EUR
2018-02-11,6636.71044921875,6636.71044921875,0.0,0.0,EUR
2018-02-12,7257.96435546875,7257.96435546875,0.0,0.0,EUR
2018-02-13,6961.63037109375,6961.63037109375,0.0,0.0,EUR
2018-02-14,7615.8095703125,7615.8095703125,0.0,0.0,EUR
2018-02-15,8132.4697265625,8132.4697265625,0.0,0.0,EUR
2018-02-16,8249.8193359375,8249.8193359375,0.0,0.0,EUR
2018-02-17,8958.2431640625,8958.2431640625,0.0,0.0,EUR
2018-02-18,8501.9736328125,8501.9736328125,0.0,0.0,EUR
2018-02-19,9054.12109375,9054.12109375,0.0,0.0,EUR
2018-02-20,9245.7431640625,9245.7431640625,0.0,0.0,EUR
2018-02-21,8706.2470703125,8706.2470703125,0.0,0.0,EUR
2018-02-22,8117.64697265625,8117.64697265625,0.0,0.0,EUR
2018-02-23,8379.646484375,8379.646484375,0.0,0.0,EUR
2018-02-24,7982.64892578125,7982.64892578125,0.0,0.0,EUR
2018-02-25,7865.81787109375,7865.81787109375,0.0,0.0,EUR
2018-02-26,8419.3134765625,8419.3134765625,0.0,0.0,EUR
2018-02-27,8772.779296875,8772.779296875,0.0,0.0,EUR
2018-02-28,8529.861328125,8529.861328125,0.0,0.0,EUR
2018-03-01,8924.29296875,8924.29296875,0.0,0.0,EUR
2018-03-02,9000.8935546875,9000.8935546875,0.0,0.0,EUR
2018-03-03,9328.3271484375,9328.3271484375,0.0,0.0,EUR
2018-03-04,9346.9189453125,9346.9189453125,0.0,0.0,EUR
2018-03-05,9381.728515625,9381.728515625,0.0,0.0,EUR
2018-03-06,8682.96484375,8682.96484375,0.0,0.0,EUR
2018-03-07,8029.626953125,8029.626953125,0.0,0.0,EUR
2018-03-08,7635.11572265625,7635.11572265625,0.0,0.0,EUR
2018-03-09,7588.4189453125,7588.4189453125,0.0,0.0,EUR
2018-03-10,7205.201171875,7205.201171875,0.0,0.0,EUR
2018-03-11,7782.4423828125,7782.4423828125,0.0,0.0,EUR
2018-03-12,7460.7880859375,7460.7880859375,0.0,0.0,EUR
2018-03-13,7419.3896484375,7419.3896484375,0.0,0.0,EUR
2018-03-14,6683.21435546875,6683.21435546875,0.0,0.0,EUR
2018-03-15,6745.37646484375,6745.37646484375,0.0,0.0,EUR
2018-03-16,6786.318359375,6786.318359375,0.0,0.0,EUR
2018-03-17,6443.2978515625,6443.2978515625,0.0,0.0,EUR
2018-03-18,6696.8076171875,6696.8076171875,0.0,0.0,EUR
2018-03-19,6996.31201171875,6996.31201171875,0.0,0.0,EUR
2018-03-20,7278.083984375,7278.083984375,0.0,0.0,EUR
2018-03-21,7233.11474609375,7233.11474609375,0.0,0.0,EUR
2018-03-22,7083.072265625,7083.072265625,0.0,0.0,EUR
2018-03-23,7189.3935546875,7189.3935546875,0.0,0.0,EUR
2018-03-24,7018.15234375,7018.15234375,0.0,0.0,EUR
2018-03-25,6878.060546875,6878.060546875,0.0,0.0,EUR
2018-03-26,6590.7197265625,6590.7197265625,0.0,0.0,EUR
2018-03-27,6313.40380859375,6313.40380859375,0.0,0.0,EUR
2018-03-28,6461.2783203125,6461.2783203125,0.0,0.0,EUR
2018-03-29,5824.8251953125,5824.8251953125,0.0,0.0,EUR
2018-03-30,5592.50048828125,5592.50048828125,0.0,0.0,EUR
2018-03-31,5659.873046875,5659.873046875,0.0,0.0,EUR
2018-04-01,5558.9912109375,5558.9912109375,0.0,0.0,EUR
2018-04-02,5762.46630859375,5762.46630859375,0.0,0.0,EUR
2018-04-03,6073.234375,6073.234375,0.0,0.0,EUR
2018-04-04,5578.5771484375,5578.5771484375,0.0,0.0,EUR
2018-04-05,5561.2919921875,5561.2919921875,0.0,0.0,EUR
2018-04-06,5403.72900390625,5403.72900390625,0.0,0.0,EUR
2018-04-07,5627.46484375,5627.46484375,0.0,0.0,EUR
2018-04-08,5724.14013671875,5724.14013671875,0.0,0.0,EUR
2018-04-09,5496.61474609375,5496.61474609375,0.0,0.0,EUR
2018-04-10,5529.29345703125,5529.29345703125,0.0,0.0,EUR
2018-04-11,5633.24169921875,5633.24169921875,0.0,0.0,EUR
2018-04-12,6398.9375,6398.9375,0.0,0.0,EUR
2018-04-13,6404.3798828125,6404.3798828125,0.0,0.0,EUR
2018-04-14,6477.60595703125,6477.60595703125,0.0,0.0,EUR
2018-04-15,6754.61083984375,6754.61083984375,0.0,0.0,EUR
2018-04-16,6507.849609375,6507.849609375,0.0,0.0,EUR
2018-04-17,6387.591796875,6387.591796875,0.0,0.0,EUR
2018-04-18,6595.63720703125,6595.63720703125,0.0,0.0,EUR
2018-04-19,6720.93798828125,6720.93798828125,0.0,0.0,EUR
2018-04-20,7199.9267578125,7199.9267578125,0.0,0.0,EUR
2018-04-21,7240.419921875,7240.419921875,0.0,0.0,EUR
2018-04-22,7172.7998046875,7172.7998046875,0.0,0.0,EUR
2018-04-23,7315.59619140625,7315.59619140625,0.0,0.0,EUR
2018-04-24,7925.38427734375,7925.38427734375,0.0,0.0,EUR
2018-04-25,7269.0771484375,7269.0771484375,0.0,0.0,EUR
2018-04-26,7665.60107421875,7665.60107421875,0.0,0.0,EUR
2018-04-27,7410.16650390625,7410.16650390625,0.0,0.0,EUR
2018-04-28,7708.1796875,7708.1796875,0.0,0.0,EUR
2018-04-29,7769.59521484375,7769.59521484375,0.0,0.0,EUR
2018-04-30,7650.09521484375,7650.09521484375,0.0,0.0,EUR
2018-05-01,7605.5126953125,7605.5126953125,0.0,0.0,EUR
2018-05-02,7728.80322265625,7728.80322265625,0.0,0.0,EUR
2018-05-03,8128.01171875,8128.01171875,0.0,0.0,EUR
2018-05-04,8112.35986328125,8112.35986328125,0.0,0.0,EUR
2018-05-05,8243.9794921875,8243.9794921875,0.0,0.0,EUR
2018-05-06,8077.302734375,8077.302734375,0.0,0.0,EUR
2018-05-07,7854.69677734375,7854.69677734375,0.0,0.0,EUR
2018-05-08,7781.93359375,7781.93359375,0.0,0.0,EUR
2018-05-09,7872.00732421875,7872.00732421875,0.0,0.0,EUR
2018-05-10,7592.2939453125,7592.2939453125,0.0,0.0,EUR
2018-05-11,7068.74072265625,7068.74072265625,0.0,0.0,EUR
2018-05-12,7121.830078125,7121.830078125,0.0,0.0,EUR
2018-05-13,7299.14697265625,7299.14697265625,0.0,0.0,EUR
2018-05-14,7306.61376953125,7306.61376953125,0.0,0.0,EUR
2018-05-15,7201.20166015625,7201.20166015625,0.0,0.0,EUR
2018-05-16,7085.02392578125,7085.02392578125,0.0,0.0,EUR
2018-05-17,6865.99365234375,6865.99365234375,0.0,0.0,EUR
2018-05-18,7007.19287109375,7007.19287109375,0.0,0.0,EUR
2018-05-19,7003.97412109375,7003.97412109375,0.0,0.0,EUR
2018-05-20,7236.08154296875,7236.08154296875,0.0,0.0,EUR
2018-05-21,7142.6064453125,7142.6064453125,0.0,0.0,EUR
2018-05-22,6824.32080078125,6824.32080078125,0.0,0.0,EUR
2018-05-23,6454.7099609375,6454.7099609375,0.0,0.0,EUR
2018-05-24,6473.287109375,6473.287109375,0.0,0.0,EUR
2018-05-25,6420.72119140625,6420.72119140625,0.0,0.0,EUR
2018-05-26,6314.06005859375,6314.06005859375,0.0,0.0,EUR
2018-05-27,6304.08984375,6304.08984375,0.0,0.0,EUR
2018-05-28,6139.01416015625,6139.01416015625,0.0,0.0,EUR
2018-05-29,6477.62646484375,6477.62646484375,0.0,0.0,EUR
2018-05-30,6350.986328125,6350.986328125,0.0,0.0,EUR
2018-05-31,6411.30126953125,6411.30126953125,0.0,0.0,EUR
2018-06-01,6467.7958984375,6467.7958984375,0.0,0.0,EUR
2018-06-02,6555.2744140625,6555.2744140625,0.0,0.0,EUR
2018-06-03,6617.7353515625,6617.7353515625,0.0,0.0,EUR
2018-06-04,6423.72216796875,6423.72216796875,0.0,0.0,EUR
2018-06-05,6510.1142578125,6510.1142578125,0.0,0.0,EUR
2018-06-06,6497.98779296875,6497.98779296875,0.0,0.0,EUR
2018-06-07,6511.9501953125,6511.9501953125,0.0,0.0,EUR
2018-06-08,6480.46923828125,6480.46923828125,0.0,0.0,EUR
2018-06-09,6401.47900390625,6401.47900390625,0.0,0.0,EUR
2018-06-10,5759.16162109375,5759.16162109375,0.0,0.0,EUR
2018-06-11,5867.74267578125,5867.74267578125,0.0,0.0,EUR
2018-06-12,5603.43896484375,5603.43896484375,0.0,0.0,EUR
2018-06-13,5380.359375,5380.359375,0.0,0.0,EUR
2018-06-14,5773.525390625,5773.525390625,0.0,0.0,EUR
2018-06-15,5562.66064453125,5562.66064453125,0.0,0.0,EUR
2018-06-16,5643.2841796875,5643.2841796875,0.0,0.0,EUR
2018-06-17,5607.16943359375,5607.16943359375,0.0,0.0,EUR
2018-06-18,5791.40087890625,5791.40087890625,0.0,0.0,EUR
2018-06-19,5842.703125,5842.703125,0.0,0.0,EUR
2018-06-20,5853.45947265625,5853.45947265625,0.0,0.0,EUR
2018-06-21,5800.0,5800.0,0.0,0.0,EUR
2018-06-22,5219.81103515625,5219.81103515625,0.0,0.0,EUR
2018-06-23,5287.4130859375,5287.4130859375,0.0,0.0,EUR
2018-06-24,5294.8193359375,5294.8193359375,0.0,0.0,EUR
2018-06-25,5341.63623046875,5341.63623046875,0.0,0.0,EUR
2018-06-26,5231.51611328125,5231.51611328125,0.0,0.0,EUR
2018-06-27,5325.3154296875,5325.3154296875,0.0,0.0,EUR
2018-06-28,5105.45703125,5105.45703125,0.0,0.0,EUR
2018-06-29,5322.51953125,5322.51953125,0.0,0.0,EUR
2018-06-30,5481.46875,5481.46875,0.0,0.0,EUR
2018-07-01,5468.248046875,5468.248046875,0.0,0.0,EUR
2018-07-02,5682.28515625,5682.28515625,0.0,0.0,EUR
2018-07-03,5600.4716796875,5600.4716796875,0.0,0.0,EUR
2018-07-04,5659.24658203125,5659.24658203125,0.0,0.0,EUR
2018-07-05,5678.84716796875,5678.84716796875,0.0,0.0,EUR
2018-07-06,5681.9921875,5681.9921875,0.0,0.0,EUR
2018-07-07,5838.16943359375,5838.16943359375,0.0,0.0,EUR
2018-07-08,5764.513671875,5764.513671875,0.0,0.0,EUR
2018-07-09,5734.73095703125,5734.73095703125,0.0,0.0,EUR
2018-07-10,5397.75732421875,5397.75732421875,0.0,0.0,EUR
2018-07-11,5477.73681640625,5477.73681640625,0.0,0.0,EUR
2018-07-12,5341.11669921875,5341.11669921875,0.0,0.0,EUR
2018-07-13,5338.5107421875,5338.5107421875,0.0,0.0,EUR
2018-07-14,5371.09130859375,5371.09130859375,0.0,0.0,EUR
2018-07-15,5445.830078125,5445.830078125,0.0,0.0,EUR
2018-07-16,5758.73388671875,5758.73388671875,0.0,0.0,EUR
2018-07-17,6283.07568359375,6283.07568359375,0.0,0.0,EUR
2018-07-18,6330.6533203125,6330.6533203125,0.0,0.0,EUR
2018-07-19,6407.1220703125,6407.1220703125,0.0,0.0,EUR
2018-07-20,6275.92578125,6275.92578125,0.0,0.0,EUR
2018-07-21,6331.53271484375,6331.53271484375,0.0,0.0,EUR
2018-07-22,6319.52490234375,6319.52490234375,0.0,0.0,EUR
2018-07-23,6595.20166015625,6595.20166015625,0.0,0.0,EUR
2018-07-24,7210.70751953125,7210.70751953125,0.0,0.0,EUR
2018-07-25,6970.59716796875,6970.59716796875,0.0,0.0,EUR
2018-07-26,6828.90771484375,6828.90771484375,0.0,0.0,EUR
2018-07-27,7004.984375,7004.984375,0.0,0.0,EUR
2018-07-28,7028.26904296875,7028.26904296875,0.0,0.0,EUR
2018-07-29,7049.0263671875,7049.0263671875,0.0,0.0,EUR
2018-07-30,6989.4736328125,6989.4736328125,0.0,0.0,EUR
2018-07-31,6657.345703125,6657.345703125,0.0,0.0,EUR
2018-08-01,6538.25244140625,6538.25244140625,0.0,0.0,EUR
2018-08-02,6531.8515625,6531.8515625,0.0,0.0,EUR
2018-08-03,6427.2412109375,6427.2412109375,0.0,0.0,EUR
2018-08-04,6080.0986328125,6080.0986328125,0.0,0.0,EUR
2018-08-05,6114.60205078125,6114.60205078125,0.0,0.0,EUR
2018-08-06,6014.70849609375,6014.70849609375,0.0,0.0,EUR
2018-08-07,5821.1533203125,5821.1533203125,0.0,0.0,EUR
2018-08-08,5432.755859375,5432.755859375,0.0,0.0,EUR
2018-08-09,5699.609375,5699.609375,0.0,0.0,EUR
2018-08-10,5420.4296875,5420.4296875,0.0,0.0,EUR
2018-08-11,5517.72998046875,5517.72998046875,0.0,0.0,EUR
2018-08-12,5549.626953125,5549.626953125,0.0,0.0,EUR
2018-08-13,5524.6689453125,5524.6689453125,0.0,0.0,EUR
2018-08-14,5464.22509765625,5464.22509765625,0.0,0.0,EUR
2018-08-15,5562.578125,5562.578125,0.0,0.0,EUR
2018-08-16,5571.4423828125,5571.4423828125,0.0,0.0,EUR
2018-08-17,5753.8076171875,5753.8076171875,0.0,0.0,EUR
2018-08-18,5616.64794921875,5616.64794921875,0.0,0.0,EUR
2018-08-19,5688.61572265625,5688.61572265625,0.0,0.0,EUR
2018-08-20,5489.974609375,5489.974609375,0.0,0.0,EUR
2018-08-21,5606.80908203125,5606.80908203125,0.0,0.0,EUR
2018-08-22,5504.75634765625,5504.75634765625,0.0,0.0,EUR
2018-08-23,5662.8076171875,5662.8076171875,0.0,0.0,EUR
2018-08-24,5782.6005859375,5782.6005859375,0.0,0.0,EUR
2018-08-25,5819.80029296875,5819.80029296875,0.0,0.0,EUR
2018-08-26,5759.77685546875,5759.77685546875,0.0,0.0,EUR
2018-08-27,5893.37451171875,5893.37451171875,0.0,0.0,EUR
2018-08-28,6068.82763671875,6068.82763671875,0.0,0.0,EUR
2018-08-29,6019.09814453125,6019.09814453125,0.0,0.0,EUR
2018-08-30,5983.22021484375,5983.22021484375,0.0,0.0,EUR
2018-08-31,6067.40234375,6067.40234375,0.0,0.0,EUR
2018-09-01,6201.6123046875,6201.6123046875,0.0,0.0,EUR
2018-09-02,6271.7490234375,6271.7490234375,0.0,0.0,EUR
2018-09-03,6252.20458984375,6252.20458984375,0.0,0.0,EUR
2018-09-04,6354.4755859375,6354.4755859375,0.0,0.0,EUR
2018-09-05,5839.2763671875,5839.2763671875,0.0,0.0,EUR
2018-09-06,5619.390625,5619.390625,0.0,0.0,EUR
2018-09-07,5598.7099609375,5598.7099609375,0.0,0.0,EUR
2018-09-08,5389.9921875,5389.9921875,0.0,0.0,EUR
2018-09-09,5451.04248046875,5451.04248046875,0.0,0.0,EUR
2018-09-10,5460.40380859375,5460.40380859375,0.0,0.0,EUR
2018-09-11,5452.6005859375,5452.6005859375,0.0,0.0,EUR
2018-09-12,5464.85400390625,5464.85400390625,0.0,0.0,EUR
2018-09-13,5575.59228515625,5575.59228515625,0.0,0.0,EUR
2018-09-14,5600.8857421875,5600.8857421875,0.0,0.0,EUR
2018-09-15,5627.10693359375,5627.10693359375,0.0,0.0,EUR
2018-09-16,5607.14111328125,5607.14111328125,0.0,0.0,EUR
2018-09-17,5383.2705078125,5383.2705078125,0.0,0.0,EUR
2018-09-18,5456.28173828125,5456.28173828125,0.0,0.0,EUR
2018-09-19,5481.95703125,5481.95703125,0.0,0.0,EUR
2018-09-20,5536.32763671875,5536.32763671875,0.0,0.0,EUR
2018-09-21,5728.07470703125,5728.07470703125,0.0,0.0,EUR
2018-09-22,5717.0439453125,5717.0439453125,0.0,0.0,EUR
2018-09-23,5712.162109375,5712.162109375,0.0,0.0,EUR
2018-09-24,5611.99462890625,5611.99462890625,0.0,0.0,EUR
2018-09-25,5479.009765625,5479.009765625,0.0,0.0,EUR
2018-09-26,5527.2841796875,5527.2841796875,0.0,0.0,EUR
2018-09-27,5738.58642578125,5738.58642578125,0.0,0.0,EUR
2018-09-28,5721.9248046875,5721.9248046875,0.0,0.0,EUR
2018-09-29,5685.60791015625,5685.60791015625,0.0,0.0,EUR
2018-09-30,5708.814453125,5708.814453125,0.0,0.0,EUR
2018-10-01,5691.2568359375,5691.2568359375,0.0,0.0,EUR
2018-10-02,5674.99951171875,5674.99951171875,0.0,0.0,EUR
2018-10-03,5666.68212890625,5666.68212890625,0.0,0.0,EUR
2018-10-04,5711.3291015625,5711.3291015625,0.0,0.0,EUR
2018-10-05,5745.00146484375,5745.00146484375,0.0,0.0,EUR
2018-10-06,5715.35888671875,5715.35888671875,0.0,0.0,EUR
2018-10-07,5730.56201171875,5730.56201171875,0.0,0.0,EUR
2018-10-08,5788.3251953125,5788.3251953125,0.0,0.0,EUR
2018-10-09,5772.57373046875,5772.57373046875,0.0,0.0,EUR
2018-10-10,5710.787109375,5710.787109375,0.0,0.0,EUR
2018-10-11,5397.4462890625,5397.4462890625,0.0,0.0,EUR
2018-10-12,5425.62939453125,5425.62939453125,0.0,0.0,EUR
2018-10-13,5435.49560546875,5435.49560546875,0.0,0.0,EUR
2018-10-14,5445.26513671875,5445.26513671875,0.0,0.0,EUR
2018-10-15,5694.49609375,5694.49609375,0.0,0.0,EUR
2018-10-16,5699.34912109375,5699.34912109375,0.0,0.0,EUR
2018-10-17,5691.61865234375,5691.61865234375,0.0,0.0,EUR
2018-10-18,5654.044921875,5654.044921875,0.0,0.0,EUR
2018-10-19,5608.35546875,5608.35546875,0.0,0.0,EUR
2018-10-20,5628.98291015625,5628.98291015625,0.0,0.0,EUR
2018-10-21,5632.01513671875,5632.01513671875,0.0,0.0,EUR
2018-10-22,5653.8974609375,5653.8974609375,0.0,0.0,EUR
2018-10-23,5644.21630859375,5644.21630859375,0.0,0.0,EUR
2018-10-24,5700.39208984375,5700.39208984375,0.0,0.0,EUR
2018-10-25,5692.96337890625,5692.96337890625,0.0,0.0,EUR
2018-10-26,5673.8232421875,5673.8232421875,0.0,0.0,EUR
2018-10-27,5678.7568359375,5678.7568359375,0.0,0.0,EUR
2018-10-28,5690.88623046875,5690.88623046875,0.0,0.0,EUR
2018-10-29,5566.75537109375,5566.75537109375,0.0,0.0,EUR
2018-10-30,5583.5576171875,5583.5576171875,0.0,0.0,EUR
2018-10-31,5583.1943359375,5583.1943359375,0.0,0.0,EUR
2018-11-01,5592.873046875,5592.873046875,0.0,0.0,EUR
2018-11-02,5610.328125,5610.328125,0.0,0.0,EUR
2018-11-03,5586.45849609375,5586.45849609375,0.0,0.0,EUR
2018-11-04,5593.52392578125,5593.52392578125,0.0,0.0,EUR
2018-11-05,5626.59423828125,5626.59423828125,0.0,0.0,EUR
2018-11-06,5651.3935546875,5651.3935546875,0.0,0.0,EUR
2018-11-07,5710.90771484375,5710.90771484375,0.0,0.0,EUR
2018-11-08,5676.85986328125,5676.85986328125,0.0,0.0,EUR
2018-11-09,5632.30224609375,5632.30224609375,0.0,0.0,EUR
2018-11-10,5653.57275390625,5653.57275390625,0.0,0.0,EUR
2018-11-11,5661.89501953125,5661.89501953125,0.0,0.0,EUR
2018-11-12,5675.6865234375,5675.6865234375,0.0,0.0,EUR
2018-11-13,5621.90380859375,5621.90380859375,0.0,0.0,EUR
2018-11-14,5072.28271484375,5072.28271484375,0.0,0.0,EUR
2018-11-15,4987.66796875,4987.66796875,0.0,0.0,EUR
2018-11-16,4882.03515625,4882.03515625,0.0,0.0,EUR
2018-11-17,4864.482421875,4864.482421875,0.0,0.0,EUR
2018-11-18,4927.89697265625,4927.89697265625,0.0,0.0,EUR
2018-11-19,4253.2783203125,4253.2783203125,0.0,0.0,EUR
2018-11-20,3914.934326171875,3914.934326171875,0.0,0.0,EUR
2018-11-21,4041.602783203125,4041.602783203125,0.0,0.0,EUR
2018-11-22,3828.59765625,3828.59765625,0.0,0.0,EUR
2018-11-23,3833.607666015625,3833.607666015625,0.0,0.0,EUR
2018-11-24,3422.34521484375,3422.34521484375,0.0,0.0,EUR
2018-11-25,3537.531494140625,3537.531494140625,0.0,0.0,EUR
2018-11-26,3334.84033203125,3334.84033203125,0.0,0.0,EUR
2018-11-27,3381.91796875,3381.91796875,0.0,0.0,EUR
2018-11-28,3744.877685546875,3744.877685546875,0.0,0.0,EUR
2018-11-29,3756.497802734375,3756.497802734375,0.0,0.0,EUR
2018-11-30,3549.296875,3549.296875,0.0,0.0,EUR
2018-12-01,3722.878662109375,3722.878662109375,0.0,0.0,EUR
2018-12-02,3650.523681640625,3650.523681640625,0.0,0.0,EUR
2018-12-03,3429.27294921875,3429.27294921875,0.0,0.0,EUR
2018-12-04,3488.168212890625,3488.168212890625,0.0,0.0,EUR
2018-12-05,3308.42578125,3308.42578125,0.0,0.0,EUR
2018-12-06,3095.351318359375,3095.351318359375,0.0,0.0,EUR
2018-12-07,3004.021484375,3004.021484375,0.0,0.0,EUR
2018-12-08,3053.366943359375,3053.366943359375,0.0,0.0,EUR
2018-12-09,3168.852294921875,3168.852294921875,0.0,0.0,EUR
2018-12-10,3084.092041015625,3084.092041015625,0.0,0.0,EUR
2018-12-11,3024.58935546875,3024.58935546875,0.0,0.0,EUR
2018-12-12,3065.84521484375,3065.84521484375,0.0,0.0,EUR
2018-12-13,2916.662353515625,2916.662353515625,0.0,0.0,EUR
2018-12-14,2867.300048828125,2867.300048828125,0.0,0.0,EUR
2018-12-15,2862.2392578125,2862.2392578125,0.0,0.0,EUR
2018-12-16,2876.57666015625,2876.57666015625,0.0,0.0,EUR
2018-12-17,3124.2685546875,3124.2685546875,0.0,0.0,EUR
2018-12-18,3249.05029296875,3249.05029296875,0.0,0.0,EUR
2018-12-19,3289.634033203125,3289.634033203125,0.0,0.0,EUR
2018-12-20,3608.391357421875,3608.391357421875,0.0,0.0,EUR
2018-12-21,3426.889404296875,3426.889404296875,0.0,0.0,EUR
2018-12-22,3530.072021484375,3530.072021484375,0.0,0.0,EUR
2018-12-23,3516.36328125,3516.36328125,0.0,0.0,EUR
2018-12-24,3576.951904296875,3576.951904296875,0.0,0.0,EUR
2018-12-25,3342.62158203125,3342.62158203125,0.0,0.0,EUR
2018-12-26,3395.22802734375,3395.22802734375,0.0,0.0,EUR
2018-12-27,3197.248291015625,3197.248291015625,0.0,0.0,EUR
2018-12-28,3429.697021484375,3429.697021484375,0.0,0.0,EUR
2018-12-29,3339.224365234375,3339.224365234375,0.0,0.0,EUR
2018-12-30,3379.538330078125,3379.538330078125,0.0,0.0,EUR
2018-12-31,3256.927734375,3256.927734375,0.0,0.0,EUR
2019-01-01,3353.505859375,3353.505859375,0.0,0.0,EUR
2019-01-02,3483.446044921875,3483.446044921875,0.0,0.0,EUR
2019-01-03,3368.355712890625,3368.355712890625,0.0,0.0,EUR
2019-01-04,3385.297607421875,3385.297607421875,0.0,0.0,EUR
2019-01-05,3374.292724609375,3374.292724609375,0.0,0.0,EUR
2019-01-06,3572.601806640625,3572.601806640625,0.0,0.0,EUR
2019-01-07,3506.494384765625,3506.494384765625,0.0,0.0,EUR
2019-01-08,3518.60791015625,3518.60791015625,0.0,0.0,EUR
2019-01-09,3492.60546875,3492.60546875,0.0,0.0,EUR
2019-01-10,3197.2578125,3197.2578125,0.0,0.0,EUR
2019-01-11,3215.769775390625,3215.769775390625,0.0,0.0,EUR
2019-01-12,3192.19677734375,3192.19677734375,0.0,0.0,EUR
2019-01-13,3100.2216796875,3100.2216796875,0.0,0.0,EUR
2019-01-14,3230.38037109375,3230.38037109375,0.0,0.0,EUR
2019-01-15,3180.91796875,3180.91796875,0.0,0.0,EUR
2019-01-16,3206.829833984375,3206.829833984375,0.0,0.0,EUR
2019-01-17,3228.888916015625,3228.888916015625,0.0,0.0,EUR
2019-01-18,3217.80126953125,3217.80126953125,0.0,0.0,EUR
2019-01-19,3280.021484375,3280.021484375,0.0,0.0,EUR
2019-01-20,3168.37353515625,3168.37353515625,0.0,0.0,EUR
2019-01-21,3145.284912109375,3145.284912109375,0.0,0.0,EUR
2019-01-22,3172.09619140625,3172.09619140625,0.0,0.0,EUR
2019-01-23,3148.845947265625,3148.845947265625,0.0,0.0,EUR
2019-01-24,3183.176025390625,3183.176025390625,0.0,0.0,EUR
2019-01-25,3156.998291015625,3156.998291015625,0.0,0.0,EUR
2019-01-26,3158.251953125,3158.251953125,0.0,0.0,EUR
2019-01-27,3140.374755859375,3140.374755859375,0.0,0.0,EUR
2019-01-28,3036.359619140625,3036.359619140625,0.0,0.0,EUR
2019-01-29,3015.4541015625,3015.4541015625,0.0,0.0,EUR
2019-01-30,3035.26513671875,3035.26513671875,0.0,0.0,EUR
2019-01-31,3020.302490234375,3020.302490234375,0.0,0.0,EUR
2019-02-01,3044.247314453125,3044.247314453125,0.0,0.0,EUR
2019-02-02,3073.150146484375,3073.150146484375,0.0,0.0,EUR
2019-02-03,3023.359619140625,3023.359619140625,0.0,0.0,EUR
2019-02-04,3024.73291015625,3024.73291015625,0.0,0.0,EUR
2019-02-05,3038.158203125,3038.158203125,0.0,0.0,EUR
2019-02-06,3003.6240234375,3003.6240234375,0.0,0.0,EUR
2019-02-07,2998.1572265625,2998.1572265625,0.0,0.0,EUR
2019-02-08,3237.059326171875,3237.059326171875,0.0,0.0,EUR
2019-02-09,3240.96435546875,3240.96435546875,0.0,0.0,EUR
2019-02-10,3258.583740234375,3258.583740234375,0.0,0.0,EUR
2019-02-11,3234.70947265625,3234.70947265625,0.0,0.0,EUR
2019-02-12,3223.957763671875,3223.957763671875,0.0,0.0,EUR
2019-02-13,3224.065673828125,3224.065673828125,0.0,0.0,EUR
2019-02-14,3202.042724609375,3202.042724609375,0.0,0.0,EUR
2019-02-15,3205.250244140625,3205.250244140625,0.0,0.0,EUR
2019-02-16,3213.19677734375,3213.19677734375,0.0,0.0,EUR
2019-02-17,3252.190185546875,3252.190185546875,0.0,0.0,EUR
2019-02-18,3461.663818359375,3461.663818359375,0.0,0.0,EUR
2019-02-19,3480.855712890625,3480.855712890625,0.0,0.0,EUR
2019-02-20,3525.2978515625,3525.2978515625,0.0,0.0,EUR
2019-02-21,3486.701904296875,3486.701904296875,0.0,0.0,EUR
2019-02-22,3532.99462890625,3532.99462890625,0.0,0.0,EUR
2019-02-23,3653.8330078125,3653.8330078125,0.0,0.0,EUR
2019-02-24,3359.55859375,3359.55859375,0.0,0.0,EUR
2019-02-25,3416.384521484375,3416.384521484375,0.0,0.0,EUR
2019-02-26,3382.94287109375,3382.94287109375,0.0,0.0,EUR
2019-02-27,3384.327392578125,3384.327392578125,0.0,0.0,EUR
2019-02-28,3389.312255859375,3389.312255859375,0.0,0.0,EUR
2019-03-01,3394.986328125,3394.986328125,0.0,0.0,EUR
2019-03-02,3398.930908203125,3398.930908203125,0.0,0.0,EUR
2019-03-03,3381.98291015625,3381.98291015625,0.0,0.0,EUR
2019-03-04,3317.8173828125,3317.8173828125,0.0,0.0,EUR
2019-03-05,3445.9853515625,3445.9853515625,0.0,0.0,EUR
2019-03-06,3450.86279296875,3450.86279296875,0.0,0.0,EUR
2019-03-07,3493.00244140625,3493.00244140625,0.0,0.0,EUR
2019-03-08,3472.416748046875,3472.416748046875,0.0,0.0,EUR
2019-03-09,3527.74560546875,3527.74560546875,0.0,0.0,EUR
2019-03-10,3518.216064453125,3518.216064453125,0.0,0.0,EUR
2019-03-11,3468.384765625,3468.384765625,0.0,0.0,EUR
2019-03-12,3463.680419921875,3463.680419921875,0.0,0.0,EUR
2019-03-13,3447.834228515625,3447.834228515625,0.0,0.0,EUR
2019-03-14,3470.221435546875,3470.221435546875,0.0,0.0,EUR
2019-03-15,3494.7119140625,3494.7119140625,0.0,0.0,EUR
2019-03-16,3572.19091796875,3572.19091796875,0.0,0.0,EUR
2019-03-17,3555.384033203125,3555.384033203125,0.0,0.0,EUR
2019-03-18,3557.131103515625,3557.131103515625,0.0,0.0,EUR
2019-03-19,3585.598876953125,3585.598876953125,0.0,0.0,EUR
2019-03-20,3576.836181640625,3576.836181640625,0.0,0.0,EUR
2019-03-21,3542.43115234375,3542.43115234375,0.0,0.0,EUR
2019-03-22,3558.986572265625,3558.986572265625,0.0,0.0,EUR
2019-03-23,3569.474609375,3569.474609375,0.0,0.0,EUR
2019-03-24,3560.789306640625,3560.789306640625,0.0,0.0,EUR
2019-03-25,3502.470703125,3502.470703125,0.0,0.0,EUR
2019-03-26,3534.5634765625,3534.5634765625,0.0,0.0,EUR
2019-03-27,3631.9794921875,3631.9794921875,0.0,0.0,EUR
2019-03-28,3623.731201171875,3623.731201171875,0.0,0.0,EUR
2019-03-29,3652.0615234375,3652.0615234375,0.0,0.0,EUR
2019-03-30,3659.44482421875,3659.44482421875,0.0,0.0,EUR
2019-03-31,3657.865966796875,3657.865966796875,0.0,0.0,EUR
2019-04-01,3710.858154296875,3710.858154296875,0.0,0.0,EUR
2019-04-02,4354.8955078125,4354.8955078125,0.0,0.0,EUR
2019-04-03,4422.50830078125,4422.50830078125,0.0,0.0,EUR
2019-04-04,4386.38623046875,4386.38623046875,0.0,0.0,EUR
2019-04-05,4488.1865234375,4488.1865234375,0.0,0.0,EUR
2019-04-06,4508.80322265625,4508.80322265625,0.0,0.0,EUR
2019-04-07,4634.541015625,4634.541015625,0.0,0.0,EUR
2019-04-08,4699.3056640625,4699.3056640625,0.0,0.0,EUR
2019-04-09,4619.98876953125,4619.98876953125,0.0,0.0,EUR
2019-04-10,4722.0576171875,4722.0576171875,0.0,0.0,EUR
2019-04-11,4497.26513671875,4497.26513671875,0.0,0.0,EUR
2019-04-12,4500.67919921875,4500.67919921875,0.0,0.0,EUR
2019-04-13,4506.91162109375,4506.91162109375,0.0,0.0,EUR
2019-04-14,4571.3828125,4571.3828125,0.0,0.0,EUR
2019-04-15,4482.4501953125,4482.4501953125,0.0,0.0,EUR
2019-04-16,4639.52783203125,4639.52783203125,0.0,0.0,EUR
2019-04-17,4649.068359375,4649.068359375,0.0,0.0,EUR
2019-04-18,4715.5634765625,4715.5634765625,0.0,0.0,EUR
2019-04-19,4716.388671875,4716.388671875,0.0,0.0,EUR
2019-04-20,4746.6884765625,4746.6884765625,0.0,0.0,EUR
2019-04-21,4726.6005859375,4726.6005859375,0.0,0.0,EUR
2019-04-22,4795.59765625,4795.59765625,0.0,0.0,EUR
2019-04-23,4964.70703125,4964.70703125,0.0,0.0,EUR
2019-04-24,4899.6572265625,4899.6572265625,0.0,0.0,EUR
2019-04-25,4678.54296875,4678.54296875,0.0,0.0,EUR
2019-04-26,4732.40771484375,4732.40771484375,0.0,0.0,EUR
2019-04-27,4722.16943359375,4722.16943359375,0.0,0.0,EUR
2019-04-28,4740.140625,4740.140625,0.0,0.0,EUR
2019-04-29,4690.7919921875,4690.7919921875,0.0,0.0,EUR
2019-04-30,4771.25927734375,4771.25927734375,0.0,0.0,EUR
2019-05-01,4823.61962890625,4823.61962890625,0.0,0.0,EUR
2019-05-02,4927.24560546875,4927.24560546875,0.0,0.0,EUR
2019-05-03,5147.04443359375,5147.04443359375,0.0,0.0,EUR
2019-05-04,5203.15087890625,5203.15087890625,0.0,0.0,EUR
2019-05-05,5181.74609375,5181.74609375,0.0,0.0,EUR
2019-05-06,5130.1748046875,5130.1748046875,0.0,0.0,EUR
2019-05-07,5209.4990234375,5209.4990234375,0.0,0.0,EUR
2019-05-08,5342.5498046875,5342.5498046875,0.0,0.0,EUR
2019-05-09,5503.88232421875,5503.88232421875,0.0,0.0,EUR
2019-05-10,5678.451171875,5678.451171875,0.0,0.0,EUR
2019-05-11,6413.68798828125,6413.68798828125,0.0,0.0,EUR
2019-05-12,6205.3828125,6205.3828125,0.0,0.0,EUR
2019-05-13,6958.033203125,6958.033203125,0.0,0.0,EUR
2019-05-14,7134.91259765625,7134.91259765625,0.0,0.0,EUR
2019-05-15,7321.37255859375,7321.37255859375,0.0,0.0,EUR
2019-05-16,7057.22265625,7057.22265625,0.0,0.0,EUR
2019-05-17,6578.51513671875,6578.51513671875,0.0,0.0,EUR
2019-05-18,6513.40283203125,6513.40283203125,0.0,0.0,EUR
2019-05-19,7342.6376953125,7342.6376953125,0.0,0.0,EUR
2019-05-20,7142.9404296875,7142.9404296875,0.0,0.0,EUR
2019-05-21,7131.44677734375,7131.44677734375,0.0,0.0,EUR
2019-05-22,6884.59619140625,6884.59619140625,0.0,0.0,EUR
2019-05-23,7047.1669921875,7047.1669921875,0.0,0.0,EUR
2019-05-24,7128.09033203125,7128.09033203125,0.0,0.0,EUR
2019-05-25,7185.59912109375,7185.59912109375,0.0,0.0,EUR
2019-05-26,7737.3759765625,7737.3759765625,0.0,0.0,EUR
2019-05-27,7866.87109375,7866.87109375,0.0,0.0,EUR
2019-05-28,7808.07177734375,7808.07177734375,0.0,0.0,EUR
2019-05-29,7775.35400390625,7775.35400390625,0.0,0.0,EUR
2019-05-30,7473.814453125,7473.814453125,0.0,0.0,EUR
2019-05-31,7660.2880859375,7660.2880859375,0.0,0.0,EUR
2019-06-01,7650.9208984375,7650.9208984375,0.0,0.0,EUR
2019-06-02,7824.93896484375,7824.93896484375,0.0,0.0,EUR
2019-06-03,7299.265625,7299.265625,0.0,0.0,EUR
2019-06-04,6849.16357421875,6849.16357421875,0.0,0.0,EUR
2019-06-05,6968.2607421875,6968.2607421875,0.0,0.0,EUR
2019-06-06,6936.5703125,6936.5703125,0.0,0.0,EUR
2019-06-07,7095.00634765625,7095.00634765625,0.0,0.0,EUR
2019-06-08,7015.779296875,7015.779296875,0.0,0.0,EUR
2019-06-09,6791.208984375,6791.208984375,0.0,0.0,EUR
2019-06-10,7068.95556640625,7068.95556640625,0.0,0.0,EUR
2019-06-11,6997.71435546875,6997.71435546875,0.0,0.0,EUR
2019-06-12,7211.5927734375,7211.5927734375,0.0,0.0,EUR
2019-06-13,7296.7138671875,7296.7138671875,0.0,0.0,EUR
2019-06-14,7741.94482421875,7741.94482421875,0.0,0.0,EUR
2019-06-15,7870.66162109375,7870.66162109375,0.0,0.0,EUR
2019-06-16,8017.5517578125,8017.5517578125,0.0,0.0,EUR
2019-06-17,8302.83984375,8302.83984375,0.0,0.0,EUR
2019-06-18,8109.80517578125,8109.80517578125,0.0,0.0,EUR
2019-06-19,8253.92578125,8253.92578125,0.0,0.0,EUR
2019-06-20,8435.3291015625,8435.3291015625,0.0,0.0,EUR
2019-06-21,8909.2841796875,8909.2841796875,0.0,0.0,EUR
2019-06-22,9398.578125,9398.578125,0.0,0.0,EUR
2019-06-23,9536.26953125,9536.26953125,0.0,0.0,EUR
2019-06-24,9659.9189453125,9659.9189453125,0.0,0.0,EUR
2019-06-25,10372.4814453125,10372.4814453125,0.0,0.0,EUR
2019-06-26,11443.0380859375,11443.0380859375,0.0,0.0,EUR
2019-06-27,9833.7685546875,9833.7685546875,0.0,0.0,EUR
2019-06-28,10903.5634765625,10903.5634765625,0.0,0.0,EUR
2019-06-29,10509.8955078125,10509.8955078125,0.0,0.0,EUR
2019-06-30,9520.8818359375,9520.8818359375,0.0,0.0,EUR
2019-07-01,9376.392578125,9376.392578125,0.0,0.0,EUR
2019-07-02,9566.484375,9566.484375,0.0,0.0,EUR
2019-07-03,10597.43359375,10597.43359375,0.0,0.0,EUR
2019-07-04,9937.9208984375,9937.9208984375,0.0,0.0,EUR
2019-07-05,9772.9697265625,9772.9697265625,0.0,0.0,EUR
2019-07-06,9979.533203125,9979.533203125,0.0,0.0,EUR
2019-07-07,10198.8115234375,10198.8115234375,0.0,0.0,EUR
2019-07-08,10953.47265625,10953.47265625,0.0,0.0,EUR
2019-07-09,11221.0087890625,11221.0087890625,0.0,0.0,EUR
2019-07-10,10797.560546875,10797.560546875,0.0,0.0,EUR
2019-07-11,10096.2939453125,10096.2939453125,0.0,0.0,EUR
2019-07-12,10473.7734375,10473.7734375,0.0,0.0,EUR
2019-07-13,10098.28515625,10098.28515625,0.0,0.0,EUR
2019-07-14,9098.8466796875,9098.8466796875,0.0,0.0,EUR
2019-07-15,9674.6103515625,9674.6103515625,0.0,0.0,EUR
2019-07-16,8452.7490234375,8452.7490234375,0.0,0.0,EUR
2019-07-17,8633.6015625,8633.6015625,0.0,0.0,EUR
2019-07-18,9472.1572265625,9472.1572265625,0.0,0.0,EUR
2019-07-19,9378.6708984375,9378.6708984375,0.0,0.0,EUR
2019-07-20,9589.9677734375,9589.9677734375,0.0,0.0,EUR
2019-07-21,9448.1376953125,9448.1376953125,0.0,0.0,EUR
2019-07-22,9229.9296875,9229.9296875,0.0,0.0,EUR
2019-07-23,8877.623046875,8877.623046875,0.0,0.0,EUR
2019-07-24,8806.1748046875,8806.1748046875,0.0,0.0,EUR
2019-07-25,8892.6767578125,8892.6767578125,0.0,0.0,EUR
2019-07-26,8863.5322265625,8863.5322265625,0.0,0.0,EUR
2019-07-27,8510.9541015625,8510.9541015625,0.0,0.0,EUR
2019-07-28,8582.595703125,8582.595703125,0.0,0.0,EUR
2019-07-29,8542.986328125,8542.986328125,0.0,0.0,EUR
2019-07-30,8610.6533203125,8610.6533203125,0.0,0.0,EUR
2019-07-31,9109.9541015625,9109.9541015625,0.0,0.0,EUR
2019-08-01,9386.7412109375,9386.7412109375,0.0,0.0,EUR
2019-08-02,9454.787109375,9454.787109375,0.0,0.0,EUR
2019-08-03,9727.650390625,9727.650390625,0.0,0.0,EUR
2019-08-04,9875.908203125,9875.908203125,0.0,0.0,EUR
2019-08-05,10500.03125,10500.03125,0.0,0.0,EUR
2019-08-06,10243.8759765625,10243.8759765625,0.0,0.0,EUR
2019-08-07,10658.732421875,10658.732421875,0.0,0.0,EUR
2019-08-08,10697.322265625,10697.322265625,0.0,0.0,EUR
2019-08-09,10516.3271484375,10516.3271484375,0.0,0.0,EUR
2019-08-10,10065.18359375,10065.18359375,0.0,0.0,EUR
2019-08-11,10281.453125,10281.453125,0.0,0.0,EUR
2019-08-12,10148.3310546875,10148.3310546875,0.0,0.0,EUR
2019-08-13,9749.7529296875,9749.7529296875,0.0,0.0,EUR
2019-08-14,9021.052734375,9021.052734375,0.0,0.0,EUR
2019-08-15,9280.8759765625,9280.8759765625,0.0,0.0,EUR
2019-08-16,9350.3916015625,9350.3916015625,0.0,0.0,EUR
2019-08-17,9221.87109375,9221.87109375,0.0,0.0,EUR
2019-08-18,9327.2958984375,9327.2958984375,0.0,0.0,EUR
2019-08-19,9849.5556640625,9849.5556640625,0.0,0.0,EUR
2019-08-20,9699.05078125,9699.05078125,0.0,0.0,EUR
2019-08-21,9140.3740234375,9140.3740234375,0.0,0.0,EUR
2019-08-22,9139.0126953125,9139.0126953125,0.0,0.0,EUR
2019-08-23,9271.4150390625,9271.4150390625,0.0,0.0,EUR
2019-08-24,9042.080078125,9042.080078125,0.0,0.0,EUR
2019-08-25,9097.2919921875,9097.2919921875,0.0,0.0,EUR
2019-08-26,9342.1591796875,9342.1591796875,0.0,0.0,EUR
2019-08-27,9184.275390625,9184.275390625,0.0,0.0,EUR
2019-08-28,8799.73828125,8799.73828125,0.0,0.0,EUR
2019-08-29,8598.34375,8598.34375,0.0,0.0,EUR
2019-08-30,8718.021484375,8718.021484375,0.0,0.0,EUR
2019-08-31,8746.5693359375,8746.5693359375,0.0,0.0,EUR
2019-09-01,8877.6748046875,8877.6748046875,0.0,0.0,EUR
2019-09-02,9436.462890625,9436.462890625,0.0,0.0,EUR
2019-09-03,9681.0732421875,9681.0732421875,0.0,0.0,EUR
2019-09-04,9600.94140625,9600.94140625,0.0,0.0,EUR
2019-09-05,9585.3564453125,9585.3564453125,0.0,0.0,EUR
2019-09-06,9302.5458984375,9302.5458984375,0.0,0.0,EUR
2019-09-07,9452.435546875,9452.435546875,0.0,0.0,EUR
2019-09-08,9475.26953125,9475.26953125,0.0,0.0,EUR
2019-09-09,9355.65234375,9355.65234375,0.0,0.0,EUR
2019-09-10,9155.443359375,9155.443359375,0.0,0.0,EUR
2019-09-11,9241.6259765625,9241.6259765625,0.0,0.0,EUR
2019-09-12,9416.1162109375,9416.1162109375,0.0,0.0,EUR
2019-09-13,9308.9521484375,9308.9521484375,0.0,0.0,EUR
2019-09-14,9306.70703125,9306.70703125,0.0,0.0,EUR
2019-09-15,9336.203125,9336.203125,0.0,0.0,EUR
2019-09-16,9338.7177734375,9338.7177734375,0.0,0.0,EUR
2019-09-17,9247.5107421875,9247.5107421875,0.0,0.0,EUR
2019-09-18,9246.486328125,9246.486328125,0.0,0.0,EUR
2019-09-19,9292.9736328125,9292.9736328125,0.0,0.0,EUR
2019-09-20,9239.4833984375,9239.4833984375,0.0,0.0,EUR
2019-09-21,9092.5419921875,9092.5419921875,0.0,0.0,EUR
2019-09-22,9138.951171875,9138.951171875,0.0,0.0,EUR
2019-09-23,8850.279296875,8850.279296875,0.0,0.0,EUR
2019-09-24,7826.95703125,7826.95703125,0.0,0.0,EUR
2019-09-25,7748.6669921875,7748.6669921875,0.0,0.0,EUR
2019-09-26,7433.7265625,7433.7265625,0.0,0.0,EUR
2019-09-27,7541.8154296875,7541.8154296875,0.0,0.0,EUR
2019-09-28,7537.4013671875,7537.4013671875,0.0,0.0,EUR
2019-09-29,7405.60498046875,7405.60498046875,0.0,0.0,EUR
2019-09-30,7609.142578125,7609.142578125,0.0,0.0,EUR
2019-10-01,7630.927734375,7630.927734375,0.0,0.0,EUR
2019-10-02,7657.5341796875,7657.5341796875,0.0,0.0,EUR
2019-10-03,7525.158203125,7525.158203125,0.0,0.0,EUR
2019-10-04,7473.72314453125,7473.72314453125,0.0,0.0,EUR
2019-10-05,7424.63134765625,7424.63134765625,0.0,0.0,EUR
2019-10-06,7272.20947265625,7272.20947265625,0.0,0.0,EUR
2019-10-07,7515.01123046875,7515.01123046875,0.0,0.0,EUR
2019-10-08,7508.35302734375,7508.35302734375,0.0,0.0,EUR
2019-10-09,7824.07470703125,7824.07470703125,0.0,0.0,EUR
2019-10-10,7798.2265625,7798.2265625,0.0,0.0,EUR
2019-10-11,7538.51318359375,7538.51318359375,0.0,0.0,EUR
2019-10-12,7554.5029296875,7554.5029296875,0.0,0.0,EUR
2019-10-13,7545.00537109375,7545.00537109375,0.0,0.0,EUR
2019-10-14,7595.3798828125,7595.3798828125,0.0,0.0,EUR
2019-10-15,7435.96826171875,7435.96826171875,0.0,0.0,EUR
2019-10-16,7266.7314453125,7266.7314453125,0.0,0.0,EUR
2019-10-17,7284.2734375,7284.2734375,0.0,0.0,EUR
2019-10-18,7138.11767578125,7138.11767578125,0.0,0.0,EUR
2019-10-19,7151.86279296875,7151.86279296875,0.0,0.0,EUR
2019-10-20,7370.44384765625,7370.44384765625,0.0,0.0,EUR
2019-10-21,7392.27685546875,7392.27685546875,0.0,0.0,EUR
2019-10-22,7259.02490234375,7259.02490234375,0.0,0.0,EUR
2019-10-23,6750.24951171875,6750.24951171875,0.0,0.0,EUR
2019-10-24,6748.62109375,6748.62109375,0.0,0.0,EUR
2019-10-25,7816.3427734375,7816.3427734375,0.0,0.0,EUR
2019-10-26,8343.4580078125,8343.4580078125,0.0,0.0,EUR
2019-10-27,8617.56640625,8617.56640625,0.0,0.0,EUR
2019-10-28,8340.048828125,8340.048828125,0.0,0.0,EUR
2019-10-29,8483.099609375,8483.099609375,0.0,0.0,EUR
2019-10-30,8253.669921875,8253.669921875,0.0,0.0,EUR
2019-10-31,8245.560546875,8245.560546875,0.0,0.0,EUR
2019-11-01,8292.35546875,8292.35546875,0.0,0.0,EUR
2019-11-02,8349.8740234375,8349.8740234375,0.0,0.0,EUR
2019-11-03,8270.4453125,8270.4453125,0.0,0.0,EUR
2019-11-04,8458.521484375,8458.521484375,0.0,0.0,EUR
2019-11-05,8436.5732421875,8436.5732421875,0.0,0.0,EUR
2019-11-06,8456.39453125,8456.39453125,0.0,0.0,EUR
2019-11-07,8385.0390625,8385.0390625,0.0,0.0,EUR
2019-11-08,7990.45556640625,7990.45556640625,0.0,0.0,EUR
2019-11-09,7998.57275390625,7998.57275390625,0.0,0.0,EUR
2019-11-10,8215.490234375,8215.490234375,0.0,0.0,EUR
2019-11-11,7936.01025390625,7936.01025390625,0.0,0.0,EUR
2019-11-12,8005.5029296875,8005.5029296875,0.0,0.0,EUR
2019-11-13,8000.45703125,8000.45703125,0.0,0.0,EUR
2019-11-14,7902.3349609375,7902.3349609375,0.0,0.0,EUR
2019-11-15,7684.1572265625,7684.1572265625,0.0,0.0,EUR
2019-11-16,7737.33544921875,7737.33544921875,0.0,0.0,EUR
2019-11-17,7759.69677734375,7759.69677734375,0.0,0.0,EUR
2019-11-18,7504.623046875,7504.623046875,0.0,0.0,EUR
2019-11-19,7407.72900390625,7407.72900390625,0.0,0.0,EUR
2019-11-20,7245.548828125,7245.548828125,0.0,0.0,EUR
2019-11-21,6906.82958984375,6906.82958984375,0.0,0.0,EUR
2019-11-22,6620.43310546875,6620.43310546875,0.0,0.0,EUR
2019-11-23,6712.2724609375,6712.2724609375,0.0,0.0,EUR
2019-11-24,6394.29296875,6394.29296875,0.0,0.0,EUR
2019-11-25,6490.00439453125,6490.00439453125,0.0,0.0,EUR
2019-11-26,6548.1669921875,6548.1669921875,0.0,0.0,EUR
2019-11-27,6844.791015625,6844.791015625,0.0,0.0,EUR
2019-11-28,6777.56005859375,6777.56005859375,0.0,0.0,EUR
2019-11-29,7043.89501953125,7043.89501953125,0.0,0.0,EUR
2019-11-30,6870.1435546875,6870.1435546875,0.0,0.0,EUR
2019-12-01,6737.85693359375,6737.85693359375,0.0,0.0,EUR
2019-12-02,6610.97900390625,6610.97900390625,0.0,0.0,EUR
2019-12-03,6604.8427734375,6604.8427734375,0.0,0.0,EUR
2019-12-04,6543.50341796875,6543.50341796875,0.0,0.0,EUR
2019-12-05,6707.20068359375,6707.20068359375,0.0,0.0,EUR
2019-12-06,6824.45458984375,6824.45458984375,0.0,0.0,EUR
2019-12-07,6832.8115234375,6832.8115234375,0.0,0.0,EUR
2019-12-08,6839.6962890625,6839.6962890625,0.0,0.0,EUR
2019-12-09,6689.0068359375,6689.0068359375,0.0,0.0,EUR
2019-12-10,6561.18115234375,6561.18115234375,0.0,0.0,EUR
2019-12-11,6483.00341796875,6483.00341796875,0.0,0.0,EUR
2019-12-12,6474.6015625,6474.6015625,0.0,0.0,EUR
2019-12-13,6537.19091796875,6537.19091796875,0.0,0.0,EUR
2019-12-14,6406.7919921875,6406.7919921875,0.0,0.0,EUR
2019-12-15,6429.296875,6429.296875,0.0,0.0,EUR
2019-12-16,6224.84033203125,6224.84033203125,0.0,0.0,EUR
2019-12-17,5954.8154296875,5954.8154296875,0.0,0.0,EUR
2019-12-18,6546.5390625,6546.5390625,0.0,0.0,EUR
2019-12-19,6475.3427734375,6475.3427734375,0.0,0.0,EUR
2019-12-20,6516.82275390625,6516.82275390625,0.0,0.0,EUR
2019-12-21,6491.8544921875,6491.8544921875,0.0,0.0,EUR
2019-12-22,6779.71240234375,6779.71240234375,0.0,0.0,EUR
2019-12-23,6631.2900390625,6631.2900390625,0.0,0.0,EUR
2019-12-24,6603.123046875,6603.123046875,0.0,0.0,EUR
2019-12-25,6557.31591796875,6557.31591796875,0.0,0.0,EUR
2019-12-26,6521.947265625,6521.947265625,0.0,0.0,EUR
2019-12-27,6523.7470703125,6523.7470703125,0.0,0.0,EUR
2019-12-28,6548.7158203125,6548.7158203125,0.0,0.0,EUR
2019-12-29,6638.04833984375,6638.04833984375,0.0,0.0,EUR
2019-12-30,6510.73388671875,6510.73388671875,0.0,0.0,EUR
2019-12-31,6411.46044921875,6411.46044921875,0.0,0.0,EUR
2020-01-01,6417.78173828125,6417.78173828125,0.0,0.0,EUR
2020-01-02,6252.9384765625,6252.9384765625,0.0,0.0,EUR
2020-01-03,6581.73583984375,6581.73583984375,0.0,0.0,EUR
2020-01-04,6640.67431640625,6640.67431640625,0.0,0.0,EUR
2020-01-05,6640.66650390625,6640.66650390625,0.0,0.0,EUR
2020-01-06,6939.71484375,6939.71484375,0.0,0.0,EUR
2020-01-07,7320.77490234375,7320.77490234375,0.0,0.0,EUR
2020-01-08,7270.78564453125,7270.78564453125,0.0,0.0,EUR
2020-01-09,7092.748046875,7092.748046875,0.0,0.0,EUR
2020-01-10,7343.36572265625,7343.36572265625,0.0,0.0,EUR
2020-01-11,7226.70263671875,7226.70263671875,0.0,0.0,EUR
2020-01-12,7369.64013671875,7369.64013671875,0.0,0.0,EUR
2020-01-13,7313.7470703125,7313.7470703125,0.0,0.0,EUR
2020-01-14,7933.51171875,7933.51171875,0.0,0.0,EUR
2020-01-15,7896.189453125,7896.189453125,0.0,0.0,EUR
2020-01-16,7833.05224609375,7833.05224609375,0.0,0.0,EUR
2020-01-17,8051.0009765625,8051.0009765625,0.0,0.0,EUR
2020-01-18,8063.265625,8063.265625,0.0,0.0,EUR
2020-01-19,7847.591796875,7847.591796875,0.0,0.0,EUR
2020-01-20,7802.2333984375,7802.2333984375,0.0,0.0,EUR
2020-01-21,7889.4091796875,7889.4091796875,0.0,0.0,EUR
2020-01-22,7823.0751953125,7823.0751953125,0.0,0.0,EUR
2020-01-23,7604.298828125,7604.298828125,0.0,0.0,EUR
2020-01-24,7660.26220703125,7660.26220703125,0.0,0.0,EUR
2020-01-25,7589.61279296875,7589.61279296875,0.0,0.0,EUR
2020-01-26,7797.02392578125,7797.02392578125,0.0,0.0,EUR
2020-01-27,8085.50048828125,8085.50048828125,0.0,0.0,EUR
2020-01-28,8490.75,8490.75,0.0,0.0,EUR
2020-01-29,8458.931640625,8458.931640625,0.0,0.0,EUR
2020-01-30,8621.291015625,8621.291015625,0.0,0.0,EUR
2020-01-31,8427.623046875,8427.623046875,0.0,0.0,EUR
2020-02-01,8466.3994140625,8466.3994140625,0.0,0.0,EUR
2020-02-02,8426.54296875,8426.54296875,0.0,0.0,EUR
2020-02-03,8400.9345703125,8400.9345703125,0.0,0.0,EUR
2020-02-04,8311.9482421875,8311.9482421875,0.0,0.0,EUR
2020-02-05,8739.8720703125,8739.8720703125,0.0,0.0,EUR
2020-02-06,8860.4736328125,8860.4736328125,0.0,0.0,EUR
2020-02-07,8949.7509765625,8949.7509765625,0.0,0.0,EUR
2020-02-08,9012.2900390625,9012.2900390625,0.0,0.0,EUR
2020-02-09,9238.546875,9238.546875,0.0,0.0,EUR
2020-02-10,9034.0576171875,9034.0576171875,0.0,0.0,EUR
2020-02-11,9349.3046875,9349.3046875,0.0,0.0,EUR
2020-02-12,9495.3134765625,9495.3134765625,0.0,0.0,EUR
2020-02-13,9421.1513671875,9421.1513671875,0.0,0.0,EUR
2020-02-14,9521.3623046875,9521.3623046875,0.0,0.0,EUR
2020-02-15,9130.796875,9130.796875,0.0,0.0,EUR
2020-02-16,9163.173828125,9163.173828125,0.0,0.0,EUR
2020-02-17,8941.8505859375,8941.8505859375,0.0,0.0,EUR
2020-02-18,9395.3125,9395.3125,0.0,0.0,EUR
2020-02-19,8911.5087890625,8911.5087890625,0.0,0.0,EUR
2020-02-20,8906.8837890625,8906.8837890625,0.0,0.0,EUR
2020-02-21,8930.47265625,8930.47265625,0.0,0.0,EUR
2020-02-22,8908.583984375,8908.583984375,0.0,0.0,EUR
2020-02-23,9157.4296875,9157.4296875,0.0,0.0,EUR
2020-02-24,8895.318359375,8895.318359375,0.0,0.0,EUR
2020-02-25,8586.521484375,8586.521484375,0.0,0.0,EUR
2020-02-26,8103.85498046875,8103.85498046875,0.0,0.0,EUR
2020-02-27,7986.99365234375,7986.99365234375,0.0,0.0,EUR
2020-02-28,7864.46875,7864.46875,0.0,0.0,EUR
2020-02-29,7798.02587890625,7798.02587890625,0.0,0.0,EUR
2020-03-01,7748.16455078125,7748.16455078125,0.0,0.0,EUR
2020-03-02,7959.3583984375,7959.3583984375,0.0,0.0,EUR
2020-03-03,7862.4853515625,7862.4853515625,0.0,0.0,EUR
2020-03-04,7861.05517578125,7861.05517578125,0.0,0.0,EUR
2020-03-05,8089.7861328125,8089.7861328125,0.0,0.0,EUR
2020-03-06,8082.73974609375,8082.73974609375,0.0,0.0,EUR
2020-03-07,7894.34375,7894.34375,0.0,0.0,EUR
2020-03-08,7121.0341796875,7121.0341796875,0.0,0.0,EUR
2020-03-09,6952.2060546875,6952.2060546875,0.0,0.0,EUR
2020-03-10,6989.2109375,6989.2109375,0.0,0.0,EUR
2020-03-11,7024.82763671875,7024.82763671875,0.0,0.0,EUR
2020-03-12,4444.2373046875,4444.2373046875,0.0,0.0,EUR
2020-03-13,4993.67724609375,4993.67724609375,0.0,0.0,EUR
2020-03-14,4666.3095703125,4666.3095703125,0.0,0.0,EUR
2020-03-15,4834.8359375,4834.8359375,0.0,0.0,EUR
2020-03-16,4493.08935546875,4493.08935546875,0.0,0.0,EUR
2020-03-17,4744.93408203125,4744.93408203125,0.0,0.0,EUR
2020-03-18,4780.4208984375,4780.4208984375,0.0,0.0,EUR
2020-03-19,5808.23046875,5808.23046875,0.0,0.0,EUR
2020-03-20,5759.60693359375,5759.60693359375,0.0,0.0,EUR
2020-03-21,5746.3349609375,5746.3349609375,0.0,0.0,EUR
2020-03-22,5452.0927734375,5452.0927734375,0.0,0.0,EUR
2020-03-23,5960.8076171875,5960.8076171875,0.0,0.0,EUR
2020-03-24,6236.5966796875,6236.5966796875,0.0,0.0,EUR
2020-03-25,6135.96875,6135.96875,0.0,0.0,EUR
2020-03-26,6079.7353515625,6079.7353515625,0.0,0.0,EUR
2020-03-27,5793.7041015625,5793.7041015625,0.0,0.0,EUR
2020-03-28,5589.1044921875,5589.1044921875,0.0,0.0,EUR
2020-03-29,5315.30029296875,5315.30029296875,0.0,0.0,EUR
2020-03-30,5830.15625,5830.15625,0.0,0.0,EUR
2020-03-31,5839.27783203125,5839.27783203125,0.0,0.0,EUR
2020-04-01,6032.15185546875,6032.15185546875,0.0,0.0,EUR
2020-04-02,6264.63232421875,6264.63232421875,0.0,0.0,EUR
2020-04-03,6232.12060546875,6232.12060546875,0.0,0.0,EUR
2020-04-04,6355.8828125,6355.8828125,0.0,0.0,EUR
2020-04-05,6284.36181640625,6284.36181640625,0.0,0.0,EUR
2020-04-06,6732.44775390625,6732.44775390625,0.0,0.0,EUR
2020-04-07,6586.5849609375,6586.5849609375,0.0,0.0,EUR
2020-04-08,6752.5703125,6752.5703125,0.0,0.0,EUR
2020-04-09,6683.55859375,6683.55859375,0.0,0.0,EUR
2020-04-10,6277.59423828125,6277.59423828125,0.0,0.0,EUR
2020-04-11,6272.30908203125,6272.30908203125,0.0,0.0,EUR
2020-04-12,6377.30078125,6377.30078125,0.0,0.0,EUR
2020-04-13,6267.4052734375,6267.4052734375,0.0,0.0,EUR
2020-04-14,6229.04541015625,6229.04541015625,0.0,0.0,EUR
2020-04-15,6091.08056640625,6091.08056640625,0.0,0.0,EUR
2020-04-16,6554.13525390625,6554.13525390625,0.0,0.0,EUR
2020-04-17,6526.126953125,6526.126953125,0.0,0.0,EUR
2020-04-18,6673.71337890625,6673.71337890625,0.0,0.0,EUR
2020-04-19,6616.6650390625,6616.6650390625,0.0,0.0,EUR
2020-04-20,6334.2236328125,6334.2236328125,0.0,0.0,EUR
2020-04-21,6337.51416015625,6337.51416015625,0.0,0.0,EUR
2020-04-22,6585.7373046875,6585.7373046875,0.0,0.0,EUR
2020-04-23,6895.33447265625,6895.33447265625,0.0,0.0,EUR
2020-04-24,6977.3271484375,6977.3271484375,0.0,0.0,EUR
2020-04-25,6994.916015625,6994.916015625,0.0,0.0,EUR
2020-04-26,7097.44921875,7097.44921875,0.0,0.0,EUR
2020-04-27,7201.9345703125,7201.9345703125,0.0,0.0,EUR
2020-04-28,7206.9375,7206.9375,0.0,0.0,EUR
2020-04-29,8091.74462890625,8091.74462890625,0.0,0.0,EUR
2020-04-30,7911.7626953125,7911.7626953125,0.0,0.0,EUR
2020-05-01,7990.9580078125,7990.9580078125,0.0,0.0,EUR
2020-05-02,8101.85302734375,8101.85302734375,0.0,0.0,EUR
2020-05-03,8119.24267578125,8119.24267578125,0.0,0.0,EUR
2020-05-04,8173.6708984375,8173.6708984375,0.0,0.0,EUR
2020-05-05,8307.3310546875,8307.3310546875,0.0,0.0,EUR
2020-05-06,8582.734375,8582.734375,0.0,0.0,EUR
2020-05-07,9183.599609375,9183.599609375,0.0,0.0,EUR
2020-05-08,8973.578125,8973.578125,0.0,0.0,EUR
2020-05-09,8745.1826171875,8745.1826171875,0.0,0.0,EUR
2020-05-10,8078.630859375,8078.630859375,0.0,0.0,EUR
2020-05-11,7958.5712890625,7958.5712890625,0.0,0.0,EUR
2020-05-12,8117.50830078125,8117.50830078125,0.0,0.0,EUR
2020-05-13,8566.4140625,8566.4140625,0.0,0.0,EUR
2020-05-14,9006.8359375,9006.8359375,0.0,0.0,EUR
2020-05-15,8619.9814453125,8619.9814453125,0.0,0.0,EUR
2020-05-16,8665.0927734375,8665.0927734375,0.0,0.0,EUR
2020-05-17,8938.7421875,8938.7421875,0.0,0.0,EUR
2020-05-18,8911.88671875,8911.88671875,0.0,0.0,EUR
2020-05-19,8904.07421875,8904.07421875,0.0,0.0,EUR
2020-05-20,8673.2265625,8673.2265625,0.0,0.0,EUR
2020-05-21,8294.2919921875,8294.2919921875,0.0,0.0,EUR
2020-05-22,8423.99609375,8423.99609375,0.0,0.0,EUR
2020-05-23,8448.4990234375,8448.4990234375,0.0,0.0,EUR
2020-05-24,8058.64013671875,8058.64013671875,0.0,0.0,EUR
2020-05-25,8170.75,8170.75,0.0,0.0,EUR
2020-05-26,8047.2314453125,8047.2314453125,0.0,0.0,EUR
2020-05-27,8334.0693359375,8334.0693359375,0.0,0.0,EUR
2020-05-28,8599.1904296875,8599.1904296875,0.0,0.0,EUR
2020-05-29,8499.884765625,8499.884765625,0.0,0.0,EUR
2020-05-30,8735.1748046875,8735.1748046875,0.0,0.0,EUR
2020-05-31,8510.1376953125,8510.1376953125,0.0,0.0,EUR
2020-06-01,9138.7880859375,9138.7880859375,0.0,0.0,EUR
2020-06-02,8519.59765625,8519.59765625,0.0,0.0,EUR
2020-06-03,8595.4833984375,8595.4833984375,0.0,0.0,EUR
2020-06-04,8642.15234375,8642.15234375,0.0,0.0,EUR
2020-06-05,8560.423828125,8560.423828125,0.0,0.0,EUR
2020-06-06,8549.5107421875,8549.5107421875,0.0,0.0,EUR
2020-06-07,8621.2724609375,8621.2724609375,0.0,0.0,EUR
2020-06-08,8644.083984375,8644.083984375,0.0,0.0,EUR
2020-06-09,8643.34375,8643.34375,0.0,0.0,EUR
2020-06-10,8683.8173828125,8683.8173828125,0.0,0.0,EUR
2020-06-11,8257.708984375,8257.708984375,0.0,0.0,EUR
2020-06-12,8422.0615234375,8422.0615234375,0.0,0.0,EUR
2020-06-13,8418.423828125,8418.423828125,0.0,0.0,EUR
2020-06-14,8342.94921875,8342.94921875,0.0,0.0,EUR
2020-06-15,8335.8212890625,8335.8212890625,0.0,0.0,EUR
2020-06-16,8466.1796875,8466.1796875,0.0,0.0,EUR
2020-06-17,8432.1748046875,8432.1748046875,0.0,0.0,EUR
2020-06-18,8397.5830078125,8397.5830078125,0.0,0.0,EUR
2020-06-19,8308.0771484375,8308.0771484375,0.0,0.0,EUR
2020-06-20,8349.328125,8349.328125,0.0,0.0,EUR
2020-06-21,8324.283203125,8324.283203125,0.0,0.0,EUR
2020-06-22,8554.9677734375,8554.9677734375,0.0,0.0,EUR
2020-06-23,8512.65625,8512.65625,0.0,0.0,EUR
2020-06-24,8278.49609375,8278.49609375,0.0,0.0,EUR
2020-06-25,8257.8017578125,8257.8017578125,0.0,0.0,EUR
2020-06-26,8167.833984375,8167.833984375,0.0,0.0,EUR
2020-06-27,8063.25146484375,8063.25146484375,0.0,0.0,EUR
2020-06-28,8146.4560546875,8146.4560546875,0.0,0.0,EUR
2020-06-29,8171.95654296875,8171.95654296875,0.0,0.0,EUR
2020-06-30,8133.865234375,8133.865234375,0.0,0.0,EUR
2020-07-01,8201.646484375,8201.646484375,0.0,0.0,EUR
2020-07-02,8118.01025390625,8118.01025390625,0.0,0.0,EUR
2020-07-03,8079.52197265625,8079.52197265625,0.0,0.0,EUR
2020-07-04,8121.37548828125,8121.37548828125,0.0,0.0,EUR
2020-07-05,8067.40673828125,8067.40673828125,0.0,0.0,EUR
2020-07-06,8287.67578125,8287.67578125,0.0,0.0,EUR
2020-07-07,8205.9833984375,8205.9833984375,0.0,0.0,EUR
2020-07-08,8316.365234375,8316.365234375,0.0,0.0,EUR
2020-07-09,8218.990234375,8218.990234375,0.0,0.0,EUR
2020-07-10,8210.900390625,8210.900390625,0.0,0.0,EUR
2020-07-11,8177.2998046875,8177.2998046875,0.0,0.0,EUR
2020-07-12,8201.4091796875,8201.4091796875,0.0,0.0,EUR
2020-07-13,8146.83154296875,8146.83154296875,0.0,0.0,EUR
2020-07-14,8101.28857421875,8101.28857421875,0.0,0.0,EUR
2020-07-15,8051.5283203125,8051.5283203125,0.0,0.0,EUR
2020-07-16,8017.4111328125,8017.4111328125,0.0,0.0,EUR
2020-07-17,8007.90771484375,8007.90771484375,0.0,0.0,EUR
2020-07-18,8013.509765625,8013.509765625,0.0,0.0,EUR
2020-07-19,8026.4013671875,8026.4013671875,0.0,0.0,EUR
2020-07-20,7998.3212890625,7998.3212890625,0.0,0.0,EUR
2020-07-21,8126.14306640625,8126.14306640625,0.0,0.0,EUR
2020-07-22,8235.9052734375,8235.9052734375,0.0,0.0,EUR
2020-07-23,8262.8125,8262.8125,0.0,0.0,EUR
2020-07-24,8181.6142578125,8181.6142578125,0.0,0.0,EUR
2020-07-25,8302.2275390625,8302.2275390625,0.0,0.0,EUR
2020-07-26,8499.583984375,8499.583984375,0.0,0.0,EUR
2020-07-27,9340.1875,9340.1875,0.0,0.0,EUR
2020-07-28,9311.41015625,9311.41015625,0.0,0.0,EUR
2020-07-29,9420.3125,9420.3125,0.0,0.0,EUR
2020-07-30,9356.708984375,9356.708984375,0.0,0.0,EUR
2020-07-31,9613.4306640625,9613.4306640625,0.0,0.0,EUR
2020-08-01,9983.6943359375,9983.6943359375,0.0,0.0,EUR
2020-08-02,9382.7275390625,9382.7275390625,0.0,0.0,EUR
2020-08-03,9563.89453125,9563.89453125,0.0,0.0,EUR
2020-08-04,9484.9814453125,9484.9814453125,0.0,0.0,EUR
2020-08-05,9894.435546875,9894.435546875,0.0,0.0,EUR
2020-08-06,9919.7470703125,9919.7470703125,0.0,0.0,EUR
2020-08-07,9841.0537109375,9841.0537109375,0.0,0.0,EUR
2020-08-08,9970.4755859375,9970.4755859375,0.0,0.0,EUR
2020-08-09,9910.3671875,9910.3671875,0.0,0.0,EUR
2020-08-10,10118.962890625,10118.962890625,0.0,0.0,EUR
2020-08-11,9722.7724609375,9722.7724609375,0.0,0.0,EUR
2020-08-12,9823.3642578125,9823.3642578125,0.0,0.0,EUR
2020-08-13,9972.7265625,9972.7265625,0.0,0.0,EUR
2020-08-14,9937.8701171875,9937.8701171875,0.0,0.0,EUR
2020-08-15,10019.6689453125,10019.6689453125,0.0,0.0,EUR
2020-08-16,10034.0419921875,10034.0419921875,0.0,0.0,EUR
2020-08-17,10319.689453125,10319.689453125,0.0,0.0,EUR
2020-08-18,10034.4794921875,10034.4794921875,0.0,0.0,EUR
2020-08-19,9927.80078125,9927.80078125,0.0,0.0,EUR
2020-08-20,10006.6376953125,10006.6376953125,0.0,0.0,EUR
2020-08-21,9827.8916015625,9827.8916015625,0.0,0.0,EUR
2020-08-22,9904.05078125,9904.05078125,0.0,0.0,EUR
2020-08-23,9887.0439453125,9887.0439453125,0.0,0.0,EUR
2020-08-24,9983.1259765625,9983.1259765625,0.0,0.0,EUR
2020-08-25,9603.4296875,9603.4296875,0.0,0.0,EUR
2020-08-26,9703.12890625,9703.12890625,0.0,0.0,EUR
2020-08-27,9581.0771484375,9581.0771484375,0.0,0.0,EUR
2020-08-28,9695.46875,9695.46875,0.0,0.0,EUR
2020-08-29,9664.3515625,9664.3515625,0.0,0.0,EUR
2020-08-30,9824.9228515625,9824.9228515625,0.0,0.0,EUR
2020-08-31,9785.0234375,9785.0234375,0.0,0.0,EUR
2020-09-01,10038.5634765625,10038.5634765625,0.0,0.0,EUR
2020-09-02,9634.12890625,9634.12890625,0.0,0.0,EUR
2020-09-03,8653.3828125,8653.3828125,0.0,0.0,EUR
2020-09-04,8879.7177734375,8879.7177734375,0.0,0.0,EUR
2020-09-05,8590.609375,8590.609375,0.0,0.0,EUR
2020-09-06,8686.3935546875,8686.3935546875,0.0,0.0,EUR
2020-09-07,8773.6875,8773.6875,0.0,0.0,EUR
2020-09-08,8610.1884765625,8610.1884765625,0.0,0.0,EUR
2020-09-09,8677.37890625,8677.37890625,0.0,0.0,EUR
2020-09-10,8763.0703125,8763.0703125,0.0,0.0,EUR
2020-09-11,8779.703125,8779.703125,0.0,0.0,EUR
2020-09-12,8813.818359375,8813.818359375,0.0,0.0,EUR
2020-09-13,8719.9296875,8719.9296875,0.0,0.0,EUR
2020-09-14,8999.8876953125,8999.8876953125,0.0,0.0,EUR
2020-09-15,9114.8076171875,9114.8076171875,0.0,0.0,EUR
2020-09-16,9298.400390625,9298.400390625,0.0,0.0,EUR
2020-09-17,9239.6884765625,9239.6884765625,0.0,0.0,EUR
2020-09-18,9243.46875,9243.46875,0.0,0.0,EUR
2020-09-19,9370.4619140625,9370.4619140625,0.0,0.0,EUR
2020-09-20,9233.060546875,9233.060546875,0.0,0.0,EUR
2020-09-21,8892.470703125,8892.470703125,0.0,0.0,EUR
2020-09-22,9001.3203125,9001.3203125,0.0,0.0,EUR
2020-09-23,8789.7626953125,8789.7626953125,0.0,0.0,EUR
2020-09-24,9217.3955078125,9217.3955078125,0.0,0.0,EUR
2020-09-25,9193.3310546875,9193.3310546875,0.0,0.0,EUR
2020-09-26,9242.7626953125,9242.7626953125,0.0,0.0,EUR
2020-09-27,9261.5166015625,9261.5166015625,0.0,0.0,EUR
2020-09-28,9171.6171875,9171.6171875,0.0,0.0,EUR
2020-09-29,9235.9248046875,9235.9248046875,0.0,0.0,EUR
2020-09-30,9199.6455078125,9199.6455078125,0.0,0.0,EUR
2020-10-01,9042.5166015625,9042.5166015625,0.0,0.0,EUR
2020-10-02,9026.1396484375,9026.1396484375,0.0,0.0,EUR
2020-10-03,9003.3984375,9003.3984375,0.0,0.0,EUR
2020-10-04,9103.8857421875,9103.8857421875,0.0,0.0,EUR
2020-10-05,9155.234375,9155.234375,0.0,0.0,EUR
2020-10-06,9034.869140625,9034.869140625,0.0,0.0,EUR
2020-10-07,9067.8232421875,9067.8232421875,0.0,0.0,EUR
2020-10-08,9276.5751953125,9276.5751953125,0.0,0.0,EUR
2020-10-09,9353.4384765625,9353.4384765625,0.0,0.0,EUR
2020-10-10,9548.2265625,9548.2265625,0.0,0.0,EUR
2020-10-11,9634.763671875,9634.763671875,0.0,0.0,EUR
2020-10-12,9781.9501953125,9781.9501953125,0.0,0.0,EUR
2020-10-13,9730.6728515625,9730.6728515625,0.0,0.0,EUR
2020-10-14,9731.630859375,9731.630859375,0.0,0.0,EUR
2020-10-15,9819.4658203125,9819.4658203125,0.0,0.0,EUR
2020-10-16,9663.431640625,9663.431640625,0.0,0.0,EUR
2020-10-17,9695.35546875,9695.35546875,0.0,0.0,EUR
2020-10-18,9800.71484375,9800.71484375,0.0,0.0,EUR
2020-10-19,9977.5615234375,9977.5615234375,0.0,0.0,EUR
2020-10-20,10073.85546875,10073.85546875,0.0,0.0,EUR
2020-10-21,10820.0517578125,10820.0517578125,0.0,0.0,EUR
2020-10-22,10973.1630859375,10973.1630859375,0.0,0.0,EUR
2020-10-23,10901.197265625,10901.197265625,0.0,0.0,EUR
2020-10-24,11050.0048828125,11050.0048828125,0.0,0.0,EUR
2020-10-25,10998.767578125,10998.767578125,0.0,0.0,EUR
2020-10-26,11072.263671875,11072.263671875,0.0,0.0,EUR
2020-10-27,11589.126953125,11589.126953125,0.0,0.0,EUR
2020-10-28,11295.6689453125,11295.6689453125,0.0,0.0,EUR
2020-10-29,11506.9267578125,11506.9267578125,0.0,0.0,EUR
2020-10-30,11602.5966796875,11602.5966796875,0.0,0.0,EUR
2020-10-31,11801.3271484375,11801.3271484375,0.0,0.0,EUR
2020-11-01,11799.9990234375,11799.9990234375,0.0,0.0,EUR
2020-11-02,11640.8193359375,11640.8193359375,0.0,0.0,EUR
2020-11-03,11860.7275390625,11860.7275390625,0.0,0.0,EUR
2020-11-04,12045.607421875,12045.607421875,0.0,0.0,EUR
2020-11-05,13184.150390625,13184.150390625,0.0,0.0,EUR
2020-11-06,13109.1025390625,13109.1025390625,0.0,0.0,EUR
2020-11-07,12492.2607421875,12492.2607421875,0.0,0.0,EUR
2020-11-08,13016.1025390625,13016.1025390625,0.0,0.0,EUR
2020-11-09,12967.1220703125,12967.1220703125,0.0,0.0,EUR
2020-11-10,12938.1982421875,12938.1982421875,0.0,0.0,EUR
2020-11-11,13329.259765625,13329.259765625,0.0,0.0,EUR
2020-11-12,13789.07421875,13789.07421875,0.0,0.0,EUR
2020-11-13,13786.818359375,13786.818359375,0.0,0.0,EUR
2020-11-14,13575.8740234375,13575.8740234375,0.0,0.0,EUR
2020-11-15,13469.7392578125,13469.7392578125,0.0,0.0,EUR
2020-11-16,14095.125,14095.125,0.0,0.0,EUR
2020-11-17,14873.701171875,14873.701171875,0.0,0.0,EUR
2020-11-18,15030.3017578125,15030.3017578125,0.0,0.0,EUR
2020-11-19,15015.7802734375,15015.7802734375,0.0,0.0,EUR
2020-11-20,15705.1796875,15705.1796875,0.0,0.0,EUR
2020-11-21,15723.02734375,15723.02734375,0.0,0.0,EUR
2020-11-22,15481.650390625,15481.650390625,0.0,0.0,EUR
2020-11-23,15506.9580078125,15506.9580078125,0.0,0.0,EUR
2020-11-24,16059.728515625,16059.728515625,0.0,0.0,EUR
2020-11-25,15719.4150390625,15719.4150390625,0.0,0.0,EUR
2020-11-26,14399.09765625,14399.09765625,0.0,0.0,EUR
2020-11-27,14301.1015625,14301.1015625,0.0,0.0,EUR
2020-11-28,14809.2431640625,14809.2431640625,0.0,0.0,EUR
2020-11-29,15184.5966796875,15184.5966796875,0.0,0.0,EUR
2020-11-30,16440.384765625,16440.384765625,0.0,0.0,EUR
2020-12-01,15576.6298828125,15576.6298828125,0.0,0.0,EUR
2020-12-02,15850.0400390625,15850.0400390625,0.0,0.0,EUR
2020-12-03,16010.77734375,16010.77734375,0.0,0.0,EUR
2020-12-04,15428.22265625,15428.22265625,0.0,0.0,EUR
2020-12-05,15799.8466796875,15799.8466796875,0.0,0.0,EUR
2020-12-06,15961.17578125,15961.17578125,0.0,0.0,EUR
2020-12-07,15847.10546875,15847.10546875,0.0,0.0,EUR
2020-12-08,15129.400390625,15129.400390625,0.0,0.0,EUR
2020-12-09,15361.17578125,15361.17578125,0.0,0.0,EUR
2020-12-10,15040.947265625,15040.947265625,0.0,0.0,EUR
2020-12-11,14910.423828125,14910.423828125,0.0,0.0,EUR
2020-12-12,15525.3330078125,15525.3330078125,0.0,0.0,EUR
2020-12-13,15776.826171875,15776.826171875,0.0,0.0,EUR
2020-12-14,15842.5478515625,15842.5478515625,0.0,0.0,EUR
2020-12-15,15975.224609375,15975.224609375,0.0,0.0,EUR
2020-12-16,17473.498046875,17473.498046875,0.0,0.0,EUR
2020-12-17,18598.7265625,18598.7265625,0.0,0.0,EUR
2020-12-18,18877.66015625,18877.66015625,0.0,0.0,EUR
2020-12-19,19473.654296875,19473.654296875,0.0,0.0,EUR
2020-12-20,19224.947265625,19224.947265625,0.0,0.0,EUR
2020-12-21,18637.57421875,18637.57421875,0.0,0.0,EUR
2020-12-22,19514.736328125,19514.736328125,0.0,0.0,EUR
2020-12-23,19059.505859375,19059.505859375,0.0,0.0,EUR
2020-12-24,19481.56640625,19481.56640625,0.0,0.0,EUR
2020-12-25,20230.060546875,20230.060546875,0.0,0.0,EUR
2020-12-26,21683.658203125,21683.658203125,0.0,0.0,EUR
2020-12-27,21527.59765625,21527.59765625,0.0,0.0,EUR
2020-12-28,22161.6015625,22161.6015625,0.0,0.0,EUR
2020-12-29,22330.29296875,22330.29296875,0.0,0.0,EUR
2020-12-30,23450.607421875,23450.607421875,0.0,0.0,EUR
2020-12-31,23741.736328125,23741.736328125,0.0,0.0,EUR
2021-01-01,24165.556640625,24165.556640625,0.0,0.0,EUR
2021-01-02,26474.892578125,26474.892578125,0.0,0.0,EUR
2021-01-03,26760.720703125,26760.720703125,0.0,0.0,EUR
2021-01-04,26094.005859375,26094.005859375,0.0,0.0,EUR
2021-01-05,27639.482421875,27639.482421875,0.0,0.0,EUR
2021-01-06,29844.859375,29844.859375,0.0,0.0,EUR
2021-01-07,32089.447265625,32089.447265625,0.0,0.0,EUR
2021-01-08,33372.28125,33372.28125,0.0,0.0,EUR
2021-01-09,32928.05859375,32928.05859375,0.0,0.0,EUR
2021-01-10,31472.685546875,31472.685546875,0.0,0.0,EUR
2021-01-11,29247.208984375,29247.208984375,0.0,0.0,EUR
2021-01-12,27786.228515625,27786.228515625,0.0,0.0,EUR
2021-01-13,30682.9296875,30682.9296875,0.0,0.0,EUR
2021-01-14,32250.857421875,32250.857421875,0.0,0.0,EUR
2021-01-15,30485.841796875,30485.841796875,0.0,0.0,EUR
2021-01-16,29950.03515625,29950.03515625,0.0,0.0,EUR
2021-01-17,29661.734375,29661.734375,0.0,0.0,EUR
2021-01-18,30328.93359375,30328.93359375,0.0,0.0,EUR
2021-01-19,29713.658203125,29713.658203125,0.0,0.0,EUR
2021-01-20,29342.677734375,29342.677734375,0.0,0.0,EUR
2021-01-21,25338.5078125,25338.5078125,0.0,0.0,EUR
2021-01-22,27116.1484375,27116.1484375,0.0,0.0,EUR
2021-01-23,26340.009765625,26340.009765625,0.0,0.0,EUR
2021-01-24,26538.091796875,26538.091796875,0.0,0.0,EUR
2021-01-25,26654.59765625,26654.59765625,0.0,0.0,EUR
2021-01-26,26775.673828125,26775.673828125,0.0,0.0,EUR
2021-01-27,25144.740234375,25144.740234375,0.0,0.0,EUR
2021-01-28,27609.595703125,27609.595703125,0.0,0.0,EUR
2021-01-29,28272.55078125,28272.55078125,0.0,0.0,EUR
2021-01-30,28234.41796875,28234.41796875,0.0,0.0,EUR
2021-01-31,27316.099609375,27316.099609375,0.0,0.0,EUR
2021-02-01,27790.58203125,27790.58203125,0.0,0.0,EUR
2021-02-02,29501.521484375,29501.521484375,0.0,0.0,EUR
2021-02-03,31119.447265625,31119.447265625,0.0,0.0,EUR
2021-02-04,30859.5546875,30859.5546875,0.0,0.0,EUR
2021-02-05,31658.248046875,31658.248046875,0.0,0.0,EUR
2021-02-06,32588.47265625,32588.47265625,0.0,0.0,EUR
2021-02-07,32288.650390625,32288.650390625,0.0,0.0,EUR
2021-02-08,38329.66796875,38329.66796875,0.0,0.0,EUR
2021-02-09,38362.296875,38362.296875,0.0,0.0,EUR
2021-02-10,37065.046875,37065.046875,0.0,0.0,EUR
2021-02-11,39494.44140625,39494.44140625,0.0,0.0,EUR
2021-02-12,39194.921875,39194.921875,0.0,0.0,EUR
2021-02-13,38864.359375,38864.359375,0.0,0.0,EUR
2021-02-14,40194.0546875,40194.0546875,0.0,0.0,EUR
2021-02-15,39518.80859375,39518.80859375,0.0,0.0,EUR
2021-02-16,40700.7421875,40700.7421875,0.0,0.0,EUR
2021-02-17,43293.16796875,43293.16796875,0.0,0.0,EUR
2021-02-18,42739.44921875,42739.44921875,0.0,0.0,EUR
2021-02-19,46119.0,46119.0,0.0,0.0,EUR
2021-02-20,46293.4375,46293.4375,0.0,0.0,EUR
2021-02-21,47456.125,47456.125,0.0,0.0,EUR
2021-02-22,44563.2421875,44563.2421875,0.0,0.0,EUR
2021-02-23,40181.33203125,40181.33203125,0.0,0.0,EUR
2021-02-24,40844.4140625,40844.4140625,0.0,0.0,EUR
2021-02-25,38735.1640625,38735.1640625,0.0,0.0,EUR
2021-02-26,38385.91015625,38385.91015625,0.0,0.0,EUR
2021-02-27,38260.48046875,38260.48046875,0.0,0.0,EUR
2021-02-28,37332.50390625,37332.50390625,0.0,0.0,EUR
2021-03-01,41192.19140625,41192.19140625,0.0,0.0,EUR
2021-03-02,40032.6953125,40032.6953125,0.0,0.0,EUR
2021-03-03,41952.8046875,41952.8046875,0.0,0.0,EUR
2021-03-04,40578.53515625,40578.53515625,0.0,0.0,EUR
2021-03-05,41076.52734375,41076.52734375,0.0,0.0,EUR
2021-03-06,41047.3203125,41047.3203125,0.0,0.0,EUR
2021-03-07,42935.9921875,42935.9921875,0.0,0.0,EUR
2021-03-08,44086.50390625,44086.50390625,0.0,0.0,EUR
2021-03-09,46082.24609375,46082.24609375,0.0,0.0,EUR
2021-03-10,46969.328125,46969.328125,0.0,0.0,EUR
2021-03-11,48247.39453125,48247.39453125,0.0,0.0,EUR
2021-03-12,47962.9375,47962.9375,0.0,0.0,EUR
2021-03-13,51235.53515625,51235.53515625,0.0,0.0,EUR
2021-03-14,49624.296875,49624.296875,0.0,0.0,EUR
2021-03-15,46876.453125,46876.453125,0.0,0.0,EUR
2021-03-16,47727.08203125,47727.08203125,0.0,0.0,EUR
2021-03-17,49129.87890625,49129.87890625,0.0,0.0,EUR
2021-03-18,48546.06640625,48546.06640625,0.0,0.0,EUR
2021-03-19,48839.94140625,48839.94140625,0.0,0.0,EUR
2021-03-20,48812.30859375,48812.30859375,0.0,0.0,EUR
2021-03-21,48405.2109375,48405.2109375,0.0,0.0,EUR
2021-03-22,45699.40625,45699.40625,0.0,0.0,EUR
2021-03-23,46230.26953125,46230.26953125,0.0,0.0,EUR
2021-03-24,44675.62890625,44675.62890625,0.0,0.0,EUR
2021-03-25,43907.328125,43907.328125,0.0,0.0,EUR
2021-03-26,46749.44140625,46749.44140625,0.0,0.0,EUR
2021-03-27,47458.4296875,47458.4296875,0.0,0.0,EUR
2021-03-28,47471.80078125,47471.80078125,0.0,0.0,EUR
2021-03-29,49071.7890625,49071.7890625,0.0,0.0,EUR
2021-03-30,50257.0859375,50257.0859375,0.0,0.0,EUR
2021-03-31,50240.55859375,50240.55859375,0.0,0.0,EUR
2021-04-01,50172.63671875,50172.63671875,0.0,0.0,EUR
2021-04-02,50497.2734375,50497.2734375,0.0,0.0,EUR
2021-04-03,48985.828125,48985.828125,0.0,0.0,EUR
2021-04-04,49933.19921875,49933.19921875,0.0,0.0,EUR
2021-04-05,49976.84375,49976.84375,0.0,0.0,EUR
2021-04-06,49008.61328125,49008.61328125,0.0,0.0,EUR
2021-04-07,47210.01953125,47210.01953125,0.0,0.0,EUR
2021-04-08,48948.37890625,48948.37890625,0.0,0.0,EUR
2021-04-09,48942.109375,48942.109375,0.0,0.0,EUR
2021-04-10,50242.22265625,50242.22265625,0.0,0.0,EUR
2021-04-11,50609.1953125,50609.1953125,0.0,0.0,EUR
2021-04-12,50273.60546875,50273.60546875,0.0,0.0,EUR
2021-04-13,53123.62890625,53123.62890625,0.0,0.0,EUR
2021-04-14,52664.09375,52664.09375,0.0,0.0,EUR
2021-04-15,52896.38671875,52896.38671875,0.0,0.0,EUR
2021-04-16,51386.25,51386.25,0.0,0.0,EUR
2021-04-17,50646.05078125,50646.05078125,0.0,0.0,EUR
2021-04-18,46968.79296875,46968.79296875,0.0,0.0,EUR
2021-04-19,46276.83203125,46276.83203125,0.0,0.0,EUR
2021-04-20,46933.71875,46933.71875,0.0,0.0,EUR
2021-04-21,44784.20703125,44784.20703125,0.0,0.0,EUR
2021-04-22,43083.34375,43083.34375,0.0,0.0,EUR
2021-04-23,42231.40625,42231.40625,0.0,0.0,EUR
2021-04-24,41374.1015625,41374.1015625,0.0,0.0,EUR
2021-04-25,40534.26171875,40534.26171875,0.0,0.0,EUR
2021-04-26,44721.85546875,44721.85546875,0.0,0.0,EUR
2021-04-27,45522.515625,45522.515625,0.0,0.0,EUR
2021-04-28,45178.68359375,45178.68359375,0.0,0.0,EUR
2021-04-29,44170.96875,44170.96875,0.0,0.0,EUR
2021-04-30,48047.05078125,48047.05078125,0.0,0.0,EUR
2021-05-01,48110.046875,48110.046875,0.0,0.0,EUR
2021-05-02,47088.5703125,47088.5703125,0.0,0.0,EUR
2021-05-03,47432.76953125,47432.76953125,0.0,0.0,EUR
2021-05-04,44387.26171875,44387.26171875,0.0,0.0,EUR
2021-05-05,47823.05859375,47823.05859375,0.0,0.0,EUR
2021-05-06,46742.55859375,46742.55859375,0.0,0.0,EUR
2021-05-07,47155.5078125,47155.5078125,0.0,0.0,EUR
2021-05-08,48345.46484375,48345.46484375,0.0,0.0,EUR
2021-05-09,47846.5234375,47846.5234375,0.0,0.0,EUR
2021-05-10,46010.484375,46010.484375,0.0,0.0,EUR
2021-05-11,46692.53125,46692.53125,0.0,0.0,EUR
2021-05-12,40695.51171875,40695.51171875,0.0,0.0,EUR
2021-05-13,41166.6953125,41166.6953125,0.0,0.0,EUR
2021-05-14,41072.77734375,41072.77734375,0.0,0.0,EUR
2021-05-15,38498.73828125,38498.73828125,0.0,0.0,EUR
2021-05-16,38235.890625,38235.890625,0.0,0.0,EUR
2021-05-17,35814.0859375,35814.0859375,0.0,0.0,EUR
2021-05-18,35106.796875,35106.796875,0.0,0.0,EUR
2021-05-19,30403.203125,30403.203125,0.0,0.0,EUR
2021-05-20,33359.13671875,33359.13671875,0.0,0.0,EUR
2021-05-21,30627.822265625,30627.822265625,0.0,0.0,EUR
2021-05-22,30818.25,30818.25,0.0,0.0,EUR
2021-05-23,28545.537109375,28545.537109375,0.0,0.0,EUR
2021-05-24,31689.203125,31689.203125,0.0,0.0,EUR
2021-05-25,31356.951171875,31356.951171875,0.0,0.0,EUR
2021-05-26,32229.533203125,32229.533203125,0.0,0.0,EUR
2021-05-27,31524.041015625,31524.041015625,0.0,0.0,EUR
2021-05-28,29278.3203125,29278.3203125,0.0,0.0,EUR
2021-05-29,28391.1640625,28391.1640625,0.0,0.0,EUR
2021-05-30,29269.517578125,29269.517578125,0.0,0.0,EUR
2021-05-31,30519.30859375,30519.30859375,0.0,0.0,EUR
2021-06-01,30026.794921875,30026.794921875,0.0,0.0,EUR
2021-06-02,30775.01171875,30775.01171875,0.0,0.0,EUR
2021-06-03,32321.55078125,32321.55078125,0.0,0.0,EUR
2021-06-04,30322.69921875,30322.69921875,0.0,0.0,EUR
2021-06-05,29221.080078125,29221.080078125,0.0,0.0,EUR
2021-06-06,29474.392578125,29474.392578125,0.0,0.0,EUR
2021-06-07,27526.4921875,27526.4921875,0.0,0.0,EUR
2021-06-08,27497.93359375,27497.93359375,0.0,0.0,EUR
2021-06-09,30664.52734375,30664.52734375,0.0,0.0,EUR
2021-06-10,30150.48828125,30150.48828125,0.0,0.0,EUR
2021-06-11,30832.0546875,30832.0546875,0.0,0.0,EUR
2021-06-12,29360.513671875,29360.513671875,0.0,0.0,EUR
2021-06-13,32286.505859375,32286.505859375,0.0,0.0,EUR
2021-06-14,33178.515625,33178.515625,0.0,0.0,EUR
2021-06-15,33325.59375,33325.59375,0.0,0.0,EUR
2021-06-16,31969.333984375,31969.333984375,0.0,0.0,EUR
2021-06-17,31943.0625,31943.0625,0.0,0.0,EUR
2021-06-18,30165.85546875,30165.85546875,0.0,0.0,EUR
2021-06-19,30019.2265625,30019.2265625,0.0,0.0,EUR
2021-06-20,30071.78125,30071.78125,0.0,0.0,EUR
2021-06-21,26591.064453125,26591.064453125,0.0,0.0,EUR
2021-06-22,27232.396484375,27232.396484375,0.0,0.0,EUR
2021-06-23,28266.576171875,28266.576171875,0.0,0.0,EUR
2021-06-24,29059.703125,29059.703125,0.0,0.0,EUR
2021-06-25,26502.841796875,26502.841796875,0.0,0.0,EUR
2021-06-26,26965.501953125,26965.501953125,0.0,0.0,EUR
2021-06-27,29013.7421875,29013.7421875,0.0,0.0,EUR
2021-06-28,28866.302734375,28866.302734375,0.0,0.0,EUR
2021-06-29,30139.98046875,30139.98046875,0.0,0.0,EUR
2021-06-30,29555.0546875,29555.0546875,0.0,0.0,EUR
2021-07-01,28341.4140625,28341.4140625,0.0,0.0,EUR
2021-07-02,28569.314453125,28569.314453125,0.0,0.0,EUR
2021-07-03,29219.5546875,29219.5546875,0.0,0.0,EUR
2021-07-04,29764.078125,29764.078125,0.0,0.0,EUR
2021-07-05,28444.033203125,28444.033203125,0.0,0.0,EUR
2021-07-06,28957.701171875,28957.701171875,0.0,0.0,EUR
2021-07-07,28707.89453125,28707.89453125,0.0,0.0,EUR
2021-07-08,27752.7109375,27752.7109375,0.0,0.0,EUR
2021-07-09,28454.8828125,28454.8828125,0.0,0.0,EUR
2021-07-10,28223.0703125,28223.0703125,0.0,0.0,EUR
2021-07-11,28840.88671875,28840.88671875,0.0,0.0,EUR
2021-07-12,27948.556640625,27948.556640625,0.0,0.0,EUR
2021-07-13,27772.1953125,27772.1953125,0.0,0.0,EUR
2021-07-14,27737.478515625,27737.478515625,0.0,0.0,EUR
2021-07-15,26906.45703125,26906.45703125,0.0,0.0,EUR
2021-07-16,26616.2421875,26616.2421875,0.0,0.0,EUR
2021-07-17,26710.71484375,26710.71484375,0.0,0.0,EUR
2021-07-18,26917.8125,26917.8125,0.0,0.0,EUR
2021-07-19,26134.5390625,26134.5390625,0.0,0.0,EUR
2021-07-20,25299.8515625,25299.8515625,0.0,0.0,EUR
2021-07-21,27227.458984375,27227.458984375,0.0,0.0,EUR
2021-07-22,27447.947265625,27447.947265625,0.0,0.0,EUR
2021-07-23,28527.830078125,28527.830078125,0.0,0.0,EUR
2021-07-24,29132.255859375,29132.255859375,0.0,0.0,EUR
2021-07-25,30026.51953125,30026.51953125,0.0,0.0,EUR
2021-07-26,31628.84765625,31628.84765625,0.0,0.0,EUR
2021-07-27,33336.06640625,33336.06640625,0.0,0.0,EUR
2021-07-28,33764.22265625,33764.22265625,0.0,0.0,EUR
2021-07-29,33643.08203125,33643.08203125,0.0,0.0,EUR
2021-07-30,35590.078125,35590.078125,0.0,0.0,EUR
2021-07-31,35077.26953125,35077.26953125,0.0,0.0,EUR
2021-08-01,33690.84375,33690.84375,0.0,0.0,EUR
2021-08-02,33015.015625,33015.015625,0.0,0.0,EUR
2021-08-03,32145.03125,32145.03125,0.0,0.0,EUR
2021-08-04,33576.1875,33576.1875,0.0,0.0,EUR
2021-08-05,34536.40625,34536.40625,0.0,0.0,EUR
2021-08-06,36399.93359375,36399.93359375,0.0,0.0,EUR
2021-08-07,37878.578125,37878.578125,0.0,0.0,EUR
2021-08-08,37281.74609375,37281.74609375,0.0,0.0,EUR
2021-08-09,39501.9296875,39501.9296875,0.0,0.0,EUR
2021-08-10,38895.97265625,38895.97265625,0.0,0.0,EUR
2021-08-11,38829.91015625,38829.91015625,0.0,0.0,EUR
2021-08-12,37857.078125,37857.078125,0.0,0.0,EUR
2021-08-13,40514.828125,40514.828125,0.0,0.0,EUR
2021-08-14,39924.8359375,39924.8359375,0.0,0.0,EUR
2021-08-15,39890.16796875,39890.16796875,0.0,0.0,EUR
2021-08-16,39058.03515625,39058.03515625,0.0,0.0,EUR
2021-08-17,38170.50390625,38170.50390625,0.0,0.0,EUR
2021-08-18,38282.078125,38282.078125,0.0,0.0,EUR
2021-08-19,40011.64453125,40011.64453125,0.0,0.0,EUR
2021-08-20,42168.41796875,42168.41796875,0.0,0.0,EUR
2021-08-21,41810.28125,41810.28125,0.0,0.0,EUR
2021-08-22,42166.0703125,42166.0703125,0.0,0.0,EUR
2021-08-23,42187.3046875,42187.3046875,0.0,0.0,EUR
2021-08-24,40591.27734375,40591.27734375,0.0,0.0,EUR
2021-08-25,41589.10546875,41589.10546875,0.0,0.0,EUR
2021-08-26,39938.91015625,39938.91015625,0.0,0.0,EUR
2021-08-27,41591.3515625,41591.3515625,0.0,0.0,EUR
2021-08-28,41458.87109375,41458.87109375,0.0,0.0,EUR
2021-08-29,41386.45703125,41386.45703125,0.0,0.0,EUR
2021-08-30,39888.60546875,39888.60546875,0.0,0.0,EUR
2021-08-31,39937.78125,39937.78125,0.0,0.0,EUR
2021-09-01,41250.73046875,41250.73046875,0.0,0.0,EUR
2021-09-02,41543.1171875,41543.1171875,0.0,0.0,EUR
2021-09-03,42112.26171875,42112.26171875,0.0,0.0,EUR
2021-09-04,42028.5546875,42028.5546875,0.0,0.0,EUR
2021-09-05,43543.5078125,43543.5078125,0.0,0.0,EUR
2021-09-06,44329.0703125,44329.0703125,0.0,0.0,EUR
2021-09-07,39521.41796875,39521.41796875,0.0,0.0,EUR
2021-09-08,38997.87890625,38997.87890625,0.0,0.0,EUR
2021-09-09,39233.2265625,39233.2265625,0.0,0.0,EUR
2021-09-10,38002.7578125,38002.7578125,0.0,0.0,EUR
2021-09-11,38258.65234375,38258.65234375,0.0,0.0,EUR
2021-09-12,38997.02734375,38997.02734375,0.0,0.0,EUR
2021-09-13,38073.3359375,38073.3359375,0.0,0.0,EUR
2021-09-14,39900.29296875,39900.29296875,0.0,0.0,EUR
2021-09-15,40762.15234375,40762.15234375,0.0,0.0,EUR
2021-09-16,40615.28125,40615.28125,0.0,0.0,EUR
2021-09-17,40312.578125,40312.578125,0.0,0.0,EUR
2021-09-18,41172.41796875,41172.41796875,0.0,0.0,EUR
2021-09-19,40292.125,40292.125,0.0,0.0,EUR
2021-09-20,36534.49609375,36534.49609375,0.0,0.0,EUR
2021-09-21,34712.96875,34712.96875,0.0,0.0,EUR
2021-09-22,37283.484375,37283.484375,0.0,0.0,EUR
2021-09-23,38240.87890625,38240.87890625,0.0,0.0,EUR
2021-09-24,36550.9609375,36550.9609375,0.0,0.0,EUR
2021-09-25,36447.29296875,36447.29296875,0.0,0.0,EUR
2021-09-26,36858.828125,36858.828125,0.0,0.0,EUR
2021-09-27,36112.015625,36112.015625,0.0,0.0,EUR
2021-09-28,35113.8359375,35113.8359375,0.0,0.0,EUR
2021-09-29,35828.7734375,35828.7734375,0.0,0.0,EUR
2021-09-30,37835.90234375,37835.90234375,0.0,0.0,EUR
2021-10-01,41501.77734375,41501.77734375,0.0,0.0,EUR
2021-10-02,41152.0625,41152.0625,0.0,0.0,EUR
2021-10-03,41527.53515625,41527.53515625,0.0,0.0,EUR
2021-10-04,42279.28125,42279.28125,0.0,0.0,EUR
2021-10-05,44425.19140625,44425.19140625,0.0,0.0,EUR
2021-10-06,47910.8515625,47910.8515625,0.0,0.0,EUR
2021-10-07,46546.96484375,46546.96484375,0.0,0.0,EUR
2021-10-08,46648.671875,46648.671875,0.0,0.0,EUR
2021-10-09,47508.265625,47508.265625,0.0,0.0,EUR
2021-10-10,47357.20703125,47357.20703125,0.0,0.0,EUR
2021-10-11,49755.9609375,49755.9609375,0.0,0.0,EUR
2021-10-12,48601.88671875,48601.88671875,0.0,0.0,EUR
2021-10-13,49497.3671875,49497.3671875,0.0,0.0,EUR
2021-10-14,49455.80859375,49455.80859375,0.0,0.0,EUR
2021-10-15,53099.58984375,53099.58984375,0.0,0.0,EUR
2021-10-16,52494.6015625,52494.6015625,0.0,0.0,EUR
2021-10-17,53079.34765625,53079.34765625,0.0,0.0,EUR
2021-10-18,53408.671875,53408.671875,0.0,0.0,EUR
2021-10-19,55238.7734375,55238.7734375,0.0,0.0,EUR
2021-10-20,56634.0625,56634.0625,0.0,0.0,EUR
2021-10-21,53515.7421875,53515.7421875,0.0,0.0,EUR
2021-10-22,52123.00390625,52123.00390625,0.0,0.0,EUR
2021-10-23,52734.6015625,52734.6015625,0.0,0.0,EUR
2021-10-24,52347.99609375,52347.99609375,0.0,0.0,EUR
2021-10-25,54303.453125,54303.453125,0.0,0.0,EUR
2021-10-26,52053.44921875,52053.44921875,0.0,0.0,EUR
2021-10-27,50421.9375,50421.9375,0.0,0.0,EUR
2021-10-28,51892.3046875,51892.3046875,0.0,0.0,EUR
2021-10-29,53825.32421875,53825.32421875,0.0,0.0,EUR
2021-10-30,53531.98046875,53531.98046875,0.0,0.0,EUR
2021-10-31,53060.58203125,53060.58203125,0.0,0.0,EUR
2021-11-01,52591.9609375,52591.9609375,0.0,0.0,EUR
2021-11-02,54603.7734375,54603.7734375,0.0,0.0,EUR
2021-11-03,54214.62890625,54214.62890625,0.0,0.0,EUR
2021-11-04,53180.63671875,53180.63671875,0.0,0.0,EUR
2021-11-05,52915.76171875,52915.76171875,0.0,0.0,EUR
2021-11-06,53263.6015625,53263.6015625,0.0,0.0,EUR
2021-11-07,54741.9375,54741.9375,0.0,0.0,EUR
2021-11-08,58305.0390625,58305.0390625,0.0,0.0,EUR
2021-11-09,57763.73828125,57763.73828125,0.0,0.0,EUR
2021-11-10,56588.421875,56588.421875,0.0,0.0,EUR
2021-11-11,56736.26171875,56736.26171875,0.0,0.0,EUR
2021-11-12,56061.515625,56061.515625,0.0,0.0,EUR
2021-11-13,56335.5390625,56335.5390625,0.0,0.0,EUR
2021-11-14,57219.65625,57219.65625,0.0,0.0,EUR
2021-11-15,55914.40234375,55914.40234375,0.0,0.0,EUR
2021-11-16,53146.4453125,53146.4453125,0.0,0.0,EUR
2021-11-17,53339.00390625,53339.00390625,0.0,0.0,EUR
2021-11-18,50086.53125,50086.53125,0.0,0.0,EUR
2021-11-19,51492.02734375,51492.02734375,0.0,0.0,EUR
2021-11-20,52889.74609375,52889.74609375,0.0,0.0,EUR
2021-11-21,52087.0625,52087.0625,0.0,0.0,EUR
2021-11-22,50071.62890625,50071.62890625,0.0,0.0,EUR
2021-11-23,51188.46484375,51188.46484375,0.0,0.0,EUR
2021-11-24,50235.796875,50235.796875,0.0,0.0,EUR
2021-11-25,51096.4609375,51096.4609375,0.0,0.0,EUR
2021-11-26,47323.1015625,47323.1015625,0.0,0.0,EUR
2021-11-27,48423.203125,48423.203125,0.0,0.0,EUR
2021-11-28,50696.0859375,50696.0859375,0.0,0.0,EUR
2021-11-29,51189.44921875,51189.44921875,0.0,0.0,EUR
2021-11-30,50313.38671875,50313.38671875,0.0,0.0,EUR
2021-12-01,50560.609375,50560.609375,0.0,0.0,EUR
2021-12-02,49953.89453125,49953.89453125,0.0,0.0,EUR
2021-12-03,47371.30859375,47371.30859375,0.0,0.0,EUR
2021-12-04,43486.58203125,43486.58203125,0.0,0.0,EUR
2021-12-05,43672.8671875,43672.8671875,0.0,0.0,EUR
2021-12-06,44827.5859375,44827.5859375,0.0,0.0,EUR
2021-12-07,44974.98046875,44974.98046875,0.0,0.0,EUR
2021-12-08,44519.9765625,44519.9765625,0.0,0.0,EUR
2021-12-09,42211.375,42211.375,0.0,0.0,EUR
2021-12-10,41739.88671875,41739.88671875,0.0,0.0,EUR
2021-12-11,43617.99609375,43617.99609375,0.0,0.0,EUR
2021-12-12,44292.69140625,44292.69140625,0.0,0.0,EUR
2021-12-13,41421.28125,41421.28125,0.0,0.0,EUR
2021-12-14,41405.48828125,41405.48828125,0.0,0.0,EUR
2021-12-15,43307.62890625,43307.62890625,0.0,0.0,EUR
2021-12-16,42055.4921875,42055.4921875,0.0,0.0,EUR
2021-12-17,41104.5703125,41104.5703125,0.0,0.0,EUR
2021-12-18,41680.41796875,41680.41796875,0.0,0.0,EUR
2021-12-19,41542.9921875,41542.9921875,0.0,0.0,EUR
2021-12-20,41569.9140625,41569.9140625,0.0,0.0,EUR
2021-12-21,43354.8046875,43354.8046875,0.0,0.0,EUR
2021-12-22,42933.625,42933.625,0.0,0.0,EUR
2021-12-23,44849.703125,44849.703125,0.0,0.0,EUR
2021-12-24,44886.01171875,44886.01171875,0.0,0.0,EUR
2021-12-25,44539.5,44539.5,0.0,0.0,EUR
2021-12-26,44871.05078125,44871.05078125,0.0,0.0,EUR
2021-12-27,44697.41015625,44697.41015625,0.0,0.0,EUR
2021-12-28,42064.8828125,42064.8828125,0.0,0.0,EUR
2021-12-29,40885.140625,40885.140625,0.0,0.0,EUR
2021-12-30,41666.91796875,41666.91796875,0.0,0.0,EUR
2021-12-31,40712.71875,40712.71875,0.0,0.0,EUR
2022-01-01,41926.33984375,41926.33984375,0.0,0.0,EUR
2022-01-02,41629.80078125,41629.80078125,0.0,0.0,EUR
2022-01-03,41105.72265625,41105.72265625,0.0,0.0,EUR
2022-01-04,40677.875,40677.875,0.0,0.0,EUR
2022-01-05,38520.26953125,38520.26953125,0.0,0.0,EUR
2022-01-06,38203.5078125,38203.5078125,0.0,0.0,EUR
2022-01-07,36575.8984375,36575.8984375,0.0,0.0,EUR
2022-01-08,36734.3828125,36734.3828125,0.0,0.0,EUR
2022-01-09,36914.7734375,36914.7734375,0.0,0.0,EUR
2022-01-10,36912.19921875,36912.19921875,0.0,0.0,EUR
2022-01-11,37599.6015625,37599.6015625,0.0,0.0,EUR
2022-01-12,38415.8203125,38415.8203125,0.0,0.0,EUR
2022-01-13,37175.2890625,37175.2890625,0.0,0.0,EUR
2022-01-14,37756.0703125,37756.0703125,0.0,0.0,EUR
2022-01-15,37824.1328125,37824.1328125,0.0,0.0,EUR
2022-01-16,37800.52734375,37800.52734375,0.0,0.0,EUR
2022-01-17,37028.76171875,37028.76171875,0.0,0.0,EUR
2022-01-18,37403.78515625,37403.78515625,0.0,0.0,EUR
2022-01-19,36800.8828125,36800.8828125,0.0,0.0,EUR
2022-01-20,35957.70703125,35957.70703125,0.0,0.0,EUR
2022-01-21,32135.849609375,32135.849609375,0.0,0.0,EUR
2022-01-22,30877.94140625,30877.94140625,0.0,0.0,EUR
2022-01-23,31986.818359375,31986.818359375,0.0,0.0,EUR
2022-01-24,32369.328125,32369.328125,0.0,0.0,EUR
2022-01-25,32693.353515625,32693.353515625,0.0,0.0,EUR
2022-01-26,32783.68359375,32783.68359375,0.0,0.0,EUR
2022-01-27,33324.28515625,33324.28515625,0.0,0.0,EUR
2022-01-28,33889.109375,33889.109375,0.0,0.0,EUR
2022-01-29,34206.4765625,34206.4765625,0.0,0.0,EUR
2022-01-30,33999.8046875,33999.8046875,0.0,0.0,EUR
2022-01-31,34270.41796875,34270.41796875,0.0,0.0,EUR
2022-02-01,34367.76171875,34367.76171875,0.0,0.0,EUR
2022-02-02,32702.763671875,32702.763671875,0.0,0.0,EUR
2022-02-03,32490.47265625,32490.47265625,0.0,0.0,EUR
2022-02-04,36247.984375,36247.984375,0.0,0.0,EUR
2022-02-05,36195.83203125,36195.83203125,0.0,0.0,EUR
2022-02-06,37026.60546875,37026.60546875,0.0,0.0,EUR
2022-02-07,38316.41015625,38316.41015625,0.0,0.0,EUR
2022-02-08,38630.59765625,38630.59765625,0.0,0.0,EUR
2022-02-09,38821.85546875,38821.85546875,0.0,0.0,EUR
2022-02-10,38176.5859375,38176.5859375,0.0,0.0,EUR
2022-02-11,37360.546875,37360.546875,0.0,0.0,EUR
2022-02-12,37218.8125,37218.8125,0.0,0.0,EUR
2022-02-13,37131.11328125,37131.11328125,0.0,0.0,EUR
2022-02-14,37667.15234375,37667.15234375,0.0,0.0,EUR
2022-02-15,39255.91015625,39255.91015625,0.0,0.0,EUR
2022-02-16,38654.78515625,38654.78515625,0.0,0.0,EUR
2022-02-17,35673.9375,35673.9375,0.0,0.0,EUR
2022-02-18,35356.63671875,35356.63671875,0.0,0.0,EUR
2022-02-19,35437.171875,35437.171875,0.0,0.0,EUR
2022-02-20,33958.7734375,33958.7734375,0.0,0.0,EUR
2022-02-21,32783.4453125,32783.4453125,0.0,0.0,EUR
2022-02-22,33795.61328125,33795.61328125,0.0,0.0,EUR
2022-02-23,32988.85546875,32988.85546875,0.0,0.0,EUR
2022-02-24,34253.40625,34253.40625,0.0,0.0,EUR
2022-02-25,34782.89453125,34782.89453125,0.0,0.0,EUR
2022-02-26,34692.2890625,34692.2890625,0.0,0.0,EUR
2022-02-27,33728.53515625,33728.53515625,0.0,0.0,EUR
2022-02-28,38516.01171875,38516.01171875,0.0,0.0,EUR
2022-03-01,39842.83984375,39842.83984375,0.0,0.0,EUR
2022-03-02,39526.875,39526.875,0.0,0.0,EUR
2022-03-03,38362.70703125,38362.70703125,0.0,0.0,EUR
2022-03-04,35806.6796875,35806.6796875,0.0,0.0,EUR
2022-03-05,36057.16796875,36057.16796875,0.0,0.0,EUR
2022-03-06,35332.9765625,35332.9765625,0.0,0.0,EUR
2022-03-07,35027.58203125,35027.58203125,0.0,0.0,EUR
2022-03-08,35545.8984375,35545.8984375,0.0,0.0,EUR
2022-03-09,37912.93359375,37912.93359375,0.0,0.0,EUR
2022-03-10,35809.015625,35809.015625,0.0,0.0,EUR
2022-03-11,35546.05078125,35546.05078125,0.0,0.0,EUR
2022-03-12,35645.95703125,35645.95703125,0.0,0.0,EUR
2022-03-13,34623.734375,34623.734375,0.0,0.0,EUR
2022-03-14,36248.87109375,36248.87109375,0.0,0.0,EUR
2022-03-15,35870.046875,35870.046875,0.0,0.0,EUR
2022-03-16,37329.640625,37329.640625,0.0,0.0,EUR
2022-03-17,36895.96484375,36895.96484375,0.0,0.0,EUR
2022-03-18,37777.125,37777.125,0.0,0.0,EUR
2022-03-19,38129.12890625,38129.12890625,0.0,0.0,EUR
2022-03-20,37353.0390625,37353.0390625,0.0,0.0,EUR
2022-03-21,37286.5,37286.5,0.0,0.0,EUR
2022-03-22,38404.8671875,38404.8671875,0.0,0.0,EUR
2022-03-23,38973.3125,38973.3125,0.0,0.0,EUR
2022-03-24,39933.27734375,39933.27734375,0.0,0.0,EUR
2022-03-25,40377.30078125,40377.30078125,0.0,0.0,EUR
2022-03-26,40512.3984375,40512.3984375,0.0,0.0,EUR
2022-03-27,42635.5859375,42635.5859375,0.0,0.0,EUR
2022-03-28,42877.15234375,42877.15234375,0.0,0.0,EUR
2022-03-29,42796.05078125,42796.05078125,0.0,0.0,EUR
2022-03-30,42166.078125,42166.078125,0.0,0.0,EUR
2022-03-31,41124.796875,41124.796875,0.0,0.0,EUR
2022-04-01,41889.515625,41889.515625,0.0,0.0,EUR
2022-04-02,41529.1484375,41529.1484375,0.0,0.0,EUR
2022-04-03,42054.78515625,42054.78515625,0.0,0.0,EUR
2022-04-04,42480.390625,42480.390625,0.0,0.0,EUR
2022-04-05,41772.11328125,41772.11328125,0.0,0.0,EUR
2022-04-06,39647.10546875,39647.10546875,0.0,0.0,EUR
2022-04-07,40040.984375,40040.984375,0.0,0.0,EUR
2022-04-08,38879.828125,38879.828125,0.0,0.0,EUR
2022-04-09,39334.453125,39334.453125,0.0,0.0,EUR
2022-04-10,38778.59375,38778.59375,0.0,0.0,EUR
2022-04-11,36335.328125,36335.328125,0.0,0.0,EUR
2022-04-12,37065.078125,37065.078125,0.0,0.0,EUR
2022-04-13,37784.14453125,37784.14453125,0.0,0.0,EUR
2022-04-14,36902.015625,36902.015625,0.0,0.0,EUR
2022-04-15,37508.18359375,37508.18359375,0.0,0.0,EUR
2022-04-16,37388.88671875,37388.88671875,0.0,0.0,EUR
2022-04-17,36729.046875,36729.046875,0.0,0.0,EUR
2022-04-18,37869.94921875,37869.94921875,0.0,0.0,EUR
2022-04-19,38444.49609375,38444.49609375,0.0,0.0,EUR
2022-04-20,38133.76953125,38133.76953125,0.0,0.0,EUR
2022-04-21,37405.0546875,37405.0546875,0.0,0.0,EUR
2022-04-22,36841.98046875,36841.98046875,0.0,0.0,EUR
2022-04-23,36606.8828125,36606.8828125,0.0,0.0,EUR
2022-04-24,36513.359375,36513.359375,0.0,0.0,EUR
2022-04-25,37765.5234375,37765.5234375,0.0,0.0,EUR
2022-04-26,35814.59765625,35814.59765625,0.0,0.0,EUR
2022-04-27,37180.76953125,37180.76953125,0.0,0.0,EUR
2022-04-28,37866.671875,37866.671875,0.0,0.0,EUR
2022-04-29,36618.8671875,36618.8671875,0.0,0.0,EUR
2022-04-30,35770.0703125,35770.0703125,0.0,0.0,EUR
2022-05-01,36515.671875,36515.671875,0.0,0.0,EUR
2022-05-02,36660.19140625,36660.19140625,0.0,0.0,EUR
2022-05-03,35865.9140625,35865.9140625,0.0,0.0,EUR
2022-05-04,37377.12890625,37377.12890625,0.0,0.0,EUR
2022-05-05,34702.27734375,34702.27734375,0.0,0.0,EUR
2022-05-06,34167.515625,34167.515625,0.0,0.0,EUR
2022-05-07,33656.5625,33656.5625,0.0,0.0,EUR
2022-05-08,32338.11328125,32338.11328125,0.0,0.0,EUR
2022-05-09,28681.095703125,28681.095703125,0.0,0.0,EUR
2022-05-10,29463.818359375,29463.818359375,0.0,0.0,EUR
2022-05-11,27527.0390625,27527.0390625,0.0,0.0,EUR
2022-05-12,27988.466796875,27988.466796875,0.0,0.0,EUR
2022-05-13,28124.6640625,28124.6640625,0.0,0.0,EUR
2022-05-14,28910.4609375,28910.4609375,0.0,0.0,EUR
2022-05-15,30106.001953125,30106.001953125,0.0,0.0,EUR
2022-05-16,28606.67578125,28606.67578125,0.0,0.0,EUR
2022-05-17,28842.556640625,28842.556640625,0.0,0.0,EUR
2022-05-18,27422.689453125,27422.689453125,0.0,0.0,EUR
2022-05-19,28653.017578125,28653.017578125,0.0,0.0,EUR
2022-05-20,27637.302734375,27637.302734375,0.0,0.0,EUR
2022-05-21,27856.39453125,27856.39453125,0.0,0.0,EUR
2022-05-22,28690.759765625,28690.759765625,0.0,0.0,EUR
2022-05-23,27236.609375,27236.609375,0.0,0.0,EUR
2022-05-24,27630.46484375,27630.46484375,0.0,0.0,EUR
2022-05-25,27662.0625,27662.0625,0.0,0.0,EUR
2022-05-26,27268.7421875,27268.7421875,0.0,0.0,EUR
2022-05-27,26674.6015625,26674.6015625,0.0,0.0,EUR
2022-05-28,26849.146484375,26849.146484375,0.0,0.0,EUR
2022-05-29,27443.30859375,27443.30859375,0.0,0.0,EUR
2022-05-30,29448.53125,29448.53125,0.0,0.0,EUR
2022-05-31,29616.634765625,29616.634765625,0.0,0.0,EUR
2022-06-01,27979.697265625,27979.697265625,0.0,0.0,EUR
2022-06-02,28337.810546875,28337.810546875,0.0,0.0,EUR
2022-06-03,27708.939453125,27708.939453125,0.0,0.0,EUR
2022-06-04,27831.8125,27831.8125,0.0,0.0,EUR
2022-06-05,27881.7421875,27881.7421875,0.0,0.0,EUR
2022-06-06,29346.384765625,29346.384765625,0.0,0.0,EUR
2022-06-07,29123.798828125,29123.798828125,0.0,0.0,EUR
2022-06-08,28192.89453125,28192.89453125,0.0,0.0,EUR
2022-06-09,28356.046875,28356.046875,0.0,0.0,EUR
2022-06-10,27648.169921875,27648.169921875,0.0,0.0,EUR
2022-06-11,26958.935546875,26958.935546875,0.0,0.0,EUR
2022-06-12,25513.984375,25513.984375,0.0,0.0,EUR
2022-06-13,21592.951171875,21592.951171875,0.0,0.0,EUR
2022-06-14,21274.751953125,21274.751953125,0.0,0.0,EUR
2022-06-15,21586.8359375,21586.8359375,0.0,0.0,EUR
2022-06-16,19324.80078125,19324.80078125,0.0,0.0,EUR
2022-06-17,19498.513671875,19498.513671875,0.0,0.0,EUR
2022-06-18,18118.9453125,18118.9453125,0.0,0.0,EUR
2022-06-19,19593.43359375,19593.43359375,0.0,0.0,EUR
2022-06-20,19581.447265625,19581.447265625,0.0,0.0,EUR
2022-06-21,19665.748046875,19665.748046875,0.0,0.0,EUR
2022-06-22,18918.7421875,18918.7421875,0.0,0.0,EUR
2022-06-23,20044.783203125,20044.783203125,0.0,0.0,EUR
2022-06-24,20113.36328125,20113.36328125,0.0,0.0,EUR
2022-06-25,20369.7890625,20369.7890625,0.0,0.0,EUR
2022-06-26,19901.283203125,19901.283203125,0.0,0.0,EUR
2022-06-27,19598.34375,19598.34375,0.0,0.0,EUR
2022-06-28,19272.830078125,19272.830078125,0.0,0.0,EUR
2022-06-29,19245.86328125,19245.86328125,0.0,0.0,EUR
2022-06-30,18881.3359375,18881.3359375,0.0,0.0,EUR
2022-07-01,18476.548828125,18476.548828125,0.0,0.0,EUR
2022-07-02,18450.552734375,18450.552734375,0.0,0.0,EUR
2022-07-03,18496.458984375,18496.458984375,0.0,0.0,EUR
2022-07-04,19391.966796875,19391.966796875,0.0,0.0,EUR
2022-07-05,19685.341796875,19685.341796875,0.0,0.0,EUR
2022-07-06,20175.70703125,20175.70703125,0.0,0.0,EUR
2022-07-07,21278.9453125,21278.9453125,0.0,0.0,EUR
2022-07-08,21332.7421875,21332.7421875,0.0,0.0,EUR
2022-07-09,21196.376953125,21196.376953125,0.0,0.0,EUR
2022-07-10,20517.044921875,20517.044921875,0.0,0.0,EUR
2022-07-11,19879.431640625,19879.431640625,0.0,0.0,EUR
2022-07-12,19265.537109375,19265.537109375,0.0,0.0,EUR
2022-07-13,20142.341796875,20142.341796875,0.0,0.0,EUR
2022-07-14,20515.224609375,20515.224609375,0.0,0.0,EUR
2022-07-15,20669.638671875,20669.638671875,0.0,0.0,EUR
2022-07-16,21020.79296875,21020.79296875,0.0,0.0,EUR
2022-07-17,20577.681640625,20577.681640625,0.0,0.0,EUR
2022-07-18,22160.568359375,22160.568359375,0.0,0.0,EUR
2022-07-19,22862.421875,22862.421875,0.0,0.0,EUR
2022-07-20,22818.6953125,22818.6953125,0.0,0.0,EUR
2022-07-21,22665.82421875,22665.82421875,0.0,0.0,EUR
2022-07-22,22243.416015625,22243.416015625,0.0,0.0,EUR
2022-07-23,21996.9375,21996.9375,0.0,0.0,EUR
2022-07-24,22166.9296875,22166.9296875,0.0,0.0,EUR
2022-07-25,20894.072265625,20894.072265625,0.0,0.0,EUR
2022-07-26,20970.22265625,20970.22265625,0.0,0.0,EUR
2022-07-27,22469.162109375,22469.162109375,0.0,0.0,EUR
2022-07-28,23394.453125,23394.453125,0.0,0.0,EUR
2022-07-29,23277.884765625,23277.884765625,0.0,0.0,EUR
2022-07-30,23132.7421875,23132.7421875,0.0,0.0,EUR
2022-07-31,22855.736328125,22855.736328125,0.0,0.0,EUR
2022-08-01,22720.060546875,22720.060546875,0.0,0.0,EUR
2022-08-02,22626.390625,22626.390625,0.0,0.0,EUR
2022-08-03,22494.580078125,22494.580078125,0.0,0.0,EUR
2022-08-04,22084.509765625,22084.509765625,0.0,0.0,EUR
2022-08-05,22861.046875,22861.046875,0.0,0.0,EUR
2022-08-06,22539.021484375,22539.021484375,0.0,0.0,EUR
2022-08-07,22783.662109375,22783.662109375,0.0,0.0,EUR
2022-08-08,23347.2265625,23347.2265625,0.0,0.0,EUR
2022-08-09,22691.765625,22691.765625,0.0,0.0,EUR
2022-08-10,23252.611328125,23252.611328125,0.0,0.0,EUR
2022-08-11,23212.1640625,23212.1640625,0.0,0.0,EUR
2022-08-12,23778.521484375,23778.521484375,0.0,0.0,EUR
2022-08-13,23799.2265625,23799.2265625,0.0,0.0,EUR
2022-08-14,23717.8203125,23717.8203125,0.0,0.0,EUR
2022-08-15,23753.2421875,23753.2421875,0.0,0.0,EUR
2022-08-16,23484.271484375,23484.271484375,0.0,0.0,EUR
2022-08-17,22928.55078125,22928.55078125,0.0,0.0,EUR
2022-08-18,23007.748046875,23007.748046875,0.0,0.0,EUR
2022-08-19,20802.666015625,20802.666015625,0.0,0.0,EUR
2022-08-20,21088.04296875,21088.04296875,0.0,0.0,EUR
2022-08-21,21450.439453125,21450.439453125,0.0,0.0,EUR
2022-08-22,21531.794921875,21531.794921875,0.0,0.0,EUR
2022-08-23,21600.099609375,21600.099609375,0.0,0.0,EUR
2022-08-24,21463.26953125,21463.26953125,0.0,0.0,EUR
2022-08-25,21664.15234375,21664.15234375,0.0,0.0,EUR
2022-08-26,20333.21875,20333.21875,0.0,0.0,EUR
2022-08-27,20112.125,20112.125,0.0,0.0,EUR
2022-08-28,19742.873046875,19742.873046875,0.0,0.0,EUR
2022-08-29,20276.1953125,20276.1953125,0.0,0.0,EUR
2022-08-30,19750.1875,19750.1875,0.0,0.0,EUR
2022-08-31,19973.794921875,19973.794921875,0.0,0.0,EUR
2022-09-01,20224.716796875,20224.716796875,0.0,0.0,EUR
2022-09-02,20064.068359375,20064.068359375,0.0,0.0,EUR
2022-09-03,19925.734375,19925.734375,0.0,0.0,EUR
2022-09-04,20172.349609375,20172.349609375,0.0,0.0,EUR
2022-09-05,19910.02734375,19910.02734375,0.0,0.0,EUR
2022-09-06,19033.146484375,19033.146484375,0.0,0.0,EUR
2022-09-07,19297.73046875,19297.73046875,0.0,0.0,EUR
2022-09-08,19310.755859375,19310.755859375,0.0,0.0,EUR
2022-09-09,21065.994140625,21065.994140625,0.0,0.0,EUR
2022-09-10,21356.978515625,21356.978515625,0.0,0.0,EUR
2022-09-11,21616.78515625,21616.78515625,0.0,0.0,EUR
2022-09-12,22084.77734375,22084.77734375,0.0,0.0,EUR
2022-09-13,20340.89453125,20340.89453125,0.0,0.0,EUR
2022-09-14,20277.40234375,20277.40234375,0.0,0.0,EUR
2022-09-15,19725.560546875,19725.560546875,0.0,0.0,EUR
2022-09-16,19740.73046875,19740.73046875,0.0,0.0,EUR
2022-09-17,20095.130859375,20095.130859375,0.0,0.0,EUR
2022-09-18,19376.4140625,19376.4140625,0.0,0.0,EUR
2022-09-19,19485.4765625,19485.4765625,0.0,0.0,EUR
2022-09-20,18945.2890625,18945.2890625,0.0,0.0,EUR
2022-09-21,18865.09765625,18865.09765625,0.0,0.0,EUR
2022-09-22,19731.4296875,19731.4296875,0.0,0.0,EUR
2022-09-23,19910.8984375,19910.8984375,0.0,0.0,EUR
2022-09-24,19542.84375,19542.84375,0.0,0.0,EUR
2022-09-25,19412.43359375,19412.43359375,0.0,0.0,EUR
2022-09-26,19982.44921875,19982.44921875,0.0,0.0,EUR
2022-09-27,19915.501953125,19915.501953125,0.0,0.0,EUR
2022-09-28,20014.087890625,20014.087890625,0.0,0.0,EUR
2022-09-29,19912.349609375,19912.349609375,0.0,0.0,EUR
2022-09-30,19824.3125,19824.3125,0.0,0.0,EUR
2022-10-01,19699.3984375,19699.3984375,0.0,0.0,EUR
2022-10-02,19441.177734375,19441.177734375,0.0,0.0,EUR
2022-10-03,19955.748046875,19955.748046875,0.0,0.0,EUR
2022-10-04,20369.748046875,20369.748046875,0.0,0.0,EUR
2022-10-05,20339.48046875,20339.48046875,0.0,0.0,EUR
2022-10-06,20384.904296875,20384.904296875,0.0,0.0,EUR
2022-10-07,20070.548828125,20070.548828125,0.0,0.0,EUR
2022-10-08,19924.640625,19924.640625,0.0,0.0,EUR
2022-10-09,19975.6796875,19975.6796875,0.0,0.0,EUR
2022-10-10,19710.349609375,19710.349609375,0.0,0.0,EUR
2022-10-11,19639.001953125,19639.001953125,0.0,0.0,EUR
2022-10-12,19739.6796875,19739.6796875,0.0,0.0,EUR
2022-10-13,19844.625,19844.625,0.0,0.0,EUR
2022-10-14,19735.287109375,19735.287109375,0.0,0.0,EUR
2022-10-15,19613.884765625,19613.884765625,0.0,0.0,EUR
2022-10-16,19782.62890625,19782.62890625,0.0,0.0,EUR
2022-10-17,19860.890625,19860.890625,0.0,0.0,EUR
2022-10-18,19603.666015625,19603.666015625,0.0,0.0,EUR
2022-10-19,19598.5390625,19598.5390625,0.0,0.0,EUR
2022-10-20,19484.068359375,19484.068359375,0.0,0.0,EUR
2022-10-21,19443.509765625,19443.509765625,0.0,0.0,EUR
2022-10-22,19485.171875,19485.171875,0.0,0.0,EUR
2022-10-23,19839.810546875,19839.810546875,0.0,0.0,EUR
2022-10-24,19572.322265625,19572.322265625,0.0,0.0,EUR
2022-10-25,20170.08984375,20170.08984375,0.0,0.0,EUR
2022-10-26,20577.94140625,20577.94140625,0.0,0.0,EUR
2022-10-27,20353.0234375,20353.0234375,0.0,0.0,EUR
2022-10-28,20667.62109375,20667.62109375,0.0,0.0,EUR
2022-10-29,20891.52734375,20891.52734375,0.0,0.0,EUR
2022-10-30,20729.8046875,20729.8046875,0.0,0.0,EUR
2022-10-31,20732.3984375,20732.3984375,0.0,0.0,EUR
2022-11-01,20739.0859375,20739.0859375,0.0,0.0,EUR
2022-11-02,20541.525390625,20541.525390625,0.0,0.0,EUR
2022-11-03,20729.2421875,20729.2421875,0.0,0.0,EUR
2022-11-04,21184.30078125,21184.30078125,0.0,0.0,EUR
2022-11-05,21317.80859375,21317.80859375,0.0,0.0,EUR
2022-11-06,21077.32421875,21077.32421875,0.0,0.0,EUR
2022-11-07,20566.69921875,20566.69921875,0.0,0.0,EUR
2022-11-08,18392.849609375,18392.849609375,0.0,0.0,EUR
2022-11-09,15849.8603515625,15849.8603515625,0.0,0.0,EUR
2022-11-10,17255.771484375,17255.771484375,0.0,0.0,EUR
2022-11-11,16424.142578125,16424.142578125,0.0,0.0,EUR
2022-11-12,16213.078125,16213.078125,0.0,0.0,EUR
2022-11-13,15835.814453125,15835.814453125,0.0,0.0,EUR
2022-11-14,16103.03515625,16103.03515625,0.0,0.0,EUR
2022-11-15,16301.791015625,16301.791015625,0.0,0.0,EUR
2022-11-16,16038.634765625,16038.634765625,0.0,0.0,EUR
2022-11-17,16106.125,16106.125,0.0,0.0,EUR
2022-11-18,16141.69140625,16141.69140625,0.0,0.0,EUR
2022-11-19,16153.44921875,16153.44921875,0.0,0.0,EUR
2022-11-20,15770.0380859375,15770.0380859375,0.0,0.0,EUR
2022-11-21,15408.91015625,15408.91015625,0.0,0.0,EUR
2022-11-22,15701.486328125,15701.486328125,0.0,0.0,EUR
2022-11-23,15944.1689453125,15944.1689453125,0.0,0.0,EUR
2022-11-24,15953.935546875,15953.935546875,0.0,0.0,EUR
2022-11-25,15865.7919921875,15865.7919921875,0.0,0.0,EUR
2022-11-26,15809.0029296875,15809.0029296875,0.0,0.0,EUR
2022-11-27,15862.076171875,15862.076171875,0.0,0.0,EUR
2022-11-28,15678.6806640625,15678.6806640625,0.0,0.0,EUR
2022-11-29,15928.9072265625,15928.9072265625,0.0,0.0,EUR
2022-11-30,16471.5390625,16471.5390625,0.0,0.0,EUR
2022-12-01,16116.9619140625,16116.9619140625,0.0,0.0,EUR
2022-12-02,16218.2666015625,16218.2666015625,0.0,0.0,EUR
2022-12-03,16045.78125,16045.78125,0.0,0.0,EUR
2022-12-04,16247.1357421875,16247.1357421875,0.0,0.0,EUR
2022-12-05,16171.7978515625,16171.7978515625,0.0,0.0,EUR
2022-12-06,16326.0986328125,16326.0986328125,0.0,0.0,EUR
2022-12-07,16027.47265625,16027.47265625,0.0,0.0,EUR
2022-12-08,16326.2177734375,16326.2177734375,0.0,0.0,EUR
2022-12-09,16244.91796875,16244.91796875,0.0,0.0,EUR
2022-12-10,16248.85546875,16248.85546875,0.0,0.0,EUR
2022-12-11,16257.107421875,16257.107421875,0.0,0.0,EUR
2022-12-12,16322.681640625,16322.681640625,0.0,0.0,EUR
2022-12-13,16736.2578125,16736.2578125,0.0,0.0,EUR
2022-12-14,16687.33203125,16687.33203125,0.0,0.0,EUR
2022-12-15,16322.2783203125,16322.2783203125,0.0,0.0,EUR
2022-12-16,15708.3994140625,15708.3994140625,0.0,0.0,EUR
2022-12-17,15852.6513671875,15852.6513671875,0.0,0.0,EUR
2022-12-18,15832.53515625,15832.53515625,0.0,0.0,EUR
2022-12-19,15491.1591796875,15491.1591796875,0.0,0.0,EUR
2022-12-20,15911.115234375,15911.115234375,0.0,0.0,EUR
2022-12-21,15853.267578125,15853.267578125,0.0,0.0,EUR
2022-12-22,15875.7919921875,15875.7919921875,0.0,0.0,EUR
2022-12-23,15746.6220703125,15746.6220703125,0.0,0.0,EUR
2022-12-24,15794.0458984375,15794.0458984375,0.0,0.0,EUR
2022-12-25,15857.2529296875,15857.2529296875,0.0,0.0,EUR
2022-12-26,15902.8232421875,15902.8232421875,0.0,0.0,EUR
2022-12-27,15716.216796875,15716.216796875,0.0,0.0,EUR
2022-12-28,15573.189453125,15573.189453125,0.0,0.0,EUR
2022-12-29,15611.1494140625,15611.1494140625,0.0,0.0,EUR
2022-12-30,15478.65625,15478.65625,0.0,0.0,EUR
2022-12-31,15426.75,15426.75,0.0,0.0,EUR
2023-01-01,15528.423828125,15528.423828125,0.0,0.0,EUR
2023-01-02,15630.7392578125,15630.7392578125,0.0,0.0,EUR
2023-01-03,15817.341796875,15817.341796875,0.0,0.0,EUR
2023-01-04,15899.841796875,15899.841796875,0.0,0.0,EUR
2023-01-05,16002.5439453125,16002.5439453125,0.0,0.0,EUR
2023-01-06,15896.708984375,15896.708984375,0.0,0.0,EUR
2023-01-07,15900.0986328125,15900.0986328125,0.0,0.0,EUR
2023-01-08,16028.5537109375,16028.5537109375,0.0,0.0,EUR
2023-01-09,16022.666015625,16022.666015625,0.0,0.0,EUR
2023-01-10,16246.458984375,16246.458984375,0.0,0.0,EUR
2023-01-11,16659.3671875,16659.3671875,0.0,0.0,EUR
2023-01-12,17375.474609375,17375.474609375,0.0,0.0,EUR
2023-01-13,18355.751953125,18355.751953125,0.0,0.0,EUR
2023-01-14,19344.57421875,19344.57421875,0.0,0.0,EUR
2023-01-15,19293.44140625,19293.44140625,0.0,0.0,EUR
2023-01-16,19544.50390625,19544.50390625,0.0,0.0,EUR
2023-01-17,19613.130859375,19613.130859375,0.0,0.0,EUR
2023-01-18,19160.00390625,19160.00390625,0.0,0.0,EUR
2023-01-19,19464.439453125,19464.439453125,0.0,0.0,EUR
2023-01-20,20848.822265625,20848.822265625,0.0,0.0,EUR
2023-01-21,20940.359375,20940.359375,0.0,0.0,EUR
2023-01-22,20912.84765625,20912.84765625,0.0,0.0,EUR
2023-01-23,21096.0078125,21096.0078125,0.0,0.0,EUR
2023-01-24,20786.662109375,20786.662109375,0.0,0.0,EUR
2023-01-25,21168.353515625,21168.353515625,0.0,0.0,EUR
2023-01-26,21143.859375,21143.859375,0.0,0.0,EUR
2023-01-27,21228.64453125,21228.64453125,0.0,0.0,EUR
2023-01-28,21182.890625,21182.890625,0.0,0.0,EUR
2023-01-29,21867.869140625,21867.869140625,0.0,0.0,EUR
2023-01-30,21050.04296875,21050.04296875,0.0,0.0,EUR
2023-01-31,21305.564453125,21305.564453125,0.0,0.0,EUR
2023-02-01,21541.990234375,21541.990234375,0.0,0.0,EUR
2023-02-02,21524.57421875,21524.57421875,0.0,0.0,EUR
2023-02-03,21701.173828125,21701.173828125,0.0,0.0,EUR
2023-02-04,21580.79296875,21580.79296875,0.0,0.0,EUR
2023-02-05,21276.3671875,21276.3671875,0.0,0.0,EUR
2023-02-06,21213.240234375,21213.240234375,0.0,0.0,EUR
2023-02-07,21680.203125,21680.203125,0.0,0.0,EUR
2023-02-08,21407.873046875,21407.873046875,0.0,0.0,EUR
2023-02-09,20316.77734375,20316.77734375,0.0,0.0,EUR
2023-02-10,20256.5234375,20256.5234375,0.0,0.0,EUR
2023-02-11,20462.0625,20462.0625,0.0,0.0,EUR
2023-02-12,20405.873046875,20405.873046875,0.0,0.0,EUR
2023-02-13,20322.708984375,20322.708984375,0.0,0.0,EUR
2023-02-14,20698.390625,20698.390625,0.0,0.0,EUR
2023-02-15,22735.5625,22735.5625,0.0,0.0,EUR
2023-02-16,22149.275390625,22149.275390625,0.0,0.0,EUR
2023-02-17,22923.21875,22923.21875,0.0,0.0,EUR
2023-02-18,22993.78515625,22993.78515625,0.0,0.0,EUR
2023-02-19,22770.064453125,22770.064453125,0.0,0.0,EUR
2023-02-20,23243.0625,23243.0625,0.0,0.0,EUR
2023-02-21,22941.826171875,22941.826171875,0.0,0.0,EUR
2023-02-22,22807.732421875,22807.732421875,0.0,0.0,EUR
2023-02-23,22597.166015625,22597.166015625,0.0,0.0,EUR
2023-02-24,21916.640625,21916.640625,0.0,0.0,EUR
2023-02-25,21920.4296875,21920.4296875,0.0,0.0,EUR
2023-02-26,22325.521484375,22325.521484375,0.0,0.0,EUR
2023-02-27,22171.482421875,22171.482421875,0.0,0.0,EUR
2023-02-28,21885.3359375,21885.3359375,0.0,0.0,EUR
2023-03-01,22164.501953125,22164.501953125,0.0,0.0,EUR
2023-03-02,22150.041015625,22150.041015625,0.0,0.0,EUR
2023-03-03,21014.58984375,21014.58984375,0.0,0.0,EUR
2023-03-04,21005.822265625,21005.822265625,0.0,0.0,EUR
2023-03-05,21114.173828125,21114.173828125,0.0,0.0,EUR
2023-03-06,20988.779296875,20988.779296875,0.0,0.0,EUR
2023-03-07,21064.697265625,21064.697265625,0.0,0.0,EUR
2023-03-08,20587.609375,20587.609375,0.0,0.0,EUR
2023-03-09,19235.703125,19235.703125,0.0,0.0,EUR
2023-03-10,18943.587890625,18943.587890625,0.0,0.0,EUR
2023-03-11,19379.52734375,19379.52734375,0.0,0.0,EUR
2023-03-12,20749.80078125,20749.80078125,0.0,0.0,EUR
2023-03-13,22565.94140625,22565.94140625,0.0,0.0,EUR
2023-03-14,23069.6015625,23069.6015625,0.0,0.0,EUR
2023-03-15,23035.966796875,23035.966796875,0.0,0.0,EUR
2023-03-16,23604.212890625,23604.212890625,0.0,0.0,EUR
2023-03-17,25505.626953125,25505.626953125,0.0,0.0,EUR
2023-03-18,25025.171875,25025.171875,0.0,0.0,EUR
2023-03-19,26251.658203125,26251.658203125,0.0,0.0,EUR
2023-03-20,25905.3046875,25905.3046875,0.0,0.0,EUR
2023-03-21,26153.638671875,26153.638671875,0.0,0.0,EUR
2023-03-22,25124.20703125,25124.20703125,0.0,0.0,EUR
2023-03-23,26151.009765625,26151.009765625,0.0,0.0,EUR
2023-03-24,25512.39453125,25512.39453125,0.0,0.0,EUR
2023-03-25,25513.712890625,25513.712890625,0.0,0.0,EUR
2023-03-26,25974.146484375,25974.146484375,0.0,0.0,EUR
2023-03-27,25114.818359375,25114.818359375,0.0,0.0,EUR
2023-03-28,25156.841796875,25156.841796875,0.0,0.0,EUR
2023-03-29,26145.060546875,26145.060546875,0.0,0.0,EUR
2023-03-30,25708.375,25708.375,0.0,0.0,EUR
2023-03-31,26205.189453125,26205.189453125,0.0,0.0,EUR
2023-04-01,26143.123046875,26143.123046875,0.0,0.0,EUR
2023-04-02,26103.3671875,26103.3671875,0.0,0.0,EUR
2023-04-03,25479.76953125,25479.76953125,0.0,0.0,EUR
2023-04-04,25706.5078125,25706.5078125,0.0,0.0,EUR
2023-04-05,25843.8046875,25843.8046875,0.0,0.0,EUR
2023-04-06,25681.841796875,25681.841796875,0.0,0.0,EUR
2023-04-07,25395.77734375,25395.77734375,0.0,0.0,EUR
2023-04-08,25419.8046875,25419.8046875,0.0,0.0,EUR
2023-04-09,25962.48046875,25962.48046875,0.0,0.0,EUR
2023-04-10,27280.267578125,27280.267578125,0.0,0.0,EUR
2023-04-11,27697.037109375,27697.037109375,0.0,0.0,EUR
2023-04-12,27405.62109375,27405.62109375,0.0,0.0,EUR
2023-04-13,27505.623046875,27505.623046875,0.0,0.0,EUR
2023-04-14,27455.939453125,27455.939453125,0.0,0.0,EUR
2023-04-15,27307.80859375,27307.80859375,0.0,0.0,EUR
2023-04-16,27598.189453125,27598.189453125,0.0,0.0,EUR
2023-04-17,26952.845703125,26952.845703125,0.0,0.0,EUR
2023-04-18,27696.791015625,27696.791015625,0.0,0.0,EUR
2023-04-19,26317.671875,26317.671875,0.0,0.0,EUR
2023-04-20,25753.052734375,25753.052734375,0.0,0.0,EUR
2023-04-21,24581.541015625,24581.541015625,0.0,0.0,EUR
2023-04-22,25068.71484375,25068.71484375,0.0,0.0,EUR
2023-04-23,25101.6484375,25101.6484375,0.0,0.0,EUR
2023-04-24,24893.0078125,24893.0078125,0.0,0.0,EUR
2023-04-25,25785.673828125,25785.673828125,0.0,0.0,EUR
2023-04-26,25732.861328125,25732.861328125,0.0,0.0,EUR
2023-04-27,26717.72265625,26717.72265625,0.0,0.0,EUR
2023-04-28,26368.09375,26368.09375,0.0,0.0,EUR
2023-04-29,26284.85546875,26284.85546875,0.0,0.0,EUR
2023-04-30,26581.580078125,26581.580078125,0.0,0.0,EUR
2023-05-01,25610.46484375,25610.46484375,0.0,0.0,EUR
2023-05-02,26047.43359375,26047.43359375,0.0,0.0,EUR
2023-05-03,26205.544921875,26205.544921875,0.0,0.0,EUR
2023-05-04,26170.326171875,26170.326171875,0.0,0.0,EUR
2023-05-05,26344.966796875,26344.966796875,0.0,0.0,EUR
2023-05-06,25783.212890625,25783.212890625,0.0,0.0,EUR
2023-05-07,25825.0546875,25825.0546875,0.0,0.0,EUR
2023-05-08,25183.92578125,25183.92578125,0.0,0.0,EUR
2023-05-09,25225.35546875,25225.35546875,0.0,0.0,EUR
2023-05-10,25150.4375,25150.4375,0.0,0.0,EUR
2023-05-11,24743.68359375,24743.68359375,0.0,0.0,EUR
2023-05-12,24502.44140625,24502.44140625,0.0,0.0,EUR
2023-05-13,24488.30859375,24488.30859375,0.0,0.0,EUR
2023-05-14,24813.755859375,24813.755859375,0.0,0.0,EUR
2023-05-15,25008.22265625,25008.22265625,0.0,0.0,EUR
2023-05-16,24882.451171875,24882.451171875,0.0,0.0,EUR
2023-05-17,25280.462890625,25280.462890625,0.0,0.0,EUR
2023-05-18,24902.060546875,24902.060546875,0.0,0.0,EUR
2023-05-19,24855.890625,24855.890625,0.0,0.0,EUR
2023-05-20,25079.349609375,25079.349609375,0.0,0.0,EUR
2023-05-21,24719.412109375,24719.412109375,0.0,0.0,EUR
2023-05-22,24837.51171875,24837.51171875,0.0,0.0,EUR
2023-05-23,25280.44921875,25280.44921875,0.0,0.0,EUR
2023-05-24,24484.876953125,24484.876953125,0.0,0.0,EUR
2023-05-25,24689.779296875,24689.779296875,0.0,0.0,EUR
2023-05-26,24898.37109375,24898.37109375,0.0,0.0,EUR
2023-05-27,25037.275390625,25037.275390625,0.0,0.0,EUR
2023-05-28,26196.158203125,26196.158203125,0.0,0.0,EUR
2023-05-29,25914.65625,25914.65625,0.0,0.0,EUR
2023-05-30,25813.796875,25813.796875,0.0,0.0,EUR
2023-05-31,25454.462890625,25454.462890625,0.0,0.0,EUR
2023-06-01,24924.98046875,24924.98046875,0.0,0.0,EUR
2023-06-02,25434.765625,25434.765625,0.0,0.0,EUR
2023-06-03,25271.92578125,25271.92578125,0.0,0.0,EUR
2023-06-04,25352.396484375,25352.396484375,0.0,0.0,EUR
2023-06-05,24049.57421875,24049.57421875,0.0,0.0,EUR
2023-06-06,25459.982421875,25459.982421875,0.0,0.0,EUR
2023-06-07,24606.056640625,24606.056640625,0.0,0.0,EUR
2023-06-08,24585.150390625,24585.150390625,0.0,0.0,EUR
2023-06-09,24635.1953125,24635.1953125,0.0,0.0,EUR
2023-06-10,24039.84375,24039.84375,0.0,0.0,EUR
2023-06-11,24130.296875,24130.296875,0.0,0.0,EUR
2023-06-12,24067.697265625,24067.697265625,0.0,0.0,EUR
2023-06-13,24021.91796875,24021.91796875,0.0,0.0,EUR
2023-06-14,23170.25390625,23170.25390625,0.0,0.0,EUR
2023-06-15,23366.4921875,23366.4921875,0.0,0.0,EUR
2023-06-16,24029.07421875,24029.07421875,0.0,0.0,EUR
2023-06-17,24196.294921875,24196.294921875,0.0,0.0,EUR
2023-06-18,24065.609375,24065.609375,0.0,0.0,EUR
2023-06-19,24580.533203125,24580.533203125,0.0,0.0,EUR
2023-06-20,25940.92578125,25940.92578125,0.0,0.0,EUR
2023-06-21,27317.93359375,27317.93359375,0.0,0.0,EUR
2023-06-22,27303.2421875,27303.2421875,0.0,0.0,EUR
2023-06-23,28118.583984375,28118.583984375,0.0,0.0,EUR
2023-06-24,27984.1328125,27984.1328125,0.0,0.0,EUR
2023-06-25,27947.595703125,27947.595703125,0.0,0.0,EUR
2023-06-26,27746.609375,27746.609375,0.0,0.0,EUR
2023-06-27,28006.048828125,28006.048828125,0.0,0.0,EUR
2023-06-28,27560.505859375,27560.505859375,0.0,0.0,EUR
2023-06-29,28014.8984375,28014.8984375,0.0,0.0,EUR
2023-06-30,27918.685546875,27918.685546875,0.0,0.0,EUR
2023-07-01,28022.041015625,28022.041015625,0.0,0.0,EUR
2023-07-02,28072.724609375,28072.724609375,0.0,0.0,EUR
2023-07-03,28549.08203125,28549.08203125,0.0,0.0,EUR
2023-07-04,28281.734375,28281.734375,0.0,0.0,EUR
2023-07-05,28109.283203125,28109.283203125,0.0,0.0,EUR
2023-07-06,27465.17578125,27465.17578125,0.0,0.0,EUR
2023-07-07,27661.828125,27661.828125,0.0,0.0,EUR
2023-07-08,27613.984375,27613.984375,0.0,0.0,EUR
2023-07-09,27504.669921875,27504.669921875,0.0,0.0,EUR
2023-07-10,27635.5625,27635.5625,0.0,0.0,EUR
2023-07-11,27802.66015625,27802.66015625,0.0,0.0,EUR
2023-07-12,27279.845703125,27279.845703125,0.0,0.0,EUR
2023-07-13,28044.08984375,28044.08984375,0.0,0.0,EUR
2023-07-14,26979.12109375,26979.12109375,0.0,0.0,EUR
2023-07-15,26961.966796875,26961.966796875,0.0,0.0,EUR
2023-07-16,26939.876953125,26939.876953125,0.0,0.0,EUR
2023-07-17,26828.544921875,26828.544921875,0.0,0.0,EUR
2023-07-18,26590.166015625,26590.166015625,0.0,0.0,EUR
2023-07-19,26696.830078125,26696.830078125,0.0,0.0,EUR
2023-07-20,26756.26953125,26756.26953125,0.0,0.0,EUR
2023-07-21,26865.529296875,26865.529296875,0.0,0.0,EUR
2023-07-22,26752.763671875,26752.763671875,0.0,0.0,EUR
2023-07-23,27041.06640625,27041.06640625,0.0,0.0,EUR
2023-07-24,26373.333984375,26373.333984375,0.0,0.0,EUR
2023-07-25,26449.912109375,26449.912109375,0.0,0.0,EUR
2023-07-26,26498.29296875,26498.29296875,0.0,0.0,EUR
2023-07-27,26607.666015625,26607.666015625,0.0,0.0,EUR
2023-07-28,26577.896484375,26577.896484375,0.0,0.0,EUR
2023-07-29,26612.046875,26612.046875,0.0,0.0,EUR
2023-07-30,26556.158203125,26556.158203125,0.0,0.0,EUR
2023-07-31,26580.546875,26580.546875,0.0,0.0,EUR
2023-08-01,26958.771484375,26958.771484375,0.0,0.0,EUR
2023-08-02,26638.9140625,26638.9140625,0.0,0.0,EUR
2023-08-03,26644.65625,26644.65625,0.0,0.0,EUR
2023-08-04,26368.833984375,26368.833984375,0.0,0.0,EUR
2023-08-05,26339.84375,26339.84375,0.0,0.0,EUR
2023-08-06,26395.765625,26395.765625,0.0,0.0,EUR
2023-08-07,26521.001953125,26521.001953125,0.0,0.0,EUR
2023-08-08,27159.880859375,27159.880859375,0.0,0.0,EUR
2023-08-09,26929.60546875,26929.60546875,0.0,0.0,EUR
2023-08-10,26798.734375,26798.734375,0.0,0.0,EUR
2023-08-11,26831.294921875,26831.294921875,0.0,0.0,EUR
2023-08-12,26847.951171875,26847.951171875,0.0,0.0,EUR
2023-08-13,26758.697265625,26758.697265625,0.0,0.0,EUR
2023-08-14,26960.865234375,26960.865234375,0.0,0.0,EUR
2023-08-15,26752.154296875,26752.154296875,0.0,0.0,EUR
2023-08-16,26393.15234375,26393.15234375,0.0,0.0,EUR
2023-08-17,24520.5859375,24520.5859375,0.0,0.0,EUR
2023-08-18,23921.724609375,23921.724609375,0.0,0.0,EUR
2023-08-19,23964.5625,23964.5625,0.0,0.0,EUR
2023-08-20,24081.244140625,24081.244140625,0.0,0.0,EUR
2023-08-21,23971.8515625,23971.8515625,0.0,0.0,EUR
2023-08-22,23999.806640625,23999.806640625,0.0,0.0,EUR
2023-08-23,24326.12109375,24326.12109375,0.0,0.0,EUR
2023-08-24,24227.376953125,24227.376953125,0.0,0.0,EUR
2023-08-25,24129.4140625,24129.4140625,0.0,0.0,EUR
2023-08-26,24093.095703125,24093.095703125,0.0,0.0,EUR
2023-08-27,24163.8828125,24163.8828125,0.0,0.0,EUR
2023-08-28,24115.0078125,24115.0078125,0.0,0.0,EUR
2023-08-29,25509.8671875,25509.8671875,0.0,0.0,EUR
2023-08-30,24975.578125,24975.578125,0.0,0.0,EUR
2023-08-31,23916.75390625,23916.75390625,0.0,0.0,EUR
2023-09-01,23917.24609375,23917.24609375,0.0,0.0,EUR
2023-09-02,23980.349609375,23980.349609375,0.0,0.0,EUR
2023-09-03,24071.607421875,24071.607421875,0.0,0.0,EUR
2023-09-04,23919.564453125,23919.564453125,0.0,0.0,EUR
2023-09-05,24037.84765625,24037.84765625,0.0,0.0,EUR
2023-09-06,24014.712890625,24014.712890625,0.0,0.0,EUR
2023-09-07,24530.3046875,24530.3046875,0.0,0.0,EUR
2023-09-08,24194.5859375,24194.5859375,0.0,0.0,EUR
2023-09-09,24185.26953125,24185.26953125,0.0,0.0,EUR
2023-09-10,24104.98046875,24104.98046875,0.0,0.0,EUR
2023-09-11,23412.44140625,23412.44140625,0.0,0.0,EUR
2023-09-12,24023.845703125,24023.845703125,0.0,0.0,EUR
2023-09-13,24437.322265625,24437.322265625,0.0,0.0,EUR
2023-09-14,24954.43359375,24954.43359375,0.0,0.0,EUR
2023-09-15,24936.5234375,24936.5234375,0.0,0.0,EUR
2023-09-16,24898.650390625,24898.650390625,0.0,0.0,EUR
2023-09-17,24872.564453125,24872.564453125,0.0,0.0,EUR
2023-09-18,25021.5390625,25021.5390625,0.0,0.0,EUR
2023-09-19,25474.994140625,25474.994140625,0.0,0.0,EUR
2023-09-20,25475.59765625,25475.59765625,0.0,0.0,EUR
2023-09-21,24921.8203125,24921.8203125,0.0,0.0,EUR
2023-09-22,24924.990234375,24924.990234375,0.0,0.0,EUR
2023-09-23,24924.822265625,24924.822265625,0.0,0.0,EUR
2023-09-24,24657.96875,24657.96875,0.0,0.0,EUR
2023-09-25,24829.97265625,24829.97265625,0.0,0.0,EUR
2023-09-26,24805.451171875,24805.451171875,0.0,0.0,EUR
2023-09-27,25085.046875,25085.046875,0.0,0.0,EUR
2023-09-28,25581.568359375,25581.568359375,0.0,0.0,EUR
2023-09-29,25435.61328125,25435.61328125,0.0,0.0,EUR
2023-09-30,25488.7265625,25488.7265625,0.0,0.0,EUR
2023-10-01,26488.859375,26488.859375,0.0,0.0,EUR
2023-10-02,26269.95703125,26269.95703125,0.0,0.0,EUR
2023-10-03,26202.021484375,26202.021484375,0.0,0.0,EUR
2023-10-04,26458.6015625,26458.6015625,0.0,0.0,EUR
2023-10-05,25995.521484375,25995.521484375,0.0,0.0,EUR
2023-10-06,26380.189453125,26380.189453125,0.0,0.0,EUR
2023-10-07,26401.185546875,26401.185546875,0.0,0.0,EUR
2023-10-08,26437.544921875,26437.544921875,0.0,0.0,EUR
2023-10-09,26074.796875,26074.796875,0.0,0.0,EUR
2023-10-10,25829.869140625,25829.869140625,0.0,0.0,EUR
2023-10-11,25296.39453125,25296.39453125,0.0,0.0,EUR
2023-10-12,25396.322265625,25396.322265625,0.0,0.0,EUR
2023-10-13,25552.80859375,25552.80859375,0.0,0.0,EUR
2023-10-14,25552.171875,25552.171875,0.0,0.0,EUR
2023-10-15,25811.17578125,25811.17578125,0.0,0.0,EUR
2023-10-16,27021.16796875,27021.16796875,0.0,0.0,EUR
2023-10-17,26876.296875,26876.296875,0.0,0.0,EUR
2023-10-18,26882.20703125,26882.20703125,0.0,0.0,EUR
2023-10-19,27129.1875,27129.1875,0.0,0.0,EUR
2023-10-20,28007.34765625,28007.34765625,0.0,0.0,EUR
2023-10-21,28229.517578125,28229.517578125,0.0,0.0,EUR
2023-10-22,28324.646484375,28324.646484375,0.0,0.0,EUR
2023-10-23,31008.6484375,31008.6484375,0.0,0.0,EUR
2023-10-24,31996.87109375,31996.87109375,0.0,0.0,EUR
2023-10-25,32653.228515625,32653.228515625,0.0,0.0,EUR
2023-10-26,32333.435546875,32333.435546875,0.0,0.0,EUR
2023-10-27,32080.365234375,32080.365234375,0.0,0.0,EUR
2023-10-28,32250.443359375,32250.443359375,0.0,0.0,EUR
2023-10-29,32700.62109375,32700.62109375,0.0,0.0,EUR
2023-10-30,32506.6796875,32506.6796875,0.0,0.0,EUR
2023-10-31,32773.70703125,32773.70703125,0.0,0.0,EUR
2023-11-01,33472.75390625,33472.75390625,0.0,0.0,EUR
2023-11-02,32911.6484375,32911.6484375,0.0,0.0,EUR
2023-11-03,32351.423828125,32351.423828125,0.0,0.0,EUR
2023-11-04,32677.3125,32677.3125,0.0,0.0,EUR
2023-11-05,32660.251953125,32660.251953125,0.0,0.0,EUR
2023-11-06,32688.990234375,32688.990234375,0.0,0.0,EUR
2023-11-07,33137.67578125,33137.67578125,0.0,0.0,EUR
2023-11-08,33287.515625,33287.515625,0.0,0.0,EUR
2023-11-09,34397.78515625,34397.78515625,0.0,0.0,EUR
2023-11-10,34881.0234375,34881.0234375,0.0,0.0,EUR
2023-11-11,34716.57421875,34716.57421875,0.0,0.0,EUR
2023-11-12,34661.76171875,34661.76171875,0.0,0.0,EUR
2023-11-13,34109.41015625,34109.41015625,0.0,0.0,EUR
2023-11-14,32669.89453125,32669.89453125,0.0,0.0,EUR
2023-11-15,34899.3046875,34899.3046875,0.0,0.0,EUR
2023-11-16,33312.5703125,33312.5703125,0.0,0.0,EUR
2023-11-17,33522.1953125,33522.1953125,0.0,0.0,EUR
2023-11-18,33512.13671875,33512.13671875,0.0,0.0,EUR
2023-11-19,34282.23046875,34282.23046875,0.0,0.0,EUR
2023-11-20,34239.58203125,34239.58203125,0.0,0.0,EUR
2023-11-21,32805.48828125,32805.48828125,0.0,0.0,EUR
2023-11-22,34379.76953125,34379.76953125,0.0,0.0,EUR
2023-11-23,34197.4921875,34197.4921875,0.0,0.0,EUR
2023-11-24,34459.36328125,34459.36328125,0.0,0.0,EUR
2023-11-25,34529.2578125,34529.2578125,0.0,0.0,EUR
2023-11-26,34259.40234375,34259.40234375,0.0,0.0,EUR
2023-11-27,33993.83203125,33993.83203125,0.0,0.0,EUR
2023-11-28,34379.07421875,34379.07421875,0.0,0.0,EUR
2023-11-29,34499.9921875,34499.9921875,0.0,0.0,EUR
2023-11-30,34625.015625,34625.015625,0.0,0.0,EUR
2023-12-01,35518.4375,35518.4375,0.0,0.0,EUR
2023-12-02,36260.984375,36260.984375,0.0,0.0,EUR
2023-12-03,36724.75,36724.75,0.0,0.0,EUR
2023-12-04,38736.5078125,38736.5078125,0.0,0.0,EUR
2023-12-05,40832.43359375,40832.43359375,0.0,0.0,EUR
2023-12-06,40632.3984375,40632.3984375,0.0,0.0,EUR
2023-12-07,40122.90625,40122.90625,0.0,0.0,EUR
2023-12-08,40995.4375,40995.4375,0.0,0.0,EUR
2023-12-09,40586.4609375,40586.4609375,0.0,0.0,EUR
2023-12-10,40666.91796875,40666.91796875,0.0,0.0,EUR
2023-12-11,38311.3125,38311.3125,0.0,0.0,EUR
2023-12-12,38385.14453125,38385.14453125,0.0,0.0,EUR
2023-12-13,39411.66015625,39411.66015625,0.0,0.0,EUR
2023-12-14,39135.1640625,39135.1640625,0.0,0.0,EUR
2023-12-15,38437.6796875,38437.6796875,0.0,0.0,EUR
2023-12-16,38722.19140625,38722.19140625,0.0,0.0,EUR
2023-12-17,37966.640625,37966.640625,0.0,0.0,EUR
2023-12-18,39020.05859375,39020.05859375,0.0,0.0,EUR
2023-12-19,38499.953125,38499.953125,0.0,0.0,EUR
2023-12-20,39885.05859375,39885.05859375,0.0,0.0,EUR
2023-12-21,39858.0625,39858.0625,0.0,0.0,EUR
2023-12-22,39903.32421875,39903.32421875,0.0,0.0,EUR
2023-12-23,39667.65234375,39667.65234375,0.0,0.0,EUR
2023-12-24,39045.21484375,39045.21484375,0.0,0.0,EUR
2023-12-25,39580.49609375,39580.49609375,0.0,0.0,EUR
2023-12-26,38504.5625,38504.5625,0.0,0.0,EUR
2023-12-27,39108.30078125,39108.30078125,0.0,0.0,EUR
2023-12-28,38515.2890625,38515.2890625,0.0,0.0,EUR
2023-12-29,38080.046875,38080.046875,0.0,0.0,EUR
2023-12-30,38132.0546875,38132.0546875,0.0,0.0,EUR
2023-12-31,38291.8359375,38291.8359375,0.0,0.0,EUR
2024-01-01,40018.60546875,40018.60546875,0.0,0.0,EUR
2024-01-02,41089.29296875,41089.29296875,0.0,0.0,EUR
2024-01-03,39215.98046875,39215.98046875,0.0,0.0,EUR
2024-01-04,40360.08203125,40360.08203125,0.0,0.0,EUR
2024-01-05,40313.9140625,40313.9140625,0.0,0.0,EUR
2024-01-06,40155.53515625,40155.53515625,0.0,0.0,EUR
2024-01-07,40161.22265625,40161.22265625,0.0,0.0,EUR
2024-01-08,42895.8125,42895.8125,0.0,0.0,EUR
2024-01-09,42206.50390625,42206.50390625,0.0,0.0,EUR
2024-01-10,42488.2578125,42488.2578125,0.0,0.0,EUR
2024-01-11,42220.63671875,42220.63671875,0.0,0.0,EUR
2024-01-12,39085.34375,39085.34375,0.0,0.0,EUR
2024-01-13,39075.5078125,39075.5078125,0.0,0.0,EUR
2024-01-14,38186.703125,38186.703125,0.0,0.0,EUR
2024-01-15,38840.46484375,38840.46484375,0.0,0.0,EUR
2024-01-16,39669.70703125,39669.70703125,0.0,0.0,EUR
2024-01-17,39262.97265625,39262.97265625,0.0,0.0,EUR
2024-01-18,37918.71875,37918.71875,0.0,0.0,EUR
2024-01-19,38166.16015625,38166.16015625,0.0,0.0,EUR
2024-01-20,38209.42578125,38209.42578125,0.0,0.0,EUR
2024-01-21,38144.265625,38144.265625,0.0,0.0,EUR
2024-01-22,36317.1484375,36317.1484375,0.0,0.0,EUR
2024-01-23,36699.2265625,36699.2265625,0.0,0.0,EUR
2024-01-24,36831.26953125,36831.26953125,0.0,0.0,EUR
2024-01-25,36819.76953125,36819.76953125,0.0,0.0,EUR
2024-01-26,38492.72265625,38492.72265625,0.0,0.0,EUR
2024-01-27,38771.80859375,38771.80859375,0.0,0.0,EUR
2024-01-28,38769.72265625,38769.72265625,0.0,0.0,EUR
2024-01-29,39956.21875,39956.21875,0.0,0.0,EUR
2024-01-30,39612.0546875,39612.0546875,0.0,0.0,EUR
2024-01-31,39413.5234375,39413.5234375,0.0,0.0,EUR
2024-02-01,39612.1796875,39612.1796875,0.0,0.0,EUR
2024-02-02,39992.265625,39992.265625,0.0,0.0,EUR
2024-02-03,39812.97265625,39812.97265625,0.0,0.0,EUR
2024-02-04,39503.2578125,39503.2578125,0.0,0.0,EUR
2024-02-05,39715.00390625,39715.00390625,0.0,0.0,EUR
2024-02-06,40052.28515625,40052.28515625,0.0,0.0,EUR
2024-02-07,41128.15625,41128.15625,0.0,0.0,EUR
2024-02-08,42032.65234375,42032.65234375,0.0,0.0,EUR
2024-02-09,43717.2421875,43717.2421875,0.0,0.0,EUR
2024-02-10,44295.91796875,44295.91796875,0.0,0.0,EUR
2024-02-11,44724.17578125,44724.17578125,0.0,0.0,EUR
2024-02-12,46378.31640625,46378.31640625,0.0,0.0,EUR
2024-02-13,46451.3828125,46451.3828125,0.0,0.0,EUR
2024-02-14,48291.33984375,48291.33984375,0.0,0.0,EUR
2024-02-15,48212.640625,48212.640625,0.0,0.0,EUR
2024-02-16,48399.97265625,48399.97265625,0.0,0.0,EUR
2024-02-17,47938.609375,47938.609375,0.0,0.0,EUR
2024-02-18,48333.65234375,48333.65234375,0.0,0.0,EUR
2024-02-19,48051.40625,48051.40625,0.0,0.0,EUR
2024-02-20,48367.37890625,48367.37890625,0.0,0.0,EUR
2024-02-21,47908.9921875,47908.9921875,0.0,0.0,EUR
2024-02-22,47392.25,47392.25,0.0,0.0,EUR
2024-02-23,46833.19921875,46833.19921875,0.0,0.0,EUR
2024-02-24,47607.86328125,47607.86328125,0.0,0.0,EUR
2024-02-25,47817.75390625,47817.75390625,0.0,0.0,EUR
2024-02-26,50249.69921875,50249.69921875,0.0,0.0,EUR
2024-02-27,52655.9453125,52655.9453125,0.0,0.0,EUR
2024-02-28,57669.23046875,57669.23046875,0.0,0.0,EUR
2024-02-29,56633.83984375,56633.83984375,0.0,0.0,EUR
2024-03-01,57573.38671875,57573.38671875,0.0,0.0,EUR
2024-03-02,57194.62109375,57194.62109375,0.0,0.0,EUR
2024-03-03,58261.4140625,58261.4140625,0.0,0.0,EUR
2024-03-04,62955.0,62955.0,0.0,0.0,EUR
2024-03-05,58772.38671875,58772.38671875,0.0,0.0,EUR
2024-03-06,60656.7578125,60656.7578125,0.0,0.0,EUR
2024-03-07,61113.40625,61113.40625,0.0,0.0,EUR
2024-03-08,62411.53515625,62411.53515625,0.0,0.0,EUR
2024-03-09,62593.18359375,62593.18359375,0.0,0.0,EUR
2024-03-10,63072.97265625,63072.97265625,0.0,0.0,EUR
2024-03-11,65983.203125,65983.203125,0.0,0.0,EUR
2024-03-12,65417.8203125,65417.8203125,0.0,0.0,EUR
2024-03-13,66723.8515625,66723.8515625,0.0,0.0,EUR
2024-03-14,65603.5390625,65603.5390625,0.0,0.0,EUR
2024-03-15,63730.01171875,63730.01171875,0.0,0.0,EUR
2024-03-16,59975.60546875,59975.60546875,0.0,0.0,EUR
2024-03-17,62838.26171875,62838.26171875,0.0,0.0,EUR
2024-03-18,62122.75,62122.75,0.0,0.0,EUR
2024-03-19,56999.375,56999.375,0.0,0.0,EUR
2024-03-20,62092.1796875,62092.1796875,0.0,0.0,EUR
2024-03-21,60291.375,60291.375,0.0,0.0,EUR
2024-03-22,58737.05078125,58737.05078125,0.0,0.0,EUR
2024-03-23,58998.0859375,58998.0859375,0.0,0.0,EUR
2024-03-24,62211.9140625,62211.9140625,0.0,0.0,EUR
2024-03-25,64555.1953125,64555.1953125,0.0,0.0,EUR
2024-03-26,64607.6640625,64607.6640625,0.0,0.0,EUR
2024-03-27,64228.828125,64228.828125,0.0,0.0,EUR
2024-03-28,65552.484375,65552.484375,0.0,0.0,EUR
2024-03-29,64714.95703125,64714.95703125,0.0,0.0,EUR
2024-03-30,64485.7734375,64485.7734375,0.0,0.0,EUR
2024-03-31,66090.1953125,66090.1953125,0.0,0.0,EUR
2024-04-01,64920.578125,64920.578125,0.0,0.0,EUR
2024-04-02,60778.1171875,60778.1171875,0.0,0.0,EUR
2024-04-03,60879.4375,60879.4375,0.0,0.0,EUR
2024-04-04,63220.5078125,63220.5078125,0.0,0.0,EUR
2024-04-05,62559.875,62559.875,0.0,0.0,EUR
2024-04-06,63535.9921875,63535.9921875,0.0,0.0,EUR
2024-04-07,64045.21875,64045.21875,0.0,0.0,EUR
2024-04-08,65948.5546875,65948.5546875,0.0,0.0,EUR
2024-04-09,63670.39453125,63670.39453125,0.0,0.0,EUR
2024-04-10,65717.3125,65717.3125,0.0,0.0,EUR
2024-04-11,65317.50390625,65317.50390625,0.0,0.0,EUR
2024-04-12,63046.51953125,63046.51953125,0.0,0.0,EUR
2024-04-13,59880.49609375,59880.49609375,0.0,0.0,EUR
2024-04-14,61747.79296875,61747.79296875,0.0,0.0,EUR
2024-04-15,59696.43359375,59696.43359375,0.0,0.0,EUR
2024-04-16,60080.52734375,60080.52734375,0.0,0.0,EUR
2024-04-17,57433.48046875,57433.48046875,0.0,0.0,EUR
2024-04-18,59676.96484375,59676.96484375,0.0,0.0,EUR
2024-04-19,59876.7109375,59876.7109375,0.0,0.0,EUR
2024-04-20,60956.07421875,60956.07421875,0.0,0.0,EUR
2024-04-21,60919.2421875,60919.2421875,0.0,0.0,EUR
2024-04-22,62729.296875,62729.296875,0.0,0.0,EUR
2024-04-23,62048.1640625,62048.1640625,0.0,0.0,EUR
2024-04-24,60072.16015625,60072.16015625,0.0,0.0,EUR
2024-04-25,60111.65234375,60111.65234375,0.0,0.0,EUR
2024-04-26,59615.05078125,59615.05078125,0.0,0.0,EUR
2024-04-27,59289.60546875,59289.60546875,0.0,0.0,EUR
2024-04-28,58944.4765625,58944.4765625,0.0,0.0,EUR
2024-04-29,59581.9609375,59581.9609375,0.0,0.0,EUR
2024-04-30,56849.66015625,56849.66015625,0.0,0.0,EUR
2024-05-01,54352.21484375,54352.21484375,0.0,0.0,EUR
2024-05-02,55099.96484375,55099.96484375,0.0,0.0,EUR
2024-05-03,58402.6484375,58402.6484375,0.0,0.0,EUR
2024-05-04,59332.81640625,59332.81640625,0.0,0.0,EUR
2024-05-05,59517.3203125,59517.3203125,0.0,0.0,EUR
2024-05-06,58643.46875,58643.46875,0.0,0.0,EUR
2024-05-07,57986.96484375,57986.96484375,0.0,0.0,EUR
2024-05-08,56935.68359375,56935.68359375,0.0,0.0,EUR
2024-05-09,58478.08203125,58478.08203125,0.0,0.0,EUR
2024-05-10,56400.5,56400.5,0.0,0.0,EUR
2024-05-11,56401.36328125,56401.36328125,0.0,0.0,EUR
2024-05-12,57054.28125,57054.28125,0.0,0.0,EUR
2024-05-13,58284.734375,58284.734375,0.0,0.0,EUR
2024-05-14,56919.58984375,56919.58984375,0.0,0.0,EUR
2024-05-15,60860.92578125,60860.92578125,0.0,0.0,EUR
2024-05-16,60022.12109375,60022.12109375,0.0,0.0,EUR
2024-05-17,61630.73046875,61630.73046875,0.0,0.0,EUR
2024-05-18,61528.640625,61528.640625,0.0,0.0,EUR
2024-05-19,60959.59765625,60959.59765625,0.0,0.0,EUR
2024-05-20,65787.640625,65787.640625,0.0,0.0,EUR
2024-05-21,64618.2578125,64618.2578125,0.0,0.0,EUR
2024-05-22,63852.8671875,63852.8671875,0.0,0.0,EUR
2024-05-23,62830.56640625,62830.56640625,0.0,0.0,EUR
2024-05-24,63137.34375,63137.34375,0.0,0.0,EUR
2024-05-25,63848.375,63848.375,0.0,0.0,EUR
2024-05-26,63159.015625,63159.015625,0.0,0.0,EUR
2024-05-27,63889.5546875,63889.5546875,0.0,0.0,EUR
2024-05-28,62938.31640625,62938.31640625,0.0,0.0,EUR
2024-05-29,62565.28515625,62565.28515625,0.0,0.0,EUR
2024-05-30,63117.359375,63117.359375,0.0,0.0,EUR
2024-05-31,62159.41796875,62159.41796875,0.0,0.0,EUR
2024-06-01,62365.33203125,62365.33203125,0.0,0.0,EUR
2024-06-02,62428.62890625,62428.62890625,0.0,0.0,EUR
2024-06-03,63082.28515625,63082.28515625,0.0,0.0,EUR
2024-06-04,64847.828125,64847.828125,0.0,0.0,EUR
2024-06-05,65369.96875,65369.96875,0.0,0.0,EUR
2024-06-06,64964.20703125,64964.20703125,0.0,0.0,EUR
2024-06-07,64162.6953125,64162.6953125,0.0,0.0,EUR
2024-06-08,64128.6328125,64128.6328125,0.0,0.0,EUR
2024-06-09,64615.578125,64615.578125,0.0,0.0,EUR
2024-06-10,64581.7734375,64581.7734375,0.0,0.0,EUR
2024-06-11,62692.3828125,62692.3828125,0.0,0.0,EUR
2024-06-12,63109.58203125,63109.58203125,0.0,0.0,EUR
2024-06-13,62171.3671875,62171.3671875,0.0,0.0,EUR
2024-06-14,61562.5390625,61562.5390625,0.0,0.0,EUR
2024-06-15,61759.7109375,61759.7109375,0.0,0.0,EUR
2024-06-16,62264.92578125,62264.92578125,0.0,0.0,EUR
2024-06-17,61908.9140625,61908.9140625,0.0,0.0,EUR
2024-06-18,60660.36328125,60660.36328125,0.0,0.0,EUR
2024-06-19,60443.9296875,60443.9296875,0.0,0.0,EUR
2024-06-20,60553.01171875,60553.01171875,0.0,0.0,EUR
2024-06-21,59947.828125,59947.828125,0.0,0.0,EUR
2024-06-22,60091.26171875,60091.26171875,0.0,0.0,EUR
2024-06-23,59114.23046875,59114.23046875,0.0,0.0,EUR
2024-06-24,56164.6875,56164.6875,0.0,0.0,EUR
2024-06-25,57710.82421875,57710.82421875,0.0,0.0,EUR
2024-06-26,56937.78125,56937.78125,0.0,0.0,EUR
2024-06-27,57532.41796875,57532.41796875,0.0,0.0,EUR
2024-06-28,56267.890625,56267.890625,0.0,0.0,EUR
2024-06-29,56797.02734375,56797.02734375,0.0,0.0,EUR
2024-06-30,58385.76953125,58385.76953125,0.0,0.0,EUR
2024-07-01,58539.70703125,58539.70703125,0.0,0.0,EUR
2024-07-02,57711.17578125,57711.17578125,0.0,0.0,EUR
2024-07-03,55762.2734375,55762.2734375,0.0,0.0,EUR
2024-07-04,52705.5703125,52705.5703125,0.0,0.0,EUR
2024-07-05,52236.25,52236.25,0.0,0.0,EUR
2024-07-06,53783.08984375,53783.08984375,0.0,0.0,EUR
2024-07-07,51588.046875,51588.046875,0.0,0.0,EUR
2024-07-08,52355.875,52355.875,0.0,0.0,EUR
2024-07-09,53638.984375,53638.984375,0.0,0.0,EUR
2024-07-10,53304.8671875,53304.8671875,0.0,0.0,EUR
2024-07-11,52735.64453125,52735.64453125,0.0,0.0,EUR
2024-07-12,53014.19921875,53014.19921875,0.0,0.0,EUR
2024-07-13,54239.234375,54239.234375,0.0,0.0,EUR
2024-07-14,55840.45703125,55840.45703125,0.0,0.0,EUR
2024-07-15,59523.62109375,59523.62109375,0.0,0.0,EUR
2024-07-16,59710.68359375,59710.68359375,0.0,0.0,EUR
2024-07-17,58606.8203125,58606.8203125,0.0,0.0,EUR
2024-07-18,58689.359375,58689.359375,0.0,0.0,EUR
2024-07-19,61243.5234375,61243.5234375,0.0,0.0,EUR
2024-07-20,61666.09765625,61666.09765625,0.0,0.0,EUR
2024-07-21,62533.41015625,62533.41015625,0.0,0.0,EUR
2024-07-22,62066.9140625,62066.9140625,0.0,0.0,EUR
2024-07-23,60764.15234375,60764.15234375,0.0,0.0,EUR
2024-07-24,60313.63671875,60313.63671875,0.0,0.0,EUR
2024-07-25,60615.48828125,60615.48828125,0.0,0.0,EUR
2024-07-26,62462.1875,62462.1875,0.0,0.0,EUR
2024-07-27,62377.15234375,62377.15234375,0.0,0.0,EUR
2024-07-28,62894.3671875,62894.3671875,0.0,0.0,EUR
2024-07-29,61759.64453125,61759.64453125,0.0,0.0,EUR
2024-07-30,61208.53125,61208.53125,0.0,0.0,EUR
2024-07-31,59700.8203125,59700.8203125,0.0,0.0,EUR
2024-08-01,60592.80859375,60592.80859375,0.0,0.0,EUR
2024-08-02,56238.328125,56238.328125,0.0,0.0,EUR
2024-08-03,55585.69921875,55585.69921875,0.0,0.0,EUR
2024-08-04,53266.53515625,53266.53515625,0.0,0.0,EUR
2024-08-05,49304.3515625,49304.3515625,0.0,0.0,EUR
2024-08-06,51285.46484375,51285.46484375,0.0,0.0,EUR
2024-08-07,50356.453125,50356.453125,0.0,0.0,EUR
2024-08-08,56537.16015625,56537.16015625,0.0,0.0,EUR
2024-08-09,55731.78515625,55731.78515625,0.0,0.0,EUR
2024-08-10,55783.09375,55783.09375,0.0,0.0,EUR
2024-08-11,53807.890625,53807.890625,0.0,0.0,EUR
2024-08-12,54274.421875,54274.421875,0.0,0.0,EUR
2024-08-13,55119.671875,55119.671875,0.0,0.0,EUR
2024-08-14,53342.25390625,53342.25390625,0.0,0.0,EUR
2024-08-15,52458.48828125,52458.48828125,0.0,0.0,EUR
2024-08-16,53387.2109375,53387.2109375,0.0,0.0,EUR
2024-08-17,53917.390625,53917.390625,0.0,0.0,EUR
2024-08-18,53048.171875,53048.171875,0.0,0.0,EUR
2024-08-19,53667.2578125,53667.2578125,0.0,0.0,EUR
2024-08-20,53032.375,53032.375,0.0,0.0,EUR
2024-08-21,54840.1953125,54840.1953125,0.0,0.0,EUR
2024-08-22,54319.14453125,54319.14453125,0.0,0.0,EUR
2024-08-23,57213.828125,57213.828125,0.0,0.0,EUR
2024-08-24,57338.5390625,57338.5390625,0.0,0.0,EUR
2024-08-25,57494.30859375,57494.30859375,0.0,0.0,EUR
2024-08-26,56321.13671875,56321.13671875,0.0,0.0,EUR
2024-08-27,53237.3359375,53237.3359375,0.0,0.0,EUR
2024-08-28,53060.8203125,53060.8203125,0.0,0.0,EUR
2024-08-29,53598.01171875,53598.01171875,0.0,0.0,EUR
2024-08-30,53448.0234375,53448.0234375,0.0,0.0,EUR
2024-08-31,53315.74609375,53315.74609375,0.0,0.0,EUR
2024-09-01,51903.12890625,51903.12890625,0.0,0.0,EUR
2024-09-02,53412.14453125,53412.14453125,0.0,0.0,EUR
2024-09-03,51982.25390625,51982.25390625,0.0,0.0,EUR
2024-09-04,52321.11328125,52321.11328125,0.0,0.0,EUR
2024-09-05,50542.5859375,50542.5859375,0.0,0.0,EUR
2024-09-06,48645.58984375,48645.58984375,0.0,0.0,EUR
2024-09-07,48817.7578125,48817.7578125,0.0,0.0,EUR
2024-09-08,49466.16015625,49466.16015625,0.0,0.0,EUR
2024-09-09,51668.25,51668.25,0.0,0.0,EUR
2024-09-10,52311.94140625,52311.94140625,0.0,0.0,EUR
2024-09-11,52081.3046875,52081.3046875,0.0,0.0,EUR
2024-09-12,52466.37109375,52466.37109375,0.0,0.0,EUR
2024-09-13,54630.28515625,54630.28515625,0.0,0.0,EUR
2024-09-14,54135.28125,54135.28125,0.0,0.0,EUR
2024-09-15,53378.125,53378.125,0.0,0.0,EUR
2024-09-16,52287.5390625,52287.5390625,0.0,0.0,EUR
2024-09-17,54212.37109375,54212.37109375,0.0,0.0,EUR
2024-09-18,55470.0390625,55470.0390625,0.0,0.0,EUR
2024-09-19,56401.0078125,56401.0078125,0.0,0.0,EUR
2024-09-20,56546.0234375,56546.0234375,0.0,0.0,EUR
2024-09-21,56752.01171875,56752.01171875,0.0,0.0,EUR
2024-09-22,57039.23828125,57039.23828125,0.0,0.0,EUR
2024-09-23,56998.02734375,56998.02734375,0.0,0.0,EUR
2024-09-24,57458.1171875,57458.1171875,0.0,0.0,EUR
2024-09-25,56733.80078125,56733.80078125,0.0,0.0,EUR
2024-09-26,58317.265625,58317.265625,0.0,0.0,EUR
2024-09-27,58891.5234375,58891.5234375,0.0,0.0,EUR
2024-09-28,58994.921875,58994.921875,0.0,0.0,EUR
2024-09-29,58764.40625,58764.40625,0.0,0.0,EUR
2024-09-30,56865.96484375,56865.96484375,0.0,0.0,EUR
2024-10-01,54983.45703125,54983.45703125,0.0,0.0,EUR
2024-10-02,54892.1328125,54892.1328125,0.0,0.0,EUR
2024-10-03,55060.4140625,55060.4140625,0.0,0.0,EUR
2024-10-04,56525.16015625,56525.16015625,0.0,0.0,EUR
2024-10-05,56537.92578125,56537.92578125,0.0,0.0,EUR
2024-10-06,57261.046875,57261.046875,0.0,0.0,EUR
2024-10-07,56710.35546875,56710.35546875,0.0,0.0,EUR
2024-10-08,56609.6171875,56609.6171875,0.0,0.0,EUR
2024-10-09,55368.1015625,55368.1015625,0.0,0.0,EUR
2024-10-10,55127.66015625,55127.66015625,0.0,0.0,EUR
2024-10-11,57063.3828125,57063.3828125,0.0,0.0,EUR
2024-10-12,57746.859375,57746.859375,0.0,0.0,EUR
2024-10-13,57437.484375,57437.484375,0.0,0.0,EUR
2024-10-14,60539.99609375,60539.99609375,0.0,0.0,EUR
2024-10-15,61600.1171875,61600.1171875,0.0,0.0,EUR
2024-10-16,62262.73046875,62262.73046875,0.0,0.0,EUR
2024-10-17,62239.02734375,62239.02734375,0.0,0.0,EUR
2024-10-18,62946.5703125,62946.5703125,0.0,0.0,EUR
2024-10-19,62876.625,62876.625,0.0,0.0,EUR
2024-10-20,63490.23828125,63490.23828125,0.0,0.0,EUR
2024-10-21,62288.85546875,62288.85546875,0.0,0.0,EUR
2024-10-22,62396.125,62396.125,0.0,0.0,EUR
2024-10-23,61624.30078125,61624.30078125,0.0,0.0,EUR
2024-10-24,62971.4765625,62971.4765625,0.0,0.0,EUR
2024-10-25,61702.4765625,61702.4765625,0.0,0.0,EUR
2024-10-26,62047.16796875,62047.16796875,0.0,0.0,EUR
2024-10-27,62920.0546875,62920.0546875,0.0,0.0,EUR
2024-10-28,64624.40625,64624.40625,0.0,0.0,EUR
2024-10-29,67210.609375,67210.609375,0.0,0.0,EUR
2024-10-30,66622.2578125,66622.2578125,0.0,0.0,EUR
2024-10-31,64512.30859375,64512.30859375,0.0,0.0,EUR
2024-11-01,63918.3828125,63918.3828125,0.0,0.0,EUR
2024-11-02,63717.2421875,63717.2421875,0.0,0.0,EUR
2024-11-03,63222.6484375,63222.6484375,0.0,0.0,EUR
2024-11-04,62362.37890625,62362.37890625,0.0,0.0,EUR
2024-11-05,63434.734375,63434.734375,0.0,0.0,EUR
2024-11-06,70484.1953125,70484.1953125,0.0,0.0,EUR
2024-11-07,70311.3515625,70311.3515625,0.0,0.0,EUR
2024-11-08,71381.03125,71381.03125,0.0,0.0,EUR
2024-11-09,71632.0703125,71632.0703125,0.0,0.0,EUR
2024-11-10,75115.9765625,75115.9765625,0.0,0.0,EUR
2024-11-11,83185.0546875,83185.0546875,0.0,0.0,EUR
2024-11-12,82847.25,82847.25,0.0,0.0,EUR
2024-11-13,85732.5703125,85732.5703125,0.0,0.0,EUR
2024-11-14,82875.171875,82875.171875,0.0,0.0,EUR
2024-11-15,86355.34375,86355.34375,0.0,0.0,EUR
2024-11-16,85882.21875,85882.21875,0.0,0.0,EUR
2024-11-17,85271.4375,85271.4375,0.0,0.0,EUR
2024-11-18,85461.03125,85461.03125,0.0,0.0,EUR
2024-11-19,87057.5703125,87057.5703125,0.0,0.0,EUR
2024-11-20,89452.8046875,89452.8046875,0.0,0.0,EUR
2024-11-21,94091.0234375,94091.0234375,0.0,0.0,EUR
2024-11-22,95022.90625,95022.90625,0.0,0.0,EUR
2024-11-23,93854.1640625,93854.1640625,0.0,0.0,EUR
2024-11-24,93529.59375,93529.59375,0.0,0.0,EUR
2024-11-25,89146.75,89146.75,0.0,0.0,EUR
2024-11-26,87675.34375,87675.34375,0.0,0.0,EUR
2024-11-27,90855.1171875,90855.1171875,0.0,0.0,EUR
2024-11-28,90577.8125,90577.8125,0.0,0.0,EUR
2024-11-29,92119.8515625,92119.8515625,0.0,0.0,EUR
2024-11-30,91178.8828125,91178.8828125,0.0,0.0,EUR
2024-12-01,92260.4453125,92260.4453125,0.0,0.0,EUR
2024-12-02,91292.3359375,91292.3359375,0.0,0.0,EUR
2024-12-03,91343.65625,91343.65625,0.0,0.0,EUR
2024-12-04,93955.8359375,93955.8359375,0.0,0.0,EUR
2024-12-05,91242.09375,91242.09375,0.0,0.0,EUR
2024-12-06,94482.1328125,94482.1328125,0.0,0.0,EUR
2024-12-07,94530.375,94530.375,0.0,0.0,EUR
2024-12-08,95815.53125,95815.53125,0.0,0.0,EUR
2024-12-09,92316.53125,92316.53125,0.0,0.0,EUR
2024-12-10,91798.15625,91798.15625,0.0,0.0,EUR
2024-12-11,96304.9921875,96304.9921875,0.0,0.0,EUR
2024-12-12,95515.953125,95515.953125,0.0,0.0,EUR
2024-12-13,96576.125,96576.125,0.0,0.0,EUR
2024-12-14,96527.3359375,96527.3359375,0.0,0.0,EUR
2024-12-15,99243.0234375,99243.0234375,0.0,0.0,EUR
2024-12-16,100818.9921875,100818.9921875,0.0,0.0,EUR
2024-12-17,101138.9375,101138.9375,0.0,0.0,EUR
2024-12-18,96653.9375,96653.9375,0.0,0.0,EUR
2024-12-19,94061.5078125,94061.5078125,0.0,0.0,EUR
2024-12-20,93712.2578125,93712.2578125,0.0,0.0,EUR
2024-12-21,93216.4453125,93216.4453125,0.0,0.0,EUR
2024-12-22,91152.8515625,91152.8515625,0.0,0.0,EUR
2024-12-23,91006.0703125,91006.0703125,0.0,0.0,EUR
2024-12-24,94839.8671875,94839.8671875,0.0,0.0,EUR
2024-12-25,95487.59375,95487.59375,0.0,0.0,EUR
2024-12-26,91917.90625,91917.90625,0.0,0.0,EUR
2024-12-27,90321.7109375,90321.7109375,0.0,0.0,EUR
2024-12-28,91258.1171875,91258.1171875,0.0,0.0,EUR
2024-12-29,89674.5390625,89674.5390625,0.0,0.0,EUR
2024-12-30,89031.2421875,89031.2421875,0.0,0.0,EUR
2024-12-31,90269.890625,90269.890625,0.0,0.0,EUR
2025-01-01,91219.3046875,91219.3046875,0.0,0.0,EUR
2025-01-02,94359.0,94359.0,0.0,0.0,EUR
2025-01-03,95134.4765625,95134.4765625,0.0,0.0,EUR
2025-01-04,95268.609375,95268.609375,0.0,0.0,EUR
2025-01-05,95402.578125,95402.578125,0.0,0.0,EUR
2025-01-06,98308.6484375,98308.6484375,0.0,0.0,EUR
2025-01-07,93722.125,93722.125,0.0,0.0,EUR
2025-01-08,92158.953125,92158.953125,0.0,0.0,EUR
2025-01-09,89819.5703125,89819.5703125,0.0,0.0,EUR
2025-01-10,92333.0703125,92333.0703125,0.0,0.0,EUR
2025-01-11,92219.640625,92219.640625,0.0,0.0,EUR
2025-01-12,92246.0390625,92246.0390625,0.0,0.0,EUR
2025-01-13,92086.5078125,92086.5078125,0.0,0.0,EUR
2025-01-14,93666.3046875,93666.3046875,0.0,0.0,EUR
2025-01-15,97625.9453125,97625.9453125,0.0,0.0,EUR
2025-01-16,96836.125,96836.125,0.0,0.0,EUR
2025-01-17,101394.828125,101394.828125,0.0,0.0,EUR
2025-01-18,101663.1796875,101663.1796875,0.0,0.0,EUR
2025-01-19,98330.671875,98330.671875,0.0,0.0,EUR
2025-01-20,97881.2109375,97881.2109375,0.0,0.0,EUR
2025-01-21,101996.046875,101996.046875,0.0,0.0,EUR
2025-01-22,99589.3515625,99589.3515625,0.0,0.0,EUR
2025-01-23,99811.5390625,99811.5390625,0.0,0.0,EUR
2025-01-24,99794.859375,99794.859375,0.0,0.0,EUR
2025-01-25,99704.46875,99704.46875,0.0,0.0,EUR
2025-01-26,98096.2890625,98096.2890625,0.0,0.0,EUR
2025-01-27,97807.15625,97807.15625,0.0,0.0,EUR
2025-01-28,97179.671875,97179.671875,0.0,0.0,EUR
2025-01-29,99479.0703125,99479.0703125,0.0,0.0,EUR
2025-01-30,100736.09375,100736.09375,0.0,0.0,EUR
2025-01-31,98832.21875,98832.21875,0.0,0.0,EUR
2025-02-01,97130.1328125,97130.1328125,0.0,0.0,EUR
2025-02-02,95332.328125,95332.328125,0.0,0.0,EUR
2025-02-03,98183.671875,98183.671875,0.0,0.0,EUR
2025-02-04,94367.03125,94367.03125,0.0,0.0,EUR
2025-02-05,92911.3984375,92911.3984375,0.0,0.0,EUR
2025-02-06,93010.265625,93010.265625,0.0,0.0,EUR
2025-02-07,93431.8515625,93431.8515625,0.0,0.0,EUR
2025-02-08,93418.359375,93418.359375,0.0,0.0,EUR
2025-02-09,93600.265625,93600.265625,0.0,0.0,EUR
2025-02-10,94593.2578125,94593.2578125,0.0,0.0,EUR
2025-02-11,92383.15625,92383.15625,0.0,0.0,EUR
2025-02-12,94189.5,94189.5,0.0,0.0,EUR
2025-02-13,92359.46875,92359.46875,0.0,0.0,EUR
2025-02-14,92896.6953125,92896.6953125,0.0,0.0,EUR
2025-02-15,93009.0,93009.0,0.0,0.0,EUR
2025-02-16,91693.8515625,91693.8515625,0.0,0.0,EUR
2025-02-17,91338.8828125,91338.8828125,0.0,0.0,EUR
2025-02-18,91440.8046875,91440.8046875,0.0,0.0,EUR
2025-02-19,92732.6953125,92732.6953125,0.0,0.0,EUR
2025-02-20,93646.8515625,93646.8515625,0.0,0.0,EUR
2025-02-21,91858.7265625,91858.7265625,0.0,0.0,EUR
2025-02-22,92339.3515625,92339.3515625,0.0,0.0,EUR
2025-02-23,91916.8515625,91916.8515625,0.0,0.0,EUR
2025-02-24,87386.171875,87386.171875,0.0,0.0,EUR
2025-02-25,84346.3984375,84346.3984375,0.0,0.0,EUR
2025-02-26,80422.1875,80422.1875,0.0,0.0,EUR
2025-02-27,81493.0859375,81493.0859375,0.0,0.0,EUR
2025-02-28,81297.6171875,81297.6171875,0.0,0.0,EUR
2025-03-01,82896.046875,82896.046875,0.0,0.0,EUR
2025-03-02,90516.9609375,90516.9609375,0.0,0.0,EUR
2025-03-03,82080.5703125,82080.5703125,0.0,0.0,EUR
2025-03-04,82103.734375,82103.734375,0.0,0.0,EUR
2025-03-05,83955.0234375,83955.0234375,0.0,0.0,EUR
2025-03-06,83396.7734375,83396.7734375,0.0,0.0,EUR
2025-03-07,80057.5078125,80057.5078125,0.0,0.0,EUR
2025-03-08,79537.1484375,79537.1484375,0.0,0.0,EUR
2025-03-09,74216.390625,74216.390625,0.0,0.0,EUR
2025-03-10,72449.3828125,72449.3828125,0.0,0.0,EUR
2025-03-11,75921.3359375,75921.3359375,0.0,0.0,EUR
2025-03-12,76910.546875,76910.546875,0.0,0.0,EUR
2025-03-13,74682.2109375,74682.2109375,0.0,0.0,EUR
2025-03-14,76877.90625,76877.90625,0.0,0.0,EUR
2025-03-15,77262.0859375,77262.0859375,0.0,0.0,EUR
2025-03-16,75902.7890625,75902.7890625,0.0,0.0,EUR
2025-03-17,77004.0,77004.0,0.0,0.0,EUR
2025-03-18,75619.6796875,75619.6796875,0.0,0.0,EUR
2025-03-19,79597.03125,79597.03125,0.0,0.0,EUR
2025-03-20,77548.453125,77548.453125,0.0,0.0,EUR
2025-03-21,77269.359375,77269.359375,0.0,0.0,EUR
2025-03-22,77102.203125,77102.203125,0.0,0.0,EUR
2025-03-23,79414.0703125,79414.0703125,0.0,0.0,EUR
2025-03-24,80998.265625,80998.265625,0.0,0.0,EUR
2025-03-25,81077.4375,81077.4375,0.0,0.0,EUR
2025-03-26,80904.7265625,80904.7265625,0.0,0.0,EUR
2025-03-27,80713.4453125,80713.4453125,0.0,0.0,EUR
2025-03-28,77562.5546875,77562.5546875,0.0,0.0,EUR
2025-03-29,75948.3125,75948.3125,0.0,0.0,EUR
2025-03-30,76068.453125,76068.453125,0.0,0.0,EUR
2025-03-31,76306.0703125,76306.0703125,0.0,0.0,EUR
2025-04-01,78896.2890625,78896.2890625,0.0,0.0,EUR
2025-04-02,75638.078125,75638.078125,0.0,0.0,EUR
2025-04-03,75249.03125,75249.03125,0.0,0.0,EUR
2025-04-04,76502.109375,76502.109375,0.0,0.0,EUR
2025-04-05,76192.7890625,76192.7890625,0.0,0.0,EUR
2025-04-06,71222.34375,71222.34375,0.0,0.0,EUR
2025-04-07,72589.625,72589.625,0.0,0.0,EUR
2025-04-08,69481.53125,69481.53125,0.0,0.0,EUR
2025-04-09,75397.6953125,75397.6953125,0.0,0.0,EUR
2025-04-10,70715.5,70715.5,0.0,0.0,EUR
2025-04-11,73475.828125,73475.828125,0.0,0.0,EUR
2025-04-12,75089.9296875,75089.9296875,0.0,0.0,EUR
2025-04-13,73775.84375,73775.84375,0.0,0.0,EUR
2025-04-14,74560.1328125,74560.1328125,0.0,0.0,EUR
2025-04-15,74074.078125,74074.078125,0.0,0.0,EUR
2025-04-16,73748.7109375,73748.7109375,0.0,0.0,EUR
2025-04-17,74650.6171875,74650.6171875,0.0,0.0,EUR
2025-04-18,74259.3671875,74259.3671875,0.0,0.0,EUR
2025-04-19,74798.046875,74798.046875,0.0,0.0,EUR
2025-04-20,74400.4375,74400.4375,0.0,0.0,EUR
2025-04-21,76009.8203125,76009.8203125,0.0,0.0,EUR
2025-04-22,82320.71875,82320.71875,0.0,0.0,EUR
2025-04-23,82702.2109375,82702.2109375,0.0,0.0,EUR
2025-04-24,82604.3046875,82604.3046875,0.0,0.0,EUR
2025-04-25,83050.9296875,83050.9296875,0.0,0.0,EUR
2025-04-26,83071.609375,83071.609375,0.0,0.0,EUR
2025-04-27,82643.6796875,82643.6796875,0.0,0.0,EUR
2025-04-28,83247.546875,83247.546875,0.0,0.0,EUR
2025-04-29,82776.671875,82776.671875,0.0,0.0,EUR
2025-04-30,83206.0625,83206.0625,0.0,0.0,EUR
2025-05-01,85401.4140625,85401.4140625,0.0,0.0,EUR
2025-05-02,85741.1796875,85741.1796875,0.0,0.0,EUR
2025-05-03,84840.265625,84840.265625,0.0,0.0,EUR
2025-05-04,83307.4140625,83307.4140625,0.0,0.0,EUR
2025-05-05,83756.9921875,83756.9921875,0.0,0.0,EUR
2025-05-06,85362.75,85362.75,0.0,0.0,EUR
2025-05-07,85846.2421875,85846.2421875,0.0,0.0,EUR
2025-05-08,91947.875,91947.875,0.0,0.0,EUR
2025-05-09,91525.640625,91525.640625,0.0,0.0,EUR
2025-05-10,93059.328125,93059.328125,0.0,0.0,EUR
2025-05-11,92717.7421875,92717.7421875,0.0,0.0,EUR
2025-05-12,92655.1328125,92655.1328125,0.0,0.0,EUR
2025-05-13,93123.5390625,93123.5390625,0.0,0.0,EUR
2025-05-14,92590.328125,92590.328125,0.0,0.0,EUR
2025-05-15,92694.90625,92694.90625,0.0,0.0,EUR
2025-05-16,92715.125,92715.125,0.0,0.0,EUR
2025-05-17,92447.9609375,92447.9609375,0.0,0.0,EUR
2025-05-18,95134.5234375,95134.5234375,0.0,0.0,EUR
2025-05-19,94018.96875,94018.96875,0.0,0.0,EUR
2025-05-20,94601.421875,94601.421875,0.0,0.0,EUR
2025-05-21,96784.8671875,96784.8671875,0.0,0.0,EUR
2025-05-22,98980.609375,98980.609375,0.0,0.0,EUR
2025-05-23,94362.0859375,94362.0859375,0.0,0.0,EUR
2025-05-24,94804.8046875,94804.8046875,0.0,0.0,EUR
2025-05-25,95857.3671875,95857.3671875,0.0,0.0,EUR
2025-05-26,96092.8046875,96092.8046875,0.0,0.0,EUR
2025-05-27,96136.0,96136.0,0.0,0.0,EUR
2025-05-28,95999.046875,95999.046875,0.0,0.0,EUR
2025-05-29,92856.46875,92856.46875,0.0,0.0,EUR
2025-05-30,91647.703125,91647.703125,0.0,0.0,EUR
2025-05-31,92211.2734375,92211.2734375,0.0,0.0,EUR
2025-06-01,93059.53125,93059.53125,0.0,0.0,EUR
2025-06-02,92445.1640625,92445.1640625,0.0,0.0,EUR
2025-06-03,92613.1484375,92613.1484375,0.0,0.0,EUR
2025-06-04,91701.4375,91701.4375,0.0,0.0,EUR
2025-06-05,88688.3984375,88688.3984375,0.0,0.0,EUR
2025-06-06,91566.515625,91566.515625,0.0,0.0,EUR
2025-06-07,92641.2734375,92641.2734375,0.0,0.0,EUR
2025-06-08,92747.28125,92747.28125,0.0,0.0,EUR
2025-06-09,96526.1953125,96526.1953125,0.0,0.0,EUR
2025-06-10,96398.671875,96398.671875,0.0,0.0,EUR
2025-06-11,94425.53125,94425.53125,0.0,0.0,EUR
2025-06-12,91251.8359375,91251.8359375,0.0,0.0,EUR
2025-06-13,91857.59375,91857.59375,0.0,0.0,EUR
2025-06-14,91322.015625,91322.015625,0.0,0.0,EUR
2025-06-15,91390.953125,91390.953125,0.0,0.0,EUR
2025-06-16,92432.2734375,92432.2734375,0.0,0.0,EUR
2025-06-17,91100.875,91100.875,0.0,0.0,EUR
2025-06-18,91393.3359375,91393.3359375,0.0,0.0,EUR
2025-06-19,90937.1484375,90937.1484375,0.0,0.0,EUR
2025-06-20,89639.2421875,89639.2421875,0.0,0.0,EUR
2025-06-21,88730.4921875,88730.4921875,0.0,0.0,EUR
2025-06-22,87815.1875,87815.1875,0.0,0.0,EUR
2025-06-23,91030.7421875,91030.7421875,0.0,0.0,EUR
2025-06-24,91320.984375,91320.984375,0.0,0.0,EUR
2025-06-25,91888.890625,91888.890625,0.0,0.0,EUR
2025-06-26,91468.6640625,91468.6640625,0.0,0.0,EUR
2025-06-27,91367.8515625,91367.8515625,0.0,0.0,EUR
2025-06-28,91572.0,91572.0,0.0,0.0,EUR
2025-06-29,92424.7109375,92424.7109375,0.0,0.0,EUR
2025-06-30,90897.3671875,90897.3671875,0.0,0.0,EUR
2025-07-01,89534.8984375,89534.8984375,0.0,0.0,EUR
2025-07-02,92266.2265625,92266.2265625,0.0,0.0,EUR
2025-07-03,93161.96875,93161.96875,0.0,0.0,EUR
2025-07-04,91720.2890625,91720.2890625,0.0,0.0,EUR
2025-07-05,91887.40625,91887.40625,0.0,0.0,EUR
2025-07-06,92723.5,92723.5,0.0,0.0,EUR
2025-07-07,92275.5859375,92275.5859375,0.0,0.0,EUR
2025-07-08,92931.3203125,92931.3203125,0.0,0.0,EUR
2025-07-09,94822.609375,94822.609375,0.0,0.0,EUR
2025-07-10,99117.328125,99117.328125,0.0,0.0,EUR
2025-07-11,100535.7890625,100535.7890625,0.0,0.0,EUR
2025-07-12,100465.8359375,100465.8359375,0.0,0.0,EUR
2025-07-13,101941.6015625,101941.6015625,0.0,0.0,EUR
2025-07-14,102739.2421875,102739.2421875,0.0,0.0,EUR
2025-07-15,101463.3984375,101463.3984375,0.0,0.0,EUR
2025-07-16,102048.3828125,102048.3828125,0.0,0.0,EUR
2025-07-17,102701.28125,102701.28125,0.0,0.0,EUR
2025-07-18,101476.875,101476.875,0.0,0.0,EUR
2025-07-19,101422.484375,101422.484375,0.0,0.0,EUR
2025-07-20,100863.546875,100863.546875,0.0,0.0,EUR
2025-07-21,100418.5546875,100418.5546875,0.0,0.0,EUR
2025-07-22,102228.65625,102228.65625,0.0,0.0,EUR
2025-07-23,100867.609375,100867.609375,0.0,0.0,EUR
2025-07-24,100697.7890625,100697.7890625,0.0,0.0,EUR
2025-07-25,100145.421875,100145.421875,0.0,0.0,EUR
2025-07-26,100410.6015625,100410.6015625,0.0,0.0,EUR
2025-07-27,101609.9296875,101609.9296875,0.0,0.0,EUR
2025-07-28,101689.21875,101689.21875,0.0,0.0,EUR
2025-07-29,102088.03125,102088.03125,0.0,0.0,EUR
2025-07-30,103105.9453125,103105.9453125,0.0,0.0,EUR
2025-07-31,101349.0859375,101349.0859375,0.0,0.0,EUR
2025-08-01,97744.2421875,97744.2421875,0.0,0.0,EUR
2025-08-02,97071.6328125,97071.6328125,0.0,0.0,EUR
2025-08-03,98567.796875,98567.796875,0.0,0.0,EUR
2025-08-04,99324.0703125,99324.0703125,0.0,0.0,EUR
2025-08-05,98579.7421875,98579.7421875,0.0,0.0,EUR
2025-08-06,98625.6953125,98625.6953125,0.0,0.0,EUR
2025-08-07,100626.8125,100626.8125,0.0,0.0,EUR
2025-08-08,100188.9375,100188.9375,0.0,0.0,EUR
2025-08-09,100004.609375,100004.609375,0.0,0.0,EUR
2025-08-10,102429.75,102429.75,0.0,0.0,EUR
2025-08-11,102209.84375,102209.84375,0.0,0.0,EUR
2025-08-12,102908.8671875,102908.8671875,0.0,0.0,EUR
2025-08-13,105310.7890625,105310.7890625,0.0,0.0,EUR
2025-08-14,101591.2265625,101591.2265625,0.0,0.0,EUR
2025-08-15,100299.046875,100299.046875,0.0,0.0,EUR
2025-08-16,100378.5,100378.5,0.0,0.0,EUR
2025-08-17,100331.4609375,100331.4609375,0.0,0.0,EUR
2025-08-18,99632.8828125,99632.8828125,0.0,0.0,EUR
2025-08-19,96921.8671875,96921.8671875,0.0,0.0,EUR
2025-08-20,98083.15625,98083.15625,0.0,0.0,EUR
2025-08-21,96810.3203125,96810.3203125,0.0,0.0,EUR
2025-08-22,99683.6640625,99683.6640625,0.0,0.0,EUR
2025-08-23,98425.4921875,98425.4921875,0.0,0.0,EUR
2025-08-24,96903.6015625,96903.6015625,0.0,0.0,EUR
2025-08-25,94814.640625,94814.640625,0.0,0.0,EUR
2025-08-26,96073.6953125,96073.6953125,0.0,0.0,EUR
2025-08-27,95489.2578125,95489.2578125,0.0,0.0,EUR
2025-08-28,96367.7265625,96367.7265625,0.0,0.0,EUR
2025-08-29,92773.765625,92773.765625,0.0,0.0,EUR
2025-08-30,93101.84375,93101.84375,0.0,0.0,EUR
2025-08-31,92587.1953125,92587.1953125,0.0,0.0,EUR
2025-09-01,93255.9765625,93255.9765625,0.0,0.0,EUR
2025-09-02,95591.6953125,95591.6953125,0.0,0.0,EUR
2025-09-03,95807.90625,95807.90625,0.0,0.0,EUR
2025-09-04,94986.453125,94986.453125,0.0,0.0,EUR
2025-09-05,94398.2421875,94398.2421875,0.0,0.0,EUR
2025-09-06,94076.4453125,94076.4453125,0.0,0.0,EUR
2025-09-07,94914.9140625,94914.9140625,0.0,0.0,EUR
2025-09-08,95230.4609375,95230.4609375,0.0,0.0,EUR
2025-09-09,95307.3125,95307.3125,0.0,0.0,EUR
2025-09-10,97376.90625,97376.90625,0.0,0.0,EUR
2025-09-11,98450.078125,98450.078125,0.0,0.0,EUR
2025-09-12,98930.15625,98930.15625,0.0,0.0,EUR
2025-09-13,98815.8046875,98815.8046875,0.0,0.0,EUR
2025-09-14,98423.8046875,98423.8046875,0.0,0.0,EUR
2025-09-15,98143.1484375,98143.1484375,0.0,0.0,EUR
2025-09-16,98425.546875,98425.546875,0.0,0.0,EUR
2025-09-17,98488.796875,98488.796875,0.0,0.0,EUR
2025-09-18,99360.34375,99360.34375,0.0,0.0,EUR
2025-09-19,98495.765625,98495.765625,0.0,0.0,EUR
2025-09-20,98503.5703125,98503.5703125,0.0,0.0,EUR
2025-09-21,98247.9453125,98247.9453125,0.0,0.0,EUR
2025-09-22,95545.453125,95545.453125,0.0,0.0,EUR
2025-09-23,94801.1171875,94801.1171875,0.0,0.0,EUR
2025-09-24,96514.0625,96514.0625,0.0,0.0,EUR
2025-09-25,93510.203125,93510.203125,0.0,0.0,EUR
2025-09-26,93735.5703125,93735.5703125,0.0,0.0,EUR
2025-09-27,93729.25,93729.25,0.0,0.0,EUR
2025-09-28,95791.078125,95791.078125,0.0,0.0,EUR
2025-09-29,97522.2109375,97522.2109375,0.0,0.0,EUR
2025-09-30,97197.2265625,97197.2265625,0.0,0.0,EUR
2025-10-01,101124.6015625,101124.6015625,0.0,0.0,EUR
2025-10-02,102929.6484375,102929.6484375,0.0,0.0,EUR
2025-10-03,104123.03125,104123.03125,0.0,0.0,EUR
2025-10-04,104302.7890625,104302.7890625,0.0,0.0,EUR
2025-10-05,105457.53125,105457.53125,0.0,0.0,EUR
2025-10-06,106538.1640625,106538.1640625,0.0,0.0,EUR
2025-10-07,104223.8671875,104223.8671875,0.0,0.0,EUR
2025-10-08,106073.8359375,106073.8359375,0.0,0.0,EUR
2025-10-09,105232.609375,105232.609375,0.0,0.0,EUR
2025-10-10,97430.8125,97430.8125,0.0,0.0,EUR
2025-10-11,95351.3984375,95351.3984375,0.0,0.0,EUR
2025-10-12,99273.2265625,99273.2265625,0.0,0.0,EUR
2025-10-13,99666.25,99666.25,0.0,0.0,EUR
2025-10-14,97488.265625,97488.265625,0.0,0.0,EUR
2025-10-15,95126.515625,95126.515625,0.0,0.0,EUR
2025-10-16,92473.421875,92473.421875,0.0,0.0,EUR
2025-10-17,91306.34375,91306.34375,0.0,0.0,EUR
2025-10-18,91960.4609375,91960.4609375,0.0,0.0,EUR
2025-10-19,93212.5703125,93212.5703125,0.0,0.0,EUR
2025-10-20,94974.1015625,94974.1015625,0.0,0.0,EUR
2025-10-21,93515.5390625,93515.5390625,0.0,0.0,EUR
2025-10-22,92777.2734375,92777.2734375,0.0,0.0,EUR
2025-10-23,94747.25,94747.25,0.0,0.0,EUR
2025-10-24,95511.4921875,95511.4921875,0.0,0.0,EUR
2025-10-25,96034.328125,96034.328125,0.0,0.0,EUR
2025-10-26,98418.2578125,98418.2578125,0.0,0.0,EUR
2025-10-27,97947.25,97947.25,0.0,0.0,EUR
2025-10-28,96901.9296875,96901.9296875,0.0,0.0,EUR
2025-10-29,94846.6484375,94846.6484375,0.0,0.0,EUR
2025-10-30,93595.59375,93595.59375,0.0,0.0,EUR
2025-10-31,94452.75,94452.75,0.0,0.0,EUR
2025-11-01,94935.9375,94935.9375,0.0,0.0,EUR
2025-11-02,95978.9921875,95978.9921875,0.0,0.0,EUR
2025-11-03,92500.71875,92500.71875,0.0,0.0,EUR
2025-11-04,88446.3359375,88446.3359375,0.0,0.0,EUR
2025-11-05,90373.7421875,90373.7421875,0.0,0.0,EUR
2025-11-06,87714.5625,87714.5625,0.0,0.0,EUR
2025-11-07,89349.5234375,89349.5234375,0.0,0.0,EUR
2025-11-08,88407.1328125,88407.1328125,0.0,0.0,EUR
2025-11-09,90719.359375,90719.359375,0.0,0.0,EUR
2025-11-10,91712.390625,91712.390625,0.0,0.0,EUR
2025-11-11,88891.96875,88891.96875,0.0,0.0,EUR
2025-11-12,87702.796875,87702.796875,0.0,0.0,EUR
2025-11-13,85723.390625,85723.390625,0.0,0.0,EUR
2025-11-14,81205.8828125,81205.8828125,0.0,0.0,EUR
2025-11-15,82206.953125,82206.953125,0.0,0.0,EUR
2025-11-16,81084.390625,81084.390625,0.0,0.0,EUR
2025-11-17,79459.421875,79459.421875,0.0,0.0,EUR
2025-11-18,80265.0703125,80265.0703125,0.0,0.0,EUR
2025-11-19,79264.0625,79264.0625,0.0,0.0,EUR
2025-11-20,75112.453125,75112.453125,0.0,0.0,EUR
2025-11-21,73892.75,73892.75,0.0,0.0,EUR
2025-11-22,73482.6484375,73482.6484375,0.0,0.0,EUR
2025-11-23,75434.59375,75434.59375,0.0,0.0,EUR
2025-11-24,76621.40625,76621.40625,0.0,0.0,EUR
2025-11-25,75522.1796875,75522.1796875,0.0,0.0,EUR
2025-11-26,78019.953125,78019.953125,0.0,0.0,EUR
2025-11-27,78692.828125,78692.828125,0.0,0.0,EUR
2025-11-28,78402.140625,78402.140625,0.0,0.0,EUR
2025-11-29,78343.921875,78343.921875,0.0,0.0,EUR
2025-11-30,77918.8984375,77918.8984375,0.0,0.0,EUR
2025-12-01,74372.1640625,74372.1640625,0.0,0.0,EUR
2025-12-02,78557.890625,78557.890625,0.0,0.0,EUR
2025-12-03,80168.3828125,80168.3828125,0.0,0.0,EUR
2025-12-04,79136.6640625,79136.6640625,0.0,0.0,EUR
2025-12-05,76757.3515625,76757.3515625,0.0,0.0,EUR
2025-12-06,76668.09375,76668.09375,0.0,0.0,EUR
2025-12-07,77663.1484375,77663.1484375,0.0,0.0,EUR
2025-12-08,77869.0,77869.0,0.0,0.0,EUR
2025-12-09,79714.21875,79714.21875,0.0,0.0,EUR
2025-12-10,78640.2734375,78640.2734375,0.0,0.0,EUR
2025-12-11,78794.3125,78794.3125,0.0,0.0,EUR
2025-12-12,76868.4140625,76868.4140625,0.0,0.0,EUR
2025-12-13,76935.0390625,76935.0390625,0.0,0.0,EUR
2025-12-14,75125.25,75125.25,0.0,0.0,EUR
2025-12-15,73526.3828125,73526.3828125,0.0,0.0,EUR
2025-12-16,74765.6875,74765.6875,0.0,0.0,EUR
2025-12-17,73366.3125,73366.3125,0.0,0.0,EUR
2025-12-18,72890.375,72890.375,0.0,0.0,EUR
2025-12-19,75221.6953125,75221.6953125,0.0,0.0,EUR
2025-12-20,75433.5859375,75433.5859375,0.0,0.0,EUR
2025-12-21,75677.8359375,75677.8359375,0.0,0.0,EUR
2025-12-22,75223.5078125,75223.5078125,0.0,0.0,EUR
2025-12-23,74112.296875,74112.296875,0.0,0.0,EUR
2025-12-24,74408.3125,74408.3125,0.0,0.0,EUR
2025-12-25,74027.921875,74027.921875,0.0,0.0,EUR
2025-12-26,74150.78125,74150.78125,0.0,0.0,EUR
2025-12-27,74569.7578125,74569.7578125,0.0,0.0,EUR
2025-12-28,74610.0390625,74610.0390625,0.0,0.0,EUR
2025-12-29,74005.8125,74005.8125,0.0,0.0,EUR
2025-12-30,75287.9140625,75287.9140625,0.0,0.0,EUR
2025-12-31,74586.5703125,74586.5703125,0.0,0.0,EUR
2026-01-01,75510.03125,75510.03125,0.0,0.0,EUR
2026-01-02,76704.8359375,76704.8359375,0.0,0.0,EUR
2026-01-03,77257.3359375,77257.3359375,0.0,0.0,EUR
2026-01-04,78096.6484375,78096.6484375,0.0,0.0,EUR
2026-01-05,80141.1484375,80141.1484375,0.0,0.0,EUR
2026-01-06,80197.9296875,80197.9296875,0.0,0.0,EUR
2026-01-07,78196.671875,78196.671875,0.0,0.0,EUR
2026-01-08,78081.3359375,78081.3359375,0.0,0.0,EUR
2026-01-09,77793.203125,77793.203125,0.0,0.0,EUR
2026-01-10,77684.5234375,77684.5234375,0.0,0.0,EUR
2026-01-11,78138.3203125,78138.3203125,0.0,0.0,EUR
2026-01-12,78159.8671875,78159.8671875,0.0,0.0,EUR
2026-01-13,81877.5,81877.5,0.0,0.0,EUR
2026-01-14,83236.703125,83236.703125,0.0,0.0,EUR
2026-01-15,82307.796875,82307.796875,0.0,0.0,EUR
2026-01-16,82333.1015625,82333.1015625,0.0,0.0,EUR
2026-01-17,81936.765625,81936.765625,0.0,0.0,EUR
2026-01-18,80549.578125,80549.578125,0.0,0.0,EUR
2026-01-19,79517.609375,79517.609375,0.0,0.0,EUR
2026-01-20,75304.7421875,75304.7421875,0.0,0.0,EUR
2026-01-21,76567.3671875,76567.3671875,0.0,0.0,EUR
2026-01-22,76112.6875,76112.6875,0.0,0.0,EUR
2026-01-23,75681.078125,75681.078125,0.0,0.0,EUR
2026-01-24,75332.4375,75332.4375,0.0,0.0,EUR
2026-01-25,72992.5859375,72992.5859375,0.0,0.0,EUR
2026-01-26,74336.8203125,74336.8203125,0.0,0.0,EUR
2026-01-27,74125.9453125,74125.9453125,0.0,0.0,EUR
2026-01-28,74445.3046875,74445.3046875,0.0,0.0,EUR
2026-01-29,70655.6875,70655.6875,0.0,0.0,EUR
2026-01-30,70972.28125,70972.28125,0.0,0.0,EUR
2026-01-31,66326.03125,66326.03125,0.0,0.0,EUR
2026-02-01,64977.8984375,64977.8984375,0.0,0.0,EUR
2026-02-02,66692.7421875,66692.7421875,0.0,0.0,EUR
2026-02-03,64010.79296875,64010.79296875,0.0,0.0,EUR
2026-02-04,61872.94921875,61872.94921875,0.0,0.0,EUR
2026-02-05,53242.796875,53242.796875,0.0,0.0,EUR
2026-02-06,59703.96875,59703.96875,0.0,0.0,EUR
2026-02-07,58626.40625,58626.40625,0.0,0.0,EUR
2026-02-08,59411.56640625,59411.56640625,0.0,0.0,EUR
2026-02-09,58907.5546875,58907.5546875,0.0,0.0,EUR
2026-02-10,57865.96875,57865.96875,0.0,0.0,EUR
2026-02-11,56415.27734375,56415.27734375,0.0,0.0,EUR
2026-02-12,55793.23046875,55793.23046875,0.0,0.0,EUR
2026-02-13,58012.38671875,58012.38671875,0.0,0.0,EUR
2026-02-14,58766.5234375,58766.5234375,0.0,0.0,EUR
2026-02-15,57965.94921875,57965.94921875,0.0,0.0,EUR
2026-02-16,58093.2265625,58093.2265625,0.0,0.0,EUR
2026-02-17,56950.5390625,56950.5390625,0.0,0.0,EUR
2026-02-18,56344.0859375,56344.0859375,0.0,0.0,EUR
2026-02-19,56895.6171875,56895.6171875,0.0,0.0,EUR
2026-02-20,57685.59765625,57685.59765625,0.0,0.0,EUR
2026-02-21,57720.77734375,57720.77734375,0.0,0.0,EUR
2026-02-22,57179.42578125,57179.42578125,0.0,0.0,EUR
2026-02-23,54792.66796875,54792.66796875,0.0,0.0,EUR
2026-02-24,54423.8828125,54423.8828125,0.0,0.0,EUR
2026-02-25,57526.81640625,57526.81640625,0.0,0.0,EUR
2026-02-26,57148.25,57148.25,0.0,0.0,EUR
2026-02-27,55746.01171875,55746.01171875,0.0,0.0,EUR
2026-02-28,56689.6875,56689.6875,0.0,0.0,EUR
2026-03-01,55904.140625,55904.140625,0.0,0.0,EUR
2026-03-02,58809.47265625,58809.47265625,0.0,0.0,EUR
2026-03-03,58819.1328125,58819.1328125,0.0,0.0,EUR
2026-03-04,62493.14453125,62493.14453125,0.0,0.0,EUR
2026-03-05,61034.8046875,61034.8046875,0.0,0.0,EUR
2026-03-06,58624.63671875,58624.63671875,0.0,0.0,EUR
2026-03-07,57908.72265625,57908.72265625,0.0,0.0,EUR
2026-03-08,57242.8359375,57242.8359375,0.0,0.0,EUR
2026-03-09,58884.87890625,58884.87890625,0.0,0.0,EUR
2026-03-10,60221.0625,60221.0625,0.0,0.0,EUR
2026-03-11,60821.71875,60821.71875,0.0,0.0,EUR
2026-03-12,61186.83984375,61186.83984375,0.0,0.0,EUR
2026-03-13,61894.51171875,61894.51171875,0.0,0.0,EUR
2026-03-14,62122.94140625,62122.94140625,0.0,0.0,EUR
2026-03-15,63652.52734375,63652.52734375,0.0,0.0,EUR
2026-03-16,65105.63671875,65105.63671875,0.0,0.0,EUR
2026-03-17,64061.5859375,64061.5859375,0.0,0.0,EUR
2026-03-18,62152.078125,62152.078125,0.0,0.0,EUR
2026-03-19,60391.71484375,60391.71484375,0.0,0.0,EUR
2026-03-20,60945.6171875,60945.6171875,0.0,0.0,EUR
2026-03-21,59297.98046875,59297.98046875,0.0,0.0,EUR
2026-03-22,58679.0546875,58679.0546875,0.0,0.0,EUR
2026-03-23,61090.31640625,61090.31640625,0.0,0.0,EUR
2026-03-24,60719.26171875,60719.26171875,0.0,0.0,EUR
2026-03-25,61678.76953125,61678.76953125,0.0,0.0,EUR
2026-03-26,59639.859375,59639.859375,0.0,0.0,EUR
2026-03-27,57473.6171875,57473.6171875,0.0,0.0,EUR
2026-03-28,57451.95703125,57451.95703125,0.0,0.0,EUR
2026-03-29,57391.79296875,57391.79296875,0.0,0.0,EUR
2026-03-30,58212.02734375,58212.02734375,0.0,0.0,EUR
2026-03-31,58955.76953125,58955.76953125,0.0,0.0,EUR
2026-04-01,58739.80859375,58739.80859375,0.0,0.0,EUR
2026-04-02,57954.734375,57954.734375,0.0,0.0,EUR
2026-04-03,58092.37890625,58092.37890625,0.0,0.0,EUR
2026-04-04,58409.3828125,58409.3828125,0.0,0.0,EUR
2026-04-05,59933.19921875,59933.19921875,0.0,0.0,EUR
2026-04-06,59668.76171875,59668.76171875,0.0,0.0,EUR
2026-04-07,61560.08984375,61560.08984375,0.0,0.0,EUR
2026-04-08,61001.86328125,61001.86328125,0.0,0.0,EUR
2026-04-09,61383.80859375,61383.80859375,0.0,0.0,EUR
2026-04-10,62213.109375,62213.109375,0.0,0.0,EUR
2026-04-11,62298.41796875,62298.41796875,0.0,0.0,EUR
2026-04-12,60602.34765625,60602.34765625,0.0,0.0,EUR
2026-04-13,63300.24609375,63300.24609375,0.0,0.0,EUR
2026-04-14,62875.66796875,62875.66796875,0.0,0.0,EUR
2026-04-15,63356.68359375,63356.68359375,0.0,0.0,EUR
2026-04-16,63792.359375,63792.359375,0.0,0.0,EUR
2026-04-17,65514.42578125,65514.42578125,0.0,0.0,EUR
2026-04-18,64332.8203125,64332.8203125,0.0,0.0,EUR
2026-04-19,62915.125,62915.125,0.0,0.0,EUR
2026-04-20,64384.2109375,64384.2109375,0.0,0.0,EUR
2026-04-21,65014.3125,65014.3125,0.0,0.0,EUR
2026-04-22,66806.171875,66806.171875,0.0,0.0,EUR
2026-04-23,66990.0859375,66990.0859375,0.0,0.0,EUR
2026-04-24,66072.7890625,66072.7890625,0.0,0.0,EUR
2026-04-25,66204.9140625,66204.9140625,0.0,0.0,EUR
2026-04-26,67195.484375,67195.484375,0.0,0.0,EUR
2026-04-27,65994.65625,65994.65625,0.0,0.0,EUR
2026-04-28,65158.58203125,65158.58203125,0.0,0.0,EUR
2026-04-29,64848.234375,64848.234375,0.0,0.0,EUR
2026-04-30,65056.984375,65056.984375,0.0,0.0,EUR
2026-05-01,66692.0078125,66692.0078125,0.0,0.0,EUR
2026-05-02,67065.0546875,67065.0546875,0.0,0.0,EUR
2026-05-03,66980.1484375,66980.1484375,0.0,0.0,EUR
2026-05-04,68277.125,68277.125,0.0,0.0,EUR
2026-05-05,69080.8671875,69080.8671875,0.0,0.0,EUR
2026-05-06,69314.125,69314.125,0.0,0.0,EUR
2026-05-07,68203.2421875,68203.2421875,0.0,0.0,EUR
2026-05-08,67995.328125,67995.328125,0.0,0.0,EUR
2026-05-09,68436.6796875,68436.6796875,0.0,0.0,EUR
2026-05-10,69802.40625,69802.40625,0.0,0.0,EUR
2026-05-11,69381.6875,69381.6875,0.0,0.0,EUR
2026-05-12,68579.78125,68579.78125,0.0,0.0,EUR
2026-05-13,67665.953125,67665.953125,0.0,0.0,EUR
2026-05-14,69500.5546875,69500.5546875,0.0,0.0,EUR
2026-05-15,68028.1171875,68028.1171875,0.0,0.0,EUR
2026-05-16,67198.265625,67198.265625,0.0,0.0,EUR
2026-05-17,66668.453125,66668.453125,0.0,0.0,EUR
2026-05-18,66027.296875,66027.296875,0.0,0.0,EUR
2026-05-19,66125.203125,66125.203125,0.0,0.0,EUR
2026-05-20,66631.1875,66631.1875,0.0,0.0,EUR
2026-05-21,66737.65625,66737.65625,0.0,0.0,EUR
2026-05-22,65028.44140625,65028.44140625,0.0,0.0,EUR
2026-05-23,66074.9609375,66074.9609375,0.0,0.0,EUR
2026-05-24,66125.40625,66125.40625,0.0,0.0,EUR
2026-05-25,66415.375,66415.375,0.0,0.0,EUR
2026-05-26,65162.96875,65162.96875,0.0,0.0,EUR
2026-05-27,63994.65625,63994.65625,0.0,0.0,EUR
2026-05-28,63108.70703125,63108.70703125,0.0,0.0,EUR
2026-05-29,62913.19921875,62913.19921875,0.0,0.0,EUR
2026-05-30,63236.44140625,63236.44140625,0.0,0.0,EUR
2026-05-31,63162.203125,63162.203125,0.0,0.0,EUR
2026-06-01,61294.70703125,61294.70703125,0.0,0.0,EUR
2026-06-02,57391.828125,57391.828125,0.0,0.0,EUR
2026-06-03,55141.71875,55141.71875,0.0,0.0,EUR
2026-06-04,54942.40625,54942.40625,0.0,0.0,EUR
2026-06-05,52870.515625,52870.515625,0.0,0.0,EUR
2026-06-06,52826.765625,52826.765625,0.0,0.0,EUR
2026-06-07,54885.390625,54885.390625,0.0,0.0,EUR
2026-06-08,54729.00390625,54729.00390625,0.0,0.0,EUR
2026-06-09,53440.2265625,53440.2265625,0.0,0.0,EUR
2026-06-10,53270.6328125,53270.6328125,0.0,0.0,EUR
2026-06-11,54909.3125,54909.3125,0.0,0.0,EUR
2026-06-12,54904.0546875,54904.0546875,0.0,0.0,EUR
2026-06-13,55682.05859375,55682.05859375,0.0,0.0,EUR
2026-06-14,56631.5234375,56631.5234375,0.0,0.0,EUR
2026-06-15,57188.74609375,57188.74609375,0.0,0.0,EUR
2026-06-16,56504.5234375,56504.5234375,0.0,0.0,EUR
2026-06-17,55981.75390625,55981.75390625,0.0,0.0,EUR
2026-06-18,54891.13671875,54891.13671875,0.0,0.0,EUR
2026-06-19,55361.22265625,55361.22265625,0.0,0.0,EUR
2026-06-20,55994.51171875,55994.51171875,0.0,0.0,EUR
2026-06-21,55168.93359375,55168.93359375,0.0,0.0,EUR
2026-06-22,55968.390625,55968.390625,0.0,0.0,EUR
2026-06-23,55072.40625,55072.40625,0.0,0.0,EUR
2026-06-24,53721.890625,53721.890625,0.0,0.0,EUR
2026-06-25,52564.75,52564.75,0.0,0.0,EUR
2026-06-26,52682.421875,52682.421875,0.0,0.0,EUR
2026-06-27,52627.5234375,52627.5234375,0.0,0.0,EUR
2026-06-28,52289.21875,52289.21875,0.0,0.0,EUR
2026-06-29,52657.1640625,52657.1640625,0.0,0.0,EUR
2026-06-30,51308.39453125,51308.39453125,0.0,0.0,EUR
2026-07-01,52738.7421875,52738.7421875,0.0,0.0,EUR
2026-07-02,53827.55078125,53827.55078125,0.0,0.0,EUR
2026-07-03,54664.3203125,54664.3203125,0.0,0.0,EUR
2026-07-04,55163.97265625,55163.97265625,0.0,0.0,EUR
2026-07-05,55564.36328125,55564.36328125,0.0,0.0,EUR
2026-07-06,55932.34765625,55932.34765625,0.0,0.0,EUR
2026-07-07,55516.9453125,55516.9453125,0.0,0.0,EUR
2026-07-08,54508.0,54508.0,0.0,0.0,EUR
2026-07-09,55271.3828125,55271.3828125,0.0,0.0,EUR
2026-07-10,56158.640625,56158.640625,0.0,0.0,EUR
2026-07-11,55890.703125,55890.703125,0.0,0.0,EUR
2026-07-12,55907.22265625,55907.22265625,0.0,0.0,EUR
2026-07-13,54675.57421875,54675.57421875,0.0,0.0,EUR
2026-07-14,56857.3203125,56857.3203125,0.0,0.0,EUR
2026-07-15,56420.00390625,56420.00390625,0.0,0.0,EUR
2026-07-16,55734.796875,55734.796875,0.0,0.0,EUR
2026-07-17,55856.5625,55856.5625,0.0,0.0,EUR
2026-07-18,56655.234375,56655.234375,0.0,0.0,EUR
2026-07-19,56608.59375,56608.59375,0.0,0.0,EUR
2026-07-20,57140.78515625,57140.78515625,0.0,0.0,EUR
2026-07-21,58325.390625,58325.390625,0.0,0.0,EUR
2026-07-22,57924.7265625,57924.7265625,0.0,0.0,EUR
2026-07-23,57177.05859375,57177.05859375,0.0,0.0,EUR
2026-07-24,56344.61328125,56344.61328125,0.0,0.0,EUR
2026-07-25,56530.40234375,56530.40234375,0.0,0.0,EUR
2026-07-26,57341.14453125,57341.14453125,0.0,0.0,EUR
2026-07-27,56051.52734375,56051.52734375,0.0,0.0,EUR
2026-07-28,56094.578125,56094.578125,0.0,0.0,EUR
2026-07-29,55732.26953125,55732.26953125,0.0,0.0,EUR
2026-07-30,56169.26953125,56169.26953125,0.0,0.0,EUR
2026-07-31,54447.8359375,54447.8359375,0.0,0.0,EUR
2026-08-01,54404.125,54404.125,0.0,0.0,EUR
2026-08-02,54991.34375,54991.34375,0.0,0.0,EUR
2026-08-03,55149.359375,55149.359375,0.0,0.0,EUR
2026-08-04,55545.09375,55545.09375,0.0,0.0,EUR
2026-08-05,55894.1484375,55894.1484375,0.0,0.0,EUR
2026-08-06,55763.44921875,55763.44921875,0.0,0.0,EUR
2026-08-07,56119.546875,56119.546875,0.0,0.0,EUR
2026-08-08,56150.796875,56150.796875,0.0,0.0,EUR
2026-08-09,56115.53125,56115.53125,0.0,0.0,EUR
2026-08-10,55351.80859375,55351.80859375,0.0,0.0,EUR
2026-08-11,55054.4140625,55054.4140625,0.0,0.0,EUR
2026-08-12,54996.984375,54996.984375,0.0,0.0,EUR
2026-08-13,54970.37890625,54970.37890625,0.0,0.0,EUR
2026-08-14,54442.40234375,54442.40234375,0.0,0.0,EUR
2026-08-15,54476.8984375,54476.8984375,0.0,0.0,EUR
2026-08-16,54276.5703125,54276.5703125,0.0,0.0,EUR
2026-08-17,55691.66796875,55691.66796875,0.0,0.0,EUR
2026-08-18,55873.52734375,55873.52734375,0.0,0.0,EUR
2026-08-19,59331.40625,59331.40625,0.0,0.0,EUR
2026-08-20,62487.1953125,62487.1953125,0.0,0.0,EUR
