date,close,adj close,dividends,stock splits,currency
2019-05-08,22.343717247458358,14.706584955608264,0.0,0.0,EUR
2019-05-09,22.34171583332295,14.705265633655245,0.0,0.0,EUR
2019-05-10,22.297995674175922,14.676490997869564,0.0,0.0,EUR
2019-05-13,22.106606311696623,14.5505202789044,0.0,0.0,EUR
2019-05-14,22.24072532092987,14.638793434538002,0.0,0.0,EUR
2019-05-15,22.57489513621806,14.85874551167683,0.0,0.0,EUR
2019-05-16,22.812030020688553,15.014828948815875,0.0,0.0,EUR
2019-05-17,22.952400532682304,15.107219164835328,0.0,0.0,EUR
2019-05-20,22.821548887824747,15.021094124770798,0.0,0.0,EUR
2019-05-21,22.83999419414704,15.033232489809961,0.0,0.0,EUR
2019-05-22,22.854319075920102,15.042659450633437,0.0,0.0,EUR
2019-05-23,22.755621955529023,14.977698448022238,0.0,0.0,EUR
2019-05-24,22.743861093403893,14.969956895597079,0.0,0.0,EUR
2019-05-28,22.867080190872002,15.051061677149391,0.0,0.0,EUR
2019-05-29,22.822228695403282,15.02154051699199,0.0,0.0,EUR
2019-05-30,22.938141608281285,15.097834139838142,0.0,0.0,EUR
2019-05-31,22.770339614710338,14.987385866861018,0.0,0.0,EUR
2019-06-03,22.60324711083149,14.877407363949033,0.0,0.0,EUR
2019-06-04,22.49536474634283,14.806400251599712,0.0,0.0,EUR
2019-06-05,22.565235827518563,14.852386850541052,0.0,0.0,EUR
2019-06-06,22.584348983718883,14.864968663113132,0.0,0.0,EUR
2019-06-07,22.663060356835558,14.916773938336974,0.0,0.0,EUR
2019-06-10,22.46170319422697,14.784244294182145,0.0,0.0,EUR
2019-06-11,22.419826857745647,14.756678763976197,0.0,0.0,EUR
2019-06-12,22.495218405952073,14.806302193939018,0.0,0.0,EUR
2019-06-13,22.696434833687704,14.938744857266784,0.0,0.0,EUR
2019-06-14,22.83420858074578,15.029426542693045,0.0,0.0,EUR
2019-06-17,22.956124901771545,15.10967071934283,0.0,0.0,EUR
2019-06-18,23.115291049483858,15.21443283795179,0.0,0.0,EUR
2019-06-19,23.251934269205094,15.304369108168657,0.0,0.0,EUR
2019-06-20,23.12857174197302,15.223173635176067,0.0,0.0,EUR
2019-06-21,22.641547680308804,14.902616091424761,0.0,0.0,EUR
2019-06-24,22.522285493688173,14.824118627869893,0.0,0.0,EUR
2019-06-25,22.526603231317495,14.826960442933682,0.0,0.0,EUR
2019-06-26,22.348348596003916,14.709633733825171,0.0,0.0,EUR
2019-06-27,22.4488402616621,14.7932435372893,0.02637420058250427,0.0,EUR
2019-06-28,22.55792826290758,14.86512911476666,0.0,0.0,EUR
2019-07-01,22.666223651100154,14.936493796496507,0.0,0.0,EUR
2019-07-02,23.030011441650117,15.176217620915395,0.0,0.0,EUR
2019-07-03,23.229321687105653,15.307559939060411,0.0,0.0,EUR
2019-07-05,23.01478334360536,15.166186599359662,0.0,0.0,EUR
2019-07-08,23.0855358682619,15.212809493222721,0.0,0.0,EUR
2019-07-09,23.08300528348809,15.211141434938327,0.0,0.0,EUR
2019-07-10,23.063370162849424,15.198204716254622,0.0,0.0,EUR
2019-07-11,22.76786241926004,15.003469500396704,0.0,0.0,EUR
2019-07-12,22.839590893707282,15.050739304193485,0.0,0.0,EUR
2019-07-15,22.91951916923381,15.103406734782652,0.0,0.0,EUR
2019-07-16,22.93156810944606,15.111347287918647,0.0,0.0,EUR
2019-07-17,23.12198769205429,15.236829548348851,0.0,0.0,EUR
2019-07-18,23.086212055480473,15.213254270837297,0.0,0.0,EUR
2019-07-19,23.006673765086816,15.160841292753503,0.0,0.0,EUR
2019-07-22,23.145200606106755,15.252126228560883,0.0,0.0,EUR
2019-07-23,23.314057753081215,15.363400452526093,0.0,0.0,EUR
2019-07-24,23.627831751109625,15.570165631379496,0.0,0.0,EUR
2019-07-25,23.438325753845675,15.445290078458129,0.0,0.0,EUR
2019-07-26,23.596468894025406,15.54950309607932,0.0,0.0,EUR
2019-07-29,23.59295093727951,15.547180516957383,0.0,0.0,EUR
2019-07-30,23.420866492348523,15.43378442760411,0.0,0.0,EUR
2019-07-31,23.4953039089894,15.482834837637483,0.0,0.0,EUR
2019-08-01,23.867962963792593,15.728410026347433,0.0,0.0,EUR
2019-08-02,23.673014552395102,15.599941298199383,0.0,0.0,EUR
2019-08-05,23.26336034875726,15.32998948862928,0.0,0.0,EUR
2019-08-06,23.342667165156854,15.382252576255269,0.0,0.0,EUR
2019-08-07,23.49425918804741,15.482149251345163,0.0,0.0,EUR
2019-08-08,23.735410734752236,15.641060312966488,0.0,0.0,EUR
2019-08-09,23.566252860873874,15.529591507317718,0.0,0.0,EUR
2019-08-12,23.856893679739755,15.721112997851833,0.0,0.0,EUR
2019-08-13,23.953700020350652,15.78490760140312,0.0,0.0,EUR
2019-08-14,24.382986179869818,16.06779840581885,0.0,0.0,EUR
2019-08-15,24.879519032823964,16.394999001397537,0.0,0.0,EUR
2019-08-16,24.875870788807106,16.392594574726786,0.0,0.0,EUR
2019-08-19,24.713684448116965,16.285717615402177,0.0,0.0,EUR
2019-08-20,24.848517150811404,16.37457076816645,0.0,0.0,EUR
2019-08-21,24.77519569499532,16.326252356730947,0.0,0.0,EUR
2019-08-22,24.656521820913895,16.24804661717053,0.0,0.0,EUR
2019-08-23,24.743737287018575,16.305523932212054,0.0,0.0,EUR
2019-08-26,24.750843231159593,16.31020708126698,0.0,0.0,EUR
2019-08-27,25.164565141887465,16.58283579862723,0.0,0.0,EUR
2019-08-28,25.287555069705718,16.66388712245032,0.0,0.0,EUR
2019-08-29,25.290776955233014,16.666009305699845,0.0,0.0,EUR
2019-08-30,25.472911101401337,16.786031079881468,0.0,0.0,EUR
2019-09-03,25.81022680468368,17.00831381996204,0.0,0.0,EUR
2019-09-04,25.84709812029439,17.032611942970902,0.0,0.0,EUR
2019-09-05,25.21166778263887,16.613876599890546,0.0,0.0,EUR
2019-09-06,25.3264005978383,16.68948538862537,0.0,0.0,EUR
2019-09-09,24.921466445500755,16.422643010480897,0.0,0.0,EUR
2019-09-10,24.503138418100434,16.146976119096053,0.0,0.0,EUR
2019-09-11,24.601972062708683,16.212104538702988,0.0,0.0,EUR
2019-09-12,24.49548569134481,16.141931955394398,0.0,0.0,EUR
2019-09-13,23.92415955808565,15.765439856693774,0.0,0.0,EUR
2019-09-16,24.207367213673592,15.952069244115137,0.0,0.0,EUR
2019-09-17,24.403177887211996,16.081102414527095,0.0,0.0,EUR
2019-09-18,24.39075480008171,16.07291469247116,0.0,0.0,EUR
2019-09-19,24.50360113469219,16.147279904897005,0.0,0.0,EUR
2019-09-20,24.72461586075383,16.29292535818513,0.0,0.0,EUR
2019-09-23,24.867863322681387,16.38731633702264,0.0,0.0,EUR
2019-09-24,25.104326503364405,16.543142764461663,0.0,0.0,EUR
2019-09-25,24.939057906525136,16.4342370712684,0.0,0.0,EUR
2019-09-26,25.232579863280307,16.627658419840373,0.0,0.0,EUR
2019-09-27,25.2299010180119,16.654217546347695,0.043029440581798556,0.0,EUR
2019-09-30,25.313645958738334,16.70949628679159,0.0,0.0,EUR
2019-10-01,25.40263290240432,16.768237015790532,0.0,0.0,EUR
2019-10-02,25.357256533187865,16.73828138579711,0.0,0.0,EUR
2019-10-03,25.438468919402112,16.791891652051504,0.0,0.0,EUR
2019-10-04,25.506173057527803,16.836582133353772,0.0,0.0,EUR
2019-10-07,25.362722786356926,16.741891596146843,0.0,0.0,EUR
2019-10-08,25.38613624393406,16.75734641108761,0.0,0.0,EUR
2019-10-09,25.35650893555794,16.737789557857923,0.0,0.0,EUR
2019-10-10,25.05596276288452,16.539400057747116,0.0,0.0,EUR
2019-10-11,24.855977904987412,16.40739116753457,0.0,0.0,EUR
2019-10-14,24.92746264548191,16.454578544814467,0.0,0.0,EUR
2019-10-15,24.817286375295453,16.381851913707123,0.0,0.0,EUR
2019-10-16,24.75820258141175,16.342847979922226,0.0,0.0,EUR
2019-10-17,24.570802510376666,16.219146794481503,0.0,0.0,EUR
2019-10-18,24.3772374689579,16.0913732262743,0.0,0.0,EUR
2019-10-21,24.24761863506319,16.005814422426738,0.0,0.0,EUR
2019-10-22,24.321735622185656,16.054735598631282,0.0,0.0,EUR
2019-10-23,24.404972873384395,16.109681841719066,0.0,0.0,EUR
2019-10-24,24.47184273564335,16.153820902904727,0.0,0.0,EUR
2019-10-25,24.5155885693066,16.182700340763745,0.0,0.0,EUR
2019-10-28,24.43554490849465,16.129862869530484,0.0,0.0,EUR
2019-10-29,24.402771141594712,16.10822896008449,0.0,0.0,EUR
2019-10-30,24.490733922435084,16.166295358526668,0.0,0.0,EUR
2019-10-31,24.55244448520375,16.207026937767978,0.0,0.0,EUR
2019-11-01,24.50008644568834,16.172465929274836,0.0,0.0,EUR
2019-11-04,24.452446525401683,16.141018942960272,0.0,0.0,EUR
2019-11-05,24.464113862870704,16.148719682679257,0.0,0.0,EUR
2019-11-06,24.665445404105185,16.2816176032145,0.0,0.0,EUR
2019-11-07,24.504091124839192,16.17511351529322,0.0,0.0,EUR
2019-11-08,24.60140366092037,16.239344973151788,0.0,0.0,EUR
2019-11-11,24.586203629156103,16.229316468208594,0.0,0.0,EUR
2019-11-12,24.63876307125588,16.264010171837526,0.0,0.0,EUR
2019-11-13,24.727655745297056,16.322683801054495,0.0,0.0,EUR
2019-11-14,24.76116020759582,16.34480171965879,0.0,0.0,EUR
2019-11-15,24.73572453525162,16.32801149323268,0.0,0.0,EUR
2019-11-18,24.667352418721975,16.282879350268672,0.0,0.0,EUR
2019-11-19,24.674058326236718,16.28730449827458,0.0,0.0,EUR
2019-11-20,24.68862497917371,16.29692025847703,0.0,0.0,EUR
2019-11-21,24.645137729880844,16.26821389712211,0.0,0.0,EUR
2019-11-22,24.775291938317423,16.354131964517364,0.0,0.0,EUR
2019-11-25,25.035011767072092,16.525570442543312,0.0,0.0,EUR
2019-11-26,25.107974453509314,16.573732344362725,0.0,0.0,EUR
2019-11-27,25.121199726389705,16.58246439360346,0.0,0.0,EUR
2019-11-29,25.051398074143094,16.536385881045135,0.0,0.0,EUR
2019-12-02,24.68000601878748,16.291232643580884,0.0,0.0,EUR
2019-12-03,24.674375840278913,16.287515024704362,0.0,0.0,EUR
2019-12-04,24.685967021640295,16.29516592481059,0.0,0.0,EUR
2019-12-05,24.5826186224283,16.226948273812923,0.0,0.0,EUR
2019-12-06,24.668102243872454,16.283372234974195,0.0,0.0,EUR
2019-12-09,24.740281256408707,16.331020588996807,0.0,0.0,EUR
2019-12-10,24.613659463191652,16.24743810542782,0.0,0.0,EUR
2019-12-11,24.6278047943415,16.256774152413982,0.0,0.0,EUR
2019-12-12,24.53246227134514,16.193838707033592,0.0,0.0,EUR
2019-12-13,24.658375023023837,16.276950889258842,0.0,0.0,EUR
2019-12-16,24.814686177450085,16.380134058863405,0.0,0.0,EUR
2019-12-17,24.74101287677513,16.33150364933158,0.0,0.0,EUR
2019-12-18,24.669591970653528,16.284355076827524,0.0,0.0,EUR
2019-12-19,24.788753355205245,16.363015534157057,0.0,0.0,EUR
2019-12-20,24.93181391656094,16.457449526815026,0.0,0.0,EUR
2019-12-23,25.018408959075146,16.514612321640925,0.0,0.0,EUR
2019-12-24,25.010245484257325,16.50922283096247,0.0,0.0,EUR
2019-12-26,25.121097209725917,16.5823941725572,0.0,0.0,EUR
2019-12-27,23.00848893885086,16.54737022311292,2.0628549075126648,0.0,EUR
2019-12-30,22.633973294338034,16.278024231036852,0.0,0.0,EUR
2019-12-31,22.60786264594458,16.25924370993971,0.0,0.0,EUR
2020-01-02,22.868192018182754,16.44647050577362,0.0,0.0,EUR
2020-01-03,22.919164443190994,16.48312620173442,0.0,0.0,EUR
2020-01-06,22.984315398977287,16.529986432483838,0.0,0.0,EUR
2020-01-07,22.874630096901342,16.451100238471213,0.0,0.0,EUR
2020-01-08,22.970506926391067,16.520056424504105,0.0,0.0,EUR
2020-01-09,23.14092683982244,16.642618896198655,0.0,0.0,EUR
2020-01-10,23.14349952423572,16.64446862950672,0.0,0.0,EUR
2020-01-13,23.212888558548457,16.69437138158912,0.0,0.0,EUR
2020-01-14,23.181229799861285,16.671602663208432,0.0,0.0,EUR
2020-01-15,23.229031433190926,16.705980588929037,0.0,0.0,EUR
2020-01-16,23.307323444739723,16.762286954714,0.0,0.0,EUR
2020-01-17,23.433561188391877,16.85307772552062,0.0,0.0,EUR
2020-01-21,23.453328753450023,16.867292710497622,0.0,0.0,EUR
2020-01-22,23.51335623783291,16.91046402143479,0.0,0.0,EUR
2020-01-23,23.552600409124466,16.93868914238101,0.0,0.0,EUR
2020-01-24,23.52011024564115,16.915322352976204,0.0,0.0,EUR
2020-01-27,23.281783702067855,16.743919902357334,0.0,0.0,EUR
2020-01-28,23.395225721763836,16.825504766317408,0.0,0.0,EUR
2020-01-29,23.53173199841285,16.923681015629654,0.0,0.0,EUR
2020-01-30,23.513969180089475,16.910905611086037,0.0,0.0,EUR
2020-01-31,23.193130168881225,16.680159204558322,0.0,0.0,EUR
2020-02-03,23.179870840873832,16.670627790295725,0.0,0.0,EUR
2020-02-04,23.322040324553086,16.772871969364246,0.0,0.0,EUR
2020-02-05,23.40394570398712,16.83177564282778,0.0,0.0,EUR
2020-02-06,23.63594432250784,16.998625838257794,0.0,0.0,EUR
2020-02-07,23.72307751695871,17.06129345917418,0.0,0.0,EUR
2020-02-10,24.020703259073912,17.27533992297515,0.0,0.0,EUR
2020-02-11,24.10877002238817,17.338680294991264,0.0,0.0,EUR
2020-02-12,24.177119001083383,17.387832543705372,0.0,0.0,EUR
2020-02-13,24.2360454158362,17.43021438942219,0.0,0.0,EUR
2020-02-14,24.39150968997717,17.5420166924024,0.0,0.0,EUR
2020-02-18,24.51543858397008,17.631143576321847,0.0,0.0,EUR
2020-02-19,24.79295467314023,17.830732737405583,0.0,0.0,EUR
2020-02-20,24.80366000302547,17.83843181713837,0.0,0.0,EUR
2020-02-21,24.83315203357006,17.85964548400534,0.0,0.0,EUR
2020-02-24,24.297331104356545,17.4742883071317,0.0,0.0,EUR
2020-02-25,23.836782046368626,17.143069507830432,0.0,0.0,EUR
2020-02-26,23.75115667742739,17.081486656753214,0.0,0.0,EUR
2020-02-27,23.124421325425374,16.630748953234615,0.0,0.0,EUR
2020-02-28,22.76846299834301,16.374747801336753,0.0,0.0,EUR
2020-03-02,23.12033323545586,16.627809021489497,0.0,0.0,EUR
2020-03-03,23.08766093381132,16.604310632237116,0.0,0.0,EUR
2020-03-04,23.33757958341198,16.784048365840363,0.0,0.0,EUR
2020-03-05,23.321490462809834,16.77247704728802,0.0,0.0,EUR
2020-03-06,23.347606158230974,16.791258361902237,0.0,0.0,EUR
2020-03-09,22.320352639539465,16.052472307620747,0.0,0.0,EUR
2020-03-10,22.518941589282804,16.195297345793733,0.0,0.0,EUR
2020-03-11,22.33640122038787,16.064015783150126,0.0,0.0,EUR
2020-03-12,21.56903463121489,15.512139160376137,0.0,0.0,EUR
2020-03-13,22.302326818252368,16.0395087806844,0.0,0.0,EUR
2020-03-16,22.303178034917437,16.040119459876223,0.0,0.0,EUR
2020-03-17,21.776897387125018,15.66162651500349,0.0,0.0,EUR
2020-03-18,21.8028722959275,15.680307953865395,0.0,0.0,EUR
2020-03-19,22.205807680300722,15.970094411838431,0.0,0.0,EUR
2020-03-20,23.184948069331767,16.674279378463325,0.0,0.0,EUR
2020-03-23,23.374878559766444,16.810872368962805,0.0,0.0,EUR
2020-03-24,23.51687552175349,16.91299873306434,0.0,0.0,EUR
2020-03-25,23.284132210085772,16.745609612878752,0.0,0.0,EUR
2020-03-26,23.21671270267018,16.69712130729181,0.0,0.0,EUR
2020-03-27,22.95112854166905,16.517224905270268,0.01538704025745392,0.0,EUR
2020-03-30,22.891472917531246,16.47428972336934,0.0,0.0,EUR
2020-03-31,22.979988725521252,16.537993174624717,0.0,0.0,EUR
2020-04-01,23.0153081472414,16.563412034665248,0.0,0.0,EUR
2020-04-02,23.19689346578889,16.69409205547163,0.0,0.0,EUR
2020-04-03,23.280236050607073,16.754072970159086,0.0,0.0,EUR
2020-04-06,23.674566773887364,17.03785928514867,0.0,0.0,EUR
2020-04-07,23.51301649077959,16.92159446632172,0.0,0.0,EUR
2020-04-08,23.296614952687378,16.765861416615735,0.0,0.0,EUR
2020-04-09,23.46262429664182,16.885333730654793,0.0,0.0,EUR
2020-04-13,23.322765331595292,16.784680808752455,0.0,0.0,EUR
2020-04-14,23.418489552030564,16.85356880822974,0.0,0.0,EUR
2020-04-15,23.37013262670098,16.818770664394833,0.0,0.0,EUR
2020-04-16,23.617386313892098,16.99670930065645,0.0,0.0,EUR
2020-04-17,23.68105134195025,17.042525828613634,0.0,0.0,EUR
2020-04-20,23.78584661745208,17.117946145787073,0.0,0.0,EUR
2020-04-21,23.878858433363348,17.184881445416522,0.0,0.0,EUR
2020-04-22,24.01886388881553,17.285640068762405,0.0,0.0,EUR
2020-04-23,24.12290854117623,17.36051781569131,0.0,0.0,EUR
2020-04-24,24.28778221892594,17.47917284709797,0.0,0.0,EUR
2020-04-27,24.15536613735867,17.383876978698254,0.0,0.0,EUR
2020-04-28,24.22665513231277,17.435183084025084,0.0,0.0,EUR
2020-04-29,24.121991553934095,17.359858266083847,0.0,0.0,EUR
2020-04-30,23.820359086183544,17.14278446112735,0.0,0.0,EUR
2020-05-01,23.594237070938107,16.9800519652199,0.0,0.0,EUR
2020-05-04,23.563763746871473,16.95812124439817,0.0,0.0,EUR
2020-05-05,23.653985104801905,17.023048376911447,0.0,0.0,EUR
2020-05-06,23.720816764736355,17.071147067016682,0.0,0.0,EUR
2020-05-07,23.80874484097194,17.134426216955944,0.0,0.0,EUR
2020-05-08,23.72390155712128,17.07336709784431,0.0,0.0,EUR
2020-05-11,23.732599683363446,17.079624761648006,0.0,0.0,EUR
2020-05-12,23.794085663713076,17.123874290065032,0.0,0.0,EUR
2020-05-13,23.822671730526736,17.144446810753607,0.0,0.0,EUR
2020-05-14,23.86433714135933,17.174430766931437,0.0,0.0,EUR
2020-05-15,23.896647522999274,17.19768753340486,0.0,0.0,EUR
2020-05-18,23.454582117102518,16.87954398014142,0.0,0.0,EUR
2020-05-19,23.236566558516415,16.72264751933176,0.0,0.0,EUR
2020-05-20,23.10627445578575,16.628879952736497,0.0,0.0,EUR
2020-05-21,23.058412941062443,16.594434019690425,0.0,0.0,EUR
2020-05-22,23.208459754505157,16.702418861558954,0.0,0.0,EUR
2020-05-26,23.03036495995002,16.574251498294643,0.0,0.0,EUR
2020-05-27,22.97170571295385,16.532034059972943,0.0,0.0,EUR
2020-05-28,22.751501039742948,16.373556725014282,0.0,0.0,EUR
2020-05-29,22.664286309041017,16.31079585445775,0.0,0.0,EUR
2020-06-01,22.493994100910186,16.188237546162327,0.0,0.0,EUR
2020-06-02,22.31720431503868,16.0610067320672,0.0,0.0,EUR
2020-06-03,21.92067357979431,15.775637165334501,0.0,0.0,EUR
2020-06-04,21.742699922132488,15.647556015278951,0.0,0.0,EUR
2020-06-05,21.547260979762086,15.506904587017516,0.0,0.0,EUR
2020-06-08,21.70587493162384,15.621051273181365,0.0,0.0,EUR
2020-06-09,21.71496518422032,15.627597385444005,0.0,0.0,EUR
2020-06-10,21.7168482241741,15.6289485761979,0.0,0.0,EUR
2020-06-11,21.591764810958466,15.538929655495508,0.0,0.0,EUR
2020-06-12,21.76631720210571,15.664549718152557,0.0,0.0,EUR
2020-06-15,21.83609557150021,15.714767066658624,0.0,0.0,EUR
2020-06-16,21.626885188450615,15.564208836957732,0.0,0.0,EUR
2020-06-17,21.67730054686126,15.60048859550534,0.0,0.0,EUR
2020-06-18,21.64921346765709,15.580277217950425,0.0,0.0,EUR
2020-06-19,21.82945077063323,15.709989262030149,0.0,0.0,EUR
2020-06-22,21.96365638664247,15.806572850142402,0.0,0.0,EUR
2020-06-23,21.711609523633,15.625180123290647,0.0,0.0,EUR
2020-06-24,21.57200761214426,15.524715060694803,0.0,0.0,EUR
2020-06-25,21.7538696565299,15.655590868968261,0.0,0.0,EUR
2020-06-26,21.840860944499013,15.718195941167892,0.0,0.0,EUR
2020-06-29,21.852214903617096,15.72636778667129,0.0,0.0,EUR
2020-06-30,21.907670565576154,15.76627931995597,0.0,0.0,EUR
2020-07-01,21.788090451035487,15.680221782423587,0.0,0.0,EUR
2020-07-02,21.770666792632483,15.667683571135967,0.0,0.0,EUR
2020-07-06,21.924564551527283,15.778438512815796,0.0,0.0,EUR
2020-07-07,21.871574754272842,15.740304656223998,0.0,0.0,EUR
2020-07-08,21.981816556128024,15.81964041793799,0.0,0.0,EUR
2020-07-09,21.937262810766697,15.787575913728006,0.0,0.0,EUR
2020-07-10,21.99689744389343,15.830491711405557,0.0,0.0,EUR
2020-07-13,21.8743654933445,15.742311447108818,0.0,0.0,EUR
2020-07-14,21.845672917580487,15.721662009214924,0.0,0.0,EUR
2020-07-15,21.812849082706634,15.698038363428282,0.0,0.0,EUR
2020-07-16,21.717246702379953,15.629238885866016,0.0,0.0,EUR
2020-07-17,21.773828965087887,15.669959031583858,0.0,0.0,EUR
2020-07-20,21.731271714228342,15.63933092175057,0.0,0.0,EUR
2020-07-21,21.863752058472073,15.734671306082873,0.0,0.0,EUR
2020-07-22,21.79204479094028,15.683067402352208,0.0,0.0,EUR
2020-07-23,21.803627140669278,15.691405811576942,0.0,0.0,EUR
2020-07-24,21.761655141744995,15.661196004202793,0.0,0.0,EUR
2020-07-27,21.767735160564712,15.665572420456328,0.0,0.0,EUR
2020-07-28,21.602858921839243,15.546916624347546,0.0,0.0,EUR
2020-07-29,21.756502338802648,15.657489589500301,0.0,0.0,EUR
2020-07-30,21.64668690067515,15.578456790081532,0.0,0.0,EUR
2020-07-31,21.493811048420525,15.468436020433046,0.0,0.0,EUR
2020-08-03,21.779260644457054,15.673865710034306,0.0,0.0,EUR
2020-08-04,22.033741934993827,15.857012124893572,0.0,0.0,EUR
2020-08-05,21.96701455424261,15.80898878146877,0.0,0.0,EUR
2020-08-06,21.86085831593914,15.732591382255578,0.0,0.0,EUR
2020-08-07,21.62256045288086,15.56109283432852,0.0,0.0,EUR
2020-08-10,21.756424359322068,15.657432451488944,0.0,0.0,EUR
2020-08-11,21.44017375519161,15.429836938581616,0.0,0.0,EUR
2020-08-12,21.399835796342245,15.400807160599584,0.0,0.0,EUR
2020-08-13,21.262863578117503,15.302232575391827,0.0,0.0,EUR
2020-08-14,21.207526368941103,15.262407131774012,0.0,0.0,EUR
2020-08-17,21.303424790501595,15.331424116045582,0.0,0.0,EUR
2020-08-18,21.393536990417488,15.396275148661516,0.0,0.0,EUR
2020-08-19,21.00794660786437,15.118772648188497,0.0,0.0,EUR
2020-08-20,21.270738097331787,15.307899580944877,0.0,0.0,EUR
2020-08-21,21.210806077056418,15.264768639125805,0.0,0.0,EUR
2020-08-24,21.370537820674144,15.37972148346671,0.0,0.0,EUR
2020-08-25,21.365821269302387,15.376326392949863,0.0,0.0,EUR
2020-08-26,21.368786787297267,15.378460074014015,0.0,0.0,EUR
2020-08-27,21.216393651009184,15.268789095324792,0.0,0.0,EUR
2020-08-28,21.401681007727802,15.402134067783209,0.0,0.0,EUR
2020-08-31,21.27411223775721,15.3103258808992,0.0,0.0,EUR
2020-09-01,21.308289517450703,15.33492211950761,0.0,0.0,EUR
2020-09-02,21.4497530496335,15.436729923533903,0.0,0.0,EUR
2020-09-03,21.435158476677998,15.42622768102433,0.0,0.0,EUR
2020-09-04,21.268967740807057,15.30662587475581,0.0,0.0,EUR
2020-09-08,21.223631107539177,15.273997735928674,0.0,0.0,EUR
2020-09-09,21.384432494490625,15.38972304176525,0.0,0.0,EUR
2020-09-10,21.281721606615065,15.315803625342596,0.0,0.0,EUR
2020-09-11,21.256920529158492,15.297954855701846,0.0,0.0,EUR
2020-09-14,21.381051391105757,15.3872864272588,0.0,0.0,EUR
2020-09-15,21.272114410996437,15.30889099228034,0.0,0.0,EUR
2020-09-16,21.11966379729347,15.199173776637963,0.0,0.0,EUR
2020-09-17,21.126029009332115,15.203755049827805,0.0,0.0,EUR
2020-09-18,21.01247276971344,15.122033564487083,0.0,0.0,EUR
2020-09-21,20.825570699854097,14.987524276834165,0.0,0.0,EUR
2020-09-22,20.931338112170806,15.063643240564375,0.0,0.0,EUR
2020-09-23,20.849189788951662,15.004523040968706,0.0,0.0,EUR
2020-09-24,20.874817923064825,15.022966843605332,0.0,0.0,EUR
2020-09-25,20.833114954166376,14.99295534392786,0.0,0.0,EUR
2020-09-28,21.194036440837863,15.252697961524746,0.0,0.0,EUR
2020-09-29,21.145948973941813,15.218092456186355,0.0,0.0,EUR
2020-09-30,20.944382527502512,15.07302941239277,0.0,0.0,EUR
2020-10-01,21.09571347140445,15.181939480199844,0.0,0.0,EUR
2020-10-02,21.064377977282334,15.1593882190042,0.0,0.0,EUR
2020-10-05,21.028212901203005,15.133358825623873,0.0,0.0,EUR
2020-10-06,20.79719943093062,14.967108923603178,0.0,0.0,EUR
2020-10-07,20.897726350815446,15.039454837427911,0.0,0.0,EUR
2020-10-08,20.845594354253763,15.001934072681252,0.0,0.0,EUR
2020-10-09,21.043589385582322,15.14442622483341,0.0,0.0,EUR
2020-10-12,21.097012698817252,15.182873029848679,0.0,0.0,EUR
2020-10-13,21.000087649390025,15.113122029608576,0.0,0.0,EUR
2020-10-14,21.013117758498083,15.122497353681865,0.0,0.0,EUR
2020-10-15,20.888145996979233,15.032557009852894,0.0,0.0,EUR
2020-10-16,21.08970412215308,15.177616973502381,0.0,0.0,EUR
2020-10-19,20.91161151757842,15.049445875643869,0.0,0.0,EUR
2020-10-20,20.90686747278596,15.046030266148591,0.0,0.0,EUR
2020-10-21,21.001129624627993,15.11386919682127,0.0,0.0,EUR
2020-10-22,20.955023510433193,15.080689884778053,0.0,0.0,EUR
2020-10-23,21.102792901808698,15.187031185985234,0.0,0.0,EUR
2020-10-26,20.880313097183603,15.026922357543185,0.0,0.0,EUR
2020-10-27,20.93917643502823,15.06928521139821,0.0,0.0,EUR
2020-10-28,20.91883707900422,15.054647233837386,0.0,0.0,EUR
2020-10-29,21.013437595239566,15.12272692447823,0.0,0.0,EUR
2020-10-30,21.05628936110338,15.153568483727895,0.0,0.0,EUR
2020-11-02,21.1258751246271,15.203645353951742,0.0,0.0,EUR
2020-11-03,21.171026505092527,15.236140600303997,0.0,0.0,EUR
2020-11-04,20.897423604236224,15.039233326113049,0.0,0.0,EUR
2020-11-05,21.277317463452846,15.312633122984948,0.0,0.0,EUR
2020-11-06,21.29800806055755,15.327526188211777,0.0,0.0,EUR
2020-11-09,20.811383562559513,14.977316949887154,0.0,0.0,EUR
2020-11-10,20.850874718391424,15.005734823243984,0.0,0.0,EUR
2020-11-11,20.853226645015184,15.007426592728734,0.0,0.0,EUR
2020-11-12,20.929013366940012,15.061971013278935,0.0,0.0,EUR
2020-11-13,21.110030672631183,15.192242096467908,0.0,0.0,EUR
2020-11-16,21.04302778927638,15.144021982117579,0.0,0.0,EUR
2020-11-17,21.088681840773006,15.176877420807159,0.0,0.0,EUR
2020-11-18,21.064320500685312,15.15934764691724,0.0,0.0,EUR
2020-11-19,21.084368368249898,15.173774239762679,0.0,0.0,EUR
2020-11-20,21.05511031802598,15.152716552884158,0.0,0.0,EUR
2020-11-23,20.947243217103278,15.0750915879471,0.0,0.0,EUR
2020-11-24,21.109155780136007,15.191614033800988,0.0,0.0,EUR
2020-11-25,20.952880638594138,15.079146803131493,0.0,0.0,EUR
2020-11-27,21.073352311453164,15.16584899074087,0.0,0.0,EUR
2020-11-30,20.690876680329893,14.890592868605381,0.0,0.0,EUR
2020-12-01,21.000722460535144,15.113576160952675,0.0,0.0,EUR
2020-12-02,20.721563944850914,14.91267515477034,0.0,0.0,EUR
2020-12-03,20.78978445941334,14.961770951952417,0.0,0.0,EUR
2020-12-04,20.76051819340887,14.94070914776205,0.0,0.0,EUR
2020-12-07,20.75922281643045,14.939779022869288,0.0,0.0,EUR
2020-12-08,20.760105817358863,14.940411826246986,0.0,0.0,EUR
2020-12-09,20.71268336845924,14.90628581883368,0.0,0.0,EUR
2020-12-10,20.977329465894513,15.096741076987882,0.0,0.0,EUR
2020-12-11,20.74142868220065,14.926971848150401,0.0,0.0,EUR
2020-12-14,20.750153472898205,14.933249933315551,0.0,0.0,EUR
2020-12-15,20.955811727091714,15.081255256688337,0.0,0.0,EUR
2020-12-16,21.06085719218845,15.15685384909466,0.0,0.0,EUR
2020-12-17,21.12858650586395,15.20559858678871,0.0,0.0,EUR
2020-12-18,20.964359830448302,15.08740645274338,0.0,0.0,EUR
2020-12-21,20.806101508277152,14.97351358757328,0.0,0.0,EUR
2020-12-22,20.58281675175772,14.812822467107253,0.0,0.0,EUR
2020-12-23,20.86627502940246,15.01681837678916,0.0,0.0,EUR
2020-12-24,20.779392759967322,14.954292492740933,0.0,0.0,EUR
2020-12-28,20.819174591452793,14.982920613607348,0.0,0.0,EUR
2020-12-29,20.78546574266511,15.07853308445192,0.1652561950683594,0.0,EUR
2020-12-30,20.958218198930354,15.203853324446868,0.0,0.0,EUR
2020-12-31,20.78066256018792,15.075046192425361,0.0,0.0,EUR
2021-01-04,20.89595266825131,15.158686923221467,0.0,0.0,EUR
2021-01-05,21.423325747299828,15.541258952143835,0.0,0.0,EUR
2021-01-06,21.198715125398166,15.378320838924083,0.0,0.0,EUR
2021-01-07,21.053214691105268,15.272767287810666,0.0,0.0,EUR
2021-01-08,21.394383865495115,15.520264467613629,0.0,0.0,EUR
2021-01-11,21.23712661778643,15.406183505670924,0.0,0.0,EUR
2021-01-12,21.46751270665743,15.573312453926064,0.0,0.0,EUR
2021-01-13,21.302501822473914,15.4536085745533,0.0,0.0,EUR
2021-01-14,21.533418446595192,15.621124101733926,0.0,0.0,EUR
2021-01-15,21.162417017029384,15.351983811872515,0.0,0.0,EUR
2021-01-19,21.555325019181737,15.63701567402859,0.0,0.0,EUR
2021-01-20,21.737610605723262,15.769252565935062,0.0,0.0,EUR
2021-01-21,21.833777131543002,15.839014827401002,0.0,0.0,EUR
2021-01-22,21.54559092802117,15.629952406255256,0.0,0.0,EUR
2021-01-25,21.58438253693089,15.658097083834946,0.0,0.0,EUR
2021-01-26,21.51282841372108,15.606188562597026,0.0,0.0,EUR
2021-01-27,21.1789970086287,15.364014334735657,0.0,0.0,EUR
2021-01-28,21.40425066144371,15.52741917357821,0.0,0.0,EUR
2021-01-29,21.064292392428,15.280802599114622,0.0,0.0,EUR
2021-02-01,21.303449766461426,15.454296053407461,0.0,0.0,EUR
2021-02-02,21.5383674019547,15.624713563045361,0.0,0.0,EUR
2021-02-03,21.769981481290415,15.792735409030797,0.0,0.0,EUR
2021-02-04,21.73488916300812,15.767279364899878,0.0,0.0,EUR
2021-02-05,22.110463753030672,16.039734589538966,0.0,0.0,EUR
2021-02-08,22.0727853267706,16.01240162183376,0.0,0.0,EUR
2021-02-09,22.214949062035885,16.11553099878074,0.0,0.0,EUR
2021-02-10,22.094897567645603,16.028442452779927,0.0,0.0,EUR
2021-02-11,22.175998987197886,16.08727474809018,0.0,0.0,EUR
2021-02-12,22.392110013738147,16.244048166398784,0.0,0.0,EUR
2021-02-16,22.543320484472474,16.353742920918194,0.0,0.0,EUR
2021-02-17,22.525564446374005,16.340862820391635,0.0,0.0,EUR
2021-02-18,22.460150717680676,16.29340892733785,0.0,0.0,EUR
2021-02-19,22.510940029201493,16.33025341622033,0.0,0.0,EUR
2021-02-22,22.554177530274387,16.36161901601463,0.0,0.0,EUR
2021-02-23,22.55564962483959,16.362687634839403,0.0,0.0,EUR
2021-02-24,22.70545594518967,16.47136001544277,0.0,0.0,EUR
2021-02-25,22.61043292462159,16.402429642913603,0.0,0.0,EUR
2021-02-26,21.926873705324397,15.906549847422866,0.0,0.0,EUR
2021-03-01,22.3366284218248,16.203804224295936,0.0,0.0,EUR
2021-03-02,22.296726957773217,16.17485636751485,0.0,0.0,EUR
2021-03-03,22.38639008620339,16.2399024467004,0.0,0.0,EUR
2021-03-04,22.525735481863876,16.340989552737142,0.0,0.0,EUR
2021-03-05,22.903247435147478,16.61484850972306,0.0,0.0,EUR
2021-03-08,22.72667923646418,16.486758454619917,0.0,0.0,EUR
2021-03-09,22.946896608344105,16.646512416973565,0.0,0.0,EUR
2021-03-10,22.935128111967288,16.63797444681245,0.0,0.0,EUR
2021-03-11,23.270053313301105,16.88094152371923,0.0,0.0,EUR
2021-03-12,23.27112909380446,16.88172168967469,0.0,0.0,EUR
2021-03-15,23.29037503021027,16.895686867095492,0.0,0.0,EUR
2021-03-16,23.325949759505875,16.921490399355434,0.0,0.0,EUR
2021-03-17,23.55220622109573,17.085627215935347,0.0,0.0,EUR
2021-03-18,22.9345536407061,16.637558378116637,0.0,0.0,EUR
2021-03-19,23.193020126721763,16.825059433767024,0.0,0.0,EUR
2021-03-22,23.17489498624093,16.811910818841625,0.0,0.0,EUR
2021-03-23,22.583531344432117,16.382916098569922,0.0,0.0,EUR
2021-03-24,22.72004565072291,16.48194908430719,0.0,0.0,EUR
2021-03-25,22.8348775024848,16.565249899701257,0.0,0.0,EUR
2021-03-26,23.26388771862071,16.876467775993547,0.0,0.0,EUR
2021-03-29,23.3041994907544,16.905713863001438,0.0,0.0,EUR
2021-03-30,23.168790749650725,16.80748291596501,0.0,0.0,EUR
2021-03-31,23.40747716311057,16.98063403870151,0.0,0.0,EUR
2021-04-01,23.429447017433176,16.99657361018103,0.0,0.0,EUR
2021-04-05,23.563566621775635,17.093868205401918,0.0,0.0,EUR
2021-04-06,23.394663923082362,16.971340008861716,0.0,0.0,EUR
2021-04-07,23.261301231161724,16.874594720718505,0.0,0.0,EUR
2021-04-08,23.27925031039456,16.887614148502166,0.0,0.0,EUR
2021-04-09,23.255902928319188,16.870676286835305,0.0,0.0,EUR
2021-04-12,23.27883080889137,16.887310935583173,0.0,0.0,EUR
2021-04-13,23.265394781307236,16.87755944666776,0.0,0.0,EUR
2021-04-14,23.30321733298831,16.904999478996956,0.0,0.0,EUR
2021-04-15,23.21773458242444,16.842987833755842,0.0,0.0,EUR
2021-04-16,23.37169441013907,16.954676494447654,0.0,0.0,EUR
2021-04-19,23.69865791381801,17.191869009662696,0.0,0.0,EUR
2021-04-20,22.97329559128343,16.665665825352676,0.0,0.0,EUR
2021-04-21,23.099315241999648,16.757083342750775,0.0,0.0,EUR
2021-04-22,22.971070000088275,16.664049599518762,0.0,0.0,EUR
2021-04-23,23.322990872919718,16.919346594238505,0.0,0.0,EUR
2021-04-26,23.12600622010541,16.776445438034443,0.0,0.0,EUR
2021-04-27,23.291478026172626,16.89648468856126,0.0,0.0,EUR
2021-04-28,23.28063590818192,16.88861729018754,0.0,0.0,EUR
2021-04-29,23.329088253318787,16.923766315973808,0.0,0.0,EUR
2021-04-30,23.136626741088094,16.78415030618271,0.0,0.0,EUR
2021-05-03,23.431628239757742,16.99815480688244,0.0,0.0,EUR
2021-05-04,23.186610628456492,16.820407941487474,0.0,0.0,EUR
2021-05-05,23.537161595104976,17.074714458150538,0.0,0.0,EUR
2021-05-06,23.459412763473892,17.01831003385564,0.0,0.0,EUR
2021-05-07,23.664815255149847,17.167318966317225,0.0,0.0,EUR
2021-05-10,23.440818807188407,17.00482169046336,0.0,0.0,EUR
2021-05-11,23.289809847457718,16.895274864606336,0.0,0.0,EUR
2021-05-12,22.94866094194208,16.647793646820674,0.0,0.0,EUR
2021-05-13,23.090604061015256,16.750765612581745,0.0,0.0,EUR
2021-05-14,23.655960006155965,17.160891156095772,0.0,0.0,EUR
2021-05-17,23.546602169735706,17.081559252879742,0.0,0.0,EUR
2021-05-18,23.509335762685396,17.05452859476941,0.0,0.0,EUR
2021-05-19,23.022747304632958,16.701537482367712,0.0,0.0,EUR
2021-05-20,23.223805470414163,16.847393668916993,0.0,0.0,EUR
2021-05-21,23.186177541471352,16.82009584768491,0.0,0.0,EUR
2021-05-24,23.497042446709543,17.0456102553743,0.0,0.0,EUR
2021-05-25,23.46119904900877,17.019607112641324,0.0,0.0,EUR
2021-05-26,23.39765122950371,16.973507039548963,0.0,0.0,EUR
2021-05-27,23.686508486986554,17.183054587938045,0.0,0.0,EUR
2021-05-28,23.67633227250508,17.17567018864338,0.0,0.0,EUR
2021-06-01,23.36002329741791,16.946210708399235,0.0,0.0,EUR
2021-06-02,23.584502063607033,17.109054514256968,0.0,0.0,EUR
2021-06-03,23.50067369381577,17.048243861626815,0.0,0.0,EUR
2021-06-04,23.786355001913762,17.25549033956895,0.0,0.0,EUR
2021-06-07,23.659622565677637,17.163551683406695,0.0,0.0,EUR
2021-06-08,23.655784209218496,17.160765699920262,0.0,0.0,EUR
2021-06-09,23.881825895069596,17.324744198619896,0.0,0.0,EUR
2021-06-10,23.78344211452668,17.253374468197194,0.0,0.0,EUR
2021-06-11,23.748500095794498,17.228026916473027,0.0,0.0,EUR
2021-06-14,23.86417449207306,17.311940085643982,0.0,0.0,EUR
2021-06-15,24.019487644309947,17.424608917551836,0.0,0.0,EUR
2021-06-16,23.685810630616743,17.182551466356472,0.0,0.0,EUR
2021-06-17,23.619521687921406,17.13446035348511,0.0,0.0,EUR
2021-06-18,23.590216070252836,17.113199940171057,0.0,0.0,EUR
2021-06-21,23.9269013377409,17.357444948568286,0.0,0.0,EUR
2021-06-22,23.945310978741645,17.370797192046666,0.0,0.0,EUR
2021-06-23,23.850742427058208,17.302194821437524,0.0,0.0,EUR
2021-06-24,24.063170114176273,17.456299146256015,0.0,0.0,EUR
2021-06-25,24.03119329290962,17.433100750626636,0.0,0.0,EUR
2021-06-28,23.84494736516274,17.29799211458851,0.0,0.0,EUR
2021-06-29,23.884004354188164,17.326327343159846,0.0,0.0,EUR
2021-06-30,23.939818824004078,17.366812413873618,0.0,0.0,EUR
2021-07-01,24.20979697945404,17.562669962804648,0.0,0.0,EUR
2021-07-02,24.417038301818366,17.71300712602715,0.0,0.0,EUR
2021-07-06,24.111997534105853,17.491719550498033,0.0,0.0,EUR
2021-07-07,24.126975461365873,17.50258442368704,0.0,0.0,EUR
2021-07-08,23.997323501333767,17.408529344510725,0.0,0.0,EUR
2021-07-09,24.10110565044897,17.483817284874817,0.0,0.0,EUR
2021-07-12,24.214687198400497,17.56621554143976,0.0,0.0,EUR
2021-07-13,24.105765601124176,17.48719862425446,0.0,0.0,EUR
2021-07-14,24.32109767290285,17.643410377858686,0.0,0.0,EUR
2021-07-15,24.06252409366448,17.45582576643983,0.0,0.0,EUR
2021-07-16,24.060656539419938,17.4544734769014,0.0,0.0,EUR
2021-07-19,23.404425432246967,16.978421362608742,0.0,0.0,EUR
2021-07-20,23.651321094472337,17.157529792818536,0.0,0.0,EUR
2021-07-21,24.09599654628323,17.48011249406659,0.0,0.0,EUR
2021-07-22,24.184390627890025,17.54423483804294,0.0,0.0,EUR
2021-07-23,24.357118168617717,17.66953628006536,0.0,0.0,EUR
2021-07-26,24.37691972684479,17.683902638513246,0.0,0.0,EUR
2021-07-27,24.149352591499337,17.518817126392605,0.0,0.0,EUR
2021-07-28,24.23639908067082,17.581965826025908,0.0,0.0,EUR
2021-07-29,24.215015262737097,17.56645054788396,0.0,0.0,EUR
2021-07-30,24.13521289735047,17.50856094754795,0.0,0.0,EUR
2021-08-02,24.150922743246838,17.519957587759905,0.0,0.0,EUR
2021-08-03,24.12702433230686,17.502621554875077,0.0,0.0,EUR
2021-08-04,23.86465436956405,17.31228587011219,0.0,0.0,EUR
2021-08-05,24.001044778756523,17.41122786891458,0.0,0.0,EUR
2021-08-06,23.79069533766824,17.258637216547186,0.0,0.0,EUR
2021-08-09,23.62653695989991,17.139546924582874,0.0,0.0,EUR
2021-08-10,23.81571534982072,17.276787314378907,0.0,0.0,EUR
2021-08-11,23.8456145216918,17.29847584501897,0.0,0.0,EUR
2021-08-12,23.887959078829454,17.329194645939992,0.0,0.0,EUR
2021-08-13,23.927550104863258,17.35791622877457,0.0,0.0,EUR
2021-08-16,23.973523365266942,17.391265509772325,0.0,0.0,EUR
2021-08-17,23.68346180388346,17.18084244312456,0.0,0.0,EUR
2021-08-18,23.49924350482695,17.04720694490902,0.0,0.0,EUR
2021-08-19,23.64717987554741,17.154522154426104,0.0,0.0,EUR
2021-08-20,23.824581833176126,17.28321762317057,0.0,0.0,EUR
2021-08-23,24.028966176686254,17.431486449558406,0.0,0.0,EUR
2021-08-24,23.87493861904295,17.319748495452586,0.0,0.0,EUR
2021-08-25,23.923068000016883,17.35466351614741,0.0,0.0,EUR
2021-08-26,23.78464654039476,17.254249740511796,0.0,0.0,EUR
2021-08-27,23.961402183101654,17.382471390453702,0.0,0.0,EUR
2021-08-30,23.908792147156873,17.344309190587865,0.0,0.0,EUR
2021-08-31,23.688416576974305,17.1844394882487,0.0,0.0,EUR
2021-09-01,24.229738295628067,17.577131788284078,0.0,0.0,EUR
2021-09-02,23.80814483319523,17.271294466765312,0.0,0.0,EUR
2021-09-03,23.8201809867096,17.280024685078388,0.0,0.0,EUR
2021-09-07,23.84911406646097,17.301014127583585,0.0,0.0,EUR
2021-09-08,23.83571855816058,17.291297453738252,0.0,0.0,EUR
2021-09-09,23.964595787325948,17.384788585295723,0.0,0.0,EUR
2021-09-10,23.594776946914862,17.116508456300153,0.0,0.0,EUR
2021-09-13,23.800466426407525,17.265724263747984,0.0,0.0,EUR
2021-09-14,23.777607864806555,17.249140664734,0.0,0.0,EUR
2021-09-15,23.936505223887252,17.364411319706505,0.0,0.0,EUR
2021-09-16,23.99831546761459,17.409251505809152,0.0,0.0,EUR
2021-09-17,23.762107247898484,17.23789444161457,0.0,0.0,EUR
2021-09-20,23.663397309035645,17.166290191911685,0.0,0.0,EUR
2021-09-21,23.627038224780563,17.139912540791556,0.0,0.0,EUR
2021-09-22,23.845601749160664,17.298466788683186,0.0,0.0,EUR
2021-09-23,23.948243788152695,17.37292561094,0.0,0.0,EUR
2021-09-24,23.843597181624546,17.297009357349907,0.0,0.0,EUR
2021-09-27,23.761726232767955,17.237618682495736,0.0,0.0,EUR
2021-09-28,23.583380927634153,17.108240794427616,0.0,0.0,EUR
2021-09-29,23.78845979255675,17.25701305046823,0.0,0.0,EUR
2021-09-30,24.054437743973835,17.449962704595237,0.0,0.0,EUR
2021-10-01,24.044284523970987,17.442598613995983,0.0,0.0,EUR
2021-10-04,23.824750205619694,17.2833398447807,0.0,0.0,EUR
2021-10-05,23.945534277618208,17.370958858634822,0.0,0.0,EUR
2021-10-06,23.98223115642395,17.397579432326893,0.0,0.0,EUR
2021-10-07,24.044274396425635,17.442591843280297,0.0,0.0,EUR
2021-10-08,24.196006897353755,17.55266184319521,0.0,0.0,EUR
2021-10-11,24.26499953936434,17.602714032213385,0.0,0.0,EUR
2021-10-12,24.18435936413971,17.54420966656653,0.0,0.0,EUR
2021-10-13,24.293339942607872,17.623271904416697,0.0,0.0,EUR
2021-10-14,24.352600248278804,17.666262330872996,0.0,0.0,EUR
2021-10-15,24.56969519224549,17.82375015407706,0.0,0.0,EUR
2021-10-18,24.402807042758923,17.702683225340706,0.0,0.0,EUR
2021-10-19,24.55513830794075,17.813190276890282,0.0,0.0,EUR
2021-10-20,24.602036088953128,17.84721200239494,0.0,0.0,EUR
2021-10-21,24.64261801454495,17.87665137183876,0.0,0.0,EUR
2021-10-22,24.67110844312083,17.89731748071665,0.0,0.0,EUR
2021-10-25,24.73348933075522,17.94257373552682,0.0,0.0,EUR
2021-10-26,24.806004816184213,17.995179596460957,0.0,0.0,EUR
2021-10-27,24.694271467413728,17.914120984001784,0.0,0.0,EUR
2021-10-28,24.68077737523288,17.904334044471284,0.0,0.0,EUR
2021-10-29,24.881012436615947,18.049590629135196,0.0,0.0,EUR
2021-11-01,25.19320929361868,18.276070862830807,0.0,0.0,EUR
2021-11-02,25.008659720276455,18.142189258612234,0.0,0.0,EUR
2021-11-03,24.867362516248704,18.03968961122382,0.0,0.0,EUR
2021-11-04,24.587303107162484,17.836525255371498,0.0,0.0,EUR
2021-11-05,25.074965802643305,18.190289481576656,0.0,0.0,EUR
2021-11-08,24.991244698238688,18.12955706856883,0.0,0.0,EUR
2021-11-09,25.1218243018875,18.224283791450944,0.0,0.0,EUR
2021-11-10,25.03978373272753,18.164768697348677,0.0,0.0,EUR
2021-11-11,25.274390248635882,18.334964719439995,0.0,0.0,EUR
2021-11-12,25.395564396511077,18.422864549539554,0.0,0.0,EUR
2021-11-15,25.512060842576034,18.50737636362942,0.0,0.0,EUR
2021-11-16,25.80834533283587,18.722312915494626,0.0,0.0,EUR
2021-11-17,25.54856919612007,18.533855929549077,0.0,0.0,EUR
2021-11-18,25.704030522890093,18.646638889158567,0.0,0.0,EUR
2021-11-19,25.23658600756437,18.30753654707621,0.0,0.0,EUR
2021-11-22,25.67104917871802,18.622712106837525,0.0,0.0,EUR
2021-11-23,26.031508902097812,18.88420306807791,0.0,0.0,EUR
2021-11-24,25.953927450296987,18.82792431967232,0.0,0.0,EUR
2021-11-26,24.960678422972478,18.10738324388865,0.0,0.0,EUR
2021-11-29,24.69188885958681,17.912394890765654,0.0,0.0,EUR
2021-11-30,25.129637093101906,18.229952202043478,0.0,0.0,EUR
2021-12-01,24.293289299394132,17.6232358702664,0.0,0.0,EUR
2021-12-02,24.314644636954654,17.638724872640523,0.0,0.0,EUR
2021-12-03,24.460018069094076,17.744186491516302,0.0,0.0,EUR
2021-12-06,24.480751271687495,17.759225085500248,0.0,0.0,EUR
2021-12-07,24.887739505658146,18.054468396309517,0.0,0.0,EUR
2021-12-08,24.985589073536403,18.125451443019642,0.0,0.0,EUR
2021-12-09,24.714456502098074,17.928765290174397,0.0,0.0,EUR
2021-12-10,24.83328629365053,18.01496811857112,0.0,0.0,EUR
2021-12-13,24.797040390039456,17.988673401648157,0.0,0.0,EUR
2021-12-14,24.899410174551008,18.06293901162428,0.0,0.0,EUR
2021-12-15,25.086000323295593,18.198295766756928,0.0,0.0,EUR
2021-12-16,25.02931756383248,18.15717525278785,0.0,0.0,EUR
2021-12-17,24.77735039117306,17.97438872188536,0.0,0.0,EUR
2021-12-20,24.905868580261995,18.067623825989358,0.0,0.0,EUR
2021-12-21,24.9922027742856,18.130251862101204,0.0,0.0,EUR
2021-12-22,24.75819907148525,17.96049504586881,0.0,0.0,EUR
2021-12-23,24.858598712370508,18.033332829410483,0.0,0.0,EUR
2021-12-27,25.097447230818034,18.206600539919236,0.0,0.0,EUR
2021-12-28,25.46329950086499,18.472001149732705,0.0,0.0,EUR
2021-12-29,24.967350840568542,18.112223122596333,0.0,0.0,EUR
2021-12-30,22.746177044718934,18.228230133008765,2.356482801437378,0.0,EUR
2021-12-31,22.778752199696555,18.254335420076814,0.0,0.0,EUR
2022-01-03,22.886617189576896,18.34077538872566,0.0,0.0,EUR
2022-01-04,22.855637342463524,18.315950574647673,0.0,0.0,EUR
2022-01-05,22.847267950146488,18.30924169429636,0.0,0.0,EUR
2022-01-06,22.884170117310532,18.33881397133655,0.0,0.0,EUR
2022-01-07,23.059459940757733,18.479288317986175,0.0,0.0,EUR
2022-01-10,22.60092514403391,18.111829638750123,0.0,0.0,EUR
2022-01-11,22.644354241764972,18.146633473185148,0.0,0.0,EUR
2022-01-12,22.466061321718144,18.003751302832143,0.0,0.0,EUR
2022-01-13,22.15502713986541,17.75449388717641,0.0,0.0,EUR
2022-01-14,22.434966199797373,17.978834171541394,0.0,0.0,EUR
2022-01-18,22.873519021799098,18.33027970220303,0.0,0.0,EUR
2022-01-19,22.975119914294055,18.411699308232073,0.0,0.0,EUR
2022-01-20,23.00897685540008,18.43883230293727,0.0,0.0,EUR
2022-01-21,22.768749496585087,18.246319303651717,0.0,0.0,EUR
2022-01-24,22.608183345037446,18.117645213504716,0.0,0.0,EUR
2022-01-25,22.87151245763016,18.328671086266695,0.0,0.0,EUR
2022-01-26,23.05267510259057,18.473850081335286,0.0,0.0,EUR
2022-01-27,23.168869460563656,18.566966436485927,0.0,0.0,EUR
2022-01-28,23.548874258995056,18.87149190819855,0.0,0.0,EUR
2022-01-31,23.223752240020758,18.610947438864514,0.0,0.0,EUR
2022-02-01,23.072855098862647,18.49001941991287,0.0,0.0,EUR
2022-02-02,23.011442334696312,18.44080575766293,0.0,0.0,EUR
2022-02-03,22.982410481885722,18.417542925090515,0.0,0.0,EUR
2022-02-04,22.963057933919913,18.402032011597385,0.0,0.0,EUR
2022-02-07,22.662300011586012,18.161010230050806,0.0,0.0,EUR
2022-02-08,22.607793637187,18.117333327051938,0.0,0.0,EUR
2022-02-09,22.843360158886526,18.30610880814288,0.0,0.0,EUR
2022-02-10,22.89537113884353,18.347791021771627,0.0,0.0,EUR
2022-02-11,23.406719054489145,18.7575706090239,0.0,0.0,EUR
2022-02-14,23.572254566258835,18.89022791458558,0.0,0.0,EUR
2022-02-15,23.332053329158043,18.697739696290228,0.0,0.0,EUR
2022-02-16,23.20196582885933,18.59348744175668,0.0,0.0,EUR
2022-02-17,22.92692857711029,18.373079515368204,0.0,0.0,EUR
2022-02-18,22.962258191740034,18.401393106485443,0.0,0.0,EUR
2022-02-22,23.24561820276449,18.628470852423106,0.0,0.0,EUR
2022-02-23,23.346886643666267,18.70962795191599,0.0,0.0,EUR
2022-02-24,23.74024801637802,19.024853318776422,0.0,0.0,EUR
2022-02-25,23.9484789706421,19.191726972117067,0.0,0.0,EUR
2022-02-28,23.884151300800227,19.140174836794813,0.0,0.0,EUR
2022-03-01,24.30474358223114,19.47722506926516,0.0,0.0,EUR
2022-03-02,24.703671780553805,19.796919908837936,0.0,0.0,EUR
2022-03-03,24.693257006591807,19.78857121486078,0.0,0.0,EUR
2022-03-04,24.65020800646971,19.754074843662238,0.0,0.0,EUR
2022-03-07,25.850312951424712,20.715808384574302,0.0,0.0,EUR
2022-03-08,26.16583589805623,20.96866171062743,0.0,0.0,EUR
2022-03-09,25.517899546532817,20.449418444665298,0.0,0.0,EUR
2022-03-10,25.31644530315657,20.28797923960849,0.0,0.0,EUR
2022-03-11,25.603907860614754,20.518347476647705,0.0,0.0,EUR
2022-03-14,25.67675225058383,20.576719983218254,0.0,0.0,EUR
2022-03-15,25.38564283651658,20.34343470684871,0.0,0.0,EUR
2022-03-16,24.99689397972145,20.031898835080483,0.0,0.0,EUR
2022-03-17,25.07086848395943,20.091181908130352,0.0,0.0,EUR
2022-03-18,24.901981078050994,19.955837862776775,0.0,0.0,EUR
2022-03-21,25.787968400500176,20.665847207269508,0.0,0.0,EUR
2022-03-22,26.43135177493059,21.181438219089614,0.0,0.0,EUR
2022-03-23,26.655215453952792,21.360837218721827,0.0,0.0,EUR
2022-03-24,26.39395756246472,21.15147190293385,0.0,0.0,EUR
2022-03-25,26.70129400485507,21.39776268566891,0.0,0.0,EUR
2022-03-28,26.612902982579385,21.326929532136774,0.0,0.0,EUR
2022-03-29,26.4338869148678,21.183467994585953,0.0,0.0,EUR
2022-03-30,26.073982569815826,20.895048938307355,0.0,0.0,EUR
2022-03-31,25.616755703719264,20.52864267443738,0.0,0.0,EUR
2022-04-01,26.055878480086335,20.880541589417135,0.0,0.0,EUR
2022-04-04,26.42007278222809,21.172401378889845,0.0,0.0,EUR
2022-04-05,26.895377700160225,21.553296424167,0.0,0.0,EUR
2022-04-06,27.03908663148536,21.66846269946518,0.0,0.0,EUR
2022-04-07,27.17046168789875,21.773742646167193,0.0,0.0,EUR
2022-04-08,27.473941051397333,22.016946458109032,0.0,0.0,EUR
2022-04-11,27.59774823374937,22.116162459035422,0.0,0.0,EUR
2022-04-12,27.769912674430543,22.254128802302716,0.0,0.0,EUR
2022-04-13,28.126361845328347,22.539778580079656,0.0,0.0,EUR
2022-04-14,28.174005308557525,22.577959069246617,0.0,0.0,EUR
2022-04-18,28.681711976592624,22.984822112107167,0.0,0.0,EUR
2022-04-19,29.06011723262054,23.28806610561287,0.0,0.0,EUR
2022-04-20,28.533119472389217,22.865743466341428,0.0,0.0,EUR
2022-04-21,28.774537379882418,23.0592104108523,0.0,0.0,EUR
2022-04-22,28.739727882701118,23.031316857508045,0.0,0.0,EUR
2022-04-25,28.480134577613626,22.823284098609747,0.0,0.0,EUR
2022-04-26,28.756205302910416,23.044517900648657,0.0,0.0,EUR
2022-04-27,29.219383824646002,23.415700797735326,0.0,0.0,EUR
2022-04-28,30.047107896528814,24.07901660086668,0.0,0.0,EUR
2022-04-29,30.102241492519397,24.123201330955908,0.0,0.0,EUR
2022-05-02,30.66639156090946,24.57529772950022,0.0,0.0,EUR
2022-05-03,30.192999013186636,24.195930138825133,0.0,0.0,EUR
2022-05-04,29.810422950617976,23.88934319640157,0.0,0.0,EUR
2022-05-05,30.04948780089569,24.0809273188961,0.0,0.0,EUR
2022-05-06,30.731307967566863,24.62731780963111,0.0,0.0,EUR
2022-05-09,30.354554723030674,24.32540004444502,0.0,0.0,EUR
2022-05-10,29.983536131729124,24.02807217958889,0.0,0.0,EUR
2022-05-11,30.245036379281714,24.237630543888372,0.0,0.0,EUR
2022-05-12,30.171748421254165,24.17890307170444,0.0,0.0,EUR
2022-05-13,30.95500652519854,24.80658564729572,0.0,0.0,EUR
2022-05-16,31.084650854865686,24.910478273791114,0.0,0.0,EUR
2022-05-17,30.558604506797792,24.488921452457134,0.0,0.0,EUR
2022-05-18,30.24311287596322,24.23609414273176,0.0,0.0,EUR
2022-05-19,30.19267311599424,24.195671025955562,0.0,0.0,EUR
2022-05-20,29.842173671139335,23.914787635796415,0.0,0.0,EUR
2022-05-23,29.745069570360556,23.836973225189922,0.0,0.0,EUR
2022-05-24,29.17043430587387,23.37647229190827,0.0,0.0,EUR
2022-05-25,29.096935819591522,23.31757401307914,0.0,0.0,EUR
2022-05-26,29.260903166923526,23.448971949073893,0.0,0.0,EUR
2022-05-27,29.00413166770477,23.243201134960145,0.0,0.0,EUR
2022-05-31,29.061941707332608,23.28953149930885,0.0,0.0,EUR
2022-06-01,29.671778479951854,23.778239358812016,0.0,0.0,EUR
2022-06-02,29.791163903223037,23.873910015486786,0.0,0.0,EUR
2022-06-03,29.894699625692738,23.956883723335523,0.0,0.0,EUR
2022-06-06,30.188198315322097,24.192086250725424,0.0,0.0,EUR
2022-06-07,30.19245040920032,24.195490428227913,0.0,0.0,EUR
2022-06-08,30.564691112289438,24.49379770338419,0.0,0.0,EUR
2022-06-09,30.622373265196984,24.540021448302696,0.0,0.0,EUR
2022-06-10,30.9721844367441,24.820348907338484,0.0,0.0,EUR
2022-06-13,31.773156967465184,25.462231001876717,0.0,0.0,EUR
2022-06-14,31.982264380551896,25.629804979303117,0.0,0.0,EUR
2022-06-15,31.329636177908924,25.106804533525747,0.0,0.0,EUR
2022-06-16,31.206353993305584,25.008009739920226,0.0,0.0,EUR
2022-06-17,30.95709826485154,24.808260074318355,0.0,0.0,EUR
2022-06-21,31.33798653759004,25.1134957457125,0.0,0.0,EUR
2022-06-22,30.78051850041811,24.66675386402767,0.0,0.0,EUR
2022-06-23,30.357462350333208,24.327727758724564,0.0,0.0,EUR
2022-06-24,30.417919158935547,24.37617905377465,0.0,0.0,EUR
2022-06-27,30.493654003303163,24.43686773588206,0.0,0.0,EUR
2022-06-28,30.72519972062014,24.622421477434045,0.0,0.0,EUR
2022-06-29,31.03516582056045,24.87082546936108,0.0,0.0,EUR
2022-06-30,31.014901429748534,24.854583738360816,0.0,0.0,EUR
2022-07-01,30.693825986189267,24.597280063219614,0.0,0.0,EUR
2022-07-05,30.74804017093811,24.64072834282706,0.0,0.0,EUR
2022-07-06,31.30339675562209,25.085779338981865,0.0,0.0,EUR
2022-07-07,31.620556202595708,25.33994034193097,0.0,0.0,EUR
2022-07-08,31.770423401309927,25.46004190055146,0.0,0.0,EUR
2022-07-11,31.998458035865042,25.642779044028885,0.0,0.0,EUR
2022-07-12,32.04769520398713,25.682240629125772,0.0,0.0,EUR
2022-07-13,32.283112030255324,25.870895592602096,0.0,0.0,EUR
2022-07-14,32.52362672815207,26.063639929536066,0.0,0.0,EUR
2022-07-15,32.29710763419416,25.882114771281977,0.0,0.0,EUR
2022-07-18,32.279090853069874,25.867673811164877,0.0,0.0,EUR
2022-07-19,31.847645178454968,25.521925548021727,0.0,0.0,EUR
2022-07-20,31.726078222232445,25.424503303379424,0.0,0.0,EUR
2022-07-21,31.415779327090263,25.175839146214685,0.0,0.0,EUR
2022-07-22,30.98497831835232,24.830606451320136,0.0,0.0,EUR
2022-07-25,31.195372626811604,24.999208361352544,0.0,0.0,EUR
2022-07-26,31.403580122275343,25.166063847686132,0.0,0.0,EUR
2022-07-27,31.36366138051585,25.13407133723831,0.0,0.0,EUR
2022-07-28,30.775889939889908,24.663044209188,0.0,0.0,EUR
2022-07-29,30.65050109818344,24.562563299659814,0.0,0.0,EUR
2022-08-01,30.240253201888095,24.233798118520895,0.0,0.0,EUR
2022-08-02,30.44431640254288,24.397331918225973,0.0,0.0,EUR
2022-08-03,30.93833095314369,24.793220457513826,0.0,0.0,EUR
2022-08-04,30.45981244927293,24.409750373194356,0.0,0.0,EUR
2022-08-05,30.54316541013145,24.476547338228443,0.0,0.0,EUR
2022-08-08,30.941303754063597,24.795604179988686,0.0,0.0,EUR
2022-08-09,30.86011156339987,24.73053874389052,0.0,0.0,EUR
2022-08-10,30.338521828943044,24.31254909539871,0.0,0.0,EUR
2022-08-11,30.2695437521038,24.257271293964322,0.0,0.0,EUR
2022-08-12,30.06768557692908,24.0955074394617,0.0,0.0,EUR
2022-08-15,30.37125037074088,24.338776182242555,0.0,0.0,EUR
2022-08-16,30.682990771435925,24.58859761311055,0.0,0.0,EUR
2022-08-17,30.745289262004462,24.638522651134735,0.0,0.0,EUR
2022-08-18,30.981742378957733,24.828012046752747,0.0,0.0,EUR
2022-08-19,31.54639461406498,25.280513307750084,0.0,0.0,EUR
2022-08-22,31.788030673412322,25.474153641941484,0.0,0.0,EUR
2022-08-23,32.12445544309503,25.743752733160363,0.0,0.0,EUR
2022-08-24,32.00590693824006,25.648754374593864,0.0,0.0,EUR
2022-08-25,31.72805334665486,25.426085702411456,0.0,0.0,EUR
2022-08-26,31.87152636487349,25.54106457259263,0.0,0.0,EUR
2022-08-29,32.116947575086215,25.737739204905665,0.0,0.0,EUR
2022-08-30,32.01511756704713,25.656133645657974,0.0,0.0,EUR
2022-08-31,32.00977522871494,25.651854261675226,0.0,0.0,EUR
2022-09-01,32.4731851994743,26.023214732483666,0.0,0.0,EUR
2022-09-02,32.72600831481668,26.22582487826594,0.0,0.0,EUR
2022-09-06,33.14835243434709,26.564280173294264,0.0,0.0,EUR
2022-09-07,33.09775566754752,26.52373176958349,0.0,0.0,EUR
2022-09-08,32.9041416916607,26.368572063474858,0.0,0.0,EUR
2022-09-09,32.740662114892984,26.237567210071916,0.0,0.0,EUR
2022-09-12,32.23978980510219,25.83618220912558,0.0,0.0,EUR
2022-09-13,32.54831410456063,26.08342264792668,0.0,0.0,EUR
2022-09-14,32.989272364927274,26.43679666551725,0.0,0.0,EUR
2022-09-15,33.062815212902024,26.49573345573117,0.0,0.0,EUR
2022-09-16,32.9485058365467,26.404123974794175,0.0,0.0,EUR
2022-09-19,32.91643435163519,26.378426685142358,0.0,0.0,EUR
2022-09-20,33.12200179574393,26.54316403163091,0.0,0.0,EUR
2022-09-21,33.49786503762061,26.844372775520924,0.0,0.0,EUR
2022-09-22,34.04635532097018,27.283918580792488,0.0,0.0,EUR
2022-09-23,34.38482581384278,27.555157382672633,0.0,0.0,EUR
2022-09-26,35.418237819442766,28.383307358090633,0.0,0.0,EUR
2022-09-27,35.91129918699653,28.778438460294637,0.0,0.0,EUR
2022-09-28,35.24314679530562,28.242997230501487,0.0,0.0,EUR
2022-09-29,34.877834018934664,27.95024557535271,0.0,0.0,EUR
2022-09-30,34.52851633074806,27.670308384655073,0.0,0.0,EUR
2022-10-03,34.25004340917894,27.44714830159296,0.0,0.0,EUR
2022-10-04,33.482270071226594,26.831873781281956,0.0,0.0,EUR
2022-10-05,33.292188027156044,26.67954287516386,0.0,0.0,EUR
2022-10-06,33.9219077252792,27.184189736359713,0.0,0.0,EUR
2022-10-07,34.70205676206024,27.809378199723824,0.0,0.0,EUR
2022-10-10,35.17201489248964,28.185992869904567,0.0,0.0,EUR
2022-10-11,35.34479556126098,28.324452533136537,0.0,0.0,EUR
2022-10-12,35.29836064758456,28.287243269210194,0.0,0.0,EUR
2022-10-13,35.23903451669048,28.23970004595708,0.0,0.0,EUR
2022-10-14,35.44128345176705,28.401779324649397,0.0,0.0,EUR
2022-10-17,35.04331928608053,28.082859221817216,0.0,0.0,EUR
2022-10-18,34.53039884567261,27.671817622008348,0.0,0.0,EUR
2022-10-19,35.07747931758877,28.110235870802853,0.0,0.0,EUR
2022-10-20,35.621831424668926,28.546464741184536,0.0,0.0,EUR
2022-10-21,35.20846085999983,28.215199339776063,0.0,0.0,EUR
2022-10-24,35.11125528250432,28.137298801705583,0.0,0.0,EUR
2022-10-25,34.58249891492733,27.7135708396479,0.0,0.0,EUR
2022-10-26,33.84274390188148,27.120749541918258,0.0,0.0,EUR
2022-10-27,33.501993142968786,26.847680743566343,0.0,0.0,EUR
2022-10-28,34.12988423256911,27.35085457188029,0.0,0.0,EUR
2022-10-31,34.4249028691479,27.587275492891195,0.0,0.0,EUR
2022-11-01,34.45169142156601,27.608740189833497,0.0,0.0,EUR
2022-11-02,34.784689419660936,27.875602135125064,0.0,0.0,EUR
2022-11-03,35.223720131109985,28.227425871692276,0.0,0.0,EUR
2022-11-04,35.047481874889854,28.086197277766587,0.0,0.0,EUR
2022-11-07,34.45528347551044,27.61162113808723,0.0,0.0,EUR
2022-11-08,33.63731800175856,26.956124759759632,0.0,0.0,EUR
2022-11-09,33.5487638462223,26.885160110669062,0.0,0.0,EUR
2022-11-10,32.43662416934967,25.993918501569624,0.0,0.0,EUR
2022-11-11,31.406290313666887,25.168232218981984,0.0,0.0,EUR
2022-11-14,31.107946195600334,24.929147761104446,0.0,0.0,EUR
2022-11-15,30.82579820199146,24.70303974242927,0.0,0.0,EUR
2022-11-16,30.488910573972703,24.43306563501642,0.0,0.0,EUR
2022-11-17,30.610840100917812,24.530778296944618,0.0,0.0,EUR
2022-11-18,30.863577015883266,24.73331329011421,0.0,0.0,EUR
2022-11-21,31.12023741483881,24.938997230027326,0.0,0.0,EUR
2022-11-22,31.17407863528365,24.982144730815435,0.0,0.0,EUR
2022-11-23,30.617532063989074,24.53614087604535,0.0,0.0,EUR
2022-11-25,30.303316801651363,24.284338350155622,0.0,0.0,EUR
2022-11-28,30.53765343253326,24.472124957879714,0.0,0.0,EUR
2022-11-29,30.670217584759712,24.578361417469864,0.0,0.0,EUR
2022-11-30,30.258126390021516,24.2481237877073,0.0,0.0,EUR
2022-12-01,29.648872614171978,23.75988268039646,0.0,0.0,EUR
2022-12-02,29.263646457773575,23.451168800987944,0.0,0.0,EUR
2022-12-05,29.513897814353186,23.6517167125603,0.0,0.0,EUR
2022-12-06,29.627727114976892,23.74293714079215,0.0,0.0,EUR
2022-12-07,29.45836865456772,23.607218339881456,0.0,0.0,EUR
2022-12-08,29.305854713763438,23.484993462499006,0.0,0.0,EUR
2022-12-09,29.39488169586184,23.556338469020375,0.0,0.0,EUR
2022-12-12,29.461470425128937,23.60970548246121,0.0,0.0,EUR
2022-12-13,29.16975773870945,23.37593206427414,0.0,0.0,EUR
2022-12-14,28.880211984612288,23.143895138051448,0.0,0.0,EUR
2022-12-15,28.736421615818017,23.028666148448906,0.0,0.0,EUR
2022-12-16,29.03982038410186,23.271802397170177,0.0,0.0,EUR
2022-12-19,29.182708623168764,23.386310643051843,0.0,0.0,EUR
2022-12-20,29.289888784991263,23.472202851611428,0.0,0.0,EUR
2022-12-21,29.133358666076674,23.346760127096786,0.0,0.0,EUR
2022-12-22,29.3777249232769,23.54259061823427,0.0,0.0,EUR
2022-12-23,29.36813266412355,23.534905120235635,0.0,0.0,EUR
2022-12-27,29.313298363141826,23.490960346176507,0.0,0.0,EUR
2022-12-28,27.441519916850098,23.698238571169213,2.1124047319293022,0.0,EUR
2022-12-29,27.311424969912537,23.58589188129372,0.0,0.0,EUR
2022-12-30,27.305762508232874,23.581000788035908,0.0,0.0,EUR
2023-01-03,27.19683188349609,23.48693070734589,0.0,0.0,EUR
2023-01-04,27.325682108728415,23.598202760732534,0.0,0.0,EUR
2023-01-05,27.219503646197722,23.50650798587003,0.0,0.0,EUR
2023-01-06,27.085545390844345,23.390823533692696,0.0,0.0,EUR
2023-01-09,26.716531603307544,23.072149216623416,0.0,0.0,EUR
2023-01-10,26.646333716083518,23.011524097159054,0.0,0.0,EUR
2023-01-11,26.464420265670014,22.854424946183826,0.0,0.0,EUR
2023-01-12,26.342186428989407,22.74886667050714,0.0,0.0,EUR
2023-01-13,26.150436121639245,22.583272259849082,0.0,0.0,EUR
2023-01-17,26.29700690917207,22.709850156938046,0.0,0.0,EUR
2023-01-18,26.210686482253095,22.6353041497498,0.0,0.0,EUR
2023-01-19,26.37561320826262,22.777733824455936,0.0,0.0,EUR
2023-01-20,26.26943349017256,22.686035565389602,0.0,0.0,EUR
2023-01-23,26.19401385205765,22.62090387561625,0.0,0.0,EUR
2023-01-24,26.162620983772285,22.59379669601367,0.0,0.0,EUR
2023-01-25,26.110964348456946,22.549184074180857,0.0,0.0,EUR
2023-01-26,26.075717258950817,22.518746476767774,0.0,0.0,EUR
2023-01-27,26.086718804533007,22.528245509454678,0.0,0.0,EUR
2023-01-30,26.141852251136015,22.57585823645809,0.0,0.0,EUR
2023-01-31,25.961471624353408,22.420082427373927,0.0,0.0,EUR
2023-02-01,26.03824488442001,22.48638485477977,0.0,0.0,EUR
2023-02-02,25.53380361706388,22.05075437862945,0.0,0.0,EUR
2023-02-03,25.80437931954384,22.284419720309756,0.0,0.0,EUR
2023-02-06,26.17029045828781,22.600418572305216,0.0,0.0,EUR
2023-02-07,26.493917978485115,22.879899239662336,0.0,0.0,EUR
2023-02-08,26.29143782047231,22.705041045845064,0.0,0.0,EUR
2023-02-09,26.48421526554489,22.87152189799849,0.0,0.0,EUR
2023-02-10,26.316542795259465,22.726718208426746,0.0,0.0,EUR
2023-02-13,26.597451472652438,22.969310539643175,0.0,0.0,EUR
2023-02-14,26.65319851424408,23.0174524725212,0.0,0.0,EUR
2023-02-15,26.593467129897135,22.965869059089187,0.0,0.0,EUR
2023-02-16,26.76828657204055,23.11683856622267,0.0,0.0,EUR
2023-02-17,26.758533756806173,23.10842073630579,0.0,0.0,EUR
2023-02-21,26.74437688870239,23.096195792299113,0.0,0.0,EUR
2023-02-22,26.727351319500144,23.081493023304006,0.0,0.0,EUR
2023-02-23,26.711789615339853,23.06805149021102,0.0,0.0,EUR
2023-02-24,26.882309591572948,23.21531244941434,0.0,0.0,EUR
2023-02-27,27.13468182910765,23.43325810950705,0.0,0.0,EUR
2023-02-28,26.745310602844256,23.097001402096794,0.0,0.0,EUR
2023-03-01,27.04846754319078,23.35880345232181,0.0,0.0,EUR
2023-03-02,26.919256115097028,23.247217429184275,0.0,0.0,EUR
2023-03-03,26.934640078200346,23.26050282079325,0.0,0.0,EUR
2023-03-06,27.03694124952449,23.348849557701215,0.0,0.0,EUR
2023-03-07,26.5242598675394,22.906101464139397,0.0,0.0,EUR
2023-03-08,26.945953738852495,23.27027308540039,0.0,0.0,EUR
2023-03-09,26.712104394036487,23.06832217068677,0.0,0.0,EUR
2023-03-10,25.810843582321922,22.290002956324997,0.0,0.0,EUR
2023-03-13,24.79490476761589,21.412651702709127,0.0,0.0,EUR
2023-03-14,25.23074318204499,21.789036095263782,0.0,0.0,EUR
2023-03-15,24.32031475999088,21.002798261678436,0.0,0.0,EUR
2023-03-16,24.954280885523985,21.550284909366383,0.0,0.0,EUR
2023-03-17,24.40142520489121,21.07284375301947,0.0,0.0,EUR
2023-03-20,24.553193364878098,21.203908719926403,0.0,0.0,EUR
2023-03-21,24.72211566567421,21.349788489165235,0.0,0.0,EUR
2023-03-22,24.215172340037725,20.91199824297746,0.0,0.0,EUR
2023-03-23,23.881381470553606,20.623735362031766,0.0,0.0,EUR
2023-03-24,23.71930176100159,20.483769226122604,0.0,0.0,EUR
2023-03-27,24.447530346388817,21.11265980794269,0.0,0.0,EUR
2023-03-28,24.372929711867528,21.048235051533993,0.0,0.0,EUR
2023-03-29,24.447575598955154,21.11269824836552,0.0,0.0,EUR
2023-03-30,24.456745062023174,21.120615835028957,0.0,0.0,EUR
2023-03-31,24.1181510485344,20.828210962798266,0.0,0.0,EUR
2023-04-03,24.20548530673409,20.903632657746584,0.0,0.0,EUR
2023-04-04,23.83556460910893,20.584170055425716,0.0,0.0,EUR
2023-04-05,23.585540535411837,20.368255374203727,0.0,0.0,EUR
2023-04-06,23.699156672233585,20.466371134670226,0.0,0.0,EUR
2023-04-10,23.933495181880176,20.668740234875145,0.0,0.0,EUR
2023-04-11,24.05852223705483,20.776716713533915,0.0,0.0,EUR
2023-04-12,24.062269983564192,20.779953563558706,0.0,0.0,EUR
2023-04-13,23.954785243763922,20.687129720594385,0.0,0.0,EUR
2023-04-14,23.971900641918182,20.701909792406923,0.0,0.0,EUR
2023-04-17,24.25682964770317,20.94797119693476,0.0,0.0,EUR
2023-04-18,24.42020458974457,21.08905954026727,0.0,0.0,EUR
2023-04-19,24.272502939106744,20.961504429388356,0.0,0.0,EUR
2023-04-20,24.287396600460056,20.974368819138363,0.0,0.0,EUR
2023-04-21,24.245899738883963,20.938532517131534,0.0,0.0,EUR
2023-04-24,24.23520710255889,20.929296096982057,0.0,0.0,EUR
2023-04-25,23.79854418340301,20.552200390580765,0.0,0.0,EUR
2023-04-26,24.019907134484697,20.743365578942985,0.0,0.0,EUR
2023-04-27,24.046638605033877,20.76645227100198,0.0,0.0,EUR
2023-04-28,24.07531081427385,20.79121217255215,0.0,0.0,EUR
2023-05-01,24.35765584409637,21.0350420755276,0.0,0.0,EUR
2023-05-02,24.26785725688285,20.957493761020828,0.0,0.0,EUR
2023-05-03,24.085199533396917,20.799752598509258,0.0,0.0,EUR
2023-05-04,23.88668928711013,20.62832028943376,0.0,0.0,EUR
2023-05-05,24.11337536804581,20.824083306137027,0.0,0.0,EUR
2023-05-08,24.140829742450705,20.847795049741762,0.0,0.0,EUR
2023-05-09,24.29943457148056,20.984764797885873,0.0,0.0,EUR
2023-05-10,24.15941032337207,20.863844545709185,0.0,0.0,EUR
2023-05-11,24.062136233526417,20.77983254863227,0.0,0.0,EUR
2023-05-12,24.35817849916191,21.03549297890811,0.0,0.0,EUR
2023-05-15,24.64825227856636,21.2859980213193,0.0,0.0,EUR
2023-05-16,24.47188754601575,21.133695570965642,0.0,0.0,EUR
2023-05-17,24.572811381830206,21.220851771823845,0.0,0.0,EUR
2023-05-18,24.643980110174198,21.282310766197952,0.0,0.0,EUR
2023-05-19,24.8436319641678,21.454728533007255,0.0,0.0,EUR
2023-05-22,24.790383266049957,21.40874174268538,0.0,0.0,EUR
2023-05-23,24.76171461545505,21.383985475739678,0.0,0.0,EUR
2023-05-24,24.698897763645164,21.32973737955399,0.0,0.0,EUR
2023-05-25,24.829615159114837,21.442623458506205,0.0,0.0,EUR
2023-05-26,25.008308620801927,21.596939682676748,0.0,0.0,EUR
2023-05-30,25.084823498918922,21.66302037831997,0.0,0.0,EUR
2023-05-31,24.885705912654885,21.49106290873351,0.0,0.0,EUR
2023-06-01,24.936450134921074,21.534885785655888,0.0,0.0,EUR
2023-06-02,24.849482060163496,21.45978136128315,0.0,0.0,EUR
2023-06-05,24.9004077546997,21.503757101323572,0.0,0.0,EUR
2023-06-06,24.925785717334747,21.52567713090093,0.0,0.0,EUR
2023-06-07,25.041953905091304,21.625998201289462,0.0,0.0,EUR
2023-06-08,24.95460841900865,21.5505668148694,0.0,0.0,EUR
2023-06-09,24.891684716592408,21.496226835253538,0.0,0.0,EUR
2023-06-12,25.11404925584793,21.688256706848392,0.0,0.0,EUR
2023-06-13,25.1602984744751,21.728199612973867,0.0,0.0,EUR
2023-06-14,25.006142972819134,21.595069168086525,0.0,0.0,EUR
2023-06-15,24.965306482796677,21.559804243320627,0.0,0.0,EUR
2023-06-16,24.968141341246223,21.562253526223003,0.0,0.0,EUR
2023-06-20,24.93522378950729,21.533828660671134,0.0,0.0,EUR
2023-06-21,24.98999925526732,21.58113219120787,0.0,0.0,EUR
2023-06-22,25.01674935221672,21.604230999761626,0.0,0.0,EUR
2023-06-23,25.093750655651093,21.670728605955674,0.0,0.0,EUR
2023-06-26,25.2414316739048,21.798262074678178,0.0,0.0,EUR
2023-06-27,25.315111234487517,21.861893872448718,0.0,0.0,EUR
2023-06-28,25.28012801896284,21.831683418973626,0.0,0.0,EUR
2023-06-29,25.3851308589401,21.922362995485855,0.0,0.0,EUR
2023-06-30,25.423191526208484,21.955232860277647,0.0,0.0,EUR
2023-07-03,25.367856682151796,21.907440561653857,0.0,0.0,EUR
2023-07-05,25.429615720733636,21.96077717574235,0.0,0.0,EUR
2023-07-06,25.514471268062607,22.03406006919795,0.0,0.0,EUR
2023-07-07,25.23268472838822,21.7907100928727,0.0,0.0,EUR
2023-07-10,24.99607189696121,21.58637515613009,0.0,0.0,EUR
2023-07-11,24.895638906059276,21.499639754157897,0.0,0.0,EUR
2023-07-12,24.650299602106088,21.287767984917764,0.0,0.0,EUR
2023-07-13,24.28991086040878,20.97653892608878,0.0,0.0,EUR
2023-07-14,24.297298221755227,20.982919628591844,0.0,0.0,EUR
2023-07-17,24.35037043452644,21.028752674365705,0.0,0.0,EUR
2023-07-18,24.36463952366296,21.041073018435213,0.0,0.0,EUR
2023-07-19,24.356815555666913,21.034317251974812,0.0,0.0,EUR
2023-07-20,24.497479258372323,21.155794480118516,0.0,0.0,EUR
2023-07-21,24.674291185386664,21.308486661467896,0.0,0.0,EUR
2023-07-24,24.691409535124762,21.323271289156537,0.0,0.0,EUR
2023-07-25,24.775899609685894,21.396234358588345,0.0,0.0,EUR
2023-07-26,24.840603940679557,21.452113753762433,0.0,0.0,EUR
2023-07-27,24.77801802480508,21.39806514085717,0.0,0.0,EUR
2023-07-28,25.121242612249375,21.69446591549331,0.0,0.0,EUR
2023-07-31,24.972188550214582,21.565746255138833,0.0,0.0,EUR
2023-08-01,25.20551861077422,21.767248395587444,0.0,0.0,EUR
2023-08-02,25.19104061384087,21.75474740373511,0.0,0.0,EUR
2023-08-03,25.419969024759666,21.952447163548868,0.0,0.0,EUR
2023-08-04,25.147050725541703,21.716759401112085,0.0,0.0,EUR
2023-08-07,25.157521372640986,21.72579905358498,0.0,0.0,EUR
2023-08-08,25.156414318872066,21.724843012353062,0.0,0.0,EUR
2023-08-09,25.248875729322435,21.804689738644356,0.0,0.0,EUR
2023-08-10,25.296803980232426,21.846083271142675,0.0,0.0,EUR
2023-08-11,25.44244444960748,21.971858805943725,0.0,0.0,EUR
2023-08-14,25.437686487382507,21.96774847558686,0.0,0.0,EUR
2023-08-15,25.499811412513736,22.021398301800673,0.0,0.0,EUR
2023-08-16,25.522335916527368,22.040847093996604,0.0,0.0,EUR
2023-08-17,25.591076474963188,22.100210787923174,0.0,0.0,EUR
2023-08-18,25.600829741603093,22.10863746625762,0.0,0.0,EUR
2023-08-21,25.74571943283081,22.233762559018487,0.0,0.0,EUR
2023-08-22,25.618554328351593,22.12394148325643,0.0,0.0,EUR
2023-08-23,25.46398436551783,21.990459319422143,0.0,0.0,EUR
2023-08-24,25.474457172872917,21.999501832437204,0.0,0.0,EUR
2023-08-25,25.73354082127571,22.223245807648482,0.0,0.0,EUR
2023-08-28,25.700663164258003,22.194855131161262,0.0,0.0,EUR
2023-08-29,25.495225162025463,22.01743613388794,0.0,0.0,EUR
2023-08-30,25.521631929104615,22.0402433167842,0.0,0.0,EUR
2023-08-31,25.264013985334373,21.817766764816724,0.0,0.0,EUR
2023-09-01,25.562275382084636,22.075340182066384,0.0,0.0,EUR
2023-09-05,25.920671738698957,22.384849048038404,0.0,0.0,EUR
2023-09-06,26.113722417356485,22.551566840708347,0.0,0.0,EUR
2023-09-07,25.94131577287635,22.402677332231292,0.0,0.0,EUR
2023-09-08,26.126821879449835,22.56287758005169,0.0,0.0,EUR
2023-09-11,26.151991429219265,22.584616293039517,0.0,0.0,EUR
2023-09-12,26.138619813518517,22.573067309387852,0.0,0.0,EUR
2023-09-13,26.103696184078217,22.542908329878628,0.0,0.0,EUR
2023-09-14,26.317699283361435,22.727719802717957,0.0,0.0,EUR
2023-09-15,26.614230900210373,22.983801793364478,0.0,0.0,EUR
2023-09-18,26.536660779193312,22.91681295971273,0.0,0.0,EUR
2023-09-19,26.56024773207855,22.93718173695106,0.0,0.0,EUR
2023-09-20,26.474323050048838,22.862977881791494,0.0,0.0,EUR
2023-09-21,26.715401718709927,23.07116953097045,0.0,0.0,EUR
2023-09-22,26.609642714639676,22.97983619508841,0.0,0.0,EUR
2023-09-25,26.82069627199553,23.162100574170836,0.0,0.0,EUR
2023-09-26,27.077935976624303,23.38425251803642,0.0,0.0,EUR
2023-09-27,27.37125257516709,23.637556991266138,0.0,0.0,EUR
2023-09-28,27.509909791221617,23.757302634967346,0.0,0.0,EUR
2023-09-29,27.361074211645132,23.628769610552354,0.0,0.0,EUR
2023-10-02,27.420104446787832,23.679744361461417,0.0,0.0,EUR
2023-10-03,27.793805922022443,24.00246914882871,0.0,0.0,EUR
2023-10-04,27.45337575674057,23.708477389010568,0.0,0.0,EUR
2023-10-05,27.333972906825238,23.605362965881795,0.0,0.0,EUR
2023-10-06,27.430558570899393,23.688773092911333,0.0,0.0,EUR
2023-10-09,27.12095870837402,23.42140765115346,0.0,0.0,EUR
2023-10-10,27.129537165140164,23.428815522550167,0.0,0.0,EUR
2023-10-11,26.874644368886948,23.208691384736653,0.0,0.0,EUR
2023-10-12,27.022999901327694,23.336811037639904,0.0,0.0,EUR
2023-10-13,27.143117015003213,23.44054149880094,0.0,0.0,EUR
2023-10-16,27.37238258329012,23.638533960588347,0.0,0.0,EUR
2023-10-17,27.62851732340164,23.859728525847345,0.0,0.0,EUR
2023-10-18,27.456574834919934,23.711241950959447,0.0,0.0,EUR
2023-10-19,27.631968340904223,23.862707632042657,0.0,0.0,EUR
2023-10-20,27.32727788545799,23.59958086170036,0.0,0.0,EUR
2023-10-23,27.120007643805707,23.420584568943923,0.0,0.0,EUR
2023-10-24,26.823236539128857,23.164292836968798,0.0,0.0,EUR
2023-10-25,27.26666992279206,23.547244394493646,0.0,0.0,EUR
2023-10-26,27.159384644800184,23.454591527887487,0.0,0.0,EUR
2023-10-27,27.1665591249523,23.460787342100275,0.0,0.0,EUR
2023-10-30,27.095985371484744,23.399836143400762,0.0,0.0,EUR
2023-10-31,27.121908082368464,23.42223001073853,0.0,0.0,EUR
2023-11-01,26.930456850540736,23.256891974295286,0.0,0.0,EUR
2023-11-02,26.702428304203977,23.059965295277266,0.0,0.0,EUR
2023-11-03,26.282846345260623,22.69761744330026,0.0,0.0,EUR
2023-11-06,26.13642774660684,22.571172534392417,0.0,0.0,EUR
2023-11-07,26.087617754059806,22.529021715631416,0.0,0.0,EUR
2023-11-08,26.09361741880207,22.53420113269442,0.0,0.0,EUR
2023-11-09,26.301483530109977,22.71371350744721,0.0,0.0,EUR
2023-11-10,26.444617639853277,22.83732571244218,0.0,0.0,EUR
2023-11-13,26.41682549523773,22.813323929113835,0.0,0.0,EUR
2023-11-14,25.780647655255507,22.263923961806313,0.0,0.0,EUR
2023-11-15,25.55542799433897,22.0694310862782,0.0,0.0,EUR
2023-11-16,25.390201062287133,21.926742214919614,0.0,0.0,EUR
2023-11-17,25.32763607871857,21.872709530789507,0.0,0.0,EUR
2023-11-20,25.121416111721032,21.694618826787632,0.0,0.0,EUR
2023-11-21,25.041227671577644,21.625369182493046,0.0,0.0,EUR
2023-11-22,25.31547521955872,21.862210393423993,0.0,0.0,EUR
2023-11-24,25.30643977333068,21.854402851687723,0.0,0.0,EUR
2023-11-27,25.062977666257098,21.644154356081344,0.0,0.0,EUR
2023-11-28,24.875841114768605,21.48254178458899,0.0,0.0,EUR
2023-11-29,24.641232022827126,21.279936534663648,0.0,0.0,EUR
2023-11-30,24.868559745377752,21.4762581538223,0.0,0.0,EUR
2023-12-01,24.706070844511032,21.335931063896624,0.0,0.0,EUR
2023-12-04,24.89863706736105,21.502228772851595,0.0,0.0,EUR
2023-12-05,24.81140211114598,21.42689523361321,0.0,0.0,EUR
2023-12-06,24.931307065381816,21.53044295175755,0.0,0.0,EUR
2023-12-07,24.77082865767784,21.39185662245154,0.0,0.0,EUR
2023-12-08,24.981134596313495,21.573475016689372,0.0,0.0,EUR
2023-12-11,25.163089045757488,21.730609868056717,0.0,0.0,EUR
2023-12-12,25.0218721414833,21.608655135098616,0.0,0.0,EUR
2023-12-13,24.771569833159447,21.392493897513532,0.0,0.0,EUR
2023-12-14,24.324528183052053,21.00643496755822,0.0,0.0,EUR
2023-12-15,24.232275898783882,20.926764737069675,0.0,0.0,EUR
2023-12-18,24.432635114374534,21.099794372227734,0.0,0.0,EUR
2023-12-19,24.368747617557915,21.044621729593132,0.0,0.0,EUR
2023-12-20,24.214450295644383,20.91137447140909,0.0,0.0,EUR
2023-12-21,24.228673149135602,20.923655068473863,0.0,0.0,EUR
2023-12-22,24.1682284840889,20.871456347070307,0.0,0.0,EUR
2023-12-26,24.09199976533796,20.805625988040106,0.0,0.0,EUR
2023-12-27,23.381300802444457,20.778842865016486,0.6791625022888184,0.0,EUR
2023-12-28,23.216159065191277,20.63208463727051,0.0,0.0,EUR
2023-12-29,23.273902785146333,20.683403405133845,0.0,0.0,EUR
2024-01-02,23.390337762939453,20.78687396575333,0.0,0.0,EUR
2024-01-03,23.54283698019333,20.922403906981003,0.0,0.0,EUR
2024-01-04,23.75599460268404,21.111832721716155,0.0,0.0,EUR
2024-01-05,23.631211387009444,21.000936889380228,0.0,0.0,EUR
2024-01-08,23.788557435751727,21.140772901324,0.0,0.0,EUR
2024-01-09,23.7953856217041,21.14684038744099,0.0,0.0,EUR
2024-01-10,24.056871914369594,21.379222640951525,0.0,0.0,EUR
2024-01-11,23.762791373355867,21.117877767974278,0.0,0.0,EUR
2024-01-12,23.757815564940074,21.113451572735926,0.0,0.0,EUR
2024-01-16,23.98200072348118,21.31268368128417,0.0,0.0,EUR
2024-01-17,24.175484528183006,21.484633082000073,0.0,0.0,EUR
2024-01-18,24.196714443665314,21.50350050661268,0.0,0.0,EUR
2024-01-19,24.248231153357324,21.5492834603549,0.0,0.0,EUR
2024-01-22,24.310757245370496,21.604851151571893,0.0,0.0,EUR
2024-01-23,24.337767223197943,21.62885478686303,0.0,0.0,EUR
2024-01-24,24.304925280157477,21.59966649900889,0.0,0.0,EUR
2024-01-25,24.269997264590074,21.568628149782626,0.0,0.0,EUR
2024-01-26,24.476709476086626,21.75233013501088,0.0,0.0,EUR
2024-01-29,24.512341147635652,21.78399532467847,0.0,0.0,EUR
2024-01-30,24.542038620282938,21.810388327567125,0.0,0.0,EUR
2024-01-31,24.33738501766129,21.628513306668083,0.0,0.0,EUR
2024-02-01,24.657716467497266,21.913188447651123,0.0,0.0,EUR
2024-02-02,24.64447606977842,21.901423411500787,0.0,0.0,EUR
2024-02-05,24.74943603929978,21.994699680928193,0.0,0.0,EUR
2024-02-06,24.84678836054934,22.0812172165721,0.0,0.0,EUR
2024-02-07,24.829882621836077,22.066195001669257,0.0,0.0,EUR
2024-02-08,24.879947252573402,22.110684723811573,0.0,0.0,EUR
2024-02-09,24.950692341834838,22.17355812474443,0.0,0.0,EUR
2024-02-12,24.85598703210144,22.089390894642747,0.0,0.0,EUR
2024-02-13,24.77659378335818,22.018835645002696,0.0,0.0,EUR
2024-02-14,25.06319166127014,22.27353260838663,0.0,0.0,EUR
2024-02-15,25.1673774908802,22.366122929883886,0.0,0.0,EUR
2024-02-16,25.01418289128401,22.22998085506424,0.0,0.0,EUR
2024-02-20,24.82507073879242,22.061915671514726,0.0,0.0,EUR
2024-02-21,24.877119075136193,22.10817140321592,0.0,0.0,EUR
2024-02-22,25.10072787726517,22.306892381350167,0.0,0.0,EUR
2024-02-23,25.15316790615043,22.353497146558993,0.0,0.0,EUR
2024-02-26,25.14775357926692,22.348683445639267,0.0,0.0,EUR
2024-02-27,25.159133750425326,22.35879701152146,0.0,0.0,EUR
2024-02-28,25.118003994174956,22.322248155444754,0.0,0.0,EUR
2024-02-29,25.233383438271517,22.42478209322917,0.0,0.0,EUR
2024-03-01,25.5160340470934,22.67597448846459,0.0,0.0,EUR
2024-03-04,25.482596000689114,22.64625882008272,0.0,0.0,EUR
2024-03-05,25.223002951694866,22.415556312131116,0.0,0.0,EUR
2024-03-06,25.32241407828235,22.50390280299166,0.0,0.0,EUR
2024-03-07,25.303821932413484,22.48737837191402,0.0,0.0,EUR
2024-03-08,24.885517552495003,22.1156343535597,0.0,0.0,EUR
2024-03-11,24.783069886370072,22.024589249931182,0.0,0.0,EUR
2024-03-12,24.891706843297015,22.121135985726255,0.0,0.0,EUR
2024-03-13,25.211003708047883,22.404895270225325,0.0,0.0,EUR
2024-03-14,25.238920039420123,22.4297036892076,0.0,0.0,EUR
2024-03-15,25.525097406203827,22.684026914175206,0.0,0.0,EUR
2024-03-18,25.683256063575755,22.824580851755854,0.0,0.0,EUR
2024-03-19,25.90597691816845,23.022513958469403,0.0,0.0,EUR
2024-03-20,26.12464122885092,23.2168392788451,0.0,0.0,EUR
2024-03-21,26.103549188186662,23.198094013254376,0.0,0.0,EUR
2024-03-22,26.18214919380341,23.267947079637338,0.0,0.0,EUR
2024-03-25,26.34272025112955,23.410646853376193,0.0,0.0,EUR
2024-03-26,26.055917995988466,23.28416845145307,0.14485761892795562,0.0,EUR
2024-03-27,26.106965901541912,23.329785926027853,0.0,0.0,EUR
2024-03-28,26.52269100277863,23.701288943265126,0.0,0.0,EUR
2024-04-01,26.842152026661893,23.986764683614524,0.0,0.0,EUR
2024-04-02,26.887785980300123,24.027543998634428,0.0,0.0,EUR
2024-04-03,26.828119971205524,23.974222180745528,0.0,0.0,EUR
2024-04-04,26.341656213407532,23.539509546111276,0.0,0.0,EUR
2024-04-05,26.72312903800048,23.880401709408034,0.0,0.0,EUR
2024-04-08,26.887079041024776,24.026912342464925,0.0,0.0,EUR
2024-04-09,26.648475136303887,23.81368992105206,0.0,0.0,EUR
2024-04-10,27.165665179491043,24.27586399628524,0.0,0.0,EUR
2024-04-11,27.6305958680191,24.691336779704898,0.0,0.0,EUR
2024-04-12,27.28666549918671,24.3839898706874,0.0,0.0,EUR
2024-04-15,27.83195973781585,24.87128207336127,0.0,0.0,EUR
2024-04-16,27.828622853846355,24.868298303735855,0.0,0.0,EUR
2024-04-17,27.41618943072433,24.499737558376296,0.0,0.0,EUR
2024-04-18,27.386735741064854,24.473415514080784,0.0,0.0,EUR
2024-04-19,27.489185210919572,24.56496660296898,0.0,0.0,EUR
2024-04-22,27.424754526872448,24.507393078180257,0.0,0.0,EUR
2024-04-23,27.651450250324615,24.709971043640166,0.0,0.0,EUR
2024-04-24,27.540215243419652,24.610571505141365,0.0,0.0,EUR
2024-04-25,27.56105835623589,24.629196917791887,0.0,0.0,EUR
2024-04-26,28.15571858492376,25.160595300265527,0.0,0.0,EUR
2024-04-29,27.823264700527943,24.86351003674463,0.0,0.0,EUR
2024-04-30,27.93097604263039,24.959761716621415,0.0,0.0,EUR
2024-05-01,27.797171545024867,24.840192277128153,0.0,0.0,EUR
2024-05-02,27.113588086043364,24.22932483855061,0.0,0.0,EUR
2024-05-03,27.00066531923676,24.12841711458759,0.0,0.0,EUR
2024-05-06,27.105095373416134,24.22173468152323,0.0,0.0,EUR
2024-05-07,27.23935745306244,24.34171839667215,0.0,0.0,EUR
2024-05-08,27.394096997763654,24.479993151340977,0.0,0.0,EUR
2024-05-09,27.542799493980397,24.612880327450853,0.0,0.0,EUR
2024-05-10,27.426576501916884,24.509019954488167,0.0,0.0,EUR
2024-05-13,27.575560169483197,24.64215644247156,0.0,0.0,EUR
2024-05-14,27.451601481745342,24.531380318888978,0.0,0.0,EUR
2024-05-15,27.148605205340573,24.26061692391886,0.0,0.0,EUR
2024-05-16,27.03445865082017,24.158612543118352,0.0,0.0,EUR
2024-05-17,27.337655122071283,24.429554843057417,0.0,0.0,EUR
2024-05-20,27.493049449634555,24.568420096363752,0.0,0.0,EUR
2024-05-21,27.474881989782716,24.552184705611808,0.0,0.0,EUR
2024-05-22,27.351022427328303,24.441501291066515,0.0,0.0,EUR
2024-05-23,27.362068485419854,24.451372235442022,0.0,0.0,EUR
2024-05-24,27.449250694226066,24.52928255615916,0.0,0.0,EUR
2024-05-28,27.619500160217285,24.681419779137286,0.0,0.0,EUR
2024-05-29,27.56206567233562,24.630097626452994,0.0,0.0,EUR
2024-05-30,27.486111340814773,24.562219844172205,0.0,0.0,EUR
2024-05-31,27.35475606140517,24.444841845858036,0.0,0.0,EUR
2024-06-03,27.061519084174165,24.18279605801331,0.0,0.0,EUR
2024-06-04,26.486639649979224,23.669067548210023,0.0,0.0,EUR
2024-06-05,26.84282003550379,23.987363928349623,0.0,0.0,EUR
2024-06-06,26.925302526567066,24.061067168857335,0.0,0.0,EUR
2024-06-07,27.09640918311311,24.213976064006147,0.0,0.0,EUR
2024-06-10,27.6280971770027,24.689104313368716,0.0,0.0,EUR
2024-06-11,27.59130130357744,24.656223082878796,0.0,0.0,EUR
2024-06-12,27.55967323534776,24.62795909157728,0.0,0.0,EUR
2024-06-13,27.18911902196885,24.296820705912523,0.0,0.0,EUR
2024-06-14,27.377280452270497,24.46496607804147,0.0,0.0,EUR
2024-06-17,27.732695735935977,24.78257557295933,0.0,0.0,EUR
2024-06-18,27.633267157490536,24.69372390549438,0.0,0.0,EUR
2024-06-20,27.949505003972035,24.976320694588594,0.0,0.0,EUR
2024-06-21,27.98323783001024,25.006466006194614,0.0,0.0,EUR
2024-06-24,28.14435165896225,25.150438727213213,0.0,0.0,EUR
2024-06-25,27.96121668385524,24.986786819863482,0.0,0.0,EUR
2024-06-26,28.180274082466894,25.1825420415189,0.0,0.0,EUR
2024-06-27,28.052146547920984,25.280811630193057,0.23782528173923492,0.0,EUR
2024-06-28,28.071229203509915,25.29800653669554,0.0,0.0,EUR
2024-07-01,28.45762892226412,25.646230882121017,0.0,0.0,EUR
2024-07-02,28.359607989864344,25.557894582598237,0.0,0.0,EUR
2024-07-03,28.33906853136523,25.539384035037983,0.0,0.0,EUR
2024-07-05,28.138805046320726,25.358907220296942,0.0,0.0,EUR
2024-07-08,27.960398666501987,25.198127210879875,0.0,0.0,EUR
2024-07-09,28.067711668670654,25.294837434583314,0.0,0.0,EUR
2024-07-10,28.276103555943678,25.48264397123353,0.0,0.0,EUR
2024-07-11,27.840093476588436,25.089706279437678,0.0,0.0,EUR
2024-07-12,27.683873581068042,24.9489202177175,0.0,0.0,EUR
2024-07-15,27.669737912094092,24.936182683928564,0.0,0.0,EUR
2024-07-16,27.79418887248994,25.048337319624352,0.0,0.0,EUR
2024-07-17,27.305639714255904,24.608051982227607,0.0,0.0,EUR
2024-07-18,27.22984813570747,24.53974966268993,0.0,0.0,EUR
2024-07-19,27.216290651210784,24.52753240038419,0.0,0.0,EUR
2024-07-22,27.378200709152225,24.673445694771544,0.0,0.0,EUR
2024-07-23,27.17220180337563,24.487796311080956,0.0,0.0,EUR
2024-07-24,26.938367115385063,24.27706540328768,0.0,0.0,EUR
2024-07-25,26.800077452740652,24.152435537116958,0.0,0.0,EUR
2024-07-26,26.844750023757,24.192694179553882,0.0,0.0,EUR
2024-07-29,26.75571411560668,24.11245518670512,0.0,0.0,EUR
2024-07-30,26.729599856320192,24.088919901520285,0.0,0.0,EUR
2024-07-31,26.756477402685164,24.113142040093294,0.0,0.0,EUR
2024-08-01,26.256669131670378,23.66271319071484,0.0,0.0,EUR
2024-08-02,25.473684022469342,22.957079378555818,0.0,0.0,EUR
2024-08-05,24.58106610699997,22.15264507506504,0.0,0.0,EUR
2024-08-06,24.554872543766578,22.129038675902507,0.0,0.0,EUR
2024-08-07,24.674599319819663,22.23693854743192,0.0,0.0,EUR
2024-08-08,24.981410228437426,22.513439804553627,0.0,0.0,EUR
2024-08-09,25.028124350876624,22.555540567631738,0.0,0.0,EUR
2024-08-12,25.16993675497588,22.68334181512273,0.0,0.0,EUR
2024-08-13,25.23716510844804,22.74392936975903,0.0,0.0,EUR
2024-08-14,25.11597222587511,22.634705820833688,0.0,0.0,EUR
2024-08-15,25.342279648513795,22.838656988886214,0.0,0.0,EUR
2024-08-16,25.526914039825442,23.00505193272693,0.0,0.0,EUR
2024-08-19,25.487542963325495,22.969571474641953,0.0,0.0,EUR
2024-08-20,25.210900968050964,22.720257294160774,0.0,0.0,EUR
2024-08-21,25.099014831247132,22.619424758661808,0.0,0.0,EUR
2024-08-22,25.064182414462266,22.588034894988596,0.0,0.0,EUR
2024-08-23,25.114319993935396,22.63321622765079,0.0,0.0,EUR
2024-08-26,24.982269340210905,22.51421271778122,0.0,0.0,EUR
2024-08-27,24.980514941110414,22.51263196590162,0.0,0.0,EUR
2024-08-28,24.942004885897063,22.477926462701248,0.0,0.0,EUR
2024-08-29,25.141673119360348,22.65787177652237,0.0,0.0,EUR
2024-08-30,25.31484436679648,22.813932715959027,0.0,0.0,EUR
2024-09-03,25.16386864678384,22.677872123984116,0.0,0.0,EUR
2024-09-04,25.151896318905074,22.667081345214797,0.0,0.0,EUR
2024-09-05,25.10727207537002,22.62686702320707,0.0,0.0,EUR
2024-09-06,24.830999479532238,22.377886370079068,0.0,0.0,EUR
2024-09-09,24.992756245505916,22.523666970770364,0.0,0.0,EUR
2024-09-10,25.19586002005576,22.706704944791,0.0,0.0,EUR
2024-09-11,25.260903020074466,22.765322034078395,0.0,0.0,EUR
2024-09-12,25.347583095731352,22.84343649623679,0.0,0.0,EUR
2024-09-13,25.266572988249777,22.77042895654779,0.0,0.0,EUR
2024-09-16,25.323666332104494,22.821882974006257,0.0,0.0,EUR
2024-09-17,25.185235335280595,22.697128337444155,0.0,0.0,EUR
2024-09-18,25.08293748773383,22.60493589707005,0.0,0.0,EUR
2024-09-19,25.353545879510875,22.848811650350854,0.0,0.0,EUR
2024-09-20,25.33605292801667,22.833047857703605,0.0,0.0,EUR
2024-09-23,25.338598213303385,22.835341688590688,0.0,0.0,EUR
2024-09-24,25.594579261753097,23.06603085503957,0.0,0.0,EUR
2024-09-25,25.37710344083405,22.870040196104014,0.0,0.0,EUR
2024-09-26,25.631067177024647,23.098913384726643,0.0,0.0,EUR
2024-09-27,25.203136321615602,22.914858307049144,0.22456468582153322,0.0,EUR
2024-09-30,25.183944066440972,22.897410086327227,0.0,0.0,EUR
2024-10-01,25.285989700631717,22.99019252196092,0.0,0.0,EUR
2024-10-02,25.479250234866527,23.165906454266405,0.0,0.0,EUR
2024-10-03,25.234186905395518,22.943092138868906,0.0,0.0,EUR
2024-10-04,25.173125338492582,22.887572633080936,0.0,0.0,EUR
2024-10-07,25.12178336171246,22.84089314020582,0.0,0.0,EUR
2024-10-08,25.109914696010605,22.8301037568134,0.0,0.0,EUR
2024-10-09,25.109914696010605,22.8301037568134,0.0,0.0,EUR
2024-10-10,25.11122361314392,22.831293586332322,0.0,0.0,EUR
2024-10-11,25.260976598109437,22.967447071943525,0.0,0.0,EUR
2024-10-14,25.28973855331992,22.993599271088442,0.0,0.0,EUR
2024-10-15,25.25398259858798,22.961089466106046,0.0,0.0,EUR
2024-10-16,25.394802660453024,23.089126063179947,0.0,0.0,EUR
2024-10-17,25.33491234005737,23.034671331437835,0.0,0.0,EUR
2024-10-18,25.532009228482252,23.21387525241937,0.0,0.0,EUR
2024-10-21,25.237794848728754,22.946372909957745,0.0,0.0,EUR
2024-10-22,25.347047301723478,23.045705924076856,0.0,0.0,EUR
2024-10-23,25.154504858793644,22.870642416463625,0.0,0.0,EUR
2024-10-24,25.286376924633032,22.99054350577194,0.0,0.0,EUR
2024-10-25,25.138230121106517,22.85584718076393,0.0,0.0,EUR
2024-10-28,25.295067699615288,22.998445314500145,0.0,0.0,EUR
2024-10-29,25.321779850317398,23.02273243318632,0.0,0.0,EUR
2024-10-30,25.127910993127443,22.84646325459471,0.0,0.0,EUR
2024-10-31,24.799299210602385,22.547688124617935,0.0,0.0,EUR
2024-11-01,24.774641983969673,22.525269657191416,0.0,0.0,EUR
2024-11-04,24.709114908438096,22.465691805285132,0.0,0.0,EUR
2024-11-05,24.783759094544394,22.53355905086164,0.0,0.0,EUR
2024-11-06,24.729162242849725,22.483919532918435,0.0,0.0,EUR
2024-11-07,25.435409049644477,23.126044559901857,0.0,0.0,EUR
2024-11-08,25.214973726783,22.9256212659011,0.0,0.0,EUR
2024-11-11,25.32921839017945,23.029494790771423,0.0,0.0,EUR
2024-11-12,25.411669641809453,23.104461761365656,0.0,0.0,EUR
2024-11-13,25.53518144638292,23.21675778422741,0.0,0.0,EUR
2024-11-14,25.52980188758181,23.21186607598804,0.0,0.0,EUR
2024-11-15,25.59333781037617,23.269633418350622,0.0,0.0,EUR
2024-11-18,25.59393518318484,23.270174631886448,0.0,0.0,EUR
2024-11-19,25.43675770349978,23.12726974095085,0.0,0.0,EUR
2024-11-20,25.510002587630083,23.193864733748228,0.0,0.0,EUR
2024-11-21,25.72493653113861,23.389286127065134,0.0,0.0,EUR
2024-11-22,26.02838183939457,23.66518111978246,0.0,0.0,EUR
2024-11-25,25.887716047449317,23.5372863632565,0.0,0.0,EUR
2024-11-26,26.062060167197046,23.695797872977437,0.0,0.0,EUR
2024-11-27,25.783518680888164,23.442545521085435,0.0,0.0,EUR
2024-11-29,25.759705505292914,23.42089676218393,0.0,0.0,EUR
2024-12-02,25.90782939104156,23.555572409592514,0.0,0.0,EUR
2024-12-03,25.996969491895698,23.636619081633853,0.0,0.0,EUR
2024-12-04,26.058844925621997,23.692876953630503,0.0,0.0,EUR
2024-12-05,25.87942990607644,23.529750989189324,0.0,0.0,EUR
2024-12-06,25.836997690555563,23.491170108013648,0.0,0.0,EUR
2024-12-09,25.89569272589415,23.544536077766566,0.0,0.0,EUR
2024-12-10,25.901915430149074,23.550193695162534,0.0,0.0,EUR
2024-12-11,26.108500212430954,23.73802429058628,0.0,0.0,EUR
2024-12-12,26.059187837792592,23.693188678744377,0.0,0.0,EUR
2024-12-13,25.921190305928235,23.567719669755547,0.0,0.0,EUR
2024-12-16,25.822895692404927,23.4783494962262,0.0,0.0,EUR
2024-12-17,25.81449155001735,23.47070844693974,0.0,0.0,EUR
2024-12-18,25.640655601665685,23.31265667315563,0.0,0.0,EUR
2024-12-19,25.931734530530548,23.57730738652606,0.0,0.0,EUR
2024-12-20,25.914259629216758,23.561419196038287,0.0,0.0,EUR
2024-12-23,25.81213637158089,23.46856642173543,0.0,0.0,EUR
2024-12-24,25.975831342978495,23.617401187191263,0.0,0.0,EUR
2024-12-26,25.92419533909151,23.570449343332598,0.0,0.0,EUR
2024-12-27,25.030746099118232,23.49090588138438,0.8068553984761238,0.0,EUR
2024-12-30,24.939168492669296,23.404963317982947,0.0,0.0,EUR
2024-12-31,25.13897464870911,23.592475898616613,0.0,0.0,EUR
2025-01-02,25.454363196043005,23.888464432384353,0.0,0.0,EUR
2025-01-03,25.651999163218306,24.07394125157282,0.0,0.0,EUR
2025-01-06,25.472212359309196,23.905214957609587,0.0,0.0,EUR
2025-01-07,25.350524609542845,23.79101363612972,0.0,0.0,EUR
2025-01-08,25.605233801499367,24.030052714514113,0.0,0.0,EUR
2025-01-10,25.996346714380252,24.397106825330184,0.0,0.0,EUR
2025-01-13,26.209359970527657,24.597014552107794,0.0,0.0,EUR
2025-01-14,25.951622220552053,24.35513194980524,0.0,0.0,EUR
2025-01-15,25.876033729427718,24.28419279545551,0.0,0.0,EUR
2025-01-16,25.87596350036165,24.284127598025975,0.0,0.0,EUR
2025-01-17,25.94654357582931,24.35036533549828,0.0,0.0,EUR
2025-01-21,25.382214563087473,23.820754819789727,0.0,0.0,EUR
2025-01-22,25.475845429909327,23.908624189489842,0.0,0.0,EUR
2025-01-23,25.532748418476103,23.96202608902945,0.0,0.0,EUR
2025-01-24,25.32638200535507,23.76835738812747,0.0,0.0,EUR
2025-01-27,25.029647101654064,23.489876065021917,0.0,0.0,EUR
2025-01-28,25.265521788974183,23.711236665901765,0.0,0.0,EUR
2025-01-29,25.28513848011187,23.729648375474426,0.0,0.0,EUR
2025-01-30,25.36151234594115,23.80132151518785,0.0,0.0,EUR
2025-01-31,25.458581307541067,23.892421837662937,0.0,0.0,EUR
2025-02-03,25.878746977704623,24.286741070902508,0.0,0.0,EUR
2025-02-04,25.56311923282624,23.9905293437389,0.0,0.0,EUR
2025-02-05,25.383699950933647,23.822148100270738,0.0,0.0,EUR
2025-02-06,25.353700857004924,23.793992934897688,0.0,0.0,EUR
2025-02-07,25.48690322684365,23.919001450841506,0.0,0.0,EUR
2025-02-10,25.902823656450437,24.309336682866615,0.0,0.0,EUR
2025-02-11,25.93790511233749,24.342259146838387,0.0,0.0,EUR
2025-02-12,25.83707650389556,24.24763372920893,0.0,0.0,EUR
2025-02-13,25.69287607772253,24.112303760469786,0.0,0.0,EUR
2025-02-14,25.263643670323745,23.709478016402386,0.0,0.0,EUR
2025-02-18,25.588039752796362,24.013914705358843,0.0,0.0,EUR
2025-02-19,25.554304269001022,23.982256601310837,0.0,0.0,EUR
2025-02-20,25.47737851840975,23.910063134828306,0.0,0.0,EUR
2025-02-21,25.017709358566663,23.47867217356702,0.0,0.0,EUR
2025-02-24,25.03144705904731,23.491563499370613,0.0,0.0,EUR
2025-02-25,24.805606078238498,23.279617075143733,0.0,0.0,EUR
2025-02-26,24.66719168215559,23.149718507475654,0.0,0.0,EUR
2025-02-27,24.72166270145226,23.20083757968746,0.0,0.0,EUR
2025-02-28,24.877061956571197,23.346675698724994,0.0,0.0,EUR
2025-03-03,24.669079244967065,23.151487596790503,0.0,0.0,EUR
2025-03-04,24.310832400181198,22.815280004788065,0.0,0.0,EUR
2025-03-05,23.957858750000014,22.484021257114364,0.0,0.0,EUR
2025-03-06,23.46469901050682,22.02119989431685,0.0,0.0,EUR
2025-03-07,23.516975761151116,22.070260960186715,0.0,0.0,EUR
2025-03-10,22.91771523841726,21.50786474887491,0.0,0.0,EUR
2025-03-11,22.953291443011494,21.541251431253386,0.0,0.0,EUR
2025-03-12,22.988461159799954,21.574257911331642,0.0,0.0,EUR
2025-03-13,23.06579569198857,21.646836868382138,0.0,0.0,EUR
2025-03-14,23.35191360089493,21.915351184614337,0.0,0.0,EUR
2025-03-17,23.38880478223132,21.94997521928383,0.0,0.0,EUR
2025-03-18,23.371726884454347,21.933945657144704,0.0,0.0,EUR
2025-03-19,23.33748469952718,21.901810921262836,0.0,0.0,EUR
2025-03-20,23.332306871630863,21.896952025366772,0.0,0.0,EUR
2025-03-21,23.441741376516347,21.999655266792388,0.0,0.0,EUR
2025-03-24,23.514726676485452,22.068149879630823,0.0,0.0,EUR
2025-03-25,23.621823319718942,22.168656667043933,0.0,0.0,EUR
2025-03-26,23.66631028348445,22.21040783556748,0.0,0.0,EUR
2025-03-27,23.673296007294084,22.373834749921116,0.16663468086719513,0.0,EUR
2025-03-28,23.451527640517043,22.16423973861879,0.0,0.0,EUR
2025-03-31,23.33720853255386,22.056196623798314,0.0,0.0,EUR
2025-04-01,23.394286329041847,22.110139441743513,0.0,0.0,EUR
2025-04-02,23.379054792113493,22.09574660614635,0.0,0.0,EUR
2025-04-03,22.917500138282776,21.659527446976426,0.0,0.0,EUR
2025-04-04,22.365603225843415,21.13792379635413,0.0,0.0,EUR
2025-04-07,22.440619961835864,21.208821059559796,0.0,0.0,EUR
2025-04-08,22.546206448750127,21.30861152174498,0.0,0.0,EUR
2025-04-09,22.858820773872367,21.60406889705223,0.0,0.0,EUR
2025-04-10,22.790226939633158,21.539238389247885,0.0,0.0,EUR
2025-04-11,22.25116333545111,21.029764949434593,0.0,0.0,EUR
2025-04-14,21.98685528868714,20.77996575009388,0.0,0.0,EUR
2025-04-15,22.09941157451476,20.88634271766432,0.0,0.0,EUR
2025-04-16,22.271079035556795,21.048587284733912,0.0,0.0,EUR
2025-04-17,22.05006585393221,20.839706519723222,0.0,0.0,EUR
2025-04-21,22.032518326341233,20.823121302896652,0.0,0.0,EUR
2025-04-22,21.958208871261604,20.752891498921144,0.0,0.0,EUR
2025-04-23,22.244239687919617,21.023221025850944,0.0,0.0,EUR
2025-04-24,22.36183079063835,21.134357907748154,0.0,0.0,EUR
2025-04-25,22.379713183987633,21.151257862854663,0.0,0.0,EUR
2025-04-28,22.32185875214691,21.096582016544517,0.0,0.0,EUR
2025-04-29,22.131372421979904,20.91654920826022,0.0,0.0,EUR
2025-04-30,22.178785111403272,20.96136067909356,0.0,0.0,EUR
2025-05-01,22.15472178223763,20.93861752056796,0.0,0.0,EUR
2025-05-02,22.183863447209546,20.966158904186045,0.0,0.0,EUR
2025-05-05,22.18447823253939,20.966739564713407,0.0,0.0,EUR
2025-05-06,22.433635066422653,21.202220615916758,0.0,0.0,EUR
2025-05-07,22.29617035100955,21.072301448023723,0.0,0.0,EUR
2025-05-08,22.28864432103728,21.06518835132374,0.0,0.0,EUR
2025-05-09,22.54943774743481,21.311665845081507,0.0,0.0,EUR
2025-05-12,22.42279049988747,21.19197344406075,0.0,0.0,EUR
2025-05-13,22.71175314999391,21.465072123826985,0.0,0.0,EUR
2025-05-14,22.46647073521251,21.233254347505067,0.0,0.0,EUR
2025-05-15,22.563188186393745,21.32466267376185,0.0,0.0,EUR
2025-05-16,22.5057542827858,21.27038118067776,0.0,0.0,EUR
2025-05-19,22.542897105386714,21.305484042439957,0.0,0.0,EUR
2025-05-20,22.49535488466836,21.260553149110137,0.0,0.0,EUR
2025-05-21,22.360116317161555,21.132739053018668,0.0,0.0,EUR
2025-05-22,22.230679775320255,21.010405907093855,0.0,0.0,EUR
2025-05-23,22.452005758013343,21.219583042159798,0.0,0.0,EUR
2025-05-27,22.180301264037325,20.96279360799599,0.0,0.0,EUR
2025-05-28,22.245552376429373,21.02446100674547,0.0,0.0,EUR
2025-05-29,22.485946794646452,21.251661829355726,0.0,0.0,EUR
2025-05-30,22.164848515721133,20.94818710067011,0.0,0.0,EUR
2025-06-02,22.345896961788185,21.119299017135745,0.0,0.0,EUR
2025-06-03,22.089428897161497,20.876907898909053,0.0,0.0,EUR
2025-06-04,22.337458328447156,21.11132312205018,0.0,0.0,EUR
2025-06-05,22.220189858255367,21.00049172179979,0.0,0.0,EUR
2025-06-06,22.09740127428131,20.884442320772905,0.0,0.0,EUR
2025-06-09,22.195258874407955,20.97693137572378,0.0,0.0,EUR
2025-06-10,22.164762999412346,20.948107449507347,0.0,0.0,EUR
2025-06-11,22.277672450853743,21.054820518390898,0.0,0.0,EUR
2025-06-12,22.25150529248276,21.030088527752014,0.0,0.0,EUR
2025-06-13,22.14606487953472,20.930436400200392,0.0,0.0,EUR
2025-06-16,22.17763826647854,20.960275402958928,0.0,0.0,EUR
2025-06-17,22.20520483610153,20.986329780622327,0.0,0.0,EUR
2025-06-18,22.33807186641502,21.111903551984142,0.0,0.0,EUR
2025-06-20,22.296962345350266,21.07304991357296,0.0,0.0,EUR
2025-06-23,22.30267419130803,21.078448905258483,0.0,0.0,EUR
2025-06-24,22.191483399235153,20.973361707414824,0.0,0.0,EUR
2025-06-25,22.18348128955688,20.96579817341967,0.0,0.0,EUR
2025-06-26,22.158990956883827,20.942652534725994,0.0,0.0,EUR
2025-06-27,21.980440375057242,20.912023303441174,0.14625117480754854,0.0,EUR
2025-06-30,21.93997048206711,20.873519744021905,0.0,0.0,EUR
2025-07-01,21.84578575193882,20.78391262823061,0.0,0.0,EUR
2025-07-02,21.871089580241005,20.807989569105985,0.0,0.0,EUR
2025-07-03,21.83852929999466,20.777010027426968,0.0,0.0,EUR
2025-07-07,21.806700008249663,20.74672828696066,0.0,0.0,EUR
2025-07-08,21.90594743506108,20.84115096547066,0.0,0.0,EUR
2025-07-09,21.970961336801906,20.903003473551962,0.0,0.0,EUR
2025-07-10,21.92449865460435,20.858800209868605,0.0,0.0,EUR
2025-07-11,22.00337488949299,20.933841722257057,0.0,0.0,EUR
2025-07-14,22.00801682482279,20.938259002787163,0.0,0.0,EUR
2025-07-15,21.943551962726588,20.87692884963394,0.0,0.0,EUR
2025-07-16,22.149678214612777,21.073034566334172,0.0,0.0,EUR
2025-07-17,22.095687451917456,21.02166816735007,0.0,0.0,EUR
2025-07-18,22.194518500435265,21.115695187977167,0.0,0.0,EUR
2025-07-21,22.251365180859352,21.169779343798723,0.0,0.0,EUR
2025-07-22,22.18129383574103,21.10311416030322,0.0,0.0,EUR
2025-07-23,22.148099303245544,21.07153159047391,0.0,0.0,EUR
2025-07-24,22.03959465153025,20.968300771337567,0.0,0.0,EUR
2025-07-25,22.056576127122298,20.984458925253193,0.0,0.0,EUR
2025-07-28,21.961717735831826,20.894212512379227,0.0,0.0,EUR
2025-07-29,22.24759714379502,21.166194874400958,0.0,0.0,EUR
2025-07-30,22.18865885618459,21.110120863011616,0.0,0.0,EUR
2025-07-31,22.407213373743616,21.31805254720996,0.0,0.0,EUR
2025-08-01,22.26066001903382,21.178620801765646,0.0,0.0,EUR
2025-08-04,22.111597861759947,21.036804301606026,0.0,0.0,EUR
2025-08-05,22.107833466510783,21.033224778244858,0.0,0.0,EUR
2025-08-06,22.143215842040263,21.066886478369725,0.0,0.0,EUR
2025-08-07,22.07805000245571,21.00488705067619,0.0,0.0,EUR
2025-08-08,22.052558183670044,20.980634330247995,0.0,0.0,EUR
2025-08-11,22.081133074155446,21.007820997749604,0.0,0.0,EUR
2025-08-12,22.30934435735321,21.2249393039599,0.0,0.0,EUR
2025-08-13,22.317261972834785,21.232473373218454,0.0,0.0,EUR
2025-08-14,22.172146718781278,21.09441084941909,0.0,0.0,EUR
2025-08-15,22.246358193074798,21.165014749818624,0.0,0.0,EUR
2025-08-18,22.175549719284845,21.097648682649947,0.0,0.0,EUR
2025-08-19,22.12825666737899,21.052656395011127,0.0,0.0,EUR
2025-08-20,22.151547022641353,21.07481056841425,0.0,0.0,EUR
2025-08-21,22.134010601196678,21.058126552637987,0.0,0.0,EUR
2025-08-22,22.526376340126035,21.431422285834515,0.0,0.0,EUR
2025-08-25,22.23816006168363,21.157215356394317,0.0,0.0,EUR
2025-08-26,22.386807489698413,21.29863647975867,0.0,0.0,EUR
2025-08-27,22.337899804115295,21.25210632942583,0.0,0.0,EUR
2025-08-28,22.398786184061237,21.3100341494453,0.0,0.0,EUR
2025-08-29,22.214498529281627,21.134702974860375,0.0,0.0,EUR
2025-09-02,22.20911127657814,21.12957905316648,0.0,0.0,EUR
2025-09-03,22.447528051158883,21.35640605118283,0.0,0.0,EUR
2025-09-04,22.537727897140485,21.44222067978717,0.0,0.0,EUR
2025-09-05,22.621769677917314,21.52217836940656,0.0,0.0,EUR
2025-09-08,22.700946115587612,21.5975071268349,0.0,0.0,EUR
2025-09-09,22.618482486217886,21.519051127856983,0.0,0.0,EUR
2025-09-10,22.857874885201454,21.746807145572802,0.0,0.0,EUR
2025-09-11,23.027427812633505,21.90811834225815,0.0,0.0,EUR
2025-09-12,22.957460000243373,21.84155174561056,0.0,0.0,EUR
2025-09-15,23.161232279354863,22.035420031174453,0.0,0.0,EUR
2025-09-16,23.045398210568237,21.92521443447731,0.0,0.0,EUR
2025-09-17,22.802685475773615,21.694300370146266,0.0,0.0,EUR
2025-09-18,22.957225932976712,21.841330188987968,0.0,0.0,EUR
2025-09-19,23.03439604931259,21.914749007696855,0.0,0.0,EUR
2025-09-22,23.234313408341222,22.104947720566088,0.0,0.0,EUR
2025-09-23,23.133472874971403,22.009009620185907,0.0,0.0,EUR
2025-09-24,23.073409122839735,21.951866473043196,0.0,0.0,EUR
2025-09-25,23.202013209462166,22.074218046154556,0.0,0.0,EUR
2025-09-26,23.416412329520426,22.278194177783917,0.0,0.0,EUR
2025-09-29,23.29984828467559,22.2823398986543,0.12042809844017027,0.0,EUR
2025-09-30,23.27931714847125,22.262705107831835,0.0,0.0,EUR
2025-10-01,23.35578680030403,22.3358362651511,0.0,0.0,EUR
2025-10-02,23.39343961825466,22.37184453572604,0.0,0.0,EUR
2025-10-03,23.50509639968186,22.478624437335384,0.0,0.0,EUR
2025-10-06,23.991498909250254,22.94378684495507,0.0,0.0,EUR
2025-10-07,24.047232535713192,22.997086138982922,0.0,0.0,EUR
2025-10-08,24.47101659713212,23.402362633190137,0.0,0.0,EUR
2025-10-09,24.234944139296545,23.176600163708827,0.0,0.0,EUR
2025-10-10,23.499013451731116,22.472808175470618,0.0,0.0,EUR
2025-10-13,24.107063211263835,23.054303666551164,0.0,0.0,EUR
2025-10-14,24.21576506256065,23.158259892494698,0.0,0.0,EUR
2025-10-15,24.30557986690519,23.24415280010794,0.0,0.0,EUR
2025-10-16,24.368202908655917,23.30403976231628,0.0,0.0,EUR
2025-10-17,24.12048029622497,23.067134721612774,0.0,0.0,EUR
2025-10-20,24.619433920389156,23.54430057777438,0.0,0.0,EUR
2025-10-21,24.41511641365014,23.3489042411652,0.0,0.0,EUR
2025-10-22,24.43883385461902,23.371586500297894,0.0,0.0,EUR
2025-10-23,24.447666559870527,23.380033223734245,0.0,0.0,EUR
2025-10-24,24.53080478310585,23.459539979783926,0.0,0.0,EUR
2025-10-27,24.562199900045016,23.489565207127725,0.0,0.0,EUR
2025-10-28,24.44267504505615,23.375260642575995,0.0,0.0,EUR
2025-10-29,24.344079289574438,23.280969625368016,0.0,0.0,EUR
2025-10-30,24.48430557213669,23.415072020357,0.0,0.0,EUR
2025-10-31,24.515085311341863,23.444507921621152,0.0,0.0,EUR
2025-11-03,24.652929033657074,23.576333260999036,0.0,0.0,EUR
2025-11-04,24.34208600606462,23.27906419946885,0.0,0.0,EUR
2025-11-05,24.54390606231175,23.472069668997392,0.0,0.0,EUR
2025-11-06,24.41556601801949,23.349335071110318,0.0,0.0,EUR
2025-11-07,24.373958257347113,23.309543759096414,0.0,0.0,EUR
2025-11-10,24.662421380918317,23.585409040782338,0.0,0.0,EUR
2025-11-11,24.789698813100813,23.707128644304248,0.0,0.0,EUR
2025-11-12,24.94932916526318,23.859787745465155,0.0,0.0,EUR
2025-11-13,24.67178967720031,23.594368998537334,0.0,0.0,EUR
2025-11-14,24.424077554295536,23.357474169715942,0.0,0.0,EUR
2025-11-17,24.407366553542147,23.341493380739735,0.0,0.0,EUR
2025-11-18,24.442274628022574,23.374877137871067,0.0,0.0,EUR
2025-11-19,24.608895510435104,23.53422047053948,0.0,0.0,EUR
2025-11-20,24.703915769300465,23.62509276825358,0.0,0.0,EUR
2025-11-21,24.682350293554123,23.604467654249106,0.0,0.0,EUR
2025-11-24,24.940013779584888,23.85088067983895,0.0,0.0,EUR
2025-11-25,24.973798299230566,23.883189317515644,0.0,0.0,EUR
2025-11-26,25.015482131076624,23.923051677036028,0.0,0.0,EUR
2025-11-28,24.922732032124713,23.83435211362439,0.0,0.0,EUR
2025-12-01,24.712393089134025,23.63320039512621,0.0,0.0,EUR
2025-12-02,24.76812571287155,23.68649695954946,0.0,0.0,EUR
2025-12-03,24.742200805234916,23.661705715850985,0.0,0.0,EUR
2025-12-04,24.565345412835313,23.49257273238095,0.0,0.0,EUR
2025-12-05,24.633252565715793,23.557514246411984,0.0,0.0,EUR
2025-12-08,24.62151842598496,23.546292660793824,0.0,0.0,EUR
2025-12-09,24.76497071805477,23.683480823300556,0.0,0.0,EUR
2025-12-10,24.887531494219957,23.80068860559095,0.0,0.0,EUR
2025-12-11,24.809329638189524,23.725902850558896,0.0,0.0,EUR
2025-12-12,24.677514678652187,23.599843008797507,0.0,0.0,EUR
2025-12-15,24.647203157665444,23.570855510425417,0.0,0.0,EUR
2025-12-16,24.53505338536911,23.463603953449933,0.0,0.0,EUR
2025-12-17,24.59679047184943,23.52264453691123,0.0,0.0,EUR
2025-12-18,24.645883789689265,23.569593698925473,0.0,0.0,EUR
2025-12-19,24.987918137537008,23.896692062363513,0.0,0.0,EUR
2025-12-22,25.11937504371872,24.022407484409086,0.0,0.0,EUR
2025-12-23,25.046847730221543,23.953048639409644,0.0,0.0,EUR
2025-12-24,24.958643336064142,23.86869477815526,0.0,0.0,EUR
2025-12-26,25.141351385890175,24.043424195528132,0.0,0.0,EUR
2025-12-29,24.871018506605537,23.784897647567277,0.0,0.0,EUR
2025-12-30,23.90239681017647,23.808305043012865,0.9921108770370483,0.0,EUR
2025-12-31,23.886355325741192,23.79232815320961,0.0,0.0,EUR
2026-01-02,23.956493953073505,23.86219026988556,0.0,0.0,EUR
2026-01-05,24.22964967898406,24.134269765183262,0.0,0.0,EUR
2026-01-06,24.276668262979115,24.181103437279603,0.0,0.0,EUR
2026-01-07,24.238014868192863,24.142602160071647,0.0,0.0,EUR
2026-01-08,24.218992954833993,24.12365481404686,0.0,0.0,EUR
2026-01-09,24.447014808654785,24.350779137792415,0.0,0.0,EUR
2026-01-12,24.819944349287994,24.72224121838383,0.0,0.0,EUR
2026-01-13,24.693626093280614,24.59642093744901,0.0,0.0,EUR
2026-01-14,24.831376437018207,24.733628025046528,0.0,0.0,EUR
2026-01-15,24.7803513605877,24.682803495252415,0.0,0.0,EUR
2026-01-16,24.73079344683265,24.633441352781347,0.0,0.0,EUR
2026-01-20,24.70972996110993,24.612461101847543,0.0,0.0,EUR
2026-01-21,24.88943816124936,24.79146099542129,0.0,0.0,EUR
2026-01-22,25.26349229576283,25.164042921795726,0.0,0.0,EUR
2026-01-23,24.97743337580414,24.87911120604872,0.0,0.0,EUR
2026-01-26,24.708103865743624,24.610840556396965,0.0,0.0,EUR
2026-01-27,25.150540934524543,25.051536619204853,0.0,0.0,EUR
2026-01-28,25.021547077274136,24.92305017130093,0.0,0.0,EUR
2026-01-29,25.205027476580426,25.10580936018141,0.0,0.0,EUR
2026-01-30,24.394667323711587,24.298637821148645,0.0,0.0,EUR
2026-02-02,24.533336112441248,24.436761280638166,0.0,0.0,EUR
2026-02-03,25.087479580898275,24.988723118862595,0.0,0.0,EUR
2026-02-04,25.1181844337616,25.01930727681315,0.0,0.0,EUR
2026-02-05,24.742328288909903,24.64493125326908,0.0,0.0,EUR
2026-02-06,25.607347430374148,25.506544121139996,0.0,0.0,EUR
2026-02-09,25.892579599987812,25.790654083144545,0.0,0.0,EUR
2026-02-10,25.63832583734893,25.537400566656743,0.0,0.0,EUR
2026-02-11,25.76197328255978,25.66056130881691,0.0,0.0,EUR
2026-02-12,25.39562433269043,25.295654471315174,0.0,0.0,EUR
2026-02-13,25.597276100910562,25.496512514047367,0.0,0.0,EUR
2026-02-17,25.46860079888802,25.36834411337452,0.0,0.0,EUR
2026-02-18,25.776561856269836,25.67509388923645,0.0,0.0,EUR
2026-02-19,25.965238672267333,25.863027718897,0.0,0.0,EUR
2026-02-20,26.314589218001743,26.211003026870685,0.0,0.0,EUR
2026-02-23,26.15182176921462,26.04887586363384,0.0,0.0,EUR
2026-02-24,26.37816868975733,26.274332123420436,0.0,0.0,EUR
2026-02-25,26.598196697943877,26.493493035216034,0.0,0.0,EUR
2026-02-26,26.440598036643223,26.33651619955299,0.0,0.0,EUR
2026-02-27,26.662641310679646,26.55768489571892,0.0,0.0,EUR
2026-03-02,26.608391086568645,26.50364743448631,0.0,0.0,EUR
2026-03-03,25.920567814285278,25.81853186733406,0.0,0.0,EUR
2026-03-04,26.360107522504222,26.256342186285792,0.0,0.0,EUR
2026-03-05,25.997757956385612,25.895419021922294,0.0,0.0,EUR
2026-03-06,26.541889748646554,26.437408448528913,0.0,0.0,EUR
2026-03-09,26.7892957650879,26.683840283358222,0.0,0.0,EUR
2026-03-10,26.62423540396958,26.51942939932951,0.0,0.0,EUR
2026-03-11,26.603394661009588,26.498671424993518,0.0,0.0,EUR
2026-03-12,26.768978682495117,26.66360303465126,0.0,0.0,EUR
2026-03-13,26.610733516102982,26.505981917177564,0.0,0.0,EUR
2026-03-16,26.952089013013847,26.845992374308025,0.0,0.0,EUR
2026-03-17,27.018471672394753,26.912113658723683,0.0,0.0,EUR
2026-03-18,26.699638147077167,26.594535875434303,0.0,0.0,EUR
2026-03-19,26.377141428620916,26.273308006404022,0.0,0.0,EUR
2026-03-20,25.748089742117486,25.646733469080345,0.0,0.0,EUR
2026-03-23,25.56193146571445,25.461307009805864,0.0,0.0,EUR
2026-03-24,25.59635319094332,25.49559359053967,0.0,0.0,EUR
2026-03-25,25.751910899036602,25.65053857349858,0.0,0.0,EUR
2026-03-26,25.82710855942878,25.725441552593793,0.0,0.0,EUR
2026-03-27,26.20699103248444,26.10382800291336,0.0,0.0,EUR
2026-03-30,26.28783481920891,26.28783481920891,0.10355022966861724,0.0,EUR
2026-03-31,26.308890239319794,26.308890239319794,0.0,0.0,EUR
2026-04-01,26.101137375778762,26.101137375778762,0.0,0.0,EUR
2026-04-02,26.15055887458209,26.15055887458209,0.0,0.0,EUR
2026-04-06,26.446576804193114,26.446576804193114,0.0,0.0,EUR
2026-04-07,26.366378834621628,26.366378834621628,0.0,0.0,EUR
2026-04-08,25.824422324960324,25.824422324960324,0.0,0.0,EUR
2026-04-09,25.961974680243884,25.961974680243884,0.0,0.0,EUR
2026-04-10,25.942462255070495,25.942462255070495,0.0,0.0,EUR
2026-04-13,26.072469169760893,26.072469169760893,0.0,0.0,EUR
2026-04-14,25.745908565750142,25.745908565750142,0.0,0.0,EUR
2026-04-15,25.645350987577444,25.645350987577444,0.0,0.0,EUR
2026-04-16,25.759656955236437,25.759656955236437,0.0,0.0,EUR
2026-04-17,25.435538025675783,25.435538025675783,0.0,0.0,EUR
2026-04-20,25.695789303790093,25.695789303790093,0.0,0.0,EUR
2026-04-21,25.737431419719314,25.737431419719314,0.0,0.0,EUR
2026-04-22,25.893506888163756,25.893506888163756,0.0,0.0,EUR
2026-04-23,26.029302448566227,26.029302448566227,0.0,0.0,EUR
2026-04-24,26.11289966860886,26.11289966860886,0.0,0.0,EUR
2026-04-27,26.15652290866126,26.15652290866126,0.0,0.0,EUR
2026-04-28,26.203851343009205,26.203851343009205,0.0,0.0,EUR
2026-04-29,26.55780846690368,26.55780846690368,0.0,0.0,EUR
2026-04-30,26.15385874818878,26.15385874818878,0.0,0.0,EUR
2026-05-01,26.029268317921264,26.029268317921264,0.0,0.0,EUR
2026-05-04,26.17973316999246,26.17973316999246,0.0,0.0,EUR
2026-05-05,26.29161427114525,26.29161427114525,0.0,0.0,EUR
2026-05-06,25.99059866520406,25.99059866520406,0.0,0.0,EUR
2026-05-07,26.00568663203717,26.00568663203717,0.0,0.0,EUR
2026-05-08,26.160156604498866,26.160156604498866,0.0,0.0,EUR
2026-05-11,26.357693584304798,26.357693584304798,0.0,0.0,EUR
2026-05-12,26.33287901279641,26.33287901279641,0.0,0.0,EUR
2026-05-13,26.51797456251677,26.51797456251677,0.0,0.0,EUR
2026-05-14,26.66427668347626,26.66427668347626,0.0,0.0,EUR
2026-05-15,26.77909968045674,26.77909968045674,0.0,0.0,EUR
2026-05-18,26.957909584965705,26.957909584965705,0.0,0.0,EUR
2026-05-19,26.872247367327873,26.872247367327873,0.0,0.0,EUR
2026-05-20,26.80251053286611,26.80251053286611,0.0,0.0,EUR
2026-05-21,26.760510625740608,26.760510625740608,0.0,0.0,EUR
2026-05-22,26.752944449357983,26.752944449357983,0.0,0.0,EUR
2026-05-26,26.784381606573106,26.784381606573106,0.0,0.0,EUR
2026-05-27,26.648133971087077,26.648133971087077,0.0,0.0,EUR
2026-05-28,26.71737057333985,26.71737057333985,0.0,0.0,EUR
2026-05-29,26.60296058654785,26.60296058654785,0.0,0.0,EUR
