date,close,adj close,dividends,stock splits
2008-01-02,103.06999969482422,103.06999969482422,0.0,0.0
2008-01-03,103.83999633789062,103.83999633789062,0.0,0.0
2008-01-04,104.02999877929688,104.02999877929688,0.0,0.0
2008-01-07,104.05999755859375,104.05999755859375,0.0,0.0
2008-01-08,104.12000274658203,104.12000274658203,0.0,0.0
2008-01-09,104.08000183105469,104.08000183105469,0.0,0.0
2008-01-10,104.54000091552734,104.54000091552734,0.0,0.0
2008-01-11,104.43000030517578,104.43000030517578,0.0,0.0
2008-01-14,104.77999877929688,104.77999877929688,0.0,0.0
2008-01-15,104.83000183105469,104.83000183105469,0.0,0.0
2008-01-16,105.3499984741211,105.3499984741211,0.0,0.0
2008-01-17,105.2300033569336,105.2300033569336,0.0,0.0
2008-01-18,105.56999969482422,105.56999969482422,0.0,0.0
2008-01-21,105.80999755859375,105.80999755859375,0.0,0.0
2008-01-22,106.30000305175781,106.30000305175781,0.0,0.0
2008-01-23,105.94999694824219,105.94999694824219,0.0,0.0
2008-01-24,105.5999984741211,105.5999984741211,0.0,0.0
2008-01-25,105.19999694824219,105.19999694824219,0.0,0.0
2008-01-28,105.12000274658203,105.12000274658203,0.0,0.0
2008-01-29,105.44000244140625,105.44000244140625,0.0,0.0
2008-01-30,105.51000213623047,105.51000213623047,0.0,0.0
2008-01-31,105.66000366210938,105.66000366210938,0.0,0.0
2008-02-01,105.9800033569336,105.9800033569336,0.0,0.0
2008-02-04,105.94999694824219,105.94999694824219,0.0,0.0
2008-02-05,106.30000305175781,106.30000305175781,0.0,0.0
2008-02-06,106.6500015258789,106.6500015258789,0.0,0.0
2008-02-07,106.73999786376953,106.73999786376953,0.0,0.0
2008-02-08,106.8499984741211,106.8499984741211,0.0,0.0
2008-02-11,107.05000305175781,107.05000305175781,0.0,0.0
2008-02-12,106.94999694824219,106.94999694824219,0.0,0.0
2008-02-13,106.75,106.75,0.0,0.0
2008-02-14,106.5,106.5,0.0,0.0
2008-02-15,106.20999908447266,106.20999908447266,0.0,0.0
2008-02-18,106.44999694824219,106.44999694824219,0.0,0.0
2008-02-19,106.37000274658203,106.37000274658203,0.0,0.0
2008-02-20,106.30000305175781,106.30000305175781,0.0,0.0
2008-02-21,106.0,106.0,0.0,0.0
2008-02-22,106.08000183105469,106.08000183105469,0.0,0.0
2008-02-25,105.93000030517578,105.93000030517578,0.0,0.0
2008-02-26,105.61000061035156,105.61000061035156,0.0,0.0
2008-02-27,105.91000366210938,105.91000366210938,0.0,0.0
2008-02-28,105.83999633789062,105.83999633789062,0.0,0.0
2008-02-29,106.5,106.5,0.0,0.0
2008-03-03,107.81999969482422,107.81999969482422,0.0,0.0
2008-03-04,107.0199966430664,107.0199966430664,0.0,0.0
2008-03-05,107.01000213623047,107.01000213623047,0.0,0.0
2008-03-06,106.87000274658203,106.87000274658203,0.0,0.0
2008-03-07,107.0199966430664,107.0199966430664,0.0,0.0
2008-03-10,107.11000061035156,107.11000061035156,0.0,0.0
2008-03-11,107.18000030517578,107.18000030517578,0.0,0.0
2008-03-12,106.83999633789062,106.83999633789062,0.0,0.0
2008-03-13,107.25,107.25,0.0,0.0
2008-03-14,106.86000061035156,106.86000061035156,0.0,0.0
2008-03-17,107.75,107.75,0.0,0.0
2008-03-18,107.29000091552734,107.29000091552734,0.0,0.0
2008-03-19,106.83000183105469,106.83000183105469,0.0,0.0
2008-03-20,106.93000030517578,106.93000030517578,0.0,0.0
2008-03-25,106.5,106.5,0.0,0.0
2008-03-26,105.81999969482422,105.81999969482422,0.0,0.0
2008-03-27,105.94999694824219,105.94999694824219,0.0,0.0
2008-03-28,105.7699966430664,105.7699966430664,0.0,0.0
2008-03-31,105.91000366210938,105.91000366210938,0.0,0.0
2008-04-01,105.88999938964844,105.88999938964844,0.0,0.0
2008-04-02,105.70999908447266,105.70999908447266,0.0,0.0
2008-04-03,105.66999816894531,105.66999816894531,0.0,0.0
2008-04-04,105.75,105.75,0.0,0.0
2008-04-07,105.66999816894531,105.66999816894531,0.0,0.0
2008-04-08,105.69999694824219,105.69999694824219,0.0,0.0
2008-04-09,105.66000366210938,105.66000366210938,0.0,0.0
2008-04-10,106.04000091552734,106.04000091552734,0.0,0.0
2008-04-11,105.79000091552734,105.79000091552734,0.0,0.0
2008-04-14,106.26000213623047,106.26000213623047,0.0,0.0
2008-04-15,106.08999633789062,106.08999633789062,0.0,0.0
2008-04-16,105.62999725341797,105.62999725341797,0.0,0.0
2008-04-17,105.05000305175781,105.05000305175781,0.0,0.0
2008-04-18,105.08000183105469,105.08000183105469,0.0,0.0
2008-04-21,104.69999694824219,104.69999694824219,0.0,0.0
2008-04-22,104.62999725341797,104.62999725341797,0.0,0.0
2008-04-23,104.62999725341797,104.62999725341797,0.0,0.0
2008-04-24,104.0,104.0,0.0,0.0
2008-04-25,104.55999755859375,104.55999755859375,0.0,0.0
2008-04-28,104.6500015258789,104.6500015258789,0.0,0.0
2008-04-29,104.87999725341797,104.87999725341797,0.0,0.0
2008-04-30,104.94999694824219,104.94999694824219,0.0,0.0
2008-05-02,105.1500015258789,105.1500015258789,0.0,0.0
2008-05-05,104.88999938964844,104.88999938964844,0.0,0.0
2008-05-06,104.91999816894531,104.91999816894531,0.0,0.0
2008-05-07,105.0,105.0,0.0,0.0
2008-05-08,105.30999755859375,105.30999755859375,0.0,0.0
2008-05-09,105.77999877929688,105.77999877929688,0.0,0.0
2008-05-12,105.68000030517578,105.68000030517578,0.0,0.0
2008-05-13,105.62000274658203,105.62000274658203,0.0,0.0
2008-05-14,104.95999908447266,104.95999908447266,0.0,0.0
2008-05-15,104.56999969482422,104.56999969482422,0.0,0.0
2008-05-16,104.7300033569336,104.7300033569336,0.0,0.0
2008-05-19,104.5999984741211,104.5999984741211,0.0,0.0
2008-05-20,104.81999969482422,104.81999969482422,0.0,0.0
2008-05-21,104.51000213623047,104.51000213623047,0.0,0.0
2008-05-22,104.41999816894531,104.41999816894531,0.0,0.0
2008-05-23,104.47000122070312,104.47000122070312,0.0,0.0
2008-05-26,104.27999877929688,104.27999877929688,0.0,0.0
2008-05-27,104.37000274658203,104.37000274658203,0.0,0.0
2008-05-28,104.13999938964844,104.13999938964844,0.0,0.0
2008-05-29,103.94000244140625,103.94000244140625,0.0,0.0
2008-05-30,103.58000183105469,103.58000183105469,0.0,0.0
2008-06-02,103.80999755859375,103.80999755859375,0.0,0.0
2008-06-03,104.0999984741211,104.0999984741211,0.0,0.0
2008-06-04,103.7699966430664,103.7699966430664,0.0,0.0
2008-06-05,103.72000122070312,103.72000122070312,0.0,0.0
2008-06-06,103.13999938964844,103.13999938964844,0.0,0.0
2008-06-09,102.81999969482422,102.81999969482422,0.0,0.0
2008-06-10,102.37999725341797,102.37999725341797,0.0,0.0
2008-06-11,102.69000244140625,102.69000244140625,0.0,0.0
2008-06-12,102.55000305175781,102.55000305175781,0.0,0.0
2008-06-13,101.95999908447266,101.95999908447266,0.0,0.0
2008-06-16,101.80000305175781,101.80000305175781,0.0,0.0
2008-06-17,101.8499984741211,101.8499984741211,0.0,0.0
2008-06-18,101.94000244140625,101.94000244140625,0.0,0.0
2008-06-19,102.08999633789062,102.08999633789062,0.0,0.0
2008-06-20,101.58999633789062,101.58999633789062,0.0,0.0
2008-06-23,102.0,102.0,0.0,0.0
2008-06-24,102.0,102.0,0.0,0.0
2008-06-25,102.2300033569336,102.2300033569336,0.0,0.0
2008-06-26,102.4000015258789,102.4000015258789,0.0,0.0
2008-06-27,103.04000091552734,103.04000091552734,0.0,0.0
2008-06-30,102.62999725341797,102.62999725341797,0.0,0.0
2008-07-01,102.23999786376953,102.23999786376953,0.0,0.0
2008-07-02,102.0199966430664,102.0199966430664,0.0,0.0
2008-07-03,101.98999786376953,101.98999786376953,0.0,0.0
2008-07-04,102.98999786376953,102.98999786376953,0.0,0.0
2008-07-07,103.22000122070312,103.22000122070312,0.0,0.0
2008-07-08,103.70999908447266,103.70999908447266,0.0,0.0
2008-07-09,103.30000305175781,103.30000305175781,0.0,0.0
2008-07-10,103.58999633789062,103.58999633789062,0.0,0.0
2008-07-11,103.43000030517578,103.43000030517578,0.0,0.0
2008-07-14,103.2300033569336,103.2300033569336,0.0,0.0
2008-07-15,103.55999755859375,103.55999755859375,0.0,0.0
2008-07-16,103.7699966430664,103.7699966430664,0.0,0.0
2008-07-17,103.29000091552734,103.29000091552734,0.0,0.0
2008-07-18,103.36000061035156,103.36000061035156,0.0,0.0
2008-07-21,102.37999725341797,102.37999725341797,0.0,0.0
2008-07-22,102.5,102.5,0.0,0.0
2008-07-23,102.2699966430664,102.2699966430664,0.0,0.0
2008-07-24,102.68000030517578,102.68000030517578,0.0,0.0
2008-07-25,103.33000183105469,103.33000183105469,0.0,0.0
2008-07-28,103.13999938964844,103.13999938964844,0.0,0.0
2008-07-29,103.44999694824219,103.44999694824219,0.0,0.0
2008-07-30,103.91999816894531,103.91999816894531,0.0,0.0
2008-07-31,103.87000274658203,103.87000274658203,0.0,0.0
2008-08-01,104.31999969482422,104.31999969482422,0.0,0.0
2008-08-04,104.3499984741211,104.3499984741211,0.0,0.0
2008-08-05,104.61000061035156,104.61000061035156,0.0,0.0
2008-08-06,104.6500015258789,104.6500015258789,0.0,0.0
2008-08-07,104.6500015258789,104.6500015258789,0.0,0.0
2008-08-08,105.37000274658203,105.37000274658203,0.0,0.0
2008-08-11,105.33999633789062,105.33999633789062,0.0,0.0
2008-08-12,105.44999694824219,105.44999694824219,0.0,0.0
2008-08-13,105.48999786376953,105.48999786376953,0.0,0.0
2008-08-14,105.6500015258789,105.6500015258789,0.0,0.0
2008-08-18,106.08000183105469,106.08000183105469,0.0,0.0
2008-08-19,106.25,106.25,0.0,0.0
2008-08-20,105.8499984741211,105.8499984741211,0.0,0.0
2008-08-21,105.9800033569336,105.9800033569336,0.0,0.0
2008-08-22,105.7699966430664,105.7699966430664,0.0,0.0
2008-08-25,105.6500015258789,105.6500015258789,0.0,0.0
2008-08-26,105.80000305175781,105.80000305175781,0.0,0.0
2008-08-27,105.77999877929688,105.77999877929688,0.0,0.0
2008-08-28,105.58999633789062,105.58999633789062,0.0,0.0
2008-08-29,105.86000061035156,105.86000061035156,0.0,0.0
2008-09-01,105.94999694824219,105.94999694824219,0.0,0.0
2008-09-02,105.93000030517578,105.93000030517578,0.0,0.0
2008-09-03,106.16999816894531,106.16999816894531,0.0,0.0
2008-09-04,105.86000061035156,105.86000061035156,0.0,0.0
2008-09-05,106.80000305175781,106.80000305175781,0.0,0.0
2008-09-08,106.23999786376953,106.23999786376953,0.0,0.0
2008-09-09,106.08000183105469,106.08000183105469,0.0,0.0
2008-09-10,106.58999633789062,106.58999633789062,0.0,0.0
2008-09-11,106.5999984741211,106.5999984741211,0.0,0.0
2008-09-12,106.2300033569336,106.2300033569336,0.0,0.0
2008-09-15,107.0,107.0,0.0,0.0
2008-09-16,107.19999694824219,107.19999694824219,0.0,0.0
2008-09-17,106.62999725341797,106.62999725341797,0.0,0.0
2008-09-18,106.6500015258789,106.6500015258789,0.0,0.0
2008-09-19,105.69999694824219,105.69999694824219,0.0,0.0
2008-09-22,105.30000305175781,105.30000305175781,0.0,0.0
2008-09-23,105.26000213623047,105.26000213623047,0.0,0.0
2008-09-24,105.69000244140625,105.69000244140625,0.0,0.0
2008-09-25,105.75,105.75,0.0,0.0
2008-09-26,106.08000183105469,106.08000183105469,0.0,0.0
2008-09-29,106.58000183105469,106.58000183105469,0.0,0.0
2008-09-30,106.7699966430664,106.7699966430664,0.0,0.0
2008-10-01,106.55000305175781,106.55000305175781,0.0,0.0
2008-10-02,106.5199966430664,106.5199966430664,0.0,0.0
2008-10-03,107.6500015258789,107.6500015258789,0.0,0.0
2008-10-06,108.25,108.25,0.0,0.0
2008-10-07,108.37999725341797,108.37999725341797,0.0,0.0
2008-10-08,108.63999938964844,108.63999938964844,0.0,0.0
2008-10-09,107.80000305175781,107.80000305175781,0.0,0.0
2008-10-10,107.97000122070312,107.97000122070312,0.0,0.0
2008-10-13,106.52999877929688,106.52999877929688,0.0,0.0
2008-10-14,106.44000244140625,106.44000244140625,0.0,0.0
2008-10-15,106.77999877929688,106.77999877929688,0.0,0.0
2008-10-16,107.19000244140625,107.19000244140625,0.0,0.0
2008-10-17,107.52999877929688,107.52999877929688,0.0,0.0
2008-10-20,107.4800033569336,107.4800033569336,0.0,0.0
2008-10-21,108.0,108.0,0.0,0.0
2008-10-22,108.54000091552734,108.54000091552734,0.0,0.0
2008-10-23,108.83999633789062,108.83999633789062,0.0,0.0
2008-10-24,109.25,109.25,0.0,0.0
2008-10-27,109.30999755859375,109.30999755859375,0.0,0.0
2008-10-28,108.77999877929688,108.77999877929688,0.0,0.0
2008-10-29,109.22000122070312,109.22000122070312,0.0,0.0
2008-10-30,108.76000213623047,108.76000213623047,0.0,0.0
2008-10-31,109.2699966430664,109.2699966430664,0.0,0.0
2008-11-03,108.41999816894531,108.41999816894531,0.0,0.0
2008-11-04,108.87999725341797,108.87999725341797,0.0,0.0
2008-11-05,109.12999725341797,109.12999725341797,0.0,0.0
2008-11-06,109.31999969482422,109.31999969482422,0.0,0.0
2008-11-07,109.93000030517578,109.93000030517578,0.0,0.0
2008-11-10,109.94000244140625,109.94000244140625,0.0,0.0
2008-11-11,111.11000061035156,111.11000061035156,0.0,0.0
2008-11-12,111.11000061035156,111.11000061035156,0.0,0.0
2008-11-13,110.55000305175781,110.55000305175781,0.0,0.0
2008-11-14,111.11000061035156,111.11000061035156,0.0,0.0
2008-11-17,110.69000244140625,110.69000244140625,0.0,0.0
2008-11-18,110.75,110.75,0.0,0.0
2008-11-19,110.8499984741211,110.8499984741211,0.0,0.0
2008-11-20,111.76000213623047,111.76000213623047,0.0,0.0
2008-11-21,111.9000015258789,111.9000015258789,0.0,0.0
2008-11-24,111.47000122070312,111.47000122070312,0.0,0.0
2008-11-25,111.4000015258789,111.4000015258789,0.0,0.0
2008-11-26,111.55000305175781,111.55000305175781,0.0,0.0
2008-11-27,111.79000091552734,111.79000091552734,0.0,0.0
2008-11-28,111.95999908447266,111.95999908447266,0.0,0.0
2008-12-01,111.88999938964844,111.88999938964844,0.0,0.0
2008-12-02,112.47000122070312,112.47000122070312,0.0,0.0
2008-12-03,112.51000213623047,112.51000213623047,0.0,0.0
2008-12-04,112.9000015258789,112.9000015258789,0.0,0.0
2008-12-05,112.19999694824219,112.19999694824219,0.0,0.0
2008-12-08,112.19000244140625,112.19000244140625,0.0,0.0
2008-12-09,111.30000305175781,111.30000305175781,0.0,0.0
2008-12-10,111.0199966430664,111.0199966430664,0.0,0.0
2008-12-11,111.30000305175781,111.30000305175781,0.0,0.0
2008-12-12,111.5999984741211,111.5999984741211,0.0,0.0
2008-12-15,110.44999694824219,110.44999694824219,0.0,0.0
2008-12-16,111.25,111.25,0.0,0.0
2008-12-17,112.05999755859375,112.05999755859375,0.0,0.0
2008-12-18,112.1500015258789,112.1500015258789,0.0,0.0
2008-12-19,112.44999694824219,112.44999694824219,0.0,0.0
2008-12-22,112.6500015258789,112.6500015258789,0.0,0.0
2008-12-23,113.0999984741211,113.0999984741211,0.0,0.0
2008-12-29,114.25,114.25,0.0,0.0
2008-12-30,113.5,113.5,0.0,0.0
2009-01-02,113.5,113.5,0.0,0.0
2009-01-05,113.23999786376953,113.23999786376953,0.0,0.0
2009-01-06,112.62000274658203,112.62000274658203,0.0,0.0
2009-01-07,112.69999694824219,112.69999694824219,0.0,0.0
2009-01-08,113.0,113.0,0.0,0.0
2009-01-09,113.3499984741211,113.3499984741211,0.0,0.0
2009-01-12,113.30000305175781,113.30000305175781,0.0,0.0
2009-01-13,113.4000015258789,113.4000015258789,0.0,0.0
2009-01-14,113.72000122070312,113.72000122070312,0.0,0.0
2009-01-15,113.9000015258789,113.9000015258789,0.0,0.0
2009-01-16,113.47000122070312,113.47000122070312,0.0,0.0
2009-01-19,113.04000091552734,113.04000091552734,0.0,0.0
2009-01-20,112.69999694824219,112.69999694824219,0.0,0.0
2009-01-21,112.77999877929688,112.77999877929688,0.0,0.0
2009-01-22,112.30999755859375,112.30999755859375,0.0,0.0
2009-01-23,111.3499984741211,111.3499984741211,0.0,0.0
2009-01-26,110.58000183105469,110.58000183105469,0.0,0.0
2009-01-27,111.18000030517578,111.18000030517578,0.0,0.0
2009-01-28,111.70999908447266,111.70999908447266,0.0,0.0
2009-01-29,111.9000015258789,111.9000015258789,0.0,0.0
2009-01-30,112.05999755859375,112.05999755859375,0.0,0.0
2009-02-02,112.58999633789062,112.58999633789062,0.0,0.0
2009-02-03,112.58999633789062,112.58999633789062,0.0,0.0
2009-02-04,112.68000030517578,112.68000030517578,0.0,0.0
2009-02-05,112.94999694824219,112.94999694824219,0.0,0.0
2009-02-06,112.77999877929688,112.77999877929688,0.0,0.0
2009-02-09,112.62999725341797,112.62999725341797,0.0,0.0
2009-02-10,112.9000015258789,112.9000015258789,0.0,0.0
2009-02-11,113.55000305175781,113.55000305175781,0.0,0.0
2009-02-12,114.0,114.0,0.0,0.0
2009-02-13,113.55999755859375,113.55999755859375,0.0,0.0
2009-02-16,113.72000122070312,113.72000122070312,0.0,0.0
2009-02-17,114.23999786376953,114.23999786376953,0.0,0.0
2009-02-18,114.08999633789062,114.08999633789062,0.0,0.0
2009-02-19,113.29000091552734,113.29000091552734,0.0,0.0
2009-02-20,113.95999908447266,113.95999908447266,0.0,0.0
2009-02-23,113.94000244140625,113.94000244140625,0.0,0.0
2009-02-24,114.27999877929688,114.27999877929688,0.0,0.0
2009-02-25,114.30000305175781,114.30000305175781,0.0,0.0
2009-02-26,113.5,113.5,0.0,0.0
2009-02-27,113.6500015258789,113.6500015258789,0.0,0.0
2009-03-02,114.0199966430664,114.0199966430664,0.0,0.0
2009-03-03,114.19999694824219,114.19999694824219,0.0,0.0
2009-03-04,113.9000015258789,113.9000015258789,0.0,0.0
2009-03-05,114.31999969482422,114.31999969482422,0.0,0.0
2009-03-06,114.54000091552734,114.54000091552734,0.0,0.0
2009-03-09,114.36000061035156,114.36000061035156,0.0,0.0
2009-03-10,113.69999694824219,113.69999694824219,0.0,0.0
2009-03-11,113.52999877929688,113.52999877929688,0.0,0.0
2009-03-12,114.12000274658203,114.12000274658203,0.0,0.0
2009-03-13,114.16000366210938,114.16000366210938,0.0,0.0
2009-03-16,113.66000366210938,113.66000366210938,0.0,0.0
2009-03-17,113.41999816894531,113.41999816894531,0.0,0.0
2009-03-18,113.4800033569336,113.4800033569336,0.0,0.0
2009-03-19,114.19000244140625,114.19000244140625,0.0,0.0
2009-03-20,114.9000015258789,114.9000015258789,0.0,0.0
2009-03-23,114.61000061035156,114.61000061035156,0.0,0.0
2009-03-24,114.16000366210938,114.16000366210938,0.0,0.0
2009-03-25,114.02999877929688,114.02999877929688,0.0,0.0
2009-03-26,114.2300033569336,114.2300033569336,0.0,0.0
2009-03-27,114.75,114.75,0.0,0.0
2009-03-30,114.88999938964844,114.88999938964844,0.0,0.0
2009-03-31,115.06999969482422,115.06999969482422,0.0,0.0
2009-04-01,115.18000030517578,115.18000030517578,0.0,0.0
2009-04-02,114.55000305175781,114.55000305175781,0.0,0.0
2009-04-03,114.29000091552734,114.29000091552734,0.0,0.0
2009-04-06,114.43000030517578,114.43000030517578,0.0,0.0
2009-04-07,114.25,114.25,0.0,0.0
2009-04-08,114.48999786376953,114.48999786376953,0.0,0.0
2009-04-09,114.3499984741211,114.3499984741211,0.0,0.0
2009-04-14,114.86000061035156,114.86000061035156,0.0,0.0
2009-04-15,115.18000030517578,115.18000030517578,0.0,0.0
2009-04-16,114.86000061035156,114.86000061035156,0.0,0.0
2009-04-17,114.72000122070312,114.72000122070312,0.0,0.0
2009-04-20,115.16999816894531,115.16999816894531,0.0,0.0
2009-04-21,115.26000213623047,115.26000213623047,0.0,0.0
2009-04-22,114.83999633789062,114.83999633789062,0.0,0.0
2009-04-23,114.9800033569336,114.9800033569336,0.0,0.0
2009-04-24,115.30999755859375,115.30999755859375,0.0,0.0
2009-04-27,115.26000213623047,115.26000213623047,0.0,0.0
2009-04-28,115.61000061035156,115.61000061035156,0.0,0.0
2009-04-29,115.6500015258789,115.6500015258789,0.0,0.0
2009-04-30,115.5999984741211,115.5999984741211,0.0,0.0
2009-05-04,115.18000030517578,115.18000030517578,0.0,0.0
2009-05-05,115.66000366210938,115.66000366210938,0.0,0.0
2009-05-06,115.63999938964844,115.63999938964844,0.0,0.0
2009-05-07,115.26000213623047,115.26000213623047,0.0,0.0
2009-05-08,115.20999908447266,115.20999908447266,0.0,0.0
2009-05-11,115.47000122070312,115.47000122070312,0.0,0.0
2009-05-12,115.31999969482422,115.31999969482422,0.0,0.0
2009-05-13,115.70999908447266,115.70999908447266,0.0,0.0
2009-05-14,115.63999938964844,115.63999938964844,0.0,0.0
2009-05-15,115.5,115.5,0.0,0.0
2009-05-18,115.55000305175781,115.55000305175781,0.0,0.0
2009-05-19,115.0,115.0,0.0,0.0
2009-05-20,115.16999816894531,115.16999816894531,0.0,0.0
2009-05-21,115.4000015258789,115.4000015258789,0.0,0.0
2009-05-22,115.0,115.0,0.0,0.0
2009-05-25,114.56999969482422,114.56999969482422,0.0,0.0
2009-05-26,114.22000122070312,114.22000122070312,0.0,0.0
2009-05-27,114.1500015258789,114.1500015258789,0.0,0.0
2009-05-28,114.1500015258789,114.1500015258789,0.0,0.0
2009-05-29,114.12000274658203,114.12000274658203,0.0,0.0
2009-06-01,114.0,114.0,0.0,0.0
2009-06-02,114.19000244140625,114.19000244140625,0.0,0.0
2009-06-03,114.45999908447266,114.45999908447266,0.0,0.0
2009-06-04,113.86000061035156,113.86000061035156,0.0,0.0
2009-06-05,113.5199966430664,113.5199966430664,0.0,0.0
2009-06-08,113.31999969482422,113.31999969482422,0.0,0.0
2009-06-09,113.48999786376953,113.48999786376953,0.0,0.0
2009-06-10,113.45999908447266,113.45999908447266,0.0,0.0
2009-06-11,113.43000030517578,113.43000030517578,0.0,0.0
2009-06-12,113.58999633789062,113.58999633789062,0.0,0.0
2009-06-15,114.22000122070312,114.22000122070312,0.0,0.0
2009-06-16,114.19999694824219,114.19999694824219,0.0,0.0
2009-06-17,114.6500015258789,114.6500015258789,0.0,0.0
2009-06-18,114.18000030517578,114.18000030517578,0.0,0.0
2009-06-19,114.36000061035156,114.36000061035156,0.0,0.0
2009-06-22,114.86000061035156,114.86000061035156,0.0,0.0
2009-06-23,114.7699966430664,114.7699966430664,0.0,0.0
2009-06-24,115.2699966430664,115.2699966430664,0.0,0.0
2009-06-25,115.5999984741211,115.5999984741211,0.0,0.0
2009-06-26,115.6500015258789,115.6500015258789,0.0,0.0
2009-06-29,115.80000305175781,115.80000305175781,0.0,0.0
2009-06-30,115.48999786376953,115.48999786376953,0.0,0.0
2009-07-01,115.81999969482422,115.81999969482422,0.0,0.0
2009-07-02,116.37999725341797,116.37999725341797,0.0,0.0
2009-07-03,116.44000244140625,116.44000244140625,0.0,0.0
2009-07-06,116.52999877929688,116.52999877929688,0.0,0.0
2009-07-07,116.47000122070312,116.47000122070312,0.0,0.0
2009-07-08,116.4800033569336,116.4800033569336,0.0,0.0
2009-07-09,116.4000015258789,116.4000015258789,0.0,0.0
2009-07-10,116.41999816894531,116.41999816894531,0.0,0.0
2009-07-13,116.5,116.5,0.0,0.0
2009-07-14,116.18000030517578,116.18000030517578,0.0,0.0
2009-07-15,116.16000366210938,116.16000366210938,0.0,0.0
2009-07-16,116.33999633789062,116.33999633789062,0.0,0.0
2009-07-17,116.25,116.25,0.0,0.0
2009-07-20,116.08999633789062,116.08999633789062,0.0,0.0
2009-07-21,116.30000305175781,116.30000305175781,0.0,0.0
2009-07-22,116.58000183105469,116.58000183105469,0.0,0.0
2009-07-23,116.5199966430664,116.5199966430664,0.0,0.0
2009-07-24,116.44000244140625,116.44000244140625,0.0,0.0
2009-07-27,116.25,116.25,0.0,0.0
2009-07-28,116.79000091552734,116.79000091552734,0.0,0.0
2009-07-29,116.79000091552734,116.79000091552734,0.0,0.0
2009-07-30,116.87999725341797,116.87999725341797,0.0,0.0
2009-07-31,117.37999725341797,117.37999725341797,0.0,0.0
2009-08-03,117.31999969482422,117.31999969482422,0.0,0.0
2009-08-04,117.23999786376953,117.23999786376953,0.0,0.0
2009-08-05,116.95999908447266,116.95999908447266,0.0,0.0
2009-08-06,116.80999755859375,116.80999755859375,0.0,0.0
2009-08-07,116.0199966430664,116.0199966430664,0.0,0.0
2009-08-10,116.52999877929688,116.52999877929688,0.0,0.0
2009-08-11,116.7300033569336,116.7300033569336,0.0,0.0
2009-08-12,116.5999984741211,116.5999984741211,0.0,0.0
2009-08-13,116.80999755859375,116.80999755859375,0.0,0.0
2009-08-14,117.31999969482422,117.31999969482422,0.0,0.0
2009-08-17,117.44000244140625,117.44000244140625,0.0,0.0
2009-08-18,117.5199966430664,117.5199966430664,0.0,0.0
2009-08-19,117.73999786376953,117.73999786376953,0.0,0.0
2009-08-20,117.87999725341797,117.87999725341797,0.0,0.0
2009-08-21,117.36000061035156,117.36000061035156,0.0,0.0
2009-08-24,117.30999755859375,117.30999755859375,0.0,0.0
2009-08-25,117.83000183105469,117.83000183105469,0.0,0.0
2009-08-26,118.0,118.0,0.0,0.0
2009-08-27,118.0,118.0,0.0,0.0
2009-08-28,117.9800033569336,117.9800033569336,0.0,0.0
2009-08-31,117.98999786376953,117.98999786376953,0.0,0.0
2009-09-01,117.80000305175781,117.80000305175781,0.0,0.0
2009-09-02,117.9800033569336,117.9800033569336,0.0,0.0
2009-09-03,117.80000305175781,117.80000305175781,0.0,0.0
2009-09-04,118.0,118.0,0.0,0.0
2009-09-07,118.06999969482422,118.06999969482422,0.0,0.0
2009-09-08,118.0199966430664,118.0199966430664,0.0,0.0
2009-09-09,117.97000122070312,117.97000122070312,0.0,0.0
2009-09-10,118.0999984741211,118.0999984741211,0.0,0.0
2009-09-11,118.66999816894531,118.66999816894531,0.0,0.0
2009-09-14,118.41000366210938,118.41000366210938,0.0,0.0
2009-09-15,118.33000183105469,118.33000183105469,0.0,0.0
2009-09-16,118.12999725341797,118.12999725341797,0.0,0.0
2009-09-17,118.05999755859375,118.05999755859375,0.0,0.0
2009-09-18,118.0,118.0,0.0,0.0
2009-09-21,118.1500015258789,118.1500015258789,0.0,0.0
2009-09-22,118.0999984741211,118.0999984741211,0.0,0.0
2009-09-23,118.19999694824219,118.19999694824219,0.0,0.0
2009-09-24,118.5,118.5,0.0,0.0
2009-09-25,118.66000366210938,118.66000366210938,0.0,0.0
2009-09-28,118.73999786376953,118.73999786376953,0.0,0.0
2009-09-29,118.58000183105469,118.58000183105469,0.0,0.0
2009-09-30,118.70999908447266,118.70999908447266,0.0,0.0
2009-10-01,118.58000183105469,118.58000183105469,0.0,0.0
2009-10-02,119.0199966430664,119.0199966430664,0.0,0.0
2009-10-05,119.18000030517578,119.18000030517578,0.0,0.0
2009-10-06,119.0199966430664,119.0199966430664,0.0,0.0
2009-10-07,119.16999816894531,119.16999816894531,0.0,0.0
2009-10-08,119.3499984741211,119.3499984741211,0.0,0.0
2009-10-09,118.6500015258789,118.6500015258789,0.0,0.0
2009-10-12,118.8499984741211,118.8499984741211,0.0,0.0
2009-10-13,118.87999725341797,118.87999725341797,0.0,0.0
2009-10-14,118.54000091552734,118.54000091552734,0.0,0.0
2009-10-15,118.44999694824219,118.44999694824219,0.0,0.0
2009-10-16,118.30000305175781,118.30000305175781,0.0,0.0
2009-10-19,118.26000213623047,118.26000213623047,0.0,0.0
2009-10-20,118.4800033569336,118.4800033569336,0.0,0.0
2009-10-21,118.51000213623047,118.51000213623047,0.0,0.0
2009-10-22,118.62000274658203,118.62000274658203,0.0,0.0
2009-10-23,118.45999908447266,118.45999908447266,0.0,0.0
2009-10-26,118.37999725341797,118.37999725341797,0.0,0.0
2009-10-27,118.8499984741211,118.8499984741211,0.0,0.0
2009-10-28,119.08999633789062,119.08999633789062,0.0,0.0
2009-10-29,118.66000366210938,118.66000366210938,0.0,0.0
2009-10-30,118.7699966430664,118.7699966430664,0.0,0.0
2009-11-02,119.11000061035156,119.11000061035156,0.0,0.0
2009-11-03,119.22000122070312,119.22000122070312,0.0,0.0
2009-11-04,118.70999908447266,118.70999908447266,0.0,0.0
2009-11-05,118.62000274658203,118.62000274658203,0.0,0.0
2009-11-06,118.7699966430664,118.7699966430664,0.0,0.0
2009-11-09,119.08999633789062,119.08999633789062,0.0,0.0
2009-11-10,119.29000091552734,119.29000091552734,0.0,0.0
2009-11-11,119.2699966430664,119.2699966430664,0.0,0.0
2009-11-12,119.08000183105469,119.08000183105469,0.0,0.0
2009-11-13,119.01000213623047,119.01000213623047,0.0,0.0
2009-11-16,119.08000183105469,119.08000183105469,0.0,0.0
2009-11-17,119.2699966430664,119.2699966430664,0.0,0.0
2009-11-18,119.23999786376953,119.23999786376953,0.0,0.0
2009-11-19,119.30999755859375,119.30999755859375,0.0,0.0
2009-11-20,119.0,119.0,0.0,0.0
2009-11-23,119.0999984741211,119.0999984741211,0.0,0.0
2009-11-24,119.36000061035156,119.36000061035156,0.0,0.0
2009-11-25,119.27999877929688,119.27999877929688,0.0,0.0
2009-11-26,119.69000244140625,119.69000244140625,0.0,0.0
2009-11-27,119.63999938964844,119.63999938964844,0.0,0.0
2009-11-30,119.83999633789062,119.83999633789062,0.0,0.0
2009-12-01,120.05999755859375,120.05999755859375,0.0,0.0
2009-12-02,120.0,120.0,0.0,0.0
2009-12-03,119.72000122070312,119.72000122070312,0.0,0.0
2009-12-04,119.33000183105469,119.33000183105469,0.0,0.0
2009-12-07,119.55000305175781,119.55000305175781,0.0,0.0
2009-12-08,119.94999694824219,119.94999694824219,0.0,0.0
2009-12-09,119.79000091552734,119.79000091552734,0.0,0.0
2009-12-10,119.51000213623047,119.51000213623047,0.0,0.0
2009-12-11,119.55000305175781,119.55000305175781,0.0,0.0
2009-12-14,119.75,119.75,0.0,0.0
2009-12-15,119.4000015258789,119.4000015258789,0.0,0.0
2009-12-16,119.75,119.75,0.0,0.0
2009-12-17,120.08999633789062,120.08999633789062,0.0,0.0
2009-12-18,120.0199966430664,120.0199966430664,0.0,0.0
2009-12-21,119.7300033569336,119.7300033569336,0.0,0.0
2009-12-22,119.72000122070312,119.72000122070312,0.0,0.0
2009-12-23,119.66000366210938,119.66000366210938,0.0,0.0
2009-12-28,119.45999908447266,119.45999908447266,0.0,0.0
2009-12-29,119.30000305175781,119.30000305175781,0.0,0.0
2009-12-30,119.0999984741211,119.0999984741211,0.0,0.0
2010-01-04,118.88999938964844,118.88999938964844,0.0,0.0
2010-01-05,118.97000122070312,118.97000122070312,0.0,0.0
2010-01-06,118.91999816894531,118.91999816894531,0.0,0.0
2010-01-07,119.05000305175781,119.05000305175781,0.0,0.0
2010-01-08,119.41000366210938,119.41000366210938,0.0,0.0
2010-01-11,119.41999816894531,119.41999816894531,0.0,0.0
2010-01-12,119.5,119.5,0.0,0.0
2010-01-13,119.55000305175781,119.55000305175781,0.0,0.0
2010-01-14,119.55000305175781,119.55000305175781,0.0,0.0
2010-01-15,119.56999969482422,119.56999969482422,0.0,0.0
2010-01-18,119.55999755859375,119.55999755859375,0.0,0.0
2010-01-19,119.41000366210938,119.41000366210938,0.0,0.0
2010-01-20,119.55999755859375,119.55999755859375,0.0,0.0
2010-01-21,119.54000091552734,119.54000091552734,0.0,0.0
2010-01-22,119.87000274658203,119.87000274658203,0.0,0.0
2010-01-25,119.8499984741211,119.8499984741211,0.0,0.0
2010-01-26,119.94999694824219,119.94999694824219,0.0,0.0
2010-01-27,119.91999816894531,119.91999816894531,0.0,0.0
2010-01-28,119.6500015258789,119.6500015258789,0.0,0.0
2010-01-29,119.44000244140625,119.44000244140625,0.0,0.0
2010-02-01,119.93000030517578,119.93000030517578,0.0,0.0
2010-02-02,119.9000015258789,119.9000015258789,0.0,0.0
2010-02-03,119.68000030517578,119.68000030517578,0.0,0.0
2010-02-04,119.7699966430664,119.7699966430664,0.0,0.0
2010-02-05,120.11000061035156,120.11000061035156,0.0,0.0
2010-02-08,119.70999908447266,119.70999908447266,0.0,0.0
2010-02-09,120.02999877929688,120.02999877929688,0.0,0.0
2010-02-10,120.19999694824219,120.19999694824219,0.0,0.0
2010-02-11,120.2300033569336,120.2300033569336,0.0,0.0
2010-02-12,120.30000305175781,120.30000305175781,0.0,0.0
2010-02-15,120.27999877929688,120.27999877929688,0.0,0.0
2010-02-16,120.1500015258789,120.1500015258789,0.0,0.0
2010-02-17,120.44999694824219,120.44999694824219,0.0,0.0
2010-02-18,120.12000274658203,120.12000274658203,0.0,0.0
2010-02-19,120.18000030517578,120.18000030517578,0.0,0.0
2010-02-22,120.25,120.25,0.0,0.0
2010-02-23,120.7300033569336,120.7300033569336,0.0,0.0
2010-02-24,120.83999633789062,120.83999633789062,0.0,0.0
2010-02-25,120.94000244140625,120.94000244140625,0.0,0.0
2010-02-26,120.9000015258789,120.9000015258789,0.0,0.0
2010-03-01,121.22000122070312,121.22000122070312,0.0,0.0
2010-03-02,121.25,121.25,0.0,0.0
2010-03-03,121.30999755859375,121.30999755859375,0.0,0.0
2010-03-04,121.41000366210938,121.41000366210938,0.0,0.0
2010-03-05,121.44000244140625,121.44000244140625,0.0,0.0
2010-03-08,121.0199966430664,121.0199966430664,0.0,0.0
2010-03-09,121.37000274658203,121.37000274658203,0.0,0.0
2010-03-10,121.30000305175781,121.30000305175781,0.0,0.0
2010-03-11,121.11000061035156,121.11000061035156,0.0,0.0
2010-03-12,121.19999694824219,121.19999694824219,0.0,0.0
2010-03-15,121.2699966430664,121.2699966430664,0.0,0.0
2010-03-16,121.30999755859375,121.30999755859375,0.0,0.0
2010-03-17,121.73999786376953,121.73999786376953,0.0,0.0
2010-03-18,121.5,121.5,0.0,0.0
2010-03-19,121.48999786376953,121.48999786376953,0.0,0.0
2010-03-22,121.55999755859375,121.55999755859375,0.0,0.0
2010-03-23,121.80999755859375,121.80999755859375,0.0,0.0
2010-03-24,121.63999938964844,121.63999938964844,0.0,0.0
2010-03-25,121.47000122070312,121.47000122070312,0.0,0.0
2010-03-26,121.47000122070312,121.47000122070312,0.0,0.0
2010-03-29,121.66999816894531,121.66999816894531,0.0,0.0
2010-03-30,121.6500015258789,121.6500015258789,0.0,0.0
2010-03-31,121.66999816894531,121.66999816894531,0.0,0.0
2010-04-01,121.56999969482422,121.56999969482422,0.0,0.0
2010-04-06,121.19000244140625,121.19000244140625,0.0,0.0
2010-04-07,121.30000305175781,121.30000305175781,0.0,0.0
2010-04-08,121.26000213623047,121.26000213623047,0.0,0.0
2010-04-09,121.25,121.25,0.0,0.0
2010-04-12,121.31999969482422,121.31999969482422,0.0,0.0
2010-04-13,121.55999755859375,121.55999755859375,0.0,0.0
2010-04-14,121.2300033569336,121.2300033569336,0.0,0.0
2010-04-15,121.36000061035156,121.36000061035156,0.0,0.0
2010-04-16,121.5999984741211,121.5999984741211,0.0,0.0
2010-04-19,121.5,121.5,0.0,0.0
2010-04-20,121.33999633789062,121.33999633789062,0.0,0.0
2010-04-21,121.29000091552734,121.29000091552734,0.0,0.0
2010-04-22,120.6500015258789,120.6500015258789,0.0,0.0
2010-04-23,120.70999908447266,120.70999908447266,0.0,0.0
2010-04-26,120.2699966430664,120.2699966430664,0.0,0.0
2010-04-27,119.97000122070312,119.97000122070312,0.0,0.0
2010-04-28,119.58999633789062,119.58999633789062,0.0,0.0
2010-04-29,120.44999694824219,120.44999694824219,0.0,0.0
2010-04-30,120.80000305175781,120.80000305175781,0.0,0.0
2010-05-03,120.8499984741211,120.8499984741211,0.0,0.0
2010-05-04,120.30000305175781,120.30000305175781,0.0,0.0
2010-05-05,120.12000274658203,120.12000274658203,0.0,0.0
2010-05-06,119.80000305175781,119.80000305175781,0.0,0.0
2010-05-07,120.05000305175781,120.05000305175781,0.0,0.0
2010-05-10,122.19000244140625,122.19000244140625,0.0,0.0
2010-05-11,123.06999969482422,123.06999969482422,0.0,0.0
2010-05-12,123.08999633789062,123.08999633789062,0.0,0.0
2010-05-13,123.19999694824219,123.19999694824219,0.0,0.0
2010-05-14,123.12000274658203,123.12000274658203,0.0,0.0
2010-05-17,123.12999725341797,123.12999725341797,0.0,0.0
2010-05-18,123.58999633789062,123.58999633789062,0.0,0.0
2010-05-19,123.80999755859375,123.80999755859375,0.0,0.0
2010-05-20,124.0,124.0,0.0,0.0
2010-05-21,124.0199966430664,124.0199966430664,0.0,0.0
2010-05-24,123.7699966430664,123.7699966430664,0.0,0.0
2010-05-25,123.9000015258789,123.9000015258789,0.0,0.0
2010-05-26,123.44000244140625,123.44000244140625,0.0,0.0
2010-05-27,123.0,123.0,0.0,0.0
2010-05-28,122.94000244140625,122.94000244140625,0.0,0.0
2010-05-31,123.19999694824219,123.19999694824219,0.0,0.0
2010-06-01,122.9800033569336,122.9800033569336,0.0,0.0
2010-06-02,122.91999816894531,122.91999816894531,0.0,0.0
2010-06-03,122.44999694824219,122.44999694824219,0.0,0.0
2010-06-04,122.6500015258789,122.6500015258789,0.0,0.0
2010-06-07,122.22000122070312,122.22000122070312,0.0,0.0
2010-06-08,122.47000122070312,122.47000122070312,0.0,0.0
2010-06-09,122.61000061035156,122.61000061035156,0.0,0.0
2010-06-10,122.45999908447266,122.45999908447266,0.0,0.0
2010-06-11,123.01000213623047,123.01000213623047,0.0,0.0
2010-06-14,122.73999786376953,122.73999786376953,0.0,0.0
2010-06-15,122.16000366210938,122.16000366210938,0.0,0.0
2010-06-16,122.23999786376953,122.23999786376953,0.0,0.0
2010-06-17,122.48999786376953,122.48999786376953,0.0,0.0
2010-06-18,122.31999969482422,122.31999969482422,0.0,0.0
2010-06-21,122.19999694824219,122.19999694824219,0.0,0.0
2010-06-22,122.0,122.0,0.0,0.0
2010-06-23,122.08999633789062,122.08999633789062,0.0,0.0
2010-06-24,122.3499984741211,122.3499984741211,0.0,0.0
2010-06-25,121.91000366210938,121.91000366210938,0.0,0.0
2010-06-28,121.61000061035156,121.61000061035156,0.0,0.0
2010-06-29,122.4000015258789,122.4000015258789,0.0,0.0
2010-06-30,122.38999938964844,122.38999938964844,0.0,0.0
2010-07-01,122.55000305175781,122.55000305175781,0.0,0.0
2010-07-02,122.76000213623047,122.76000213623047,0.0,0.0
2010-07-05,122.98999786376953,122.98999786376953,0.0,0.0
2010-07-06,122.5,122.5,0.0,0.0
2010-07-07,122.69000244140625,122.69000244140625,0.0,0.0
2010-07-08,122.66000366210938,122.66000366210938,0.0,0.0
2010-07-09,122.66000366210938,122.66000366210938,0.0,0.0
2010-07-12,122.8499984741211,122.8499984741211,0.0,0.0
2010-07-13,122.58999633789062,122.58999633789062,0.0,0.0
2010-07-14,122.30000305175781,122.30000305175781,0.0,0.0
2010-07-15,122.31999969482422,122.31999969482422,0.0,0.0
2010-07-16,122.51000213623047,122.51000213623047,0.0,0.0
2010-07-19,122.30000305175781,122.30000305175781,0.0,0.0
2010-07-20,122.51000213623047,122.51000213623047,0.0,0.0
2010-07-21,122.68000030517578,122.68000030517578,0.0,0.0
2010-07-22,122.81999969482422,122.81999969482422,0.0,0.0
2010-07-23,122.61000061035156,122.61000061035156,0.0,0.0
2010-07-26,122.61000061035156,122.61000061035156,0.0,0.0
2010-07-27,122.62999725341797,122.62999725341797,0.0,0.0
2010-07-28,123.08999633789062,123.08999633789062,0.0,0.0
2010-07-29,122.83000183105469,122.83000183105469,0.0,0.0
2010-07-30,123.02999877929688,123.02999877929688,0.0,0.0
2010-08-02,123.12999725341797,123.12999725341797,0.0,0.0
2010-08-03,123.41999816894531,123.41999816894531,0.0,0.0
2010-08-04,123.75,123.75,0.0,0.0
2010-08-05,123.91999816894531,123.91999816894531,0.0,0.0
2010-08-06,124.06999969482422,124.06999969482422,0.0,0.0
2010-08-09,124.4000015258789,124.4000015258789,0.0,0.0
2010-08-10,124.19999694824219,124.19999694824219,0.0,0.0
2010-08-11,124.61000061035156,124.61000061035156,0.0,0.0
2010-08-12,124.44999694824219,124.44999694824219,0.0,0.0
2010-08-13,124.37999725341797,124.37999725341797,0.0,0.0
2010-08-16,124.51000213623047,124.51000213623047,0.0,0.0
2010-08-17,124.62000274658203,124.62000274658203,0.0,0.0
2010-08-18,125.0,125.0,0.0,0.0
2010-08-19,124.98999786376953,124.98999786376953,0.0,0.0
2010-08-20,125.0999984741211,125.0999984741211,0.0,0.0
2010-08-23,125.06999969482422,125.06999969482422,0.0,0.0
2010-08-24,125.51000213623047,125.51000213623047,0.0,0.0
2010-08-25,125.06999969482422,125.06999969482422,0.0,0.0
2010-08-26,125.0,125.0,0.0,0.0
2010-08-27,124.91999816894531,124.91999816894531,0.0,0.0
2010-08-30,125.0,125.0,0.0,0.0
2010-08-31,125.06999969482422,125.06999969482422,0.0,0.0
2010-09-01,125.12000274658203,125.12000274658203,0.0,0.0
2010-09-02,124.9000015258789,124.9000015258789,0.0,0.0
2010-09-03,124.63999938964844,124.63999938964844,0.0,0.0
2010-09-06,124.62000274658203,124.62000274658203,0.0,0.0
2010-09-07,124.93000030517578,124.93000030517578,0.0,0.0
2010-09-08,124.73999786376953,124.73999786376953,0.0,0.0
2010-09-09,124.51000213623047,124.51000213623047,0.0,0.0
2010-09-10,123.93000030517578,123.93000030517578,0.0,0.0
2010-09-13,124.06999969482422,124.06999969482422,0.0,0.0
2010-09-14,124.0999984741211,124.0999984741211,0.0,0.0
2010-09-15,123.94999694824219,123.94999694824219,0.0,0.0
2010-09-16,123.52999877929688,123.52999877929688,0.0,0.0
2010-09-17,123.5,123.5,0.0,0.0
2010-09-20,123.19999694824219,123.19999694824219,0.0,0.0
2010-09-21,123.56999969482422,123.56999969482422,0.0,0.0
2010-09-22,123.97000122070312,123.97000122070312,0.0,0.0
2010-09-23,124.05000305175781,124.05000305175781,0.0,0.0
2010-09-24,123.93000030517578,123.93000030517578,0.0,0.0
2010-09-27,124.2300033569336,124.2300033569336,0.0,0.0
2010-09-28,124.33999633789062,124.33999633789062,0.0,0.0
2010-09-29,123.91999816894531,123.91999816894531,0.0,0.0
2010-09-30,124.19000244140625,124.19000244140625,0.0,0.0
2010-10-01,124.45999908447266,124.45999908447266,0.0,0.0
2010-10-04,124.5999984741211,124.5999984741211,0.0,0.0
2010-10-05,124.69000244140625,124.69000244140625,0.0,0.0
2010-10-06,125.12000274658203,125.12000274658203,0.0,0.0
2010-10-07,124.88999938964844,124.88999938964844,0.0,0.0
2010-10-08,125.1500015258789,125.1500015258789,0.0,0.0
2010-10-11,125.25,125.25,0.0,0.0
2010-10-12,125.5199966430664,125.5199966430664,0.0,0.0
2010-10-13,125.45999908447266,125.45999908447266,0.0,0.0
2010-10-14,125.58000183105469,125.58000183105469,0.0,0.0
2010-10-15,125.30000305175781,125.30000305175781,0.0,0.0
2010-10-18,125.0999984741211,125.0999984741211,0.0,0.0
2010-10-19,124.75,124.75,0.0,0.0
2010-10-20,124.6500015258789,124.6500015258789,0.0,0.0
2010-10-21,124.3499984741211,124.3499984741211,0.0,0.0
2010-10-22,124.27999877929688,124.27999877929688,0.0,0.0
2010-10-25,124.44999694824219,124.44999694824219,0.0,0.0
2010-10-26,124.08999633789062,124.08999633789062,0.0,0.0
2010-10-27,123.76000213623047,123.76000213623047,0.0,0.0
2010-10-28,123.51000213623047,123.51000213623047,0.0,0.0
2010-10-29,123.43000030517578,123.43000030517578,0.0,0.0
2010-11-01,123.6500015258789,123.6500015258789,0.0,0.0
2010-11-02,123.55000305175781,123.55000305175781,0.0,0.0
2010-11-03,123.70999908447266,123.70999908447266,0.0,0.0
2010-11-04,123.47000122070312,123.47000122070312,0.0,0.0
2010-11-05,123.45999908447266,123.45999908447266,0.0,0.0
2010-11-08,123.43000030517578,123.43000030517578,0.0,0.0
2010-11-09,123.55999755859375,123.55999755859375,0.0,0.0
2010-11-10,123.0,123.0,0.0,0.0
2010-11-11,122.91000366210938,122.91000366210938,0.0,0.0
2010-11-12,122.54000091552734,122.54000091552734,0.0,0.0
2010-11-15,122.5,122.5,0.0,0.0
2010-11-16,122.55999755859375,122.55999755859375,0.0,0.0
2010-11-17,122.29000091552734,122.29000091552734,0.0,0.0
2010-11-18,121.80999755859375,121.80999755859375,0.0,0.0
2010-11-19,121.62000274658203,121.62000274658203,0.0,0.0
2010-11-22,121.80000305175781,121.80000305175781,0.0,0.0
2010-11-23,122.16999816894531,122.16999816894531,0.0,0.0
2010-11-24,121.44999694824219,121.44999694824219,0.0,0.0
2010-11-25,120.87999725341797,120.87999725341797,0.0,0.0
2010-11-26,121.13999938964844,121.13999938964844,0.0,0.0
2010-11-29,120.2300033569336,120.2300033569336,0.0,0.0
2010-11-30,120.4000015258789,120.4000015258789,0.0,0.0
2010-12-01,120.44000244140625,120.44000244140625,0.0,0.0
2010-12-02,120.91000366210938,120.91000366210938,0.0,0.0
2010-12-03,121.11000061035156,121.11000061035156,0.0,0.0
2010-12-06,121.0,121.0,0.0,0.0
2010-12-07,120.69999694824219,120.69999694824219,0.0,0.0
2010-12-08,120.69999694824219,120.69999694824219,0.0,0.0
2010-12-09,120.3499984741211,120.3499984741211,0.0,0.0
2010-12-10,120.06999969482422,120.06999969482422,0.0,0.0
2010-12-13,119.95999908447266,119.95999908447266,0.0,0.0
2010-12-14,119.94999694824219,119.94999694824219,0.0,0.0
2010-12-15,119.69999694824219,119.69999694824219,0.0,0.0
2010-12-16,119.73999786376953,119.73999786376953,0.0,0.0
2010-12-17,119.61000061035156,119.61000061035156,0.0,0.0
2010-12-20,120.0999984741211,120.0999984741211,0.0,0.0
2010-12-21,119.9000015258789,119.9000015258789,0.0,0.0
2010-12-22,120.04000091552734,120.04000091552734,0.0,0.0
2010-12-23,120.05000305175781,120.05000305175781,0.0,0.0
2010-12-27,119.87999725341797,119.87999725341797,0.0,0.0
2010-12-28,120.23999786376953,120.23999786376953,0.0,0.0
2010-12-29,119.6500015258789,119.6500015258789,0.0,0.0
2010-12-30,119.91999816894531,119.91999816894531,0.0,0.0
2011-01-03,119.98999786376953,119.98999786376953,0.0,0.0
2011-01-04,120.4000015258789,120.4000015258789,0.0,0.0
2011-01-05,120.33999633789062,120.33999633789062,0.0,0.0
2011-01-06,120.04000091552734,120.04000091552734,0.0,0.0
2011-01-07,119.9000015258789,119.9000015258789,0.0,0.0
2011-01-10,120.08999633789062,120.08999633789062,0.0,0.0
2011-01-11,119.98999786376953,119.98999786376953,0.0,0.0
2011-01-12,120.0199966430664,120.0199966430664,0.0,0.0
2011-01-13,120.41000366210938,120.41000366210938,0.0,0.0
2011-01-14,120.12000274658203,120.12000274658203,0.0,0.0
2011-01-17,120.0199966430664,120.0199966430664,0.0,0.0
2011-01-18,119.41000366210938,119.41000366210938,0.0,0.0
2011-01-19,119.88999938964844,119.88999938964844,0.0,0.0
2011-01-20,119.51000213623047,119.51000213623047,0.0,0.0
2011-01-21,119.66999816894531,119.66999816894531,0.0,0.0
2011-01-24,119.9000015258789,119.9000015258789,0.0,0.0
2011-01-25,119.7300033569336,119.7300033569336,0.0,0.0
2011-01-26,119.4000015258789,119.4000015258789,0.0,0.0
2011-01-27,118.91000366210938,118.91000366210938,0.0,0.0
2011-01-28,118.98999786376953,118.98999786376953,0.0,0.0
2011-01-31,119.41999816894531,119.41999816894531,0.0,0.0
2011-02-01,119.52999877929688,119.52999877929688,0.0,0.0
2011-02-02,119.87999725341797,119.87999725341797,0.0,0.0
2011-02-03,119.88999938964844,119.88999938964844,0.0,0.0
2011-02-04,119.88999938964844,119.88999938964844,0.0,0.0
2011-02-07,119.47000122070312,119.47000122070312,0.0,0.0
2011-02-08,119.41999816894531,119.41999816894531,0.0,0.0
2011-02-09,119.22000122070312,119.22000122070312,0.0,0.0
2011-02-10,119.08000183105469,119.08000183105469,0.0,0.0
2011-02-11,119.16999816894531,119.16999816894531,0.0,0.0
2011-02-14,118.94999694824219,118.94999694824219,0.0,0.0
2011-02-15,119.11000061035156,119.11000061035156,0.0,0.0
2011-02-16,119.4000015258789,119.4000015258789,0.0,0.0
2011-02-17,119.58999633789062,119.58999633789062,0.0,0.0
2011-02-18,119.54000091552734,119.54000091552734,0.0,0.0
2011-02-21,119.55000305175781,119.55000305175781,0.0,0.0
2011-02-22,119.45999908447266,119.45999908447266,0.0,0.0
2011-02-23,119.56999969482422,119.56999969482422,0.0,0.0
2011-02-24,119.5199966430664,119.5199966430664,0.0,0.0
2011-02-25,119.30000305175781,119.30000305175781,0.0,0.0
2011-02-28,119.43000030517578,119.43000030517578,0.0,0.0
2011-03-01,119.33999633789062,119.33999633789062,0.0,0.0
2011-03-02,119.29000091552734,119.29000091552734,0.0,0.0
2011-03-03,118.5199966430664,118.5199966430664,0.0,0.0
2011-03-04,118.58999633789062,118.58999633789062,0.0,0.0
2011-03-07,118.37999725341797,118.37999725341797,0.0,0.0
2011-03-08,118.2699966430664,118.2699966430664,0.0,0.0
2011-03-09,118.23999786376953,118.23999786376953,0.0,0.0
2011-03-10,118.4800033569336,118.4800033569336,0.0,0.0
2011-03-11,118.80999755859375,118.80999755859375,0.0,0.0
2011-03-14,119.5,119.5,0.0,0.0
2011-03-15,120.19000244140625,120.19000244140625,0.0,0.0
2011-03-16,120.19000244140625,120.19000244140625,0.0,0.0
2011-03-17,120.19000244140625,120.19000244140625,0.0,0.0
2011-03-18,119.91999816894531,119.91999816894531,0.0,0.0
2011-03-21,119.66999816894531,119.66999816894531,0.0,0.0
2011-03-22,119.36000061035156,119.36000061035156,0.0,0.0
2011-03-23,119.30999755859375,119.30999755859375,0.0,0.0
2011-03-24,119.56999969482422,119.56999969482422,0.0,0.0
2011-03-25,119.2699966430664,119.2699966430664,0.0,0.0
2011-03-28,118.9000015258789,118.9000015258789,0.0,0.0
2011-03-29,118.83999633789062,118.83999633789062,0.0,0.0
2011-03-30,118.62000274658203,118.62000274658203,0.0,0.0
2011-03-31,118.2300033569336,118.2300033569336,0.0,0.0
2011-04-01,118.33999633789062,118.33999633789062,0.0,0.0
2011-04-04,118.30999755859375,118.30999755859375,0.0,0.0
2011-04-05,118.23999786376953,118.23999786376953,0.0,0.0
2011-04-06,118.20999908447266,118.20999908447266,0.0,0.0
2011-04-07,118.5,118.5,0.0,0.0
2011-04-08,117.9000015258789,117.9000015258789,0.0,0.0
2011-04-11,117.95999908447266,117.95999908447266,0.0,0.0
2011-04-12,118.4000015258789,118.4000015258789,0.0,0.0
2011-04-13,118.33999633789062,118.33999633789062,0.0,0.0
2011-04-14,118.19000244140625,118.19000244140625,0.0,0.0
2011-04-15,118.0,118.0,0.0,0.0
2011-04-18,118.08000183105469,118.08000183105469,0.0,0.0
2011-04-19,118.16999816894531,118.16999816894531,0.0,0.0
2011-04-20,118.29000091552734,118.29000091552734,0.0,0.0
2011-04-21,117.83999633789062,117.83999633789062,0.0,0.0
2011-04-26,117.9800033569336,117.9800033569336,0.0,0.0
2011-04-27,117.69000244140625,117.69000244140625,0.0,0.0
2011-04-28,118.08999633789062,118.08999633789062,0.0,0.0
2011-04-29,118.25,118.25,0.0,0.0
2011-05-02,118.19999694824219,118.19999694824219,0.0,0.0
2011-05-03,118.25,118.25,0.0,0.0
2011-05-04,118.23999786376953,118.23999786376953,0.0,0.0
2011-05-05,118.41999816894531,118.41999816894531,0.0,0.0
2011-05-06,118.66000366210938,118.66000366210938,0.0,0.0
2011-05-09,119.1500015258789,119.1500015258789,0.0,0.0
2011-05-10,119.1500015258789,119.1500015258789,0.0,0.0
2011-05-11,119.22000122070312,119.22000122070312,0.0,0.0
2011-05-12,119.38999938964844,119.38999938964844,0.0,0.0
2011-05-13,119.41000366210938,119.41000366210938,0.0,0.0
2011-05-16,119.36000061035156,119.36000061035156,0.0,0.0
2011-05-17,119.51000213623047,119.51000213623047,0.0,0.0
2011-05-18,119.44999694824219,119.44999694824219,0.0,0.0
2011-05-19,119.3499984741211,119.3499984741211,0.0,0.0
2011-05-20,119.30000305175781,119.30000305175781,0.0,0.0
2011-05-23,119.26000213623047,119.26000213623047,0.0,0.0
2011-05-24,119.13999938964844,119.13999938964844,0.0,0.0
2011-05-25,119.55000305175781,119.55000305175781,0.0,0.0
2011-05-26,119.76000213623047,119.76000213623047,0.0,0.0
2011-05-27,119.79000091552734,119.79000091552734,0.0,0.0
2011-05-30,119.75,119.75,0.0,0.0
2011-05-31,119.9800033569336,119.9800033569336,0.0,0.0
2011-06-01,120.27999877929688,120.27999877929688,0.0,0.0
2011-06-02,120.38999938964844,120.38999938964844,0.0,0.0
2011-06-03,120.33999633789062,120.33999633789062,0.0,0.0
2011-06-06,120.33999633789062,120.33999633789062,0.0,0.0
2011-06-07,119.8499984741211,119.8499984741211,0.0,0.0
2011-06-08,119.80000305175781,119.80000305175781,0.0,0.0
2011-06-09,119.98999786376953,119.98999786376953,0.0,0.0
2011-06-10,119.83000183105469,119.83000183105469,0.0,0.0
2011-06-13,120.19000244140625,120.19000244140625,0.0,0.0
2011-06-14,119.75,119.75,0.0,0.0
2011-06-15,119.73999786376953,119.73999786376953,0.0,0.0
2011-06-16,119.70999908447266,119.70999908447266,0.0,0.0
2011-06-17,119.98999786376953,119.98999786376953,0.0,0.0
2011-06-20,119.51000213623047,119.51000213623047,0.0,0.0
2011-06-21,119.5199966430664,119.5199966430664,0.0,0.0
2011-06-22,119.55999755859375,119.55999755859375,0.0,0.0
2011-06-23,119.66000366210938,119.66000366210938,0.0,0.0
2011-06-24,119.80000305175781,119.80000305175781,0.0,0.0
2011-06-27,119.41000366210938,119.41000366210938,0.0,0.0
2011-06-28,119.61000061035156,119.61000061035156,0.0,0.0
2011-06-29,119.5,119.5,0.0,0.0
2011-06-30,119.62999725341797,119.62999725341797,0.0,0.0
2011-07-01,119.81999969482422,119.81999969482422,0.0,0.0
2011-07-04,119.51000213623047,119.51000213623047,0.0,0.0
2011-07-05,119.37000274658203,119.37000274658203,0.0,0.0
2011-07-06,119.37000274658203,119.37000274658203,0.0,0.0
2011-07-07,118.6500015258789,118.6500015258789,0.0,0.0
2011-07-08,118.9000015258789,118.9000015258789,0.0,0.0
2011-07-11,118.56999969482422,118.56999969482422,0.0,0.0
2011-07-12,118.3499984741211,118.3499984741211,0.0,0.0
2011-07-13,118.30000305175781,118.30000305175781,0.0,0.0
2011-07-14,118.44999694824219,118.44999694824219,0.0,0.0
2011-07-15,118.30000305175781,118.30000305175781,0.0,0.0
2011-07-18,117.5999984741211,117.5999984741211,0.0,0.0
2011-07-19,118.06999969482422,118.06999969482422,0.0,0.0
2011-07-20,118.41999816894531,118.41999816894531,0.0,0.0
2011-07-21,118.48999786376953,118.48999786376953,0.0,0.0
2011-07-22,119.63999938964844,119.63999938964844,0.0,0.0
2011-07-25,119.3499984741211,119.3499984741211,0.0,0.0
2011-07-26,119.62000274658203,119.62000274658203,0.0,0.0
2011-07-27,119.98999786376953,119.98999786376953,0.0,0.0
2011-07-28,119.54000091552734,119.54000091552734,0.0,0.0
2011-07-29,119.94000244140625,119.94000244140625,0.0,0.0
2011-08-01,119.75,119.75,0.0,0.0
2011-08-02,119.52999877929688,119.52999877929688,0.0,0.0
2011-08-03,119.45999908447266,119.45999908447266,0.0,0.0
2011-08-04,119.5199966430664,119.5199966430664,0.0,0.0
2011-08-05,120.25,120.25,0.0,0.0
2011-08-08,122.55999755859375,122.55999755859375,0.0,0.0
2011-08-09,122.20999908447266,122.20999908447266,0.0,0.0
2011-08-10,123.16000366210938,123.16000366210938,0.0,0.0
2011-08-11,123.41000366210938,123.41000366210938,0.0,0.0
2011-08-12,123.05999755859375,123.05999755859375,0.0,0.0
2011-08-16,123.33000183105469,123.33000183105469,0.0,0.0
2011-08-17,123.70999908447266,123.70999908447266,0.0,0.0
2011-08-18,123.95999908447266,123.95999908447266,0.0,0.0
2011-08-19,123.73999786376953,123.73999786376953,0.0,0.0
2011-08-22,123.75,123.75,0.0,0.0
2011-08-23,123.66000366210938,123.66000366210938,0.0,0.0
2011-08-24,123.36000061035156,123.36000061035156,0.0,0.0
2011-08-25,122.9800033569336,122.9800033569336,0.0,0.0
2011-08-26,123.58999633789062,123.58999633789062,0.0,0.0
2011-08-29,123.27999877929688,123.27999877929688,0.0,0.0
2011-08-30,123.4000015258789,123.4000015258789,0.0,0.0
2011-08-31,123.30000305175781,123.30000305175781,0.0,0.0
2011-09-01,123.27999877929688,123.27999877929688,0.0,0.0
2011-09-02,123.5999984741211,123.5999984741211,0.0,0.0
2011-09-05,123.6500015258789,123.6500015258789,0.0,0.0
2011-09-06,122.91999816894531,122.91999816894531,0.0,0.0
2011-09-07,123.23999786376953,123.23999786376953,0.0,0.0
2011-09-08,123.55000305175781,123.55000305175781,0.0,0.0
2011-09-09,123.69999694824219,123.69999694824219,0.0,0.0
2011-09-12,122.80000305175781,122.80000305175781,0.0,0.0
2011-09-13,122.4000015258789,122.4000015258789,0.0,0.0
2011-09-14,122.01000213623047,122.01000213623047,0.0,0.0
2011-09-15,121.9000015258789,121.9000015258789,0.0,0.0
2011-09-16,123.0,123.0,0.0,0.0
2011-09-19,122.52999877929688,122.52999877929688,0.0,0.0
2011-09-20,122.13999938964844,122.13999938964844,0.0,0.0
2011-09-21,122.29000091552734,122.29000091552734,0.0,0.0
2011-09-22,122.55000305175781,122.55000305175781,0.0,0.0
2011-09-23,123.05000305175781,123.05000305175781,0.0,0.0
2011-09-26,122.51000213623047,122.51000213623047,0.0,0.0
2011-09-27,122.22000122070312,122.22000122070312,0.0,0.0
2011-09-28,122.16000366210938,122.16000366210938,0.0,0.0
2011-09-29,122.20999908447266,122.20999908447266,0.0,0.0
2011-09-30,122.8499984741211,122.8499984741211,0.0,0.0
2011-10-03,123.25,123.25,0.0,0.0
2011-10-04,123.0,123.0,0.0,0.0
2011-10-05,122.5999984741211,122.5999984741211,0.0,0.0
2011-10-06,122.47000122070312,122.47000122070312,0.0,0.0
2011-10-07,121.98999786376953,121.98999786376953,0.0,0.0
2011-10-10,122.05000305175781,122.05000305175781,0.0,0.0
2011-10-11,122.05999755859375,122.05999755859375,0.0,0.0
2011-10-12,120.9800033569336,120.9800033569336,0.0,0.0
2011-10-13,121.25,121.25,0.0,0.0
2011-10-14,120.75,120.75,0.0,0.0
2011-10-17,120.76000213623047,120.76000213623047,0.0,0.0
2011-10-18,120.44000244140625,120.44000244140625,0.0,0.0
2011-10-19,120.13999938964844,120.13999938964844,0.0,0.0
2011-10-20,120.04000091552734,120.04000091552734,0.0,0.0
2011-10-21,120.30000305175781,120.30000305175781,0.0,0.0
2011-10-24,120.47000122070312,120.47000122070312,0.0,0.0
2011-10-25,120.30000305175781,120.30000305175781,0.0,0.0
2011-10-26,121.0,121.0,0.0,0.0
2011-10-27,121.08999633789062,121.08999633789062,0.0,0.0
2011-10-28,120.47000122070312,120.47000122070312,0.0,0.0
2011-10-31,120.41999816894531,120.41999816894531,0.0,0.0
2011-11-01,120.51000213623047,120.51000213623047,0.0,0.0
2011-11-02,120.33999633789062,120.33999633789062,0.0,0.0
2011-11-03,120.25,120.25,0.0,0.0
2011-11-04,120.3499984741211,120.3499984741211,0.0,0.0
2011-11-07,119.69000244140625,119.69000244140625,0.0,0.0
2011-11-08,119.75,119.75,0.0,0.0
2011-11-09,118.77999877929688,118.77999877929688,0.0,0.0
2011-11-10,119.05999755859375,119.05999755859375,0.0,0.0
2011-11-11,119.18000030517578,119.18000030517578,0.0,0.0
2011-11-14,118.69000244140625,118.69000244140625,0.0,0.0
2011-11-15,117.62000274658203,117.62000274658203,0.0,0.0
2011-11-16,117.55000305175781,117.55000305175781,0.0,0.0
2011-11-17,117.69000244140625,117.69000244140625,0.0,0.0
2011-11-18,118.02999877929688,118.02999877929688,0.0,0.0
2011-11-21,118.12999725341797,118.12999725341797,0.0,0.0
2011-11-22,117.20999908447266,117.20999908447266,0.0,0.0
2011-11-23,116.01000213623047,116.01000213623047,0.0,0.0
2011-11-24,115.91000366210938,115.91000366210938,0.0,0.0
2011-11-25,114.5999984741211,114.5999984741211,0.0,0.0
2011-11-28,115.58000183105469,115.58000183105469,0.0,0.0
2011-11-29,115.4800033569336,115.4800033569336,0.0,0.0
2011-11-30,116.20999908447266,116.20999908447266,0.0,0.0
2011-12-01,117.37999725341797,117.37999725341797,0.0,0.0
2011-12-02,118.7699966430664,118.7699966430664,0.0,0.0
2011-12-05,119.41999816894531,119.41999816894531,0.0,0.0
2011-12-06,118.98999786376953,118.98999786376953,0.0,0.0
2011-12-07,119.16000366210938,119.16000366210938,0.0,0.0
2011-12-08,118.5,118.5,0.0,0.0
2011-12-09,118.20999908447266,118.20999908447266,0.0,0.0
2011-12-12,117.97000122070312,117.97000122070312,0.0,0.0
2011-12-13,118.7300033569336,118.7300033569336,0.0,0.0
2011-12-14,118.69999694824219,118.69999694824219,0.0,0.0
2011-12-15,119.05999755859375,119.05999755859375,0.0,0.0
2011-12-16,120.4000015258789,120.4000015258789,0.0,0.0
2011-12-19,120.48999786376953,120.48999786376953,0.0,0.0
2011-12-20,120.5,120.5,0.0,0.0
2011-12-21,120.02999877929688,120.02999877929688,0.0,0.0
2011-12-22,120.0,120.0,0.0,0.0
2011-12-23,120.5,120.5,0.0,0.0
2011-12-27,120.5,120.5,0.0,0.0
2011-12-28,120.80000305175781,120.80000305175781,0.0,0.0
2011-12-29,120.58999633789062,120.58999633789062,0.0,0.0
2011-12-30,121.08000183105469,121.08000183105469,0.0,0.0
2012-01-02,120.69000244140625,120.69000244140625,0.0,0.0
2012-01-03,120.87000274658203,120.87000274658203,0.0,0.0
2012-01-04,120.4800033569336,120.4800033569336,0.0,0.0
2012-01-05,119.79000091552734,119.79000091552734,0.0,0.0
2012-01-06,119.6500015258789,119.6500015258789,0.0,0.0
2012-01-09,119.55000305175781,119.55000305175781,0.0,0.0
2012-01-10,119.70999908447266,119.70999908447266,0.0,0.0
2012-01-11,120.70999908447266,120.70999908447266,0.0,0.0
2012-01-12,121.94000244140625,121.94000244140625,0.0,0.0
2012-01-13,122.20999908447266,122.20999908447266,0.0,0.0
2012-01-16,121.91000366210938,121.91000366210938,0.0,0.0
2012-01-17,121.7300033569336,121.7300033569336,0.0,0.0
2012-01-18,121.5199966430664,121.5199966430664,0.0,0.0
2012-01-19,121.81999969482422,121.81999969482422,0.0,0.0
2012-01-20,121.91999816894531,121.91999816894531,0.0,0.0
2012-01-23,122.5,122.5,0.0,0.0
2012-01-24,122.0199966430664,122.0199966430664,0.0,0.0
2012-01-25,122.01000213623047,122.01000213623047,0.0,0.0
2012-01-26,122.70999908447266,122.70999908447266,0.0,0.0
2012-01-27,123.16000366210938,123.16000366210938,0.0,0.0
2012-01-30,122.8499984741211,122.8499984741211,0.0,0.0
2012-01-31,122.86000061035156,122.86000061035156,0.0,0.0
2012-02-01,123.80999755859375,123.80999755859375,0.0,0.0
2012-02-02,124.05000305175781,124.05000305175781,0.0,0.0
2012-02-03,123.95999908447266,123.95999908447266,0.0,0.0
2012-02-06,124.26000213623047,124.26000213623047,0.0,0.0
2012-02-07,124.25,124.25,0.0,0.0
2012-02-08,124.38999938964844,124.38999938964844,0.0,0.0
2012-02-09,124.4000015258789,124.4000015258789,0.0,0.0
2012-02-10,124.4800033569336,124.4800033569336,0.0,0.0
2012-02-13,124.83000183105469,124.83000183105469,0.0,0.0
2012-02-14,124.22000122070312,124.22000122070312,0.0,0.0
2012-02-15,123.94000244140625,123.94000244140625,0.0,0.0
2012-02-16,123.9000015258789,123.9000015258789,0.0,0.0
2012-02-17,124.0999984741211,124.0999984741211,0.0,0.0
2012-02-20,124.3499984741211,124.3499984741211,0.0,0.0
2012-02-21,124.44999694824219,124.44999694824219,0.0,0.0
2012-02-22,124.2699966430664,124.2699966430664,0.0,0.0
2012-02-23,124.31999969482422,124.31999969482422,0.0,0.0
2012-02-24,124.4000015258789,124.4000015258789,0.0,0.0
2012-02-27,125.0,125.0,0.0,0.0
2012-02-28,124.98999786376953,124.98999786376953,0.0,0.0
2012-02-29,125.66000366210938,125.66000366210938,0.0,0.0
2012-03-01,126.27999877929688,126.27999877929688,0.0,0.0
2012-03-02,126.33999633789062,126.33999633789062,0.0,0.0
2012-03-05,126.31999969482422,126.31999969482422,0.0,0.0
2012-03-06,125.91999816894531,125.91999816894531,0.0,0.0
2012-03-07,125.9000015258789,125.9000015258789,0.0,0.0
2012-03-08,126.16999816894531,126.16999816894531,0.0,0.0
2012-03-09,126.33000183105469,126.33000183105469,0.0,0.0
2012-03-12,126.20999908447266,126.20999908447266,0.0,0.0
2012-03-13,126.06999969482422,126.06999969482422,0.0,0.0
2012-03-14,125.76000213623047,125.76000213623047,0.0,0.0
2012-03-15,125.47000122070312,125.47000122070312,0.0,0.0
2012-03-16,125.31999969482422,125.31999969482422,0.0,0.0
2012-03-19,125.43000030517578,125.43000030517578,0.0,0.0
2012-03-20,125.20999908447266,125.20999908447266,0.0,0.0
2012-03-21,125.20999908447266,125.20999908447266,0.0,0.0
2012-03-22,125.05999755859375,125.05999755859375,0.0,0.0
2012-03-23,125.36000061035156,125.36000061035156,0.0,0.0
2012-03-26,125.44999694824219,125.44999694824219,0.0,0.0
2012-03-27,125.31999969482422,125.31999969482422,0.0,0.0
2012-03-28,125.44999694824219,125.44999694824219,0.0,0.0
2012-03-29,125.11000061035156,125.11000061035156,0.0,0.0
2012-03-30,125.51000213623047,125.51000213623047,0.0,0.0
2012-04-02,125.5,125.5,0.0,0.0
2012-04-03,125.45999908447266,125.45999908447266,0.0,0.0
2012-04-04,124.9800033569336,124.9800033569336,0.0,0.0
2012-04-05,124.58000183105469,124.58000183105469,0.0,0.0
2012-04-10,124.31999969482422,124.31999969482422,0.0,0.0
2012-04-11,124.44999694824219,124.44999694824219,0.0,0.0
2012-04-12,124.86000061035156,124.86000061035156,0.0,0.0
2012-04-13,124.6500015258789,124.6500015258789,0.0,0.0
2012-04-16,124.56999969482422,124.56999969482422,0.0,0.0
2012-04-17,124.62000274658203,124.62000274658203,0.0,0.0
2012-04-18,124.52999877929688,124.52999877929688,0.0,0.0
2012-04-19,124.37999725341797,124.37999725341797,0.0,0.0
2012-04-20,124.43000030517578,124.43000030517578,0.0,0.0
2012-04-23,124.2699966430664,124.2699966430664,0.0,0.0
2012-04-24,124.41999816894531,124.41999816894531,0.0,0.0
2012-04-25,124.66000366210938,124.66000366210938,0.0,0.0
2012-04-26,124.9800033569336,124.9800033569336,0.0,0.0
2012-04-27,124.81999969482422,124.81999969482422,0.0,0.0
2012-04-30,125.27999877929688,125.27999877929688,0.0,0.0
2012-05-02,125.30999755859375,125.30999755859375,0.0,0.0
2012-05-03,125.5999984741211,125.5999984741211,0.0,0.0
2012-05-04,125.88999938964844,125.88999938964844,0.0,0.0
2012-05-07,126.0999984741211,126.0999984741211,0.0,0.0
2012-05-08,126.04000091552734,126.04000091552734,0.0,0.0
2012-05-09,125.56999969482422,125.56999969482422,0.0,0.0
2012-05-10,126.0,126.0,0.0,0.0
2012-05-11,126.01000213623047,126.01000213623047,0.0,0.0
2012-05-14,125.58000183105469,125.58000183105469,0.0,0.0
2012-05-15,124.95999908447266,124.95999908447266,0.0,0.0
2012-05-16,124.8499984741211,124.8499984741211,0.0,0.0
2012-05-17,124.77999877929688,124.77999877929688,0.0,0.0
2012-05-18,124.91999816894531,124.91999816894531,0.0,0.0
2012-05-21,125.13999938964844,125.13999938964844,0.0,0.0
2012-05-22,125.20999908447266,125.20999908447266,0.0,0.0
2012-05-23,125.6500015258789,125.6500015258789,0.0,0.0
2012-05-24,125.94000244140625,125.94000244140625,0.0,0.0
2012-05-25,126.19999694824219,126.19999694824219,0.0,0.0
2012-05-28,125.52999877929688,125.52999877929688,0.0,0.0
2012-05-29,125.68000030517578,125.68000030517578,0.0,0.0
2012-05-30,125.3499984741211,125.3499984741211,0.0,0.0
2012-05-31,125.70999908447266,125.70999908447266,0.0,0.0
2012-06-01,126.4800033569336,126.4800033569336,0.0,0.0
2012-06-04,126.5,126.5,0.0,0.0
2012-06-05,126.51000213623047,126.51000213623047,0.0,0.0
2012-06-06,126.44999694824219,126.44999694824219,0.0,0.0
2012-06-07,125.87999725341797,125.87999725341797,0.0,0.0
2012-06-08,126.0,126.0,0.0,0.0
2012-06-11,125.22000122070312,125.22000122070312,0.0,0.0
2012-06-12,124.5,124.5,0.0,0.0
2012-06-13,124.1500015258789,124.1500015258789,0.0,0.0
2012-06-14,124.18000030517578,124.18000030517578,0.0,0.0
2012-06-15,124.95999908447266,124.95999908447266,0.0,0.0
2012-06-18,124.58000183105469,124.58000183105469,0.0,0.0
2012-06-19,124.69999694824219,124.69999694824219,0.0,0.0
2012-06-20,124.6500015258789,124.6500015258789,0.0,0.0
2012-06-21,125.27999877929688,125.27999877929688,0.0,0.0
2012-06-22,125.33999633789062,125.33999633789062,0.0,0.0
2012-06-25,125.20999908447266,125.20999908447266,0.0,0.0
2012-06-26,124.43000030517578,124.43000030517578,0.0,0.0
2012-06-27,124.48999786376953,124.48999786376953,0.0,0.0
2012-06-28,124.55999755859375,124.55999755859375,0.0,0.0
2012-06-29,125.83999633789062,125.83999633789062,0.0,0.0
2012-07-02,126.4000015258789,126.4000015258789,0.0,0.0
2012-07-03,126.66999816894531,126.66999816894531,0.0,0.0
2012-07-04,126.66999816894531,126.66999816894531,0.0,0.0
2012-07-05,126.61000061035156,126.61000061035156,0.0,0.0
2012-07-06,127.0,127.0,0.0,0.0
2012-07-09,126.58999633789062,126.58999633789062,0.0,0.0
2012-07-10,127.0199966430664,127.0199966430664,0.0,0.0
2012-07-11,127.4800033569336,127.4800033569336,0.0,0.0
2012-07-12,127.91999816894531,127.91999816894531,0.0,0.0
2012-07-13,127.66000366210938,127.66000366210938,0.0,0.0
2012-07-16,127.54000091552734,127.54000091552734,0.0,0.0
2012-07-17,127.73999786376953,127.73999786376953,0.0,0.0
2012-07-18,127.79000091552734,127.79000091552734,0.0,0.0
2012-07-19,127.83999633789062,127.83999633789062,0.0,0.0
2012-07-20,127.58000183105469,127.58000183105469,0.0,0.0
2012-07-23,126.87000274658203,126.87000274658203,0.0,0.0
2012-07-24,125.87000274658203,125.87000274658203,0.0,0.0
2012-07-25,125.86000061035156,125.86000061035156,0.0,0.0
2012-07-26,127.19999694824219,127.19999694824219,0.0,0.0
2012-07-27,127.29000091552734,127.29000091552734,0.0,0.0
2012-07-30,127.7699966430664,127.7699966430664,0.0,0.0
2012-07-31,127.7300033569336,127.7300033569336,0.0,0.0
2012-08-01,128.0800018310547,128.0800018310547,0.0,0.0
2012-08-02,127.9000015258789,127.9000015258789,0.0,0.0
2012-08-03,128.14999389648438,128.14999389648438,0.0,0.0
2012-08-06,128.39999389648438,128.39999389648438,0.0,0.0
2012-08-07,128.1999969482422,128.1999969482422,0.0,0.0
2012-08-08,128.4499969482422,128.4499969482422,0.0,0.0
2012-08-09,128.52000427246094,128.52000427246094,0.0,0.0
2012-08-10,128.58999633789062,128.58999633789062,0.0,0.0
2012-08-13,128.38999938964844,128.38999938964844,0.0,0.0
2012-08-14,128.38999938964844,128.38999938964844,0.0,0.0
2012-08-16,128.3300018310547,128.3300018310547,0.0,0.0
2012-08-17,128.5,128.5,0.0,0.0
2012-08-20,128.67999267578125,128.67999267578125,0.0,0.0
2012-08-21,128.64999389648438,128.64999389648438,0.0,0.0
2012-08-22,128.83999633789062,128.83999633789062,0.0,0.0
2012-08-23,128.82000732421875,128.82000732421875,0.0,0.0
2012-08-24,128.97000122070312,128.97000122070312,0.0,0.0
2012-08-27,129.0800018310547,129.0800018310547,0.0,0.0
2012-08-28,128.8300018310547,128.8300018310547,0.0,0.0
2012-08-29,128.91000366210938,128.91000366210938,0.0,0.0
2012-08-30,128.75,128.75,0.0,0.0
2012-08-31,128.7100067138672,128.7100067138672,0.0,0.0
2012-09-03,128.8000030517578,128.8000030517578,0.0,0.0
2012-09-04,129.1999969482422,129.1999969482422,0.0,0.0
2012-09-05,129.6199951171875,129.6199951171875,0.0,0.0
2012-09-06,129.9600067138672,129.9600067138672,0.0,0.0
2012-09-07,130.27000427246094,130.27000427246094,0.0,0.0
2012-09-10,130.22000122070312,130.22000122070312,0.0,0.0
2012-09-11,130.52000427246094,130.52000427246094,0.0,0.0
2012-09-12,130.7100067138672,130.7100067138672,0.0,0.0
2012-09-13,130.8800048828125,130.8800048828125,0.0,0.0
2012-09-14,130.4499969482422,130.4499969482422,0.0,0.0
2012-09-17,130.1699981689453,130.1699981689453,0.0,0.0
2012-09-18,130.4199981689453,130.4199981689453,0.0,0.0
2012-09-19,130.83999633789062,130.83999633789062,0.0,0.0
2012-09-20,130.88999938964844,130.88999938964844,0.0,0.0
2012-09-21,130.83999633789062,130.83999633789062,0.0,0.0
2012-09-24,130.99000549316406,130.99000549316406,0.0,0.0
2012-09-25,130.6999969482422,130.6999969482422,0.0,0.0
2012-09-26,130.7100067138672,130.7100067138672,0.0,0.0
2012-09-27,130.6699981689453,130.6699981689453,0.0,0.0
2012-09-28,130.7899932861328,130.7899932861328,0.0,0.0
2012-10-01,130.97000122070312,130.97000122070312,0.0,0.0
2012-10-02,131.2100067138672,131.2100067138672,0.0,0.0
2012-10-03,131.30999755859375,131.30999755859375,0.0,0.0
2012-10-04,131.1999969482422,131.1999969482422,0.0,0.0
2012-10-05,131.5399932861328,131.5399932861328,0.0,0.0
2012-10-08,131.55999755859375,131.55999755859375,0.0,0.0
2012-10-09,131.50999450683594,131.50999450683594,0.0,0.0
2012-10-10,131.57000732421875,131.57000732421875,0.0,0.0
2012-10-11,131.72000122070312,131.72000122070312,0.0,0.0
2012-10-12,132.14999389648438,132.14999389648438,0.0,0.0
2012-10-15,132.02999877929688,132.02999877929688,0.0,0.0
2012-10-16,132.0,132.0,0.0,0.0
2012-10-17,132.16000366210938,132.16000366210938,0.0,0.0
2012-10-18,132.16000366210938,132.16000366210938,0.0,0.0
2012-10-19,132.1999969482422,132.1999969482422,0.0,0.0
2012-10-22,132.0500030517578,132.0500030517578,0.0,0.0
2012-10-23,131.8000030517578,131.8000030517578,0.0,0.0
2012-10-24,131.99000549316406,131.99000549316406,0.0,0.0
2012-10-25,131.92999267578125,131.92999267578125,0.0,0.0
2012-10-26,131.91000366210938,131.91000366210938,0.0,0.0
2012-10-29,131.8000030517578,131.8000030517578,0.0,0.0
2012-10-30,131.91000366210938,131.91000366210938,0.0,0.0
2012-10-31,131.99000549316406,131.99000549316406,0.0,0.0
2012-11-01,132.1999969482422,132.1999969482422,0.0,0.0
2012-11-02,132.27000427246094,132.27000427246094,0.0,0.0
2012-11-05,132.2100067138672,132.2100067138672,0.0,0.0
2012-11-06,132.50999450683594,132.50999450683594,0.0,0.0
2012-11-07,132.64999389648438,132.64999389648438,0.0,0.0
2012-11-08,132.5,132.5,0.0,0.0
2012-11-09,132.66000366210938,132.66000366210938,0.0,0.0
2012-11-12,132.64999389648438,132.64999389648438,0.0,0.0
2012-11-13,132.8300018310547,132.8300018310547,0.0,0.0
2012-11-14,132.75999450683594,132.75999450683594,0.0,0.0
2012-11-15,132.72999572753906,132.72999572753906,0.0,0.0
2012-11-16,132.97999572753906,132.97999572753906,0.0,0.0
2012-11-19,132.8800048828125,132.8800048828125,0.0,0.0
2012-11-20,132.75999450683594,132.75999450683594,0.0,0.0
2012-11-21,132.8300018310547,132.8300018310547,0.0,0.0
2012-11-22,132.9499969482422,132.9499969482422,0.0,0.0
2012-11-23,133.05999755859375,133.05999755859375,0.0,0.0
2012-11-26,133.25999450683594,133.25999450683594,0.0,0.0
2012-11-27,133.38999938964844,133.38999938964844,0.0,0.0
2012-11-28,134.00999450683594,134.00999450683594,0.0,0.0
2012-11-29,134.0,134.0,0.0,0.0
2012-11-30,134.02000427246094,134.02000427246094,0.0,0.0
2012-12-03,134.11000061035156,134.11000061035156,0.0,0.0
2012-12-04,134.1999969482422,134.1999969482422,0.0,0.0
2012-12-05,134.22999572753906,134.22999572753906,0.0,0.0
2012-12-06,134.1699981689453,134.1699981689453,0.0,0.0
2012-12-07,134.33999633789062,134.33999633789062,0.0,0.0
2012-12-10,133.85000610351562,133.85000610351562,0.0,0.0
2012-12-11,134.0,134.0,0.0,0.0
2012-12-12,134.1699981689453,134.1699981689453,0.0,0.0
2012-12-13,134.2899932861328,134.2899932861328,0.0,0.0
2012-12-14,134.3699951171875,134.3699951171875,0.0,0.0
2012-12-17,134.2899932861328,134.2899932861328,0.0,0.0
2012-12-18,134.5,134.5,0.0,0.0
2012-12-19,134.63999938964844,134.63999938964844,0.0,0.0
2012-12-20,134.89999389648438,134.89999389648438,0.0,0.0
2012-12-21,134.82000732421875,134.82000732421875,0.0,0.0
2012-12-27,134.8800048828125,134.8800048828125,0.0,0.0
2012-12-28,134.77999877929688,134.77999877929688,0.0,0.0
2013-01-02,135.0,135.0,0.0,0.0
2013-01-03,135.08999633789062,135.08999633789062,0.0,0.0
2013-01-04,134.58999633789062,134.58999633789062,0.0,0.0
2013-01-07,134.47000122070312,134.47000122070312,0.0,0.0
2013-01-08,134.72000122070312,134.72000122070312,0.0,0.0
2013-01-09,134.9199981689453,134.9199981689453,0.0,0.0
2013-01-10,135.10000610351562,135.10000610351562,0.0,0.0
2013-01-11,135.19000244140625,135.19000244140625,0.0,0.0
2013-01-14,135.0399932861328,135.0399932861328,0.0,0.0
2013-01-15,135.10000610351562,135.10000610351562,0.0,0.0
2013-01-16,135.13999938964844,135.13999938964844,0.0,0.0
2013-01-17,134.80999755859375,134.80999755859375,0.0,0.0
2013-01-18,134.94000244140625,134.94000244140625,0.0,0.0
2013-01-21,134.7100067138672,134.7100067138672,0.0,0.0
2013-01-22,134.88999938964844,134.88999938964844,0.0,0.0
2013-01-23,134.9600067138672,134.9600067138672,0.0,0.0
2013-01-24,135.02999877929688,135.02999877929688,0.0,0.0
2013-01-25,134.69000244140625,134.69000244140625,0.0,0.0
2013-01-28,134.22999572753906,134.22999572753906,0.0,0.0
2013-01-29,134.41000366210938,134.41000366210938,0.0,0.0
2013-01-30,134.0500030517578,134.0500030517578,0.0,0.0
2013-01-31,134.1999969482422,134.1999969482422,0.0,0.0
2013-02-01,134.3699951171875,134.3699951171875,0.0,0.0
2013-02-04,134.00999450683594,134.00999450683594,0.0,0.0
2013-02-05,134.13999938964844,134.13999938964844,0.0,0.0
2013-02-06,134.02000427246094,134.02000427246094,0.0,0.0
2013-02-07,134.1300048828125,134.1300048828125,0.0,0.0
2013-02-08,134.47000122070312,134.47000122070312,0.0,0.0
2013-02-11,134.25999450683594,134.25999450683594,0.0,0.0
2013-02-12,134.39999389648438,134.39999389648438,0.0,0.0
2013-02-13,134.5500030517578,134.5500030517578,0.0,0.0
2013-02-14,134.66000366210938,134.66000366210938,0.0,0.0
2013-02-15,134.63999938964844,134.63999938964844,0.0,0.0
2013-02-18,134.6699981689453,134.6699981689453,0.0,0.0
2013-02-19,134.75999450683594,134.75999450683594,0.0,0.0
2013-02-20,134.6300048828125,134.6300048828125,0.0,0.0
2013-02-21,134.6999969482422,134.6999969482422,0.0,0.0
2013-02-22,134.9199981689453,134.9199981689453,0.0,0.0
2013-02-25,135.13999938964844,135.13999938964844,0.0,0.0
2013-02-26,134.5,134.5,0.0,0.0
2013-02-27,134.77999877929688,134.77999877929688,0.0,0.0
2013-02-28,135.0399932861328,135.0399932861328,0.0,0.0
2013-03-01,135.2100067138672,135.2100067138672,0.0,0.0
2013-03-04,135.2100067138672,135.2100067138672,0.0,0.0
2013-03-05,135.13999938964844,135.13999938964844,0.0,0.0
2013-03-06,135.39999389648438,135.39999389648438,0.0,0.0
2013-03-07,135.47000122070312,135.47000122070312,0.0,0.0
2013-03-08,135.6199951171875,135.6199951171875,0.0,0.0
2013-03-11,135.58999633789062,135.58999633789062,0.0,0.0
2013-03-12,135.6999969482422,135.6999969482422,0.0,0.0
2013-03-13,135.67999267578125,135.67999267578125,0.0,0.0
2013-03-14,135.75999450683594,135.75999450683594,0.0,0.0
2013-03-15,135.80999755859375,135.80999755859375,0.0,0.0
2013-03-18,136.0,136.0,0.0,0.0
2013-03-19,135.9600067138672,135.9600067138672,0.0,0.0
2013-03-20,136.0,136.0,0.0,0.0
2013-03-21,136.17999267578125,136.17999267578125,0.0,0.0
2013-03-22,136.25999450683594,136.25999450683594,0.0,0.0
2013-03-25,136.1999969482422,136.1999969482422,0.0,0.0
2013-03-26,136.19000244140625,136.19000244140625,0.0,0.0
2013-03-27,135.86000061035156,135.86000061035156,0.0,0.0
2013-03-28,135.86000061035156,135.86000061035156,0.0,0.0
2013-04-02,136.0800018310547,136.0800018310547,0.0,0.0
2013-04-03,136.47000122070312,136.47000122070312,0.0,0.0
2013-04-04,136.72000122070312,136.72000122070312,0.0,0.0
2013-04-05,137.50999450683594,137.50999450683594,0.0,0.0
2013-04-08,137.63999938964844,137.63999938964844,0.0,0.0
2013-04-09,137.3800048828125,137.3800048828125,0.0,0.0
2013-04-10,137.32000732421875,137.32000732421875,0.0,0.0
2013-04-11,137.30999755859375,137.30999755859375,0.0,0.0
2013-04-12,137.42999267578125,137.42999267578125,0.0,0.0
2013-04-15,137.47000122070312,137.47000122070312,0.0,0.0
2013-04-16,137.47000122070312,137.47000122070312,0.0,0.0
2013-04-17,137.9499969482422,137.9499969482422,0.0,0.0
2013-04-18,138.00999450683594,138.00999450683594,0.0,0.0
2013-04-19,137.9199981689453,137.9199981689453,0.0,0.0
2013-04-22,138.41000366210938,138.41000366210938,0.0,0.0
2013-04-23,138.85000610351562,138.85000610351562,0.0,0.0
2013-04-24,138.63999938964844,138.63999938964844,0.0,0.0
2013-04-25,138.5,138.5,0.0,0.0
2013-04-26,138.6199951171875,138.6199951171875,0.0,0.0
2013-04-29,139.0,139.0,0.0,0.0
2013-04-30,139.1999969482422,139.1999969482422,0.0,0.0
2013-05-02,139.67999267578125,139.67999267578125,0.0,0.0
2013-05-03,139.52000427246094,139.52000427246094,0.0,0.0
2013-05-06,139.36000061035156,139.36000061035156,0.0,0.0
2013-05-07,139.17999267578125,139.17999267578125,0.0,0.0
2013-05-08,139.36000061035156,139.36000061035156,0.0,0.0
2013-05-09,139.25,139.25,0.0,0.0
2013-05-10,138.72999572753906,138.72999572753906,0.0,0.0
2013-05-13,138.67999267578125,138.67999267578125,0.0,0.0
2013-05-14,138.47000122070312,138.47000122070312,0.0,0.0
2013-05-15,138.42999267578125,138.42999267578125,0.0,0.0
2013-05-16,138.9499969482422,138.9499969482422,0.0,0.0
2013-05-17,139.3000030517578,139.3000030517578,0.0,0.0
2013-05-20,139.05999755859375,139.05999755859375,0.0,0.0
2013-05-21,138.89999389648438,138.89999389648438,0.0,0.0
2013-05-22,139.07000732421875,139.07000732421875,0.0,0.0
2013-05-23,138.5800018310547,138.5800018310547,0.0,0.0
2013-05-24,138.13999938964844,138.13999938964844,0.0,0.0
2013-05-27,138.3800048828125,138.3800048828125,0.0,0.0
2013-05-28,138.4199981689453,138.4199981689453,0.0,0.0
2013-05-29,137.6999969482422,137.6999969482422,0.0,0.0
2013-05-30,137.89999389648438,137.89999389648438,0.0,0.0
2013-05-31,137.8000030517578,137.8000030517578,0.0,0.0
2013-06-03,137.47999572753906,137.47999572753906,0.0,0.0
2013-06-04,137.6999969482422,137.6999969482422,0.0,0.0
2013-06-05,137.74000549316406,137.74000549316406,0.0,0.0
2013-06-06,137.0399932861328,137.0399932861328,0.0,0.0
2013-06-07,137.27000427246094,137.27000427246094,0.0,0.0
2013-06-10,136.77999877929688,136.77999877929688,0.0,0.0
2013-06-11,136.22999572753906,136.22999572753906,0.0,0.0
2013-06-12,136.4499969482422,136.4499969482422,0.0,0.0
2013-06-13,136.5800018310547,136.5800018310547,0.0,0.0
2013-06-14,137.00999450683594,137.00999450683594,0.0,0.0
2013-06-17,136.9600067138672,136.9600067138672,0.0,0.0
2013-06-18,136.82000732421875,136.82000732421875,0.0,0.0
2013-06-19,136.97999572753906,136.97999572753906,0.0,0.0
2013-06-20,135.42999267578125,135.42999267578125,0.0,0.0
2013-06-21,135.0800018310547,135.0800018310547,0.0,0.0
2013-06-24,134.02000427246094,134.02000427246094,0.0,0.0
2013-06-25,133.97000122070312,133.97000122070312,0.0,0.0
2013-06-26,134.77000427246094,134.77000427246094,0.0,0.0
2013-06-27,135.5,135.5,0.0,0.0
2013-06-28,135.22000122070312,135.22000122070312,0.0,0.0
2013-07-01,135.8800048828125,135.8800048828125,0.0,0.0
2013-07-02,136.02999877929688,136.02999877929688,0.0,0.0
2013-07-03,135.91000366210938,135.91000366210938,0.0,0.0
2013-07-04,136.36000061035156,136.36000061035156,0.0,0.0
2013-07-05,136.5,136.5,0.0,0.0
2013-07-08,136.77000427246094,136.77000427246094,0.0,0.0
2013-07-09,136.85000610351562,136.85000610351562,0.0,0.0
2013-07-10,136.6199951171875,136.6199951171875,0.0,0.0
2013-07-11,136.50999450683594,136.50999450683594,0.0,0.0
2013-07-12,136.6699981689453,136.6699981689453,0.0,0.0
2013-07-15,136.5500030517578,136.5500030517578,0.0,0.0
2013-07-16,136.77000427246094,136.77000427246094,0.0,0.0
2013-07-17,136.82000732421875,136.82000732421875,0.0,0.0
2013-07-18,137.13999938964844,137.13999938964844,0.0,0.0
2013-07-19,137.1199951171875,137.1199951171875,0.0,0.0
2013-07-22,137.3699951171875,137.3699951171875,0.0,0.0
2013-07-23,137.1699981689453,137.1699981689453,0.0,0.0
2013-07-24,136.94000244140625,136.94000244140625,0.0,0.0
2013-07-25,136.8699951171875,136.8699951171875,0.0,0.0
2013-07-26,136.82000732421875,136.82000732421875,0.0,0.0
2013-07-29,136.7899932861328,136.7899932861328,0.0,0.0
2013-07-30,136.74000549316406,136.74000549316406,0.0,0.0
2013-07-31,136.82000732421875,136.82000732421875,0.0,0.0
2013-08-01,137.02000427246094,137.02000427246094,0.0,0.0
2013-08-02,137.2899932861328,137.2899932861328,0.0,0.0
2013-08-05,137.07000732421875,137.07000732421875,0.0,0.0
2013-08-06,137.11000061035156,137.11000061035156,0.0,0.0
2013-08-07,137.14999389648438,137.14999389648438,0.0,0.0
2013-08-08,137.22000122070312,137.22000122070312,0.0,0.0
2013-08-09,137.3300018310547,137.3300018310547,0.0,0.0
2013-08-12,137.32000732421875,137.32000732421875,0.0,0.0
2013-08-13,136.8000030517578,136.8000030517578,0.0,0.0
2013-08-14,136.8000030517578,136.8000030517578,0.0,0.0
2013-08-16,136.7100067138672,136.7100067138672,0.0,0.0
2013-08-19,136.4600067138672,136.4600067138672,0.0,0.0
2013-08-20,136.39999389648438,136.39999389648438,0.0,0.0
2013-08-21,136.3300018310547,136.3300018310547,0.0,0.0
2013-08-22,136.25,136.25,0.0,0.0
2013-08-23,136.0800018310547,136.0800018310547,0.0,0.0
2013-08-26,136.08999633789062,136.08999633789062,0.0,0.0
2013-08-27,136.11000061035156,136.11000061035156,0.0,0.0
2013-08-28,136.10000610351562,136.10000610351562,0.0,0.0
2013-08-29,136.2100067138672,136.2100067138672,0.0,0.0
2013-08-30,136.1199951171875,136.1199951171875,0.0,0.0
2013-09-02,136.1300048828125,136.1300048828125,0.0,0.0
2013-09-03,136.1699981689453,136.1699981689453,0.0,0.0
2013-09-04,135.94000244140625,135.94000244140625,0.0,0.0
2013-09-05,135.30999755859375,135.30999755859375,0.0,0.0
2013-09-06,135.7100067138672,135.7100067138672,0.0,0.0
2013-09-09,135.75,135.75,0.0,0.0
2013-09-10,135.38999938964844,135.38999938964844,0.0,0.0
2013-09-11,135.72999572753906,135.72999572753906,0.0,0.0
2013-09-12,135.8699951171875,135.8699951171875,0.0,0.0
2013-09-13,135.92999267578125,135.92999267578125,0.0,0.0
2013-09-16,136.3800048828125,136.3800048828125,0.0,0.0
2013-09-17,136.44000244140625,136.44000244140625,0.0,0.0
2013-09-18,136.3699951171875,136.3699951171875,0.0,0.0
2013-09-19,136.99000549316406,136.99000549316406,0.0,0.0
2013-09-20,136.9499969482422,136.9499969482422,0.0,0.0
2013-09-23,137.2100067138672,137.2100067138672,0.0,0.0
2013-09-24,137.36000061035156,137.36000061035156,0.0,0.0
2013-09-25,137.47000122070312,137.47000122070312,0.0,0.0
2013-09-26,137.1999969482422,137.1999969482422,0.0,0.0
2013-09-27,137.24000549316406,137.24000549316406,0.0,0.0
2013-09-30,137.33999633789062,137.33999633789062,0.0,0.0
2013-10-01,137.50999450683594,137.50999450683594,0.0,0.0
2013-10-02,137.6699981689453,137.6699981689453,0.0,0.0
2013-10-03,137.5800018310547,137.5800018310547,0.0,0.0
2013-10-04,137.6300048828125,137.6300048828125,0.0,0.0
2013-10-07,137.72999572753906,137.72999572753906,0.0,0.0
2013-10-08,137.61000061035156,137.61000061035156,0.0,0.0
2013-10-09,137.69000244140625,137.69000244140625,0.0,0.0
2013-10-10,137.5399932861328,137.5399932861328,0.0,0.0
2013-10-11,137.75,137.75,0.0,0.0
2013-10-14,137.75,137.75,0.0,0.0
2013-10-15,137.6699981689453,137.6699981689453,0.0,0.0
2013-10-16,137.60000610351562,137.60000610351562,0.0,0.0
2013-10-17,138.02000427246094,138.02000427246094,0.0,0.0
2013-10-18,138.22999572753906,138.22999572753906,0.0,0.0
2013-10-21,138.1699981689453,138.1699981689453,0.0,0.0
2013-10-22,138.6699981689453,138.6699981689453,0.0,0.0
2013-10-23,138.89999389648438,138.89999389648438,0.0,0.0
2013-10-24,138.86000061035156,138.86000061035156,0.0,0.0
2013-10-25,138.60000610351562,138.60000610351562,0.0,0.0
2013-10-28,138.74000549316406,138.74000549316406,0.0,0.0
2013-10-29,139.0,139.0,0.0,0.0
2013-10-30,139.1300048828125,139.1300048828125,0.0,0.0
2013-10-31,139.4199981689453,139.4199981689453,0.0,0.0
2013-11-01,139.63999938964844,139.63999938964844,0.0,0.0
2013-11-04,139.6999969482422,139.6999969482422,0.0,0.0
2013-11-05,139.24000549316406,139.24000549316406,0.0,0.0
2013-11-06,139.1999969482422,139.1999969482422,0.0,0.0
2013-11-07,139.77000427246094,139.77000427246094,0.0,0.0
2013-11-08,139.55999755859375,139.55999755859375,0.0,0.0
2013-11-11,139.5800018310547,139.5800018310547,0.0,0.0
2013-11-12,139.44000244140625,139.44000244140625,0.0,0.0
2013-11-13,139.72999572753906,139.72999572753906,0.0,0.0
2013-11-14,139.97000122070312,139.97000122070312,0.0,0.0
2013-11-15,140.0,140.0,0.0,0.0
2013-11-18,140.17999267578125,140.17999267578125,0.0,0.0
2013-11-19,140.02999877929688,140.02999877929688,0.0,0.0
2013-11-20,139.89999389648438,139.89999389648438,0.0,0.0
2013-11-21,140.11000061035156,140.11000061035156,0.0,0.0
2013-11-22,140.14999389648438,140.14999389648438,0.0,0.0
2013-11-25,140.1999969482422,140.1999969482422,0.0,0.0
2013-11-26,140.4600067138672,140.4600067138672,0.0,0.0
2013-11-27,140.38999938964844,140.38999938964844,0.0,0.0
2013-11-28,140.2100067138672,140.2100067138672,0.0,0.0
2013-11-29,140.1199951171875,140.1199951171875,0.0,0.0
2013-12-02,140.10000610351562,140.10000610351562,0.0,0.0
2013-12-03,140.1999969482422,140.1999969482422,0.0,0.0
2013-12-04,139.66000366210938,139.66000366210938,0.0,0.0
2013-12-05,139.3300018310547,139.3300018310547,0.0,0.0
2013-12-06,139.4600067138672,139.4600067138672,0.0,0.0
2013-12-09,139.63999938964844,139.63999938964844,0.0,0.0
2013-12-10,139.7899932861328,139.7899932861328,0.0,0.0
2013-12-11,139.9499969482422,139.9499969482422,0.0,0.0
2013-12-12,139.7100067138672,139.7100067138672,0.0,0.0
2013-12-13,139.72000122070312,139.72000122070312,0.0,0.0
2013-12-16,139.72000122070312,139.72000122070312,0.0,0.0
2013-12-17,139.80999755859375,139.80999755859375,0.0,0.0
2013-12-18,139.5399932861328,139.5399932861328,0.0,0.0
2013-12-19,139.6199951171875,139.6199951171875,0.0,0.0
2013-12-20,139.55999755859375,139.55999755859375,0.0,0.0
2013-12-23,139.2100067138672,139.2100067138672,0.0,0.0
2013-12-27,138.97000122070312,138.97000122070312,0.0,0.0
2013-12-30,139.1999969482422,139.1999969482422,0.0,0.0
2014-01-02,139.61000061035156,139.61000061035156,0.0,0.0
2014-01-03,139.91000366210938,139.91000366210938,0.0,0.0
2014-01-06,140.0800018310547,140.0800018310547,0.0,0.0
2014-01-07,140.27000427246094,140.27000427246094,0.0,0.0
2014-01-08,140.3699951171875,140.3699951171875,0.0,0.0
2014-01-09,140.24000549316406,140.24000549316406,0.0,0.0
2014-01-10,140.4600067138672,140.4600067138672,0.0,0.0
2014-01-13,140.66000366210938,140.66000366210938,0.0,0.0
2014-01-14,140.64999389648438,140.64999389648438,0.0,0.0
2014-01-15,140.75,140.75,0.0,0.0
2014-01-16,141.02999877929688,141.02999877929688,0.0,0.0
2014-01-17,141.2100067138672,141.2100067138672,0.0,0.0
2014-01-20,141.42999267578125,141.42999267578125,0.0,0.0
2014-01-21,141.25,141.25,0.0,0.0
2014-01-22,141.1999969482422,141.1999969482422,0.0,0.0
2014-01-23,141.13999938964844,141.13999938964844,0.0,0.0
2014-01-24,141.3000030517578,141.3000030517578,0.0,0.0
2014-01-27,141.27999877929688,141.27999877929688,0.0,0.0
2014-01-28,141.4499969482422,141.4499969482422,0.0,0.0
2014-01-29,141.55999755859375,141.55999755859375,0.0,0.0
2014-01-30,141.69000244140625,141.69000244140625,0.0,0.0
2014-01-31,142.35000610351562,142.35000610351562,0.0,0.0
2014-02-03,142.4499969482422,142.4499969482422,0.0,0.0
2014-02-04,142.27000427246094,142.27000427246094,0.0,0.0
2014-02-05,142.52000427246094,142.52000427246094,0.0,0.0
2014-02-06,142.19000244140625,142.19000244140625,0.0,0.0
2014-02-07,142.35000610351562,142.35000610351562,0.0,0.0
2014-02-10,142.3000030517578,142.3000030517578,0.0,0.0
2014-02-11,142.38999938964844,142.38999938964844,0.0,0.0
2014-02-12,142.07000732421875,142.07000732421875,0.0,0.0
2014-02-13,142.32000732421875,142.32000732421875,0.0,0.0
2014-02-14,142.5,142.5,0.0,0.0
2014-02-17,142.61000061035156,142.61000061035156,0.0,0.0
2014-02-18,142.66000366210938,142.66000366210938,0.0,0.0
2014-02-19,142.8300018310547,142.8300018310547,0.0,0.0
2014-02-20,142.52000427246094,142.52000427246094,0.0,0.0
2014-02-21,142.7100067138672,142.7100067138672,0.0,0.0
2014-02-24,142.57000732421875,142.57000732421875,0.0,0.0
2014-02-25,142.8300018310547,142.8300018310547,0.0,0.0
2014-02-26,142.9600067138672,142.9600067138672,0.0,0.0
2014-02-27,143.35000610351562,143.35000610351562,0.0,0.0
2014-02-28,142.9600067138672,142.9600067138672,0.0,0.0
2014-03-03,143.22000122070312,143.22000122070312,0.0,0.0
2014-03-04,143.3699951171875,143.3699951171875,0.0,0.0
2014-03-05,143.63999938964844,143.63999938964844,0.0,0.0
2014-03-06,143.3300018310547,143.3300018310547,0.0,0.0
2014-03-07,143.38999938964844,143.38999938964844,0.0,0.0
2014-03-10,143.5800018310547,143.5800018310547,0.0,0.0
2014-03-11,143.3800048828125,143.3800048828125,0.0,0.0
2014-03-12,143.52000427246094,143.52000427246094,0.0,0.0
2014-03-13,143.8699951171875,143.8699951171875,0.0,0.0
2014-03-14,143.80999755859375,143.80999755859375,0.0,0.0
2014-03-17,143.7899932861328,143.7899932861328,0.0,0.0
2014-03-18,143.85000610351562,143.85000610351562,0.0,0.0
2014-03-19,143.8300018310547,143.8300018310547,0.0,0.0
2014-03-20,143.4600067138672,143.4600067138672,0.0,0.0
2014-03-21,143.52000427246094,143.52000427246094,0.0,0.0
2014-03-24,143.72000122070312,143.72000122070312,0.0,0.0
2014-03-25,143.72999572753906,143.72999572753906,0.0,0.0
2014-03-26,144.2100067138672,144.2100067138672,0.0,0.0
2014-03-27,144.52999877929688,144.52999877929688,0.0,0.0
2014-03-28,144.22999572753906,144.22999572753906,0.0,0.0
2014-03-31,144.27000427246094,144.27000427246094,0.0,0.0
2014-04-01,144.22999572753906,144.22999572753906,0.0,0.0
2014-04-02,144.16000366210938,144.16000366210938,0.0,0.0
2014-04-03,144.39999389648438,144.39999389648438,0.0,0.0
2014-04-04,145.22000122070312,145.22000122070312,0.0,0.0
2014-04-07,145.13999938964844,145.13999938964844,0.0,0.0
2014-04-08,144.9199981689453,144.9199981689453,0.0,0.0
2014-04-09,144.72999572753906,144.72999572753906,0.0,0.0
2014-04-10,145.0,145.0,0.0,0.0
2014-04-11,145.00999450683594,145.00999450683594,0.0,0.0
2014-04-14,145.05999755859375,145.05999755859375,0.0,0.0
2014-04-15,145.5800018310547,145.5800018310547,0.0,0.0
2014-04-16,145.75,145.75,0.0,0.0
2014-04-17,145.5,145.5,0.0,0.0
2014-04-22,145.42999267578125,145.42999267578125,0.0,0.0
2014-04-23,145.38999938964844,145.38999938964844,0.0,0.0
2014-04-24,145.32000732421875,145.32000732421875,0.0,0.0
2014-04-25,145.5,145.5,0.0,0.0
2014-04-28,145.39999389648438,145.39999389648438,0.0,0.0
2014-04-29,145.49000549316406,145.49000549316406,0.0,0.0
2014-04-30,145.8000030517578,145.8000030517578,0.0,0.0
2014-05-02,146.00999450683594,146.00999450683594,0.0,0.0
2014-05-05,146.02000427246094,146.02000427246094,0.0,0.0
2014-05-06,146.02000427246094,146.02000427246094,0.0,0.0
2014-05-07,145.8800048828125,145.8800048828125,0.0,0.0
2014-05-08,146.4499969482422,146.4499969482422,0.0,0.0
2014-05-09,146.36000061035156,146.36000061035156,0.0,0.0
2014-05-12,146.24000549316406,146.24000549316406,0.0,0.0
2014-05-13,146.4499969482422,146.4499969482422,0.0,0.0
2014-05-14,146.88999938964844,146.88999938964844,0.0,0.0
2014-05-15,146.72000122070312,146.72000122070312,0.0,0.0
2014-05-16,146.5800018310547,146.5800018310547,0.0,0.0
2014-05-19,146.25,146.25,0.0,0.0
2014-05-20,145.9600067138672,145.9600067138672,0.0,0.0
2014-05-21,146.08999633789062,146.08999633789062,0.0,0.0
2014-05-22,145.9199981689453,145.9199981689453,0.0,0.0
2014-05-23,146.3300018310547,146.3300018310547,0.0,0.0
2014-05-26,146.77000427246094,146.77000427246094,0.0,0.0
2014-05-27,146.92999267578125,146.92999267578125,0.0,0.0
2014-05-28,147.3300018310547,147.3300018310547,0.0,0.0
2014-05-29,147.14999389648438,147.14999389648438,0.0,0.0
2014-05-30,147.11000061035156,147.11000061035156,0.0,0.0
2014-06-02,147.11000061035156,147.11000061035156,0.0,0.0
2014-06-03,146.9600067138672,146.9600067138672,0.0,0.0
2014-06-04,146.64999389648438,146.64999389648438,0.0,0.0
2014-06-05,147.35000610351562,147.35000610351562,0.0,0.0
2014-06-06,148.5500030517578,148.5500030517578,0.0,0.0
2014-06-09,148.6300048828125,148.6300048828125,0.0,0.0
2014-06-10,148.08999633789062,148.08999633789062,0.0,0.0
2014-06-11,148.13999938964844,148.13999938964844,0.0,0.0
2014-06-12,148.17999267578125,148.17999267578125,0.0,0.0
2014-06-13,148.32000732421875,148.32000732421875,0.0,0.0
2014-06-16,148.39999389648438,148.39999389648438,0.0,0.0
2014-06-17,147.9499969482422,147.9499969482422,0.0,0.0
2014-06-18,147.89999389648438,147.89999389648438,0.0,0.0
2014-06-19,148.36000061035156,148.36000061035156,0.0,0.0
2014-06-20,148.0,148.0,0.0,0.0
2014-06-23,148.22000122070312,148.22000122070312,0.0,0.0
2014-06-24,148.42999267578125,148.42999267578125,0.0,0.0
2014-06-25,148.6999969482422,148.6999969482422,0.0,0.0
2014-06-26,148.85000610351562,148.85000610351562,0.0,0.0
2014-06-27,148.75,148.75,0.0,0.0
2014-06-30,148.72000122070312,148.72000122070312,0.0,0.0
2014-07-01,148.89999389648438,148.89999389648438,0.0,0.0
2014-07-02,148.60000610351562,148.60000610351562,0.0,0.0
2014-07-03,148.72999572753906,148.72999572753906,0.0,0.0
2014-07-04,149.0,149.0,0.0,0.0
2014-07-07,149.05999755859375,149.05999755859375,0.0,0.0
2014-07-08,149.08999633789062,149.08999633789062,0.0,0.0
2014-07-09,148.97000122070312,148.97000122070312,0.0,0.0
2014-07-10,148.91000366210938,148.91000366210938,0.0,0.0
2014-07-11,148.89999389648438,148.89999389648438,0.0,0.0
2014-07-14,148.88999938964844,148.88999938964844,0.0,0.0
2014-07-15,149.02999877929688,149.02999877929688,0.0,0.0
2014-07-16,149.2899932861328,149.2899932861328,0.0,0.0
2014-07-17,149.35000610351562,149.35000610351562,0.0,0.0
2014-07-18,149.4600067138672,149.4600067138672,0.0,0.0
2014-07-21,149.64999389648438,149.64999389648438,0.0,0.0
2014-07-22,149.5,149.5,0.0,0.0
2014-07-23,149.74000549316406,149.74000549316406,0.0,0.0
2014-07-24,149.7100067138672,149.7100067138672,0.0,0.0
2014-07-25,149.86000061035156,149.86000061035156,0.0,0.0
2014-07-28,149.9600067138672,149.9600067138672,0.0,0.0
2014-07-29,150.25999450683594,150.25999450683594,0.0,0.0
2014-07-30,150.00999450683594,150.00999450683594,0.0,0.0
2014-07-31,149.66000366210938,149.66000366210938,0.0,0.0
2014-08-01,149.8000030517578,149.8000030517578,0.0,0.0
2014-08-04,149.9499969482422,149.9499969482422,0.0,0.0
2014-08-05,149.77000427246094,149.77000427246094,0.0,0.0
2014-08-06,149.72999572753906,149.72999572753906,0.0,0.0
2014-08-07,149.8699951171875,149.8699951171875,0.0,0.0
2014-08-08,149.6199951171875,149.6199951171875,0.0,0.0
2014-08-11,150.0800018310547,150.0800018310547,0.0,0.0
2014-08-12,150.3000030517578,150.3000030517578,0.0,0.0
2014-08-13,150.47999572753906,150.47999572753906,0.0,0.0
2014-08-14,150.5800018310547,150.5800018310547,0.0,0.0
2014-08-18,150.8000030517578,150.8000030517578,0.0,0.0
2014-08-19,151.0800018310547,151.0800018310547,0.0,0.0
2014-08-20,151.1999969482422,151.1999969482422,0.0,0.0
2014-08-21,151.1699981689453,151.1699981689453,0.0,0.0
2014-08-22,151.25999450683594,151.25999450683594,0.0,0.0
2014-08-25,151.8000030517578,151.8000030517578,0.0,0.0
2014-08-26,151.97999572753906,151.97999572753906,0.0,0.0
2014-08-27,152.14999389648438,152.14999389648438,0.0,0.0
2014-08-28,151.82000732421875,151.82000732421875,0.0,0.0
2014-08-29,151.66000366210938,151.66000366210938,0.0,0.0
2014-09-01,151.6999969482422,151.6999969482422,0.0,0.0
2014-09-02,151.6699981689453,151.6699981689453,0.0,0.0
2014-09-03,151.60000610351562,151.60000610351562,0.0,0.0
2014-09-04,152.0399932861328,152.0399932861328,0.0,0.0
2014-09-05,152.63999938964844,152.63999938964844,0.0,0.0
2014-09-08,152.58999633789062,152.58999633789062,0.0,0.0
2014-09-09,151.91000366210938,151.91000366210938,0.0,0.0
2014-09-10,151.75,151.75,0.0,0.0
2014-09-11,151.58999633789062,151.58999633789062,0.0,0.0
2014-09-12,151.25999450683594,151.25999450683594,0.0,0.0
2014-09-15,151.38999938964844,151.38999938964844,0.0,0.0
2014-09-16,151.3800048828125,151.3800048828125,0.0,0.0
2014-09-17,151.72999572753906,151.72999572753906,0.0,0.0
2014-09-18,151.42999267578125,151.42999267578125,0.0,0.0
2014-09-19,151.94000244140625,151.94000244140625,0.0,0.0
2014-09-22,152.0,152.0,0.0,0.0
2014-09-23,151.92999267578125,151.92999267578125,0.0,0.0
2014-09-24,152.02000427246094,152.02000427246094,0.0,0.0
2014-09-25,152.22000122070312,152.22000122070312,0.0,0.0
2014-09-26,152.16000366210938,152.16000366210938,0.0,0.0
2014-09-29,152.0500030517578,152.0500030517578,0.0,0.0
2014-09-30,152.32000732421875,152.32000732421875,0.0,0.0
2014-10-01,152.6699981689453,152.6699981689453,0.0,0.0
2014-10-02,152.44000244140625,152.44000244140625,0.0,0.0
2014-10-03,152.3800048828125,152.3800048828125,0.0,0.0
2014-10-06,152.3800048828125,152.3800048828125,0.0,0.0
2014-10-07,152.25999450683594,152.25999450683594,0.0,0.0
2014-10-08,152.3300018310547,152.3300018310547,0.0,0.0
2014-10-09,152.49000549316406,152.49000549316406,0.0,0.0
2014-10-10,152.47999572753906,152.47999572753906,0.0,0.0
2014-10-13,152.38999938964844,152.38999938964844,0.0,0.0
2014-10-14,152.66000366210938,152.66000366210938,0.0,0.0
2014-10-15,152.67999267578125,152.67999267578125,0.0,0.0
2014-10-16,151.7100067138672,151.7100067138672,0.0,0.0
2014-10-17,151.8000030517578,151.8000030517578,0.0,0.0
2014-10-20,151.60000610351562,151.60000610351562,0.0,0.0
2014-10-21,151.80999755859375,151.80999755859375,0.0,0.0
2014-10-22,151.9199981689453,151.9199981689453,0.0,0.0
2014-10-23,151.85000610351562,151.85000610351562,0.0,0.0
2014-10-24,151.7899932861328,151.7899932861328,0.0,0.0
2014-10-27,151.82000732421875,151.82000732421875,0.0,0.0
2014-10-28,151.83999633789062,151.83999633789062,0.0,0.0
2014-10-29,151.82000732421875,151.82000732421875,0.0,0.0
2014-10-30,152.05999755859375,152.05999755859375,0.0,0.0
2014-10-31,152.52999877929688,152.52999877929688,0.0,0.0
2014-11-03,152.2100067138672,152.2100067138672,0.0,0.0
2014-11-04,152.3800048828125,152.3800048828125,0.0,0.0
2014-11-05,152.2899932861328,152.2899932861328,0.0,0.0
2014-11-06,152.2899932861328,152.2899932861328,0.0,0.0
2014-11-07,152.49000549316406,152.49000549316406,0.0,0.0
2014-11-10,152.5800018310547,152.5800018310547,0.0,0.0
2014-11-11,152.69000244140625,152.69000244140625,0.0,0.0
2014-11-12,152.63999938964844,152.63999938964844,0.0,0.0
2014-11-13,152.6699981689453,152.6699981689453,0.0,0.0
2014-11-14,152.77999877929688,152.77999877929688,0.0,0.0
2014-11-17,152.89999389648438,152.89999389648438,0.0,0.0
2014-11-18,152.85000610351562,152.85000610351562,0.0,0.0
2014-11-19,152.6300048828125,152.6300048828125,0.0,0.0
2014-11-20,152.8699951171875,152.8699951171875,0.0,0.0
2014-11-21,153.25999450683594,153.25999450683594,0.0,0.0
2014-11-24,153.38999938964844,153.38999938964844,0.0,0.0
2014-11-25,153.60000610351562,153.60000610351562,0.0,0.0
2014-11-26,153.55999755859375,153.55999755859375,0.0,0.0
2014-11-27,153.83999633789062,153.83999633789062,0.0,0.0
2014-11-28,153.75,153.75,0.0,0.0
2014-12-01,153.64999389648438,153.64999389648438,0.0,0.0
2014-12-02,153.6300048828125,153.6300048828125,0.0,0.0
2014-12-03,153.8000030517578,153.8000030517578,0.0,0.0
2014-12-04,153.60000610351562,153.60000610351562,0.0,0.0
2014-12-05,153.72999572753906,153.72999572753906,0.0,0.0
2014-12-08,153.88999938964844,153.88999938964844,0.0,0.0
2014-12-09,153.63999938964844,153.63999938964844,0.0,0.0
2014-12-10,153.47999572753906,153.47999572753906,0.0,0.0
2014-12-11,153.4499969482422,153.4499969482422,0.0,0.0
2014-12-12,153.47999572753906,153.47999572753906,0.0,0.0
2014-12-15,153.5800018310547,153.5800018310547,0.0,0.0
2014-12-16,153.60000610351562,153.60000610351562,0.0,0.0
2014-12-17,153.69000244140625,153.69000244140625,0.0,0.0
2014-12-18,153.82000732421875,153.82000732421875,0.0,0.0
2014-12-19,153.92999267578125,153.92999267578125,0.0,0.0
2014-12-22,154.0500030517578,154.0500030517578,0.0,0.0
2014-12-23,154.16000366210938,154.16000366210938,0.0,0.0
2014-12-29,154.27999877929688,154.27999877929688,0.0,0.0
2014-12-30,154.52999877929688,154.52999877929688,0.0,0.0
2015-01-02,155.10000610351562,155.10000610351562,0.0,0.0
2015-01-05,154.7899932861328,154.7899932861328,0.0,0.0
2015-01-06,154.77000427246094,154.77000427246094,0.0,0.0
2015-01-07,154.44000244140625,154.44000244140625,0.0,0.0
2015-01-08,154.55999755859375,154.55999755859375,0.0,0.0
2015-01-09,154.52999877929688,154.52999877929688,0.0,0.0
2015-01-12,154.74000549316406,154.74000549316406,0.0,0.0
2015-01-13,154.85000610351562,154.85000610351562,0.0,0.0
2015-01-14,155.22999572753906,155.22999572753906,0.0,0.0
2015-01-15,155.25999450683594,155.25999450683594,0.0,0.0
2015-01-16,155.5500030517578,155.5500030517578,0.0,0.0
2015-01-19,155.55999755859375,155.55999755859375,0.0,0.0
2015-01-20,155.39999389648438,155.39999389648438,0.0,0.0
2015-01-21,155.0399932861328,155.0399932861328,0.0,0.0
2015-01-22,155.61000061035156,155.61000061035156,0.0,0.0
2015-01-23,155.9600067138672,155.9600067138672,0.0,0.0
2015-01-26,155.67999267578125,155.67999267578125,0.0,0.0
2015-01-27,155.52999877929688,155.52999877929688,0.0,0.0
2015-01-28,155.42999267578125,155.42999267578125,0.0,0.0
2015-01-29,155.50999450683594,155.50999450683594,0.0,0.0
2015-01-30,155.66000366210938,155.66000366210938,0.0,0.0
2015-02-02,155.6699981689453,155.6699981689453,0.0,0.0
2015-02-03,155.64999389648438,155.64999389648438,0.0,0.0
2015-02-04,155.6999969482422,155.6999969482422,0.0,0.0
2015-02-05,155.72000122070312,155.72000122070312,0.0,0.0
2015-02-06,155.5500030517578,155.5500030517578,0.0,0.0
2015-02-09,155.39999389648438,155.39999389648438,0.0,0.0
2015-02-10,155.25,155.25,0.0,0.0
2015-02-11,155.3699951171875,155.3699951171875,0.0,0.0
2015-02-12,155.55999755859375,155.55999755859375,0.0,0.0
2015-02-13,155.6999969482422,155.6999969482422,0.0,0.0
2015-02-16,155.63999938964844,155.63999938964844,0.0,0.0
2015-02-17,155.5500030517578,155.5500030517578,0.0,0.0
2015-02-18,155.6199951171875,155.6199951171875,0.0,0.0
2015-02-19,155.77999877929688,155.77999877929688,0.0,0.0
2015-02-20,155.9499969482422,155.9499969482422,0.0,0.0
2015-02-23,156.25999450683594,156.25999450683594,0.0,0.0
2015-02-24,156.38999938964844,156.38999938964844,0.0,0.0
2015-02-25,156.52999877929688,156.52999877929688,0.0,0.0
2015-02-26,156.9199981689453,156.9199981689453,0.0,0.0
2015-02-27,156.8800048828125,156.8800048828125,0.0,0.0
2015-03-02,156.67999267578125,156.67999267578125,0.0,0.0
2015-03-03,156.4600067138672,156.4600067138672,0.0,0.0
2015-03-04,156.4499969482422,156.4499969482422,0.0,0.0
2015-03-05,156.77999877929688,156.77999877929688,0.0,0.0
2015-03-06,156.72999572753906,156.72999572753906,0.0,0.0
2015-03-09,157.0399932861328,157.0399932861328,0.0,0.0
2015-03-10,157.4199981689453,157.4199981689453,0.0,0.0
2015-03-11,157.6999969482422,157.6999969482422,0.0,0.0
2015-03-12,157.4600067138672,157.4600067138672,0.0,0.0
2015-03-13,157.32000732421875,157.32000732421875,0.0,0.0
2015-03-16,157.22999572753906,157.22999572753906,0.0,0.0
2015-03-17,156.8699951171875,156.8699951171875,0.0,0.0
2015-03-18,156.92999267578125,156.92999267578125,0.0,0.0
2015-03-19,157.07000732421875,157.07000732421875,0.0,0.0
2015-03-20,157.2100067138672,157.2100067138672,0.0,0.0
2015-03-23,156.83999633789062,156.83999633789062,0.0,0.0
2015-03-24,156.6999969482422,156.6999969482422,0.0,0.0
2015-03-25,156.74000549316406,156.74000549316406,0.0,0.0
2015-03-26,156.8300018310547,156.8300018310547,0.0,0.0
2015-03-27,156.82000732421875,156.82000732421875,0.0,0.0
2015-03-30,156.82000732421875,156.82000732421875,0.0,0.0
2015-03-31,157.11000061035156,157.11000061035156,0.0,0.0
2015-04-01,157.16000366210938,157.16000366210938,0.0,0.0
2015-04-02,157.0800018310547,157.0800018310547,0.0,0.0
2015-04-07,157.25999450683594,157.25999450683594,0.0,0.0
2015-04-08,157.3699951171875,157.3699951171875,0.0,0.0
2015-04-09,157.36000061035156,157.36000061035156,0.0,0.0
2015-04-10,157.38999938964844,157.38999938964844,0.0,0.0
2015-04-13,157.3000030517578,157.3000030517578,0.0,0.0
2015-04-14,157.25999450683594,157.25999450683594,0.0,0.0
2015-04-15,157.50999450683594,157.50999450683594,0.0,0.0
2015-04-16,157.27000427246094,157.27000427246094,0.0,0.0
2015-04-17,157.02999877929688,157.02999877929688,0.0,0.0
2015-04-20,157.00999450683594,157.00999450683594,0.0,0.0
2015-04-21,157.00999450683594,157.00999450683594,0.0,0.0
2015-04-22,157.0,157.0,0.0,0.0
2015-04-23,157.0500030517578,157.0500030517578,0.0,0.0
2015-04-24,157.02999877929688,157.02999877929688,0.0,0.0
2015-04-27,157.1300048828125,157.1300048828125,0.0,0.0
2015-04-28,157.22000122070312,157.22000122070312,0.0,0.0
2015-04-29,156.44000244140625,156.44000244140625,0.0,0.0
2015-04-30,156.17999267578125,156.17999267578125,0.0,0.0
2015-05-04,155.83999633789062,155.83999633789062,0.0,0.0
2015-05-05,154.88999938964844,154.88999938964844,0.0,0.0
2015-05-06,154.52000427246094,154.52000427246094,0.0,0.0
2015-05-07,154.89999389648438,154.89999389648438,0.0,0.0
2015-05-08,155.14999389648438,155.14999389648438,0.0,0.0
2015-05-11,154.9600067138672,154.9600067138672,0.0,0.0
2015-05-12,154.5800018310547,154.5800018310547,0.0,0.0
2015-05-13,154.50999450683594,154.50999450683594,0.0,0.0
2015-05-14,154.55999755859375,154.55999755859375,0.0,0.0
2015-05-15,154.89999389648438,154.89999389648438,0.0,0.0
2015-05-18,154.69000244140625,154.69000244140625,0.0,0.0
2015-05-19,155.05999755859375,155.05999755859375,0.0,0.0
2015-05-20,154.94000244140625,154.94000244140625,0.0,0.0
2015-05-21,154.94000244140625,154.94000244140625,0.0,0.0
2015-05-22,154.97000122070312,154.97000122070312,0.0,0.0
2015-05-25,154.42999267578125,154.42999267578125,0.0,0.0
2015-05-26,154.97000122070312,154.97000122070312,0.0,0.0
2015-05-27,155.11000061035156,155.11000061035156,0.0,0.0
2015-05-28,155.02000427246094,155.02000427246094,0.0,0.0
2015-05-29,155.14999389648438,155.14999389648438,0.0,0.0
2015-06-01,154.9499969482422,154.9499969482422,0.0,0.0
2015-06-02,154.9499969482422,154.9499969482422,0.0,0.0
2015-06-03,153.44000244140625,153.44000244140625,0.0,0.0
2015-06-04,153.5800018310547,153.5800018310547,0.0,0.0
2015-06-05,153.1699981689453,153.1699981689453,0.0,0.0
2015-06-08,153.02999877929688,153.02999877929688,0.0,0.0
2015-06-09,152.72999572753906,152.72999572753906,0.0,0.0
2015-06-10,152.6999969482422,152.6999969482422,0.0,0.0
2015-06-11,153.13999938964844,153.13999938964844,0.0,0.0
2015-06-12,152.86000061035156,152.86000061035156,0.0,0.0
2015-06-15,152.39999389648438,152.39999389648438,0.0,0.0
2015-06-16,152.47000122070312,152.47000122070312,0.0,0.0
2015-06-17,152.55999755859375,152.55999755859375,0.0,0.0
2015-06-18,152.82000732421875,152.82000732421875,0.0,0.0
2015-06-19,152.97999572753906,152.97999572753906,0.0,0.0
2015-06-22,153.1300048828125,153.1300048828125,0.0,0.0
2015-06-23,153.39999389648438,153.39999389648438,0.0,0.0
2015-06-24,153.3699951171875,153.3699951171875,0.0,0.0
2015-06-25,153.4499969482422,153.4499969482422,0.0,0.0
2015-06-26,153.2899932861328,153.2899932861328,0.0,0.0
2015-06-29,152.92999267578125,152.92999267578125,0.0,0.0
2015-06-30,153.25999450683594,153.25999450683594,0.0,0.0
2015-07-01,153.24000549316406,153.24000549316406,0.0,0.0
2015-07-02,152.9600067138672,152.9600067138672,0.0,0.0
2015-07-03,153.2899932861328,153.2899932861328,0.0,0.0
2015-07-06,152.89999389648438,152.89999389648438,0.0,0.0
2015-07-07,153.3800048828125,153.3800048828125,0.0,0.0
2015-07-08,153.39999389648438,153.39999389648438,0.0,0.0
2015-07-09,153.39999389648438,153.39999389648438,0.0,0.0
2015-07-10,153.27999877929688,153.27999877929688,0.0,0.0
2015-07-13,153.6699981689453,153.6699981689453,0.0,0.0
2015-07-14,153.75,153.75,0.0,0.0
2015-07-15,154.11000061035156,154.11000061035156,0.0,0.0
2015-07-16,154.1300048828125,154.1300048828125,0.0,0.0
2015-07-17,154.5399932861328,154.5399932861328,0.0,0.0
2015-07-20,154.72999572753906,154.72999572753906,0.0,0.0
2015-07-21,154.47999572753906,154.47999572753906,0.0,0.0
2015-07-22,154.6699981689453,154.6699981689453,0.0,0.0
2015-07-23,154.8300018310547,154.8300018310547,0.0,0.0
2015-07-24,155.0800018310547,155.0800018310547,0.0,0.0
2015-07-27,154.99000549316406,154.99000549316406,0.0,0.0
2015-07-28,155.08999633789062,155.08999633789062,0.0,0.0
2015-07-29,155.0,155.0,0.0,0.0
2015-07-30,155.39999389648438,155.39999389648438,0.0,0.0
2015-07-31,155.42999267578125,155.42999267578125,0.0,0.0
2015-08-03,155.4499969482422,155.4499969482422,0.0,0.0
2015-08-04,155.5500030517578,155.5500030517578,0.0,0.0
2015-08-05,154.9600067138672,154.9600067138672,0.0,0.0
2015-08-06,155.2100067138672,155.2100067138672,0.0,0.0
2015-08-07,155.4499969482422,155.4499969482422,0.0,0.0
2015-08-10,155.3300018310547,155.3300018310547,0.0,0.0
2015-08-11,155.72999572753906,155.72999572753906,0.0,0.0
2015-08-12,155.7100067138672,155.7100067138672,0.0,0.0
2015-08-13,155.61000061035156,155.61000061035156,0.0,0.0
2015-08-14,155.41000366210938,155.41000366210938,0.0,0.0
2015-08-17,155.6199951171875,155.6199951171875,0.0,0.0
2015-08-18,155.4499969482422,155.4499969482422,0.0,0.0
2015-08-19,155.41000366210938,155.41000366210938,0.0,0.0
2015-08-20,155.50999450683594,155.50999450683594,0.0,0.0
2015-08-21,155.3699951171875,155.3699951171875,0.0,0.0
2015-08-24,155.22999572753906,155.22999572753906,0.0,0.0
2015-08-25,154.47000122070312,154.47000122070312,0.0,0.0
2015-08-26,154.67999267578125,154.67999267578125,0.0,0.0
2015-08-27,154.7100067138672,154.7100067138672,0.0,0.0
2015-08-28,154.77000427246094,154.77000427246094,0.0,0.0
2015-08-31,154.50999450683594,154.50999450683594,0.0,0.0
2015-09-01,154.38999938964844,154.38999938964844,0.0,0.0
2015-09-02,154.41000366210938,154.41000366210938,0.0,0.0
2015-09-03,154.97000122070312,154.97000122070312,0.0,0.0
2015-09-04,155.30999755859375,155.30999755859375,0.0,0.0
2015-09-07,155.24000549316406,155.24000549316406,0.0,0.0
2015-09-08,155.39999389648438,155.39999389648438,0.0,0.0
2015-09-09,155.3800048828125,155.3800048828125,0.0,0.0
2015-09-10,155.47000122070312,155.47000122070312,0.0,0.0
2015-09-11,155.6199951171875,155.6199951171875,0.0,0.0
2015-09-14,155.5,155.5,0.0,0.0
2015-09-15,155.1999969482422,155.1999969482422,0.0,0.0
2015-09-16,155.0,155.0,0.0,0.0
2015-09-17,154.9499969482422,154.9499969482422,0.0,0.0
2015-09-18,155.75,155.75,0.0,0.0
2015-09-21,155.58999633789062,155.58999633789062,0.0,0.0
2015-09-22,155.97999572753906,155.97999572753906,0.0,0.0
2015-09-23,155.97000122070312,155.97000122070312,0.0,0.0
2015-09-24,156.0,156.0,0.0,0.0
2015-09-25,155.72999572753906,155.72999572753906,0.0,0.0
2015-09-28,155.92999267578125,155.92999267578125,0.0,0.0
2015-09-29,155.92999267578125,155.92999267578125,0.0,0.0
2015-09-30,156.0800018310547,156.0800018310547,0.0,0.0
2015-10-01,156.3800048828125,156.3800048828125,0.0,0.0
2015-10-02,156.7100067138672,156.7100067138672,0.0,0.0
2015-10-05,156.52999877929688,156.52999877929688,0.0,0.0
2015-10-06,156.27999877929688,156.27999877929688,0.0,0.0
2015-10-07,156.2899932861328,156.2899932861328,0.0,0.0
2015-10-08,156.33999633789062,156.33999633789062,0.0,0.0
2015-10-09,156.25,156.25,0.0,0.0
2015-10-12,156.41000366210938,156.41000366210938,0.0,0.0
2015-10-13,156.36000061035156,156.36000061035156,0.0,0.0
2015-10-14,156.6300048828125,156.6300048828125,0.0,0.0
2015-10-15,156.57000732421875,156.57000732421875,0.0,0.0
2015-10-16,156.67999267578125,156.67999267578125,0.0,0.0
2015-10-19,156.69000244140625,156.69000244140625,0.0,0.0
2015-10-20,156.25999450683594,156.25999450683594,0.0,0.0
2015-10-21,156.25999450683594,156.25999450683594,0.0,0.0
2015-10-22,157.4499969482422,157.4499969482422,0.0,0.0
2015-10-23,157.5,157.5,0.0,0.0
2015-10-26,157.5,157.5,0.0,0.0
2015-10-27,157.83999633789062,157.83999633789062,0.0,0.0
2015-10-28,157.97000122070312,157.97000122070312,0.0,0.0
2015-10-29,157.4499969482422,157.4499969482422,0.0,0.0
2015-10-30,157.47999572753906,157.47999572753906,0.0,0.0
2015-11-02,157.1199951171875,157.1199951171875,0.0,0.0
2015-11-03,157.1699981689453,157.1699981689453,0.0,0.0
2015-11-04,157.1300048828125,157.1300048828125,0.0,0.0
2015-11-05,157.00999450683594,157.00999450683594,0.0,0.0
2015-11-06,156.47000122070312,156.47000122070312,0.0,0.0
2015-11-09,156.7100067138672,156.7100067138672,0.0,0.0
2015-11-10,157.2100067138672,157.2100067138672,0.0,0.0
2015-11-11,157.4499969482422,157.4499969482422,0.0,0.0
2015-11-12,157.5399932861328,157.5399932861328,0.0,0.0
2015-11-13,157.74000549316406,157.74000549316406,0.0,0.0
2015-11-16,157.80999755859375,157.80999755859375,0.0,0.0
2015-11-17,157.85000610351562,157.85000610351562,0.0,0.0
2015-11-18,158.02000427246094,158.02000427246094,0.0,0.0
2015-11-19,158.10000610351562,158.10000610351562,0.0,0.0
2015-11-20,158.13999938964844,158.13999938964844,0.0,0.0
2015-11-23,157.9600067138672,157.9600067138672,0.0,0.0
2015-11-24,158.08999633789062,158.08999633789062,0.0,0.0
2015-11-25,158.47999572753906,158.47999572753906,0.0,0.0
2015-11-26,158.5399932861328,158.5399932861328,0.0,0.0
2015-11-27,158.6199951171875,158.6199951171875,0.0,0.0
2015-11-30,158.47000122070312,158.47000122070312,0.0,0.0
2015-12-01,158.6199951171875,158.6199951171875,0.0,0.0
2015-12-02,158.7899932861328,158.7899932861328,0.0,0.0
2015-12-03,157.1999969482422,157.1999969482422,0.0,0.0
2015-12-04,157.02999877929688,157.02999877929688,0.0,0.0
2015-12-07,157.66000366210938,157.66000366210938,0.0,0.0
2015-12-08,157.72999572753906,157.72999572753906,0.0,0.0
2015-12-09,157.63999938964844,157.63999938964844,0.0,0.0
2015-12-10,157.80999755859375,157.80999755859375,0.0,0.0
2015-12-11,157.88999938964844,157.88999938964844,0.0,0.0
2015-12-14,157.58999633789062,157.58999633789062,0.0,0.0
2015-12-15,157.08999633789062,157.08999633789062,0.0,0.0
2015-12-16,156.97999572753906,156.97999572753906,0.0,0.0
2015-12-17,157.42999267578125,157.42999267578125,0.0,0.0
2015-12-18,157.72999572753906,157.72999572753906,0.0,0.0
2015-12-21,157.64999389648438,157.64999389648438,0.0,0.0
2015-12-22,157.3800048828125,157.3800048828125,0.0,0.0
2015-12-23,157.19000244140625,157.19000244140625,0.0,0.0
2015-12-28,157.57000732421875,157.57000732421875,0.0,0.0
2015-12-29,157.2899932861328,157.2899932861328,0.0,0.0
2015-12-30,157.4199981689453,157.4199981689453,0.0,0.0
2015-12-31,157.4199981689453,157.4199981689453,0.0,0.0
2016-01-04,157.75,157.75,0.0,0.0
2016-01-05,157.97000122070312,157.97000122070312,0.0,0.0
2016-01-06,158.1199951171875,158.1199951171875,0.0,0.0
2016-01-07,157.74000549316406,157.74000549316406,0.0,0.0
2016-01-08,157.94000244140625,157.94000244140625,0.0,0.0
2016-01-11,157.64999389648438,157.64999389648438,0.0,0.0
2016-01-12,157.55999755859375,157.55999755859375,0.0,0.0
2016-01-13,157.72999572753906,157.72999572753906,0.0,0.0
2016-01-14,157.6999969482422,157.6999969482422,0.0,0.0
2016-01-15,157.88999938964844,157.88999938964844,0.0,0.0
2016-01-18,157.88999938964844,157.88999938964844,0.0,0.0
2016-01-19,157.97999572753906,157.97999572753906,0.0,0.0
2016-01-20,157.8800048828125,157.8800048828125,0.0,0.0
2016-01-21,158.39999389648438,158.39999389648438,0.0,0.0
2016-01-22,158.3000030517578,158.3000030517578,0.0,0.0
2016-01-25,158.3800048828125,158.3800048828125,0.0,0.0
2016-01-26,158.67999267578125,158.67999267578125,0.0,0.0
2016-01-27,158.6999969482422,158.6999969482422,0.0,0.0
2016-01-28,158.8000030517578,158.8000030517578,0.0,0.0
2016-01-29,159.39999389648438,159.39999389648438,0.0,0.0
2016-02-01,159.14999389648438,159.14999389648438,0.0,0.0
2016-02-02,159.22000122070312,159.22000122070312,0.0,0.0
2016-02-03,159.44000244140625,159.44000244140625,0.0,0.0
2016-02-04,159.19000244140625,159.19000244140625,0.0,0.0
2016-02-05,159.11000061035156,159.11000061035156,0.0,0.0
2016-02-08,158.8699951171875,158.8699951171875,0.0,0.0
2016-02-09,158.7899932861328,158.7899932861328,0.0,0.0
2016-02-10,158.8800048828125,158.8800048828125,0.0,0.0
2016-02-11,158.75999450683594,158.75999450683594,0.0,0.0
2016-02-12,158.69000244140625,158.69000244140625,0.0,0.0
2016-02-15,159.00999450683594,159.00999450683594,0.0,0.0
2016-02-16,158.82000732421875,158.82000732421875,0.0,0.0
2016-02-17,158.89999389648438,158.89999389648438,0.0,0.0
2016-02-18,159.24000549316406,159.24000549316406,0.0,0.0
2016-02-19,159.24000549316406,159.24000549316406,0.0,0.0
2016-02-22,159.44000244140625,159.44000244140625,0.0,0.0
2016-02-23,159.4600067138672,159.4600067138672,0.0,0.0
2016-02-24,159.52000427246094,159.52000427246094,0.0,0.0
2016-02-25,159.63999938964844,159.63999938964844,0.0,0.0
2016-02-26,159.72999572753906,159.72999572753906,0.0,0.0
2016-02-29,160.14999389648438,160.14999389648438,0.0,0.0
2016-03-01,160.16000366210938,160.16000366210938,0.0,0.0
2016-03-02,159.86000061035156,159.86000061035156,0.0,0.0
2016-03-03,160.05999755859375,160.05999755859375,0.0,0.0
2016-03-04,159.69000244140625,159.69000244140625,0.0,0.0
2016-03-07,159.80999755859375,159.80999755859375,0.0,0.0
2016-03-08,160.08999633789062,160.08999633789062,0.0,0.0
2016-03-09,159.8300018310547,159.8300018310547,0.0,0.0
2016-03-10,159.41000366210938,159.41000366210938,0.0,0.0
2016-03-11,159.86000061035156,159.86000061035156,0.0,0.0
2016-03-14,159.91000366210938,159.91000366210938,0.0,0.0
2016-03-15,159.58999633789062,159.58999633789062,0.0,0.0
2016-03-16,159.6999969482422,159.6999969482422,0.0,0.0
2016-03-17,160.11000061035156,160.11000061035156,0.0,0.0
2016-03-18,160.16000366210938,160.16000366210938,0.0,0.0
2016-03-21,160.1999969482422,160.1999969482422,0.0,0.0
2016-03-22,160.2100067138672,160.2100067138672,0.0,0.0
2016-03-23,160.1699981689453,160.1699981689453,0.0,0.0
2016-03-24,160.1699981689453,160.1699981689453,0.0,0.0
2016-03-29,160.5500030517578,160.5500030517578,0.0,0.0
2016-03-30,160.52999877929688,160.52999877929688,0.0,0.0
2016-03-31,160.52999877929688,160.52999877929688,0.0,0.0
2016-04-01,160.5500030517578,160.5500030517578,0.0,0.0
2016-04-04,160.5500030517578,160.5500030517578,0.0,0.0
2016-04-05,160.5399932861328,160.5399932861328,0.0,0.0
2016-04-06,160.5,160.5,0.0,0.0
2016-04-07,160.25999450683594,160.25999450683594,0.0,0.0
2016-04-08,160.5500030517578,160.5500030517578,0.0,0.0
2016-04-11,160.4600067138672,160.4600067138672,0.0,0.0
2016-04-12,160.27000427246094,160.27000427246094,0.0,0.0
2016-04-13,160.47000122070312,160.47000122070312,0.0,0.0
2016-04-14,160.27000427246094,160.27000427246094,0.0,0.0
2016-04-15,160.4199981689453,160.4199981689453,0.0,0.0
2016-04-18,160.33999633789062,160.33999633789062,0.0,0.0
2016-04-19,160.2100067138672,160.2100067138672,0.0,0.0
2016-04-20,160.30999755859375,160.30999755859375,0.0,0.0
2016-04-21,159.8699951171875,159.8699951171875,0.0,0.0
2016-04-22,159.8800048828125,159.8800048828125,0.0,0.0
2016-04-25,159.6199951171875,159.6199951171875,0.0,0.0
2016-04-26,159.5,159.5,0.0,0.0
2016-04-27,159.61000061035156,159.61000061035156,0.0,0.0
2016-04-28,159.8000030517578,159.8000030517578,0.0,0.0
2016-04-29,159.55999755859375,159.55999755859375,0.0,0.0
2016-05-02,159.6300048828125,159.6300048828125,0.0,0.0
2016-05-03,160.02000427246094,160.02000427246094,0.0,0.0
2016-05-04,159.97000122070312,159.97000122070312,0.0,0.0
2016-05-05,160.10000610351562,160.10000610351562,0.0,0.0
2016-05-06,160.14999389648438,160.14999389648438,0.0,0.0
2016-05-09,160.27000427246094,160.27000427246094,0.0,0.0
2016-05-10,160.27999877929688,160.27999877929688,0.0,0.0
2016-05-11,160.3699951171875,160.3699951171875,0.0,0.0
2016-05-12,160.19000244140625,160.19000244140625,0.0,0.0
2016-05-13,160.30999755859375,160.30999755859375,0.0,0.0
2016-05-16,160.30999755859375,160.30999755859375,0.0,0.0
2016-05-17,160.41000366210938,160.41000366210938,0.0,0.0
2016-05-18,160.25,160.25,0.0,0.0
2016-05-19,160.1199951171875,160.1199951171875,0.0,0.0
2016-05-20,160.19000244140625,160.19000244140625,0.0,0.0
2016-05-23,160.16000366210938,160.16000366210938,0.0,0.0
2016-05-24,160.36000061035156,160.36000061035156,0.0,0.0
2016-05-25,160.64999389648438,160.64999389648438,0.0,0.0
2016-05-26,160.6699981689453,160.6699981689453,0.0,0.0
2016-05-27,160.6999969482422,160.6999969482422,0.0,0.0
2016-05-30,160.5800018310547,160.5800018310547,0.0,0.0
2016-05-31,160.5800018310547,160.5800018310547,0.0,0.0
2016-06-01,160.60000610351562,160.60000610351562,0.0,0.0
2016-06-02,160.60000610351562,160.60000610351562,0.0,0.0
2016-06-03,160.83999633789062,160.83999633789062,0.0,0.0
2016-06-06,160.57000732421875,160.57000732421875,0.0,0.0
2016-06-07,160.82000732421875,160.82000732421875,0.0,0.0
2016-06-08,160.8800048828125,160.8800048828125,0.0,0.0
2016-06-09,160.9499969482422,160.9499969482422,0.0,0.0
2016-06-10,160.91000366210938,160.91000366210938,0.0,0.0
2016-06-13,160.63999938964844,160.63999938964844,0.0,0.0
2016-06-14,160.5399932861328,160.5399932861328,0.0,0.0
2016-06-15,160.6699981689453,160.6699981689453,0.0,0.0
2016-06-16,160.47999572753906,160.47999572753906,0.0,0.0
2016-06-17,160.64999389648438,160.64999389648438,0.0,0.0
2016-06-20,160.89999389648438,160.89999389648438,0.0,0.0
2016-06-21,160.9199981689453,160.9199981689453,0.0,0.0
2016-06-22,160.8800048828125,160.8800048828125,0.0,0.0
2016-06-23,160.85000610351562,160.85000610351562,0.0,0.0
2016-06-24,161.02000427246094,161.02000427246094,0.0,0.0
2016-06-27,161.27999877929688,161.27999877929688,0.0,0.0
2016-06-28,161.74000549316406,161.74000549316406,0.0,0.0
2016-06-29,161.8800048828125,161.8800048828125,0.0,0.0
2016-06-30,162.02000427246094,162.02000427246094,0.0,0.0
2016-07-01,162.35000610351562,162.35000610351562,0.0,0.0
2016-07-04,162.33999633789062,162.33999633789062,0.0,0.0
2016-07-05,162.55999755859375,162.55999755859375,0.0,0.0
2016-07-06,162.47999572753906,162.47999572753906,0.0,0.0
2016-07-07,162.39999389648438,162.39999389648438,0.0,0.0
2016-07-08,162.6699981689453,162.6699981689453,0.0,0.0
2016-07-11,162.63999938964844,162.63999938964844,0.0,0.0
2016-07-12,162.3699951171875,162.3699951171875,0.0,0.0
2016-07-13,162.57000732421875,162.57000732421875,0.0,0.0
2016-07-14,162.33999633789062,162.33999633789062,0.0,0.0
2016-07-15,162.08999633789062,162.08999633789062,0.0,0.0
2016-07-18,162.19000244140625,162.19000244140625,0.0,0.0
2016-07-19,162.22000122070312,162.22000122070312,0.0,0.0
2016-07-20,162.17999267578125,162.17999267578125,0.0,0.0
2016-07-21,162.17999267578125,162.17999267578125,0.0,0.0
2016-07-22,162.1699981689453,162.1699981689453,0.0,0.0
2016-07-25,162.27000427246094,162.27000427246094,0.0,0.0
2016-07-26,162.2100067138672,162.2100067138672,0.0,0.0
2016-07-27,162.4600067138672,162.4600067138672,0.0,0.0
2016-07-28,162.42999267578125,162.42999267578125,0.0,0.0
2016-07-29,162.7100067138672,162.7100067138672,0.0,0.0
2016-08-01,162.64999389648438,162.64999389648438,0.0,0.0
2016-08-02,162.2899932861328,162.2899932861328,0.0,0.0
2016-08-03,162.30999755859375,162.30999755859375,0.0,0.0
2016-08-04,162.75999450683594,162.75999450683594,0.0,0.0
2016-08-05,162.66000366210938,162.66000366210938,0.0,0.0
2016-08-08,162.8000030517578,162.8000030517578,0.0,0.0
2016-08-09,162.88999938964844,162.88999938964844,0.0,0.0
2016-08-10,163.07000732421875,163.07000732421875,0.0,0.0
2016-08-11,163.0399932861328,163.0399932861328,0.0,0.0
2016-08-12,162.97999572753906,162.97999572753906,0.0,0.0
2016-08-16,162.66000366210938,162.66000366210938,0.0,0.0
2016-08-17,162.72999572753906,162.72999572753906,0.0,0.0
2016-08-18,162.9199981689453,162.9199981689453,0.0,0.0
2016-08-19,162.6300048828125,162.6300048828125,0.0,0.0
2016-08-22,162.8800048828125,162.8800048828125,0.0,0.0
2016-08-23,162.7899932861328,162.7899932861328,0.0,0.0
2016-08-24,162.7899932861328,162.7899932861328,0.0,0.0
2016-08-25,162.75,162.75,0.0,0.0
2016-08-26,162.85000610351562,162.85000610351562,0.0,0.0
2016-08-29,162.80999755859375,162.80999755859375,0.0,0.0
2016-08-30,162.83999633789062,162.83999633789062,0.0,0.0
2016-08-31,162.64999389648438,162.64999389648438,0.0,0.0
2016-09-01,162.5,162.5,0.0,0.0
2016-09-02,162.4600067138672,162.4600067138672,0.0,0.0
2016-09-05,162.60000610351562,162.60000610351562,0.0,0.0
2016-09-06,163.0399932861328,163.0399932861328,0.0,0.0
2016-09-07,163.1300048828125,163.1300048828125,0.0,0.0
2016-09-08,162.72999572753906,162.72999572753906,0.0,0.0
2016-09-09,162.24000549316406,162.24000549316406,0.0,0.0
2016-09-12,162.0,162.0,0.0,0.0
2016-09-13,161.97000122070312,161.97000122070312,0.0,0.0
2016-09-14,162.13999938964844,162.13999938964844,0.0,0.0
2016-09-15,162.10000610351562,162.10000610351562,0.0,0.0
2016-09-16,162.19000244140625,162.19000244140625,0.0,0.0
2016-09-19,162.2100067138672,162.2100067138672,0.0,0.0
2016-09-20,162.4199981689453,162.4199981689453,0.0,0.0
2016-09-21,162.27999877929688,162.27999877929688,0.0,0.0
2016-09-22,162.80999755859375,162.80999755859375,0.0,0.0
2016-09-23,162.72999572753906,162.72999572753906,0.0,0.0
2016-09-26,162.89999389648438,162.89999389648438,0.0,0.0
2016-09-27,163.0800018310547,163.0800018310547,0.0,0.0
2016-09-28,163.08999633789062,163.08999633789062,0.0,0.0
2016-09-29,162.88999938964844,162.88999938964844,0.0,0.0
2016-09-30,162.94000244140625,162.94000244140625,0.0,0.0
2016-10-03,162.7899932861328,162.7899932861328,0.0,0.0
2016-10-04,162.69000244140625,162.69000244140625,0.0,0.0
2016-10-05,162.05999755859375,162.05999755859375,0.0,0.0
2016-10-06,162.16000366210938,162.16000366210938,0.0,0.0
2016-10-07,161.97000122070312,161.97000122070312,0.0,0.0
2016-10-10,161.82000732421875,161.82000732421875,0.0,0.0
2016-10-11,161.9600067138672,161.9600067138672,0.0,0.0
2016-10-12,161.6999969482422,161.6999969482422,0.0,0.0
2016-10-13,161.86000061035156,161.86000061035156,0.0,0.0
2016-10-14,161.91000366210938,161.91000366210938,0.0,0.0
2016-10-17,161.88999938964844,161.88999938964844,0.0,0.0
2016-10-18,162.00999450683594,162.00999450683594,0.0,0.0
2016-10-19,162.0800018310547,162.0800018310547,0.0,0.0
2016-10-20,162.10000610351562,162.10000610351562,0.0,0.0
2016-10-21,162.08999633789062,162.08999633789062,0.0,0.0
2016-10-24,161.97999572753906,161.97999572753906,0.0,0.0
2016-10-25,161.94000244140625,161.94000244140625,0.0,0.0
2016-10-26,161.47999572753906,161.47999572753906,0.0,0.0
2016-10-27,160.97000122070312,160.97000122070312,0.0,0.0
2016-10-28,160.75,160.75,0.0,0.0
2016-10-31,160.75,160.75,0.0,0.0
2016-11-01,160.50999450683594,160.50999450683594,0.0,0.0
2016-11-02,160.94000244140625,160.94000244140625,0.0,0.0
2016-11-03,160.75,160.75,0.0,0.0
2016-11-04,160.77000427246094,160.77000427246094,0.0,0.0
2016-11-07,160.8300018310547,160.8300018310547,0.0,0.0
2016-11-08,160.6699981689453,160.6699981689453,0.0,0.0
2016-11-09,160.63999938964844,160.63999938964844,0.0,0.0
2016-11-10,159.64999389648438,159.64999389648438,0.0,0.0
2016-11-11,159.02999877929688,159.02999877929688,0.0,0.0
2016-11-14,158.6199951171875,158.6199951171875,0.0,0.0
2016-11-15,159.14999389648438,159.14999389648438,0.0,0.0
2016-11-16,158.86000061035156,158.86000061035156,0.0,0.0
2016-11-17,158.7899932861328,158.7899932861328,0.0,0.0
2016-11-18,158.85000610351562,158.85000610351562,0.0,0.0
2016-11-21,158.8800048828125,158.8800048828125,0.0,0.0
2016-11-22,159.3300018310547,159.3300018310547,0.0,0.0
2016-11-23,158.75,158.75,0.0,0.0
2016-11-24,158.8699951171875,158.8699951171875,0.0,0.0
2016-11-25,158.9499969482422,158.9499969482422,0.0,0.0
2016-11-28,159.1699981689453,159.1699981689453,0.0,0.0
2016-11-29,159.39999389648438,159.39999389648438,0.0,0.0
2016-11-30,159.35000610351562,159.35000610351562,0.0,0.0
2016-12-01,158.9499969482422,158.9499969482422,0.0,0.0
2016-12-02,159.4499969482422,159.4499969482422,0.0,0.0
2016-12-05,159.0,159.0,0.0,0.0
2016-12-06,159.11000061035156,159.11000061035156,0.0,0.0
2016-12-07,159.3300018310547,159.3300018310547,0.0,0.0
2016-12-08,159.30999755859375,159.30999755859375,0.0,0.0
2016-12-09,159.42999267578125,159.42999267578125,0.0,0.0
2016-12-12,159.27000427246094,159.27000427246094,0.0,0.0
2016-12-13,159.83999633789062,159.83999633789062,0.0,0.0
2016-12-14,160.19000244140625,160.19000244140625,0.0,0.0
2016-12-15,159.94000244140625,159.94000244140625,0.0,0.0
2016-12-16,159.91000366210938,159.91000366210938,0.0,0.0
2016-12-19,160.3699951171875,160.3699951171875,0.0,0.0
2016-12-20,160.22999572753906,160.22999572753906,0.0,0.0
2016-12-21,160.39999389648438,160.39999389648438,0.0,0.0
2016-12-22,160.1999969482422,160.1999969482422,0.0,0.0
2016-12-23,160.39999389648438,160.39999389648438,0.0,0.0
2016-12-27,160.6199951171875,160.6199951171875,0.0,0.0
2016-12-28,160.6199951171875,160.6199951171875,0.0,0.0
2016-12-29,160.64999389648438,160.64999389648438,0.0,0.0
2016-12-30,160.4600067138672,160.4600067138672,0.0,0.0
2017-01-02,160.75,160.75,0.0,0.0
2017-01-03,160.0800018310547,160.0800018310547,0.0,0.0
2017-01-04,160.0,160.0,0.0,0.0
2017-01-05,159.72000122070312,159.72000122070312,0.0,0.0
2017-01-06,159.5399932861328,159.5399932861328,0.0,0.0
2017-01-09,159.85000610351562,159.85000610351562,0.0,0.0
2017-01-10,159.8699951171875,159.8699951171875,0.0,0.0
2017-01-11,160.05999755859375,160.05999755859375,0.0,0.0
2017-01-12,160.07000732421875,160.07000732421875,0.0,0.0
2017-01-13,159.94000244140625,159.94000244140625,0.0,0.0
2017-01-16,160.11000061035156,160.11000061035156,0.0,0.0
2017-01-17,160.1999969482422,160.1999969482422,0.0,0.0
2017-01-18,159.97000122070312,159.97000122070312,0.0,0.0
2017-01-19,159.72000122070312,159.72000122070312,0.0,0.0
2017-01-20,159.39999389648438,159.39999389648438,0.0,0.0
2017-01-23,159.6999969482422,159.6999969482422,0.0,0.0
2017-01-24,159.47999572753906,159.47999572753906,0.0,0.0
2017-01-25,158.92999267578125,158.92999267578125,0.0,0.0
2017-01-26,158.47000122070312,158.47000122070312,0.0,0.0
2017-01-27,158.33999633789062,158.33999633789062,0.0,0.0
2017-01-30,158.02999877929688,158.02999877929688,0.0,0.0
2017-01-31,158.25,158.25,0.0,0.0
2017-02-01,158.0399932861328,158.0399932861328,0.0,0.0
2017-02-02,158.50999450683594,158.50999450683594,0.0,0.0
2017-02-03,158.50999450683594,158.50999450683594,0.0,0.0
2017-02-06,158.1699981689453,158.1699981689453,0.0,0.0
2017-02-07,158.27000427246094,158.27000427246094,0.0,0.0
2017-02-08,158.75,158.75,0.0,0.0
2017-02-09,158.91000366210938,158.91000366210938,0.0,0.0
2017-02-10,158.61000061035156,158.61000061035156,0.0,0.0
2017-02-13,158.63999938964844,158.63999938964844,0.0,0.0
2017-02-14,158.5800018310547,158.5800018310547,0.0,0.0
2017-02-15,158.50999450683594,158.50999450683594,0.0,0.0
2017-02-16,158.82000732421875,158.82000732421875,0.0,0.0
2017-02-17,158.7899932861328,158.7899932861328,0.0,0.0
2017-02-20,158.7100067138672,158.7100067138672,0.0,0.0
2017-02-21,158.4499969482422,158.4499969482422,0.0,0.0
2017-02-22,158.63999938964844,158.63999938964844,0.0,0.0
2017-02-23,158.8699951171875,158.8699951171875,0.0,0.0
2017-02-24,159.22999572753906,159.22999572753906,0.0,0.0
2017-02-27,159.3000030517578,159.3000030517578,0.0,0.0
2017-02-28,159.42999267578125,159.42999267578125,0.0,0.0
2017-03-01,159.00999450683594,159.00999450683594,0.0,0.0
2017-03-02,158.97999572753906,158.97999572753906,0.0,0.0
2017-03-03,158.89999389648438,158.89999389648438,0.0,0.0
2017-03-06,158.8300018310547,158.8300018310547,0.0,0.0
2017-03-07,158.88999938964844,158.88999938964844,0.0,0.0
2017-03-08,158.35000610351562,158.35000610351562,0.0,0.0
2017-03-09,158.13999938964844,158.13999938964844,0.0,0.0
2017-03-10,157.44000244140625,157.44000244140625,0.0,0.0
2017-03-13,157.5,157.5,0.0,0.0
2017-03-14,157.5399932861328,157.5399932861328,0.0,0.0
2017-03-15,157.9600067138672,157.9600067138672,0.0,0.0
2017-03-16,157.58999633789062,157.58999633789062,0.0,0.0
2017-03-17,157.57000732421875,157.57000732421875,0.0,0.0
2017-03-20,157.58999633789062,157.58999633789062,0.0,0.0
2017-03-21,157.66000366210938,157.66000366210938,0.0,0.0
2017-03-22,158.07000732421875,158.07000732421875,0.0,0.0
2017-03-23,157.97999572753906,157.97999572753906,0.0,0.0
2017-03-24,158.24000549316406,158.24000549316406,0.0,0.0
2017-03-27,158.2899932861328,158.2899932861328,0.0,0.0
2017-03-28,158.5399932861328,158.5399932861328,0.0,0.0
2017-03-29,158.83999633789062,158.83999633789062,0.0,0.0
2017-03-30,158.7899932861328,158.7899932861328,0.0,0.0
2017-03-31,158.74000549316406,158.74000549316406,0.0,0.0
2017-04-03,158.97999572753906,158.97999572753906,0.0,0.0
2017-04-04,159.24000549316406,159.24000549316406,0.0,0.0
2017-04-05,159.32000732421875,159.32000732421875,0.0,0.0
2017-04-06,159.36000061035156,159.36000061035156,0.0,0.0
2017-04-07,159.6199951171875,159.6199951171875,0.0,0.0
2017-04-10,159.52000427246094,159.52000427246094,0.0,0.0
2017-04-11,159.3699951171875,159.3699951171875,0.0,0.0
2017-04-12,159.38999938964844,159.38999938964844,0.0,0.0
2017-04-13,159.36000061035156,159.36000061035156,0.0,0.0
2017-04-18,159.47999572753906,159.47999572753906,0.0,0.0
2017-04-19,159.3000030517578,159.3000030517578,0.0,0.0
2017-04-20,159.14999389648438,159.14999389648438,0.0,0.0
2017-04-21,159.0399932861328,159.0399932861328,0.0,0.0
2017-04-24,159.39999389648438,159.39999389648438,0.0,0.0
2017-04-25,159.05999755859375,159.05999755859375,0.0,0.0
2017-04-26,159.05999755859375,159.05999755859375,0.0,0.0
2017-04-27,159.5399932861328,159.5399932861328,0.0,0.0
2017-04-28,159.5,159.5,0.0,0.0
2017-05-02,159.49000549316406,159.49000549316406,0.0,0.0
2017-05-03,159.5500030517578,159.5500030517578,0.0,0.0
2017-05-04,159.4600067138672,159.4600067138672,0.0,0.0
2017-05-05,159.42999267578125,159.42999267578125,0.0,0.0
2017-05-08,159.32000732421875,159.32000732421875,0.0,0.0
2017-05-09,159.22999572753906,159.22999572753906,0.0,0.0
2017-05-10,159.3300018310547,159.3300018310547,0.0,0.0
2017-05-11,159.24000549316406,159.24000549316406,0.0,0.0
2017-05-12,159.47999572753906,159.47999572753906,0.0,0.0
2017-05-15,159.3699951171875,159.3699951171875,0.0,0.0
2017-05-16,159.4600067138672,159.4600067138672,0.0,0.0
2017-05-17,159.86000061035156,159.86000061035156,0.0,0.0
2017-05-18,160.0500030517578,160.0500030517578,0.0,0.0
2017-05-19,160.0500030517578,160.0500030517578,0.0,0.0
2017-05-22,159.83999633789062,159.83999633789062,0.0,0.0
2017-05-23,159.83999633789062,159.83999633789062,0.0,0.0
2017-05-24,159.88999938964844,159.88999938964844,0.0,0.0
2017-05-25,160.08999633789062,160.08999633789062,0.0,0.0
2017-05-26,160.27000427246094,160.27000427246094,0.0,0.0
2017-05-29,160.33999633789062,160.33999633789062,0.0,0.0
2017-05-30,160.3000030517578,160.3000030517578,0.0,0.0
2017-05-31,160.35000610351562,160.35000610351562,0.0,0.0
2017-06-01,160.22000122070312,160.22000122070312,0.0,0.0
2017-06-02,160.35000610351562,160.35000610351562,0.0,0.0
2017-06-05,160.2100067138672,160.2100067138672,0.0,0.0
2017-06-06,160.52000427246094,160.52000427246094,0.0,0.0
2017-06-07,160.41000366210938,160.41000366210938,0.0,0.0
2017-06-08,160.67999267578125,160.67999267578125,0.0,0.0
2017-06-09,160.85000610351562,160.85000610351562,0.0,0.0
2017-06-12,161.0,161.0,0.0,0.0
2017-06-13,161.02999877929688,161.02999877929688,0.0,0.0
2017-06-14,161.1300048828125,161.1300048828125,0.0,0.0
2017-06-15,160.6999969482422,160.6999969482422,0.0,0.0
2017-06-16,160.77000427246094,160.77000427246094,0.0,0.0
2017-06-19,160.8000030517578,160.8000030517578,0.0,0.0
2017-06-20,160.9499969482422,160.9499969482422,0.0,0.0
2017-06-21,160.97000122070312,160.97000122070312,0.0,0.0
2017-06-22,160.97000122070312,160.97000122070312,0.0,0.0
2017-06-23,160.89999389648438,160.89999389648438,0.0,0.0
2017-06-26,160.91000366210938,160.91000366210938,0.0,0.0
2017-06-27,160.07000732421875,160.07000732421875,0.0,0.0
2017-06-28,160.19000244140625,160.19000244140625,0.0,0.0
2017-06-29,159.52999877929688,159.52999877929688,0.0,0.0
2017-06-30,159.49000549316406,159.49000549316406,0.0,0.0
2017-07-03,159.55999755859375,159.55999755859375,0.0,0.0
2017-07-04,159.63999938964844,159.63999938964844,0.0,0.0
2017-07-05,159.52999877929688,159.52999877929688,0.0,0.0
2017-07-06,158.74000549316406,158.74000549316406,0.0,0.0
2017-07-07,158.6699981689453,158.6699981689453,0.0,0.0
2017-07-10,158.9199981689453,158.9199981689453,0.0,0.0
2017-07-11,158.74000549316406,158.74000549316406,0.0,0.0
2017-07-12,159.0800018310547,159.0800018310547,0.0,0.0
2017-07-13,158.88999938964844,158.88999938964844,0.0,0.0
2017-07-14,158.91000366210938,158.91000366210938,0.0,0.0
2017-07-17,159.1199951171875,159.1199951171875,0.0,0.0
2017-07-18,159.32000732421875,159.32000732421875,0.0,0.0
2017-07-19,159.41000366210938,159.41000366210938,0.0,0.0
2017-07-20,159.6300048828125,159.6300048828125,0.0,0.0
2017-07-21,159.80999755859375,159.80999755859375,0.0,0.0
2017-07-24,159.85000610351562,159.85000610351562,0.0,0.0
2017-07-25,159.42999267578125,159.42999267578125,0.0,0.0
2017-07-26,159.55999755859375,159.55999755859375,0.0,0.0
2017-07-27,159.8000030517578,159.8000030517578,0.0,0.0
2017-07-28,159.6999969482422,159.6999969482422,0.0,0.0
2017-07-31,159.7899932861328,159.7899932861328,0.0,0.0
2017-08-01,160.14999389648438,160.14999389648438,0.0,0.0
2017-08-02,160.17999267578125,160.17999267578125,0.0,0.0
2017-08-03,160.32000732421875,160.32000732421875,0.0,0.0
2017-08-04,160.1199951171875,160.1199951171875,0.0,0.0
2017-08-07,160.27000427246094,160.27000427246094,0.0,0.0
2017-08-08,160.14999389648438,160.14999389648438,0.0,0.0
2017-08-09,160.38999938964844,160.38999938964844,0.0,0.0
2017-08-10,160.39999389648438,160.39999389648438,0.0,0.0
2017-08-11,160.55999755859375,160.55999755859375,0.0,0.0
2017-08-14,160.5500030517578,160.5500030517578,0.0,0.0
2017-08-16,160.32000732421875,160.32000732421875,0.0,0.0
2017-08-17,160.42999267578125,160.42999267578125,0.0,0.0
2017-08-18,160.50999450683594,160.50999450683594,0.0,0.0
2017-08-21,160.5500030517578,160.5500030517578,0.0,0.0
2017-08-22,160.44000244140625,160.44000244140625,0.0,0.0
2017-08-23,160.50999450683594,160.50999450683594,0.0,0.0
2017-08-24,160.55999755859375,160.55999755859375,0.0,0.0
2017-08-25,160.49000549316406,160.49000549316406,0.0,0.0
2017-08-28,160.6199951171875,160.6199951171875,0.0,0.0
2017-08-29,160.80999755859375,160.80999755859375,0.0,0.0
2017-08-30,160.67999267578125,160.67999267578125,0.0,0.0
2017-08-31,160.80999755859375,160.80999755859375,0.0,0.0
2017-09-01,160.77999877929688,160.77999877929688,0.0,0.0
2017-09-04,160.89999389648438,160.89999389648438,0.0,0.0
2017-09-05,161.1699981689453,161.1699981689453,0.0,0.0
2017-09-06,160.9499969482422,160.9499969482422,0.0,0.0
2017-09-07,161.47000122070312,161.47000122070312,0.0,0.0
2017-09-08,161.24000549316406,161.24000549316406,0.0,0.0
2017-09-11,161.13999938964844,161.13999938964844,0.0,0.0
2017-09-12,160.7100067138672,160.7100067138672,0.0,0.0
2017-09-13,160.66000366210938,160.66000366210938,0.0,0.0
2017-09-14,160.5399932861328,160.5399932861328,0.0,0.0
2017-09-15,160.38999938964844,160.38999938964844,0.0,0.0
2017-09-18,160.3699951171875,160.3699951171875,0.0,0.0
2017-09-19,160.4600067138672,160.4600067138672,0.0,0.0
2017-09-20,160.47999572753906,160.47999572753906,0.0,0.0
2017-09-21,160.3300018310547,160.3300018310547,0.0,0.0
2017-09-22,160.3000030517578,160.3000030517578,0.0,0.0
2017-09-25,160.57000732421875,160.57000732421875,0.0,0.0
2017-09-26,160.5800018310547,160.5800018310547,0.0,0.0
2017-09-27,160.2899932861328,160.2899932861328,0.0,0.0
2017-09-28,160.35000610351562,160.35000610351562,0.0,0.0
2017-09-29,160.38999938964844,160.38999938964844,0.0,0.0
2017-10-02,160.35000610351562,160.35000610351562,0.0,0.0
2017-10-03,160.19000244140625,160.19000244140625,0.0,0.0
2017-10-04,160.05999755859375,160.05999755859375,0.0,0.0
2017-10-05,160.19000244140625,160.19000244140625,0.0,0.0
2017-10-06,160.1699981689453,160.1699981689453,0.0,0.0
2017-10-09,160.30999755859375,160.30999755859375,0.0,0.0
2017-10-10,160.24000549316406,160.24000549316406,0.0,0.0
2017-10-11,160.27000427246094,160.27000427246094,0.0,0.0
2017-10-12,160.47000122070312,160.47000122070312,0.0,0.0
2017-10-13,160.80999755859375,160.80999755859375,0.0,0.0
2017-10-16,161.00999450683594,161.00999450683594,0.0,0.0
2017-10-17,161.1300048828125,161.1300048828125,0.0,0.0
2017-10-18,160.83999633789062,160.83999633789062,0.0,0.0
2017-10-19,160.91000366210938,160.91000366210938,0.0,0.0
2017-10-20,160.61000061035156,160.61000061035156,0.0,0.0
2017-10-23,160.80999755859375,160.80999755859375,0.0,0.0
2017-10-24,160.50999450683594,160.50999450683594,0.0,0.0
2017-10-25,160.52000427246094,160.52000427246094,0.0,0.0
2017-10-26,160.97000122070312,160.97000122070312,0.0,0.0
2017-10-27,161.2899932861328,161.2899932861328,0.0,0.0
2017-10-30,161.5500030517578,161.5500030517578,0.0,0.0
2017-10-31,161.60000610351562,161.60000610351562,0.0,0.0
2017-11-01,161.61000061035156,161.61000061035156,0.0,0.0
2017-11-02,161.61000061035156,161.61000061035156,0.0,0.0
2017-11-03,161.67999267578125,161.67999267578125,0.0,0.0
2017-11-06,161.83999633789062,161.83999633789062,0.0,0.0
2017-11-07,162.16000366210938,162.16000366210938,0.0,0.0
2017-11-08,162.0,162.0,0.0,0.0
2017-11-09,161.52000427246094,161.52000427246094,0.0,0.0
2017-11-10,161.30999755859375,161.30999755859375,0.0,0.0
2017-11-13,161.3699951171875,161.3699951171875,0.0,0.0
2017-11-14,161.52000427246094,161.52000427246094,0.0,0.0
2017-11-15,161.58999633789062,161.58999633789062,0.0,0.0
2017-11-16,161.55999755859375,161.55999755859375,0.0,0.0
2017-11-17,161.6199951171875,161.6199951171875,0.0,0.0
2017-11-20,161.6699981689453,161.6699981689453,0.0,0.0
2017-11-21,161.8800048828125,161.8800048828125,0.0,0.0
2017-11-22,161.83999633789062,161.83999633789062,0.0,0.0
2017-11-23,161.72999572753906,161.72999572753906,0.0,0.0
2017-11-24,161.55999755859375,161.55999755859375,0.0,0.0
2017-11-27,161.75,161.75,0.0,0.0
2017-11-28,161.80999755859375,161.80999755859375,0.0,0.0
2017-11-29,161.52999877929688,161.52999877929688,0.0,0.0
2017-11-30,161.77999877929688,161.77999877929688,0.0,0.0
2017-12-01,162.22000122070312,162.22000122070312,0.0,0.0
2017-12-04,162.0399932861328,162.0399932861328,0.0,0.0
2017-12-05,162.16000366210938,162.16000366210938,0.0,0.0
2017-12-06,162.27999877929688,162.27999877929688,0.0,0.0
2017-12-07,162.4499969482422,162.4499969482422,0.0,0.0
2017-12-08,162.4199981689453,162.4199981689453,0.0,0.0
2017-12-11,162.36000061035156,162.36000061035156,0.0,0.0
2017-12-12,162.1300048828125,162.1300048828125,0.0,0.0
2017-12-13,161.91000366210938,161.91000366210938,0.0,0.0
2017-12-14,161.94000244140625,161.94000244140625,0.0,0.0
2017-12-15,161.91000366210938,161.91000366210938,0.0,0.0
2017-12-18,161.97999572753906,161.97999572753906,0.0,0.0
2017-12-19,161.42999267578125,161.42999267578125,0.0,0.0
2017-12-20,161.1999969482422,161.1999969482422,0.0,0.0
2017-12-21,161.1999969482422,161.1999969482422,0.0,0.0
2017-12-22,161.1699981689453,161.1699981689453,0.0,0.0
2017-12-27,161.24000549316406,161.24000549316406,0.0,0.0
2017-12-28,160.85000610351562,160.85000610351562,0.0,0.0
2017-12-29,160.7100067138672,160.7100067138672,0.0,0.0
2018-01-02,160.38999938964844,160.38999938964844,0.0,0.0
2018-01-03,160.52000427246094,160.52000427246094,0.0,0.0
2018-01-04,160.72000122070312,160.72000122070312,0.0,0.0
2018-01-05,160.77000427246094,160.77000427246094,0.0,0.0
2018-01-08,160.89999389648438,160.89999389648438,0.0,0.0
2018-01-09,160.64999389648438,160.64999389648438,0.0,0.0
2018-01-10,160.52999877929688,160.52999877929688,0.0,0.0
2018-01-11,160.07000732421875,160.07000732421875,0.0,0.0
2018-01-12,160.22000122070312,160.22000122070312,0.0,0.0
2018-01-15,160.1699981689453,160.1699981689453,0.0,0.0
2018-01-16,160.30999755859375,160.30999755859375,0.0,0.0
2018-01-17,160.2899932861328,160.2899932861328,0.0,0.0
2018-01-18,160.32000732421875,160.32000732421875,0.0,0.0
2018-01-19,160.4499969482422,160.4499969482422,0.0,0.0
2018-01-22,160.5399932861328,160.5399932861328,0.0,0.0
2018-01-23,160.5800018310547,160.5800018310547,0.0,0.0
2018-01-24,160.4199981689453,160.4199981689453,0.0,0.0
2018-01-25,160.10000610351562,160.10000610351562,0.0,0.0
2018-01-26,159.75,159.75,0.0,0.0
2018-01-29,159.47999572753906,159.47999572753906,0.0,0.0
2018-01-30,159.5,159.5,0.0,0.0
2018-01-31,159.4199981689453,159.4199981689453,0.0,0.0
2018-02-01,159.61000061035156,159.61000061035156,0.0,0.0
2018-02-02,159.27999877929688,159.27999877929688,0.0,0.0
2018-02-05,159.41000366210938,159.41000366210938,0.0,0.0
2018-02-06,159.72999572753906,159.72999572753906,0.0,0.0
2018-02-07,159.6699981689453,159.6699981689453,0.0,0.0
2018-02-08,159.47000122070312,159.47000122070312,0.0,0.0
2018-02-09,159.3800048828125,159.3800048828125,0.0,0.0
2018-02-12,159.42999267578125,159.42999267578125,0.0,0.0
2018-02-13,159.25,159.25,0.0,0.0
2018-02-14,159.27000427246094,159.27000427246094,0.0,0.0
2018-02-15,159.1999969482422,159.1999969482422,0.0,0.0
2018-02-16,159.60000610351562,159.60000610351562,0.0,0.0
2018-02-19,159.30999755859375,159.30999755859375,0.0,0.0
2018-02-20,159.25,159.25,0.0,0.0
2018-02-21,159.3300018310547,159.3300018310547,0.0,0.0
2018-02-22,159.32000732421875,159.32000732421875,0.0,0.0
2018-02-23,159.52000427246094,159.52000427246094,0.0,0.0
2018-02-26,159.63999938964844,159.63999938964844,0.0,0.0
2018-02-27,159.52999877929688,159.52999877929688,0.0,0.0
2018-02-28,159.7100067138672,159.7100067138672,0.0,0.0
2018-03-01,159.89999389648438,159.89999389648438,0.0,0.0
2018-03-02,159.85000610351562,159.85000610351562,0.0,0.0
2018-03-05,159.8699951171875,159.8699951171875,0.0,0.0
2018-03-06,159.72999572753906,159.72999572753906,0.0,0.0
2018-03-07,159.9199981689453,159.9199981689453,0.0,0.0
2018-03-08,160.17999267578125,160.17999267578125,0.0,0.0
2018-03-09,160.0399932861328,160.0399932861328,0.0,0.0
2018-03-12,160.2100067138672,160.2100067138672,0.0,0.0
2018-03-13,160.25999450683594,160.25999450683594,0.0,0.0
2018-03-14,160.25999450683594,160.25999450683594,0.0,0.0
2018-03-15,160.4199981689453,160.4199981689453,0.0,0.0
2018-03-16,160.49000549316406,160.49000549316406,0.0,0.0
2018-03-19,160.60000610351562,160.60000610351562,0.0,0.0
2018-03-20,160.69000244140625,160.69000244140625,0.0,0.0
2018-03-21,160.5800018310547,160.5800018310547,0.0,0.0
2018-03-22,161.00999450683594,161.00999450683594,0.0,0.0
2018-03-23,161.05999755859375,161.05999755859375,0.0,0.0
2018-03-26,160.99000549316406,160.99000549316406,0.0,0.0
2018-03-27,161.27000427246094,161.27000427246094,0.0,0.0
2018-03-28,161.4199981689453,161.4199981689453,0.0,0.0
2018-03-29,161.6699981689453,161.6699981689453,0.0,0.0
2018-04-03,161.57000732421875,161.57000732421875,0.0,0.0
2018-04-04,161.72999572753906,161.72999572753906,0.0,0.0
2018-04-05,161.5,161.5,0.0,0.0
2018-04-06,161.57000732421875,161.57000732421875,0.0,0.0
2018-04-09,161.5399932861328,161.5399932861328,0.0,0.0
2018-04-10,161.3699951171875,161.3699951171875,0.0,0.0
2018-04-11,161.44000244140625,161.44000244140625,0.0,0.0
2018-04-12,161.38999938964844,161.38999938964844,0.0,0.0
2018-04-13,161.42999267578125,161.42999267578125,0.0,0.0
2018-04-16,161.3300018310547,161.3300018310547,0.0,0.0
2018-04-17,161.5399932861328,161.5399932861328,0.0,0.0
2018-04-18,161.55999755859375,161.55999755859375,0.0,0.0
2018-04-19,161.1199951171875,161.1199951171875,0.0,0.0
2018-04-20,161.22000122070312,161.22000122070312,0.0,0.0
2018-04-23,161.02000427246094,161.02000427246094,0.0,0.0
2018-04-24,161.07000732421875,161.07000732421875,0.0,0.0
2018-04-25,161.00999450683594,161.00999450683594,0.0,0.0
2018-04-26,161.27000427246094,161.27000427246094,0.0,0.0
2018-04-27,161.4199981689453,161.4199981689453,0.0,0.0
2018-04-30,161.36000061035156,161.36000061035156,0.0,0.0
2018-05-02,161.32000732421875,161.32000732421875,0.0,0.0
2018-05-03,161.63999938964844,161.63999938964844,0.0,0.0
2018-05-04,161.41000366210938,161.41000366210938,0.0,0.0
2018-05-07,161.57000732421875,161.57000732421875,0.0,0.0
2018-05-08,161.17999267578125,161.17999267578125,0.0,0.0
2018-05-09,161.19000244140625,161.19000244140625,0.0,0.0
2018-05-10,161.0500030517578,161.0500030517578,0.0,0.0
2018-05-11,161.17999267578125,161.17999267578125,0.0,0.0
2018-05-14,160.8300018310547,160.8300018310547,0.0,0.0
2018-05-15,160.60000610351562,160.60000610351562,0.0,0.0
2018-05-16,160.2899932861328,160.2899932861328,0.0,0.0
2018-05-17,160.24000549316406,160.24000549316406,0.0,0.0
2018-05-18,160.16000366210938,160.16000366210938,0.0,0.0
2018-05-21,159.75999450683594,159.75999450683594,0.0,0.0
2018-05-22,159.92999267578125,159.92999267578125,0.0,0.0
2018-05-23,159.9600067138672,159.9600067138672,0.0,0.0
2018-05-24,160.19000244140625,160.19000244140625,0.0,0.0
2018-05-25,159.9499969482422,159.9499969482422,0.0,0.0
2018-05-28,159.3800048828125,159.3800048828125,0.0,0.0
2018-05-29,157.0,157.0,0.0,0.0
2018-05-30,157.64999389648438,157.64999389648438,0.0,0.0
2018-05-31,158.7899932861328,158.7899932861328,0.0,0.0
2018-06-01,158.9499969482422,158.9499969482422,0.0,0.0
2018-06-04,159.58999633789062,159.58999633789062,0.0,0.0
2018-06-05,159.27999877929688,159.27999877929688,0.0,0.0
2018-06-06,158.0800018310547,158.0800018310547,0.0,0.0
2018-06-07,157.7899932861328,157.7899932861328,0.0,0.0
2018-06-08,157.5399932861328,157.5399932861328,0.0,0.0
2018-06-11,158.35000610351562,158.35000610351562,0.0,0.0
2018-06-12,158.41000366210938,158.41000366210938,0.0,0.0
2018-06-13,158.7100067138672,158.7100067138672,0.0,0.0
2018-06-14,159.3000030517578,159.3000030517578,0.0,0.0
2018-06-15,159.92999267578125,159.92999267578125,0.0,0.0
2018-06-18,160.3000030517578,160.3000030517578,0.0,0.0
2018-06-19,160.3800048828125,160.3800048828125,0.0,0.0
2018-06-20,160.4199981689453,160.4199981689453,0.0,0.0
2018-06-21,159.7899932861328,159.7899932861328,0.0,0.0
2018-06-22,159.72999572753906,159.72999572753906,0.0,0.0
2018-06-25,159.3800048828125,159.3800048828125,0.0,0.0
2018-06-26,159.11000061035156,159.11000061035156,0.0,0.0
2018-06-27,159.4199981689453,159.4199981689453,0.0,0.0
2018-06-28,159.58999633789062,159.58999633789062,0.0,0.0
2018-06-29,159.97000122070312,159.97000122070312,0.0,0.0
2018-07-02,160.16000366210938,160.16000366210938,0.0,0.0
2018-07-03,160.19000244140625,160.19000244140625,0.0,0.0
2018-07-04,160.13999938964844,160.13999938964844,0.0,0.0
2018-07-05,159.8000030517578,159.8000030517578,0.0,0.0
2018-07-06,159.86000061035156,159.86000061035156,0.0,0.0
2018-07-09,159.91000366210938,159.91000366210938,0.0,0.0
2018-07-10,159.8300018310547,159.8300018310547,0.0,0.0
2018-07-11,159.80999755859375,159.80999755859375,0.0,0.0
2018-07-12,160.05999755859375,160.05999755859375,0.0,0.0
2018-07-13,160.3000030517578,160.3000030517578,0.0,0.0
2018-07-16,160.17999267578125,160.17999267578125,0.0,0.0
2018-07-17,160.52000427246094,160.52000427246094,0.0,0.0
2018-07-18,160.47999572753906,160.47999572753906,0.0,0.0
2018-07-19,160.5800018310547,160.5800018310547,0.0,0.0
2018-07-20,160.22999572753906,160.22999572753906,0.0,0.0
2018-07-23,159.9499969482422,159.9499969482422,0.0,0.0
2018-07-24,159.9499969482422,159.9499969482422,0.0,0.0
2018-07-25,159.9499969482422,159.9499969482422,0.0,0.0
2018-07-26,159.8699951171875,159.8699951171875,0.0,0.0
2018-07-27,159.75999450683594,159.75999450683594,0.0,0.0
2018-07-30,159.39999389648438,159.39999389648438,0.0,0.0
2018-07-31,159.50999450683594,159.50999450683594,0.0,0.0
2018-08-01,159.2100067138672,159.2100067138672,0.0,0.0
2018-08-02,158.9499969482422,158.9499969482422,0.0,0.0
2018-08-03,159.0399932861328,159.0399932861328,0.0,0.0
2018-08-06,159.2100067138672,159.2100067138672,0.0,0.0
2018-08-07,159.25,159.25,0.0,0.0
2018-08-08,159.27999877929688,159.27999877929688,0.0,0.0
2018-08-09,159.35000610351562,159.35000610351562,0.0,0.0
2018-08-10,159.3000030517578,159.3000030517578,0.0,0.0
2018-08-13,158.91000366210938,158.91000366210938,0.0,0.0
2018-08-14,158.9499969482422,158.9499969482422,0.0,0.0
2018-08-16,158.97999572753906,158.97999572753906,0.0,0.0
2018-08-17,158.97999572753906,158.97999572753906,0.0,0.0
2018-08-20,159.3000030517578,159.3000030517578,0.0,0.0
2018-08-21,159.41000366210938,159.41000366210938,0.0,0.0
2018-08-22,159.13999938964844,159.13999938964844,0.0,0.0
2018-08-23,159.08999633789062,159.08999633789062,0.0,0.0
2018-08-24,158.85000610351562,158.85000610351562,0.0,0.0
2018-08-27,158.75,158.75,0.0,0.0
2018-08-28,158.52000427246094,158.52000427246094,0.0,0.0
2018-08-29,158.42999267578125,158.42999267578125,0.0,0.0
2018-08-30,158.5,158.5,0.0,0.0
2018-08-31,158.3300018310547,158.3300018310547,0.0,0.0
2018-09-03,158.52000427246094,158.52000427246094,0.0,0.0
2018-09-04,158.85000610351562,158.85000610351562,0.0,0.0
2018-09-05,158.9600067138672,158.9600067138672,0.0,0.0
2018-09-06,159.25,159.25,0.0,0.0
2018-09-07,159.1199951171875,159.1199951171875,0.0,0.0
2018-09-10,159.3800048828125,159.3800048828125,0.0,0.0
2018-09-11,159.27000427246094,159.27000427246094,0.0,0.0
2018-09-12,159.22999572753906,159.22999572753906,0.0,0.0
2018-09-13,159.24000549316406,159.24000549316406,0.0,0.0
2018-09-14,159.0399932861328,159.0399932861328,0.0,0.0
2018-09-17,159.22999572753906,159.22999572753906,0.0,0.0
2018-09-18,159.3300018310547,159.3300018310547,0.0,0.0
2018-09-19,159.10000610351562,159.10000610351562,0.0,0.0
2018-09-20,159.0500030517578,159.0500030517578,0.0,0.0
2018-09-21,159.24000549316406,159.24000549316406,0.0,0.0
2018-09-24,158.67999267578125,158.67999267578125,0.0,0.0
2018-09-25,158.72000122070312,158.72000122070312,0.0,0.0
2018-09-26,158.86000061035156,158.86000061035156,0.0,0.0
2018-09-27,158.72000122070312,158.72000122070312,0.0,0.0
2018-09-28,158.32000732421875,158.32000732421875,0.0,0.0
2018-10-01,157.75,157.75,0.0,0.0
2018-10-02,157.72000122070312,157.72000122070312,0.0,0.0
2018-10-03,157.85000610351562,157.85000610351562,0.0,0.0
2018-10-04,157.50999450683594,157.50999450683594,0.0,0.0
2018-10-05,157.16000366210938,157.16000366210938,0.0,0.0
2018-10-08,156.9199981689453,156.9199981689453,0.0,0.0
2018-10-09,157.0,157.0,0.0,0.0
2018-10-10,156.97000122070312,156.97000122070312,0.0,0.0
2018-10-11,156.86000061035156,156.86000061035156,0.0,0.0
2018-10-12,156.8300018310547,156.8300018310547,0.0,0.0
2018-10-15,156.85000610351562,156.85000610351562,0.0,0.0
2018-10-16,157.27999877929688,157.27999877929688,0.0,0.0
2018-10-17,157.25999450683594,157.25999450683594,0.0,0.0
2018-10-18,157.00999450683594,157.00999450683594,0.0,0.0
2018-10-19,157.08999633789062,157.08999633789062,0.0,0.0
2018-10-22,157.3699951171875,157.3699951171875,0.0,0.0
2018-10-23,157.41000366210938,157.41000366210938,0.0,0.0
2018-10-24,157.5500030517578,157.5500030517578,0.0,0.0
2018-10-25,157.77000427246094,157.77000427246094,0.0,0.0
2018-10-26,158.1699981689453,158.1699981689453,0.0,0.0
2018-10-29,158.44000244140625,158.44000244140625,0.0,0.0
2018-10-30,158.1199951171875,158.1199951171875,0.0,0.0
2018-10-31,158.22000122070312,158.22000122070312,0.0,0.0
2018-11-01,158.3000030517578,158.3000030517578,0.0,0.0
2018-11-02,158.3000030517578,158.3000030517578,0.0,0.0
2018-11-05,158.49000549316406,158.49000549316406,0.0,0.0
2018-11-06,158.1999969482422,158.1999969482422,0.0,0.0
2018-11-07,158.16000366210938,158.16000366210938,0.0,0.0
2018-11-08,158.02000427246094,158.02000427246094,0.0,0.0
2018-11-09,158.14999389648438,158.14999389648438,0.0,0.0
2018-11-12,158.14999389648438,158.14999389648438,0.0,0.0
2018-11-13,158.0399932861328,158.0399932861328,0.0,0.0
2018-11-14,157.9499969482422,157.9499969482422,0.0,0.0
2018-11-15,158.10000610351562,158.10000610351562,0.0,0.0
2018-11-16,158.02000427246094,158.02000427246094,0.0,0.0
2018-11-19,157.80999755859375,157.80999755859375,0.0,0.0
2018-11-20,157.86000061035156,157.86000061035156,0.0,0.0
2018-11-21,158.16000366210938,158.16000366210938,0.0,0.0
2018-11-22,158.41000366210938,158.41000366210938,0.0,0.0
2018-11-23,158.52000427246094,158.52000427246094,0.0,0.0
2018-11-26,158.7899932861328,158.7899932861328,0.0,0.0
2018-11-27,158.83999633789062,158.83999633789062,0.0,0.0
2018-11-28,158.9199981689453,158.9199981689453,0.0,0.0
2018-11-29,159.3000030517578,159.3000030517578,0.0,0.0
2018-11-30,159.2899932861328,159.2899932861328,0.0,0.0
2018-12-03,159.5800018310547,159.5800018310547,0.0,0.0
2018-12-04,159.77999877929688,159.77999877929688,0.0,0.0
2018-12-05,159.88999938964844,159.88999938964844,0.0,0.0
2018-12-06,159.77999877929688,159.77999877929688,0.0,0.0
2018-12-07,159.77999877929688,159.77999877929688,0.0,0.0
2018-12-10,159.77000427246094,159.77000427246094,0.0,0.0
2018-12-11,159.77999877929688,159.77999877929688,0.0,0.0
2018-12-12,159.85000610351562,159.85000610351562,0.0,0.0
2018-12-13,160.00999450683594,160.00999450683594,0.0,0.0
2018-12-14,160.1699981689453,160.1699981689453,0.0,0.0
2018-12-17,160.22000122070312,160.22000122070312,0.0,0.0
2018-12-18,160.32000732421875,160.32000732421875,0.0,0.0
2018-12-19,160.5800018310547,160.5800018310547,0.0,0.0
2018-12-20,160.8000030517578,160.8000030517578,0.0,0.0
2018-12-21,160.60000610351562,160.60000610351562,0.0,0.0
2018-12-27,160.80999755859375,160.80999755859375,0.0,0.0
2018-12-28,160.6699981689453,160.6699981689453,0.0,0.0
2019-01-02,160.99000549316406,160.99000549316406,0.0,0.0
2019-01-03,160.6999969482422,160.6999969482422,0.0,0.0
2019-01-04,160.5399932861328,160.5399932861328,0.0,0.0
2019-01-07,160.33999633789062,160.33999633789062,0.0,0.0
2019-01-08,160.17999267578125,160.17999267578125,0.0,0.0
2019-01-09,160.41000366210938,160.41000366210938,0.0,0.0
2019-01-10,160.6199951171875,160.6199951171875,0.0,0.0
2019-01-11,160.75,160.75,0.0,0.0
2019-01-14,160.97999572753906,160.97999572753906,0.0,0.0
2019-01-15,161.1999969482422,161.1999969482422,0.0,0.0
2019-01-16,161.38999938964844,161.38999938964844,0.0,0.0
2019-01-17,161.3699951171875,161.3699951171875,0.0,0.0
2019-01-18,161.38999938964844,161.38999938964844,0.0,0.0
2019-01-21,161.25999450683594,161.25999450683594,0.0,0.0
2019-01-22,161.3800048828125,161.3800048828125,0.0,0.0
2019-01-23,161.47000122070312,161.47000122070312,0.0,0.0
2019-01-24,161.9199981689453,161.9199981689453,0.0,0.0
2019-01-25,161.88999938964844,161.88999938964844,0.0,0.0
2019-01-28,161.85000610351562,161.85000610351562,0.0,0.0
2019-01-29,161.8800048828125,161.8800048828125,0.0,0.0
2019-01-30,161.8800048828125,161.8800048828125,0.0,0.0
2019-01-31,162.0800018310547,162.0800018310547,0.0,0.0
2019-02-01,161.77000427246094,161.77000427246094,0.0,0.0
2019-02-04,161.63999938964844,161.63999938964844,0.0,0.0
2019-02-05,161.57000732421875,161.57000732421875,0.0,0.0
2019-02-06,161.47999572753906,161.47999572753906,0.0,0.0
2019-02-07,161.47000122070312,161.47000122070312,0.0,0.0
2019-02-08,161.36000061035156,161.36000061035156,0.0,0.0
2019-02-11,161.47999572753906,161.47999572753906,0.0,0.0
2019-02-12,161.52999877929688,161.52999877929688,0.0,0.0
2019-02-13,161.7100067138672,161.7100067138672,0.0,0.0
2019-02-14,161.75,161.75,0.0,0.0
2019-02-15,161.77000427246094,161.77000427246094,0.0,0.0
2019-02-18,161.9199981689453,161.9199981689453,0.0,0.0
2019-02-19,161.92999267578125,161.92999267578125,0.0,0.0
2019-02-20,161.7899932861328,161.7899932861328,0.0,0.0
2019-02-21,161.7100067138672,161.7100067138672,0.0,0.0
2019-02-22,161.7899932861328,161.7899932861328,0.0,0.0
2019-02-25,161.97999572753906,161.97999572753906,0.0,0.0
2019-02-26,162.1699981689453,162.1699981689453,0.0,0.0
2019-02-27,161.80999755859375,161.80999755859375,0.0,0.0
2019-02-28,161.74000549316406,161.74000549316406,0.0,0.0
2019-03-01,161.74000549316406,161.74000549316406,0.0,0.0
2019-03-04,161.86000061035156,161.86000061035156,0.0,0.0
2019-03-05,161.94000244140625,161.94000244140625,0.0,0.0
2019-03-06,162.36000061035156,162.36000061035156,0.0,0.0
2019-03-07,163.11000061035156,163.11000061035156,0.0,0.0
2019-03-08,162.97999572753906,162.97999572753906,0.0,0.0
2019-03-11,162.83999633789062,162.83999633789062,0.0,0.0
2019-03-12,162.7899932861328,162.7899932861328,0.0,0.0
2019-03-13,162.74000549316406,162.74000549316406,0.0,0.0
2019-03-14,162.8699951171875,162.8699951171875,0.0,0.0
2019-03-15,162.8699951171875,162.8699951171875,0.0,0.0
2019-03-18,163.1300048828125,163.1300048828125,0.0,0.0
2019-03-19,162.8800048828125,162.8800048828125,0.0,0.0
2019-03-20,162.85000610351562,162.85000610351562,0.0,0.0
2019-03-21,163.25999450683594,163.25999450683594,0.0,0.0
2019-03-22,163.47000122070312,163.47000122070312,0.0,0.0
2019-03-25,163.27000427246094,163.27000427246094,0.0,0.0
2019-03-26,163.30999755859375,163.30999755859375,0.0,0.0
2019-03-27,163.83999633789062,163.83999633789062,0.0,0.0
2019-03-28,163.57000732421875,163.57000732421875,0.0,0.0
2019-03-29,163.57000732421875,163.57000732421875,0.0,0.0
2019-04-01,163.32000732421875,163.32000732421875,0.0,0.0
2019-04-02,163.39999389648438,163.39999389648438,0.0,0.0
2019-04-03,163.17999267578125,163.17999267578125,0.0,0.0
2019-04-04,163.3000030517578,163.3000030517578,0.0,0.0
2019-04-05,163.35000610351562,163.35000610351562,0.0,0.0
2019-04-08,163.35000610351562,163.35000610351562,0.0,0.0
2019-04-09,163.52000427246094,163.52000427246094,0.0,0.0
2019-04-10,163.75999450683594,163.75999450683594,0.0,0.0
2019-04-11,163.86000061035156,163.86000061035156,0.0,0.0
2019-04-12,163.52000427246094,163.52000427246094,0.0,0.0
2019-04-15,163.39999389648438,163.39999389648438,0.0,0.0
2019-04-16,163.3300018310547,163.3300018310547,0.0,0.0
2019-04-17,163.1699981689453,163.1699981689453,0.0,0.0
2019-04-18,163.4600067138672,163.4600067138672,0.0,0.0
2019-04-23,163.16000366210938,163.16000366210938,0.0,0.0
2019-04-24,163.5,163.5,0.0,0.0
2019-04-25,163.5,163.5,0.0,0.0
2019-04-26,163.6699981689453,163.6699981689453,0.0,0.0
2019-04-29,163.63999938964844,163.63999938964844,0.0,0.0
2019-04-30,163.72999572753906,163.72999572753906,0.0,0.0
2019-05-02,163.74000549316406,163.74000549316406,0.0,0.0
2019-05-03,163.86000061035156,163.86000061035156,0.0,0.0
2019-05-06,163.77000427246094,163.77000427246094,0.0,0.0
2019-05-07,163.92999267578125,163.92999267578125,0.0,0.0
2019-05-08,163.8699951171875,163.8699951171875,0.0,0.0
2019-05-09,163.66000366210938,163.66000366210938,0.0,0.0
2019-05-10,163.66000366210938,163.66000366210938,0.0,0.0
2019-05-13,163.67999267578125,163.67999267578125,0.0,0.0
2019-05-14,163.5800018310547,163.5800018310547,0.0,0.0
2019-05-15,163.6699981689453,163.6699981689453,0.0,0.0
2019-05-16,163.8699951171875,163.8699951171875,0.0,0.0
2019-05-17,163.99000549316406,163.99000549316406,0.0,0.0
2019-05-20,163.7899932861328,163.7899932861328,0.0,0.0
2019-05-21,163.83999633789062,163.83999633789062,0.0,0.0
2019-05-22,163.9499969482422,163.9499969482422,0.0,0.0
2019-05-23,164.11000061035156,164.11000061035156,0.0,0.0
2019-05-24,164.36000061035156,164.36000061035156,0.0,0.0
2019-05-27,164.27000427246094,164.27000427246094,0.0,0.0
2019-05-28,164.1999969482422,164.1999969482422,0.0,0.0
2019-05-29,164.4199981689453,164.4199981689453,0.0,0.0
2019-05-30,164.36000061035156,164.36000061035156,0.0,0.0
2019-05-31,164.5399932861328,164.5399932861328,0.0,0.0
2019-06-03,164.6999969482422,164.6999969482422,0.0,0.0
2019-06-04,164.97999572753906,164.97999572753906,0.0,0.0
2019-06-05,165.1699981689453,165.1699981689453,0.0,0.0
2019-06-06,165.25,165.25,0.0,0.0
2019-06-07,165.77000427246094,165.77000427246094,0.0,0.0
2019-06-10,165.49000549316406,165.49000549316406,0.0,0.0
2019-06-11,165.58999633789062,165.58999633789062,0.0,0.0
2019-06-12,165.39999389648438,165.39999389648438,0.0,0.0
2019-06-13,165.52000427246094,165.52000427246094,0.0,0.0
2019-06-14,165.8000030517578,165.8000030517578,0.0,0.0
2019-06-17,165.77000427246094,165.77000427246094,0.0,0.0
2019-06-18,166.8699951171875,166.8699951171875,0.0,0.0
2019-06-19,166.55999755859375,166.55999755859375,0.0,0.0
2019-06-20,166.6699981689453,166.6699981689453,0.0,0.0
2019-06-21,166.33999633789062,166.33999633789062,0.0,0.0
2019-06-24,166.49000549316406,166.49000549316406,0.0,0.0
2019-06-25,166.6300048828125,166.6300048828125,0.0,0.0
2019-06-26,166.50999450683594,166.50999450683594,0.0,0.0
2019-06-27,166.60000610351562,166.60000610351562,0.0,0.0
2019-06-28,166.7899932861328,166.7899932861328,0.0,0.0
2019-07-01,167.36000061035156,167.36000061035156,0.0,0.0
2019-07-02,167.66000366210938,167.66000366210938,0.0,0.0
2019-07-03,168.3000030517578,168.3000030517578,0.0,0.0
2019-07-04,168.19000244140625,168.19000244140625,0.0,0.0
2019-07-05,167.74000549316406,167.74000549316406,0.0,0.0
2019-07-08,167.60000610351562,167.60000610351562,0.0,0.0
2019-07-09,167.6199951171875,167.6199951171875,0.0,0.0
2019-07-10,167.44000244140625,167.44000244140625,0.0,0.0
2019-07-11,167.27000427246094,167.27000427246094,0.0,0.0
2019-07-12,166.9499969482422,166.9499969482422,0.0,0.0
2019-07-15,167.4600067138672,167.4600067138672,0.0,0.0
2019-07-16,167.61000061035156,167.61000061035156,0.0,0.0
2019-07-17,167.8800048828125,167.8800048828125,0.0,0.0
2019-07-18,168.1699981689453,168.1699981689453,0.0,0.0
2019-07-19,168.19000244140625,168.19000244140625,0.0,0.0
2019-07-22,168.13999938964844,168.13999938964844,0.0,0.0
2019-07-23,168.25,168.25,0.0,0.0
2019-07-24,168.66000366210938,168.66000366210938,0.0,0.0
2019-07-25,168.47000122070312,168.47000122070312,0.0,0.0
2019-07-26,168.41000366210938,168.41000366210938,0.0,0.0
2019-07-29,168.47999572753906,168.47999572753906,0.0,0.0
2019-07-30,168.4499969482422,168.4499969482422,0.0,0.0
2019-07-31,168.8000030517578,168.8000030517578,0.0,0.0
2019-08-01,168.75,168.75,0.0,0.0
2019-08-02,168.89999389648438,168.89999389648438,0.0,0.0
2019-08-05,168.9499969482422,168.9499969482422,0.0,0.0
2019-08-06,169.1999969482422,169.1999969482422,0.0,0.0
2019-08-07,169.7100067138672,169.7100067138672,0.0,0.0
2019-08-08,169.27999877929688,169.27999877929688,0.0,0.0
2019-08-09,168.5500030517578,168.5500030517578,0.0,0.0
2019-08-12,168.82000732421875,168.82000732421875,0.0,0.0
2019-08-13,169.16000366210938,169.16000366210938,0.0,0.0
2019-08-14,169.57000732421875,169.57000732421875,0.0,0.0
2019-08-16,169.9199981689453,169.9199981689453,0.0,0.0
2019-08-19,169.6199951171875,169.6199951171875,0.0,0.0
2019-08-20,170.02000427246094,170.02000427246094,0.0,0.0
2019-08-21,169.92999267578125,169.92999267578125,0.0,0.0
2019-08-22,169.69000244140625,169.69000244140625,0.0,0.0
2019-08-23,169.91000366210938,169.91000366210938,0.0,0.0
2019-08-26,169.8699951171875,169.8699951171875,0.0,0.0
2019-08-27,170.5,170.5,0.0,0.0
2019-08-28,170.8800048828125,170.8800048828125,0.0,0.0
2019-08-29,170.88999938964844,170.88999938964844,0.0,0.0
2019-08-30,170.8699951171875,170.8699951171875,0.0,0.0
2019-09-02,170.8800048828125,170.8800048828125,0.0,0.0
2019-09-03,171.07000732421875,171.07000732421875,0.0,0.0
2019-09-04,171.00999450683594,171.00999450683594,0.0,0.0
2019-09-05,170.4199981689453,170.4199981689453,0.0,0.0
2019-09-06,170.69000244140625,170.69000244140625,0.0,0.0
2019-09-09,170.33999633789062,170.33999633789062,0.0,0.0
2019-09-10,170.0,170.0,0.0,0.0
2019-09-11,170.17999267578125,170.17999267578125,0.0,0.0
2019-09-12,170.07000732421875,170.07000732421875,0.0,0.0
2019-09-13,169.49000549316406,169.49000549316406,0.0,0.0
2019-09-16,169.7100067138672,169.7100067138672,0.0,0.0
2019-09-17,169.47000122070312,169.47000122070312,0.0,0.0
2019-09-18,169.85000610351562,169.85000610351562,0.0,0.0
2019-09-19,169.66000366210938,169.66000366210938,0.0,0.0
2019-09-20,169.61000061035156,169.61000061035156,0.0,0.0
2019-09-23,170.16000366210938,170.16000366210938,0.0,0.0
2019-09-24,170.25999450683594,170.25999450683594,0.0,0.0
2019-09-25,170.13999938964844,170.13999938964844,0.0,0.0
2019-09-26,170.1699981689453,170.1699981689453,0.0,0.0
2019-09-27,170.3000030517578,170.3000030517578,0.0,0.0
2019-09-30,170.32000732421875,170.32000732421875,0.0,0.0
2019-10-01,170.22999572753906,170.22999572753906,0.0,0.0
2019-10-02,169.97999572753906,169.97999572753906,0.0,0.0
2019-10-03,170.30999755859375,170.30999755859375,0.0,0.0
2019-10-04,170.2899932861328,170.2899932861328,0.0,0.0
2019-10-07,170.1300048828125,170.1300048828125,0.0,0.0
2019-10-08,170.32000732421875,170.32000732421875,0.0,0.0
2019-10-09,170.02000427246094,170.02000427246094,0.0,0.0
2019-10-10,169.41000366210938,169.41000366210938,0.0,0.0
2019-10-11,169.27000427246094,169.27000427246094,0.0,0.0
2019-10-14,169.41000366210938,169.41000366210938,0.0,0.0
2019-10-15,169.27999877929688,169.27999877929688,0.0,0.0
2019-10-16,169.1199951171875,169.1199951171875,0.0,0.0
2019-10-17,169.1699981689453,169.1699981689453,0.0,0.0
2019-10-18,169.05999755859375,169.05999755859375,0.0,0.0
2019-10-21,168.7100067138672,168.7100067138672,0.0,0.0
2019-10-22,168.9499969482422,168.9499969482422,0.0,0.0
2019-10-23,169.0,169.0,0.0,0.0
2019-10-24,169.13999938964844,169.13999938964844,0.0,0.0
2019-10-25,168.88999938964844,168.88999938964844,0.0,0.0
2019-10-28,168.5,168.5,0.0,0.0
2019-10-29,168.63999938964844,168.63999938964844,0.0,0.0
2019-10-30,168.6199951171875,168.6199951171875,0.0,0.0
2019-10-31,169.0399932861328,169.0399932861328,0.0,0.0
2019-11-01,168.77999877929688,168.77999877929688,0.0,0.0
2019-11-04,168.61000061035156,168.61000061035156,0.0,0.0
2019-11-05,168.52000427246094,168.52000427246094,0.0,0.0
2019-11-06,168.50999450683594,168.50999450683594,0.0,0.0
2019-11-07,167.77999877929688,167.77999877929688,0.0,0.0
2019-11-08,167.75,167.75,0.0,0.0
2019-11-11,167.4600067138672,167.4600067138672,0.0,0.0
2019-11-12,167.49000549316406,167.49000549316406,0.0,0.0
2019-11-13,167.61000061035156,167.61000061035156,0.0,0.0
2019-11-14,167.47999572753906,167.47999572753906,0.0,0.0
2019-11-15,167.75,167.75,0.0,0.0
2019-11-18,167.83999633789062,167.83999633789062,0.0,0.0
2019-11-19,167.74000549316406,167.74000549316406,0.0,0.0
2019-11-20,167.8300018310547,167.8300018310547,0.0,0.0
2019-11-21,167.6999969482422,167.6999969482422,0.0,0.0
2019-11-22,167.9199981689453,167.9199981689453,0.0,0.0
2019-11-25,167.97000122070312,167.97000122070312,0.0,0.0
2019-11-26,168.05999755859375,168.05999755859375,0.0,0.0
2019-11-27,167.9199981689453,167.9199981689453,0.0,0.0
2019-11-28,167.82000732421875,167.82000732421875,0.0,0.0
2019-11-29,167.75,167.75,0.0,0.0
2019-12-02,167.13999938964844,167.13999938964844,0.0,0.0
2019-12-03,167.74000549316406,167.74000549316406,0.0,0.0
2019-12-04,167.61000061035156,167.61000061035156,0.0,0.0
2019-12-05,167.13999938964844,167.13999938964844,0.0,0.0
2019-12-06,167.2100067138672,167.2100067138672,0.0,0.0
2019-12-09,167.5,167.5,0.0,0.0
2019-12-10,167.57000732421875,167.57000732421875,0.0,0.0
2019-12-11,167.83999633789062,167.83999633789062,0.0,0.0
2019-12-12,167.5,167.5,0.0,0.0
2019-12-13,167.85000610351562,167.85000610351562,0.0,0.0
2019-12-16,167.6699981689453,167.6699981689453,0.0,0.0
2019-12-17,167.8000030517578,167.8000030517578,0.0,0.0
2019-12-18,167.49000549316406,167.49000549316406,0.0,0.0
2019-12-19,167.30999755859375,167.30999755859375,0.0,0.0
2019-12-20,167.2899932861328,167.2899932861328,0.0,0.0
2019-12-23,167.27000427246094,167.27000427246094,0.0,0.0
2019-12-27,167.52999877929688,167.52999877929688,0.0,0.0
2019-12-30,167.02999877929688,167.02999877929688,0.0,0.0
2020-01-02,167.22999572753906,167.22999572753906,0.0,0.0
2020-01-03,167.69000244140625,167.69000244140625,0.0,0.0
2020-01-06,167.6300048828125,167.6300048828125,0.0,0.0
2020-01-07,167.5500030517578,167.5500030517578,0.0,0.0
2020-01-08,167.38999938964844,167.38999938964844,0.0,0.0
2020-01-09,167.22999572753906,167.22999572753906,0.0,0.0
2020-01-10,167.35000610351562,167.35000610351562,0.0,0.0
2020-01-13,167.0399932861328,167.0399932861328,0.0,0.0
2020-01-14,167.07000732421875,167.07000732421875,0.0,0.0
2020-01-15,167.24000549316406,167.24000549316406,0.0,0.0
2020-01-16,167.11000061035156,167.11000061035156,0.0,0.0
2020-01-17,167.19000244140625,167.19000244140625,0.0,0.0
2020-01-20,167.24000549316406,167.24000549316406,0.0,0.0
2020-01-21,167.38999938964844,167.38999938964844,0.0,0.0
2020-01-22,167.47000122070312,167.47000122070312,0.0,0.0
2020-01-23,167.97000122070312,167.97000122070312,0.0,0.0
2020-01-24,168.11000061035156,168.11000061035156,0.0,0.0
2020-01-27,168.82000732421875,168.82000732421875,0.0,0.0
2020-01-28,168.67999267578125,168.67999267578125,0.0,0.0
2020-01-29,168.9199981689453,168.9199981689453,0.0,0.0
2020-01-30,169.16000366210938,169.16000366210938,0.0,0.0
2020-01-31,169.4199981689453,169.4199981689453,0.0,0.0
2020-02-03,169.2899932861328,169.2899932861328,0.0,0.0
2020-02-04,169.17999267578125,169.17999267578125,0.0,0.0
2020-02-05,168.97999572753906,168.97999572753906,0.0,0.0
2020-02-06,168.89999389648438,168.89999389648438,0.0,0.0
2020-02-07,169.0399932861328,169.0399932861328,0.0,0.0
2020-02-10,169.17999267578125,169.17999267578125,0.0,0.0
2020-02-11,169.1199951171875,169.1199951171875,0.0,0.0
2020-02-12,169.17999267578125,169.17999267578125,0.0,0.0
2020-02-13,169.32000732421875,169.32000732421875,0.0,0.0
2020-02-14,169.30999755859375,169.30999755859375,0.0,0.0
2020-02-17,169.35000610351562,169.35000610351562,0.0,0.0
2020-02-18,169.27000427246094,169.27000427246094,0.0,0.0
2020-02-19,169.27000427246094,169.27000427246094,0.0,0.0
2020-02-20,169.5,169.5,0.0,0.0
2020-02-21,169.42999267578125,169.42999267578125,0.0,0.0
2020-02-24,169.5,169.5,0.0,0.0
2020-02-25,169.55999755859375,169.55999755859375,0.0,0.0
2020-02-26,169.4499969482422,169.4499969482422,0.0,0.0
2020-02-27,169.27999877929688,169.27999877929688,0.0,0.0
2020-02-28,169.36000061035156,169.36000061035156,0.0,0.0
2020-03-02,169.38999938964844,169.38999938964844,0.0,0.0
2020-03-03,170.0399932861328,170.0399932861328,0.0,0.0
2020-03-04,170.0500030517578,170.0500030517578,0.0,0.0
2020-03-05,169.92999267578125,169.92999267578125,0.0,0.0
2020-03-06,169.9199981689453,169.9199981689453,0.0,0.0
2020-03-09,169.30999755859375,169.30999755859375,0.0,0.0
2020-03-10,168.77999877929688,168.77999877929688,0.0,0.0
2020-03-11,169.27000427246094,169.27000427246094,0.0,0.0
2020-03-12,167.10000610351562,167.10000610351562,0.0,0.0
2020-03-13,166.07000732421875,166.07000732421875,0.0,0.0
2020-03-16,163.8699951171875,163.8699951171875,0.0,0.0
2020-03-17,163.1999969482422,163.1999969482422,0.0,0.0
2020-03-18,162.30999755859375,162.30999755859375,0.0,0.0
2020-03-19,163.9600067138672,163.9600067138672,0.0,0.0
2020-03-20,165.36000061035156,165.36000061035156,0.0,0.0
2020-03-23,165.4199981689453,165.4199981689453,0.0,0.0
2020-03-24,164.60000610351562,164.60000610351562,0.0,0.0
2020-03-25,165.1999969482422,165.1999969482422,0.0,0.0
2020-03-26,166.7899932861328,166.7899932861328,0.0,0.0
2020-03-27,167.0500030517578,167.0500030517578,0.0,0.0
2020-03-30,167.11000061035156,167.11000061035156,0.0,0.0
2020-03-31,166.3300018310547,166.3300018310547,0.0,0.0
2020-04-01,166.24000549316406,166.24000549316406,0.0,0.0
2020-04-02,166.05999755859375,166.05999755859375,0.0,0.0
2020-04-03,165.8000030517578,165.8000030517578,0.0,0.0
2020-04-06,165.9600067138672,165.9600067138672,0.0,0.0
2020-04-07,165.1999969482422,165.1999969482422,0.0,0.0
2020-04-08,165.00999450683594,165.00999450683594,0.0,0.0
2020-04-09,165.5399932861328,165.5399932861328,0.0,0.0
2020-04-14,165.2100067138672,165.2100067138672,0.0,0.0
2020-04-15,164.91000366210938,164.91000366210938,0.0,0.0
2020-04-16,165.1699981689453,165.1699981689453,0.0,0.0
2020-04-17,165.33999633789062,165.33999633789062,0.0,0.0
2020-04-20,164.61000061035156,164.61000061035156,0.0,0.0
2020-04-21,164.13999938964844,164.13999938964844,0.0,0.0
2020-04-22,163.8699951171875,163.8699951171875,0.0,0.0
2020-04-23,164.4499969482422,164.4499969482422,0.0,0.0
2020-04-24,165.1199951171875,165.1199951171875,0.0,0.0
2020-04-27,165.3800048828125,165.3800048828125,0.0,0.0
2020-04-28,165.74000549316406,165.74000549316406,0.0,0.0
2020-04-29,165.97000122070312,165.97000122070312,0.0,0.0
2020-04-30,166.77999877929688,166.77999877929688,0.0,0.0
2020-05-04,166.58999633789062,166.58999633789062,0.0,0.0
2020-05-05,166.39999389648438,166.39999389648438,0.0,0.0
2020-05-06,165.7100067138672,165.7100067138672,0.0,0.0
2020-05-07,166.0800018310547,166.0800018310547,0.0,0.0
2020-05-08,166.39999389648438,166.39999389648438,0.0,0.0
2020-05-11,166.0800018310547,166.0800018310547,0.0,0.0
2020-05-12,166.08999633789062,166.08999633789062,0.0,0.0
2020-05-13,166.4600067138672,166.4600067138672,0.0,0.0
2020-05-14,166.3800048828125,166.3800048828125,0.0,0.0
2020-05-15,166.08999633789062,166.08999633789062,0.0,0.0
2020-05-18,166.27000427246094,166.27000427246094,0.0,0.0
2020-05-19,166.55999755859375,166.55999755859375,0.0,0.0
2020-05-20,166.69000244140625,166.69000244140625,0.0,0.0
2020-05-21,166.8300018310547,166.8300018310547,0.0,0.0
2020-05-22,166.7899932861328,166.7899932861328,0.0,0.0
2020-05-25,166.97999572753906,166.97999572753906,0.0,0.0
2020-05-26,166.7899932861328,166.7899932861328,0.0,0.0
2020-05-27,167.05999755859375,167.05999755859375,0.0,0.0
2020-05-28,167.39999389648438,167.39999389648438,0.0,0.0
2020-05-29,167.4600067138672,167.4600067138672,0.0,0.0
2020-06-01,167.3000030517578,167.3000030517578,0.0,0.0
2020-06-02,167.3699951171875,167.3699951171875,0.0,0.0
2020-06-03,166.92999267578125,166.92999267578125,0.0,0.0
2020-06-04,167.42999267578125,167.42999267578125,0.0,0.0
2020-06-05,167.3000030517578,167.3000030517578,0.0,0.0
2020-06-08,167.58999633789062,167.58999633789062,0.0,0.0
2020-06-09,167.25,167.25,0.0,0.0
2020-06-10,167.02999877929688,167.02999877929688,0.0,0.0
2020-06-11,167.55999755859375,167.55999755859375,0.0,0.0
2020-06-12,167.82000732421875,167.82000732421875,0.0,0.0
2020-06-15,167.9199981689453,167.9199981689453,0.0,0.0
2020-06-16,167.97999572753906,167.97999572753906,0.0,0.0
2020-06-17,167.97000122070312,167.97000122070312,0.0,0.0
2020-06-18,168.11000061035156,168.11000061035156,0.0,0.0
2020-06-19,168.24000549316406,168.24000549316406,0.0,0.0
2020-06-22,168.5800018310547,168.5800018310547,0.0,0.0
2020-06-23,168.41000366210938,168.41000366210938,0.0,0.0
2020-06-24,168.57000732421875,168.57000732421875,0.0,0.0
2020-06-25,168.66000366210938,168.66000366210938,0.0,0.0
2020-06-26,168.7100067138672,168.7100067138672,0.0,0.0
2020-06-29,168.69000244140625,168.69000244140625,0.0,0.0
2020-06-30,168.6999969482422,168.6999969482422,0.0,0.0
2020-07-01,168.27000427246094,168.27000427246094,0.0,0.0
2020-07-02,168.6199951171875,168.6199951171875,0.0,0.0
2020-07-03,168.5500030517578,168.5500030517578,0.0,0.0
2020-07-06,168.6699981689453,168.6699981689453,0.0,0.0
2020-07-07,168.6699981689453,168.6699981689453,0.0,0.0
2020-07-08,168.77999877929688,168.77999877929688,0.0,0.0
2020-07-09,168.85000610351562,168.85000610351562,0.0,0.0
2020-07-10,168.8300018310547,168.8300018310547,0.0,0.0
2020-07-13,168.4499969482422,168.4499969482422,0.0,0.0
2020-07-14,168.72000122070312,168.72000122070312,0.0,0.0
2020-07-15,168.75999450683594,168.75999450683594,0.0,0.0
2020-07-16,168.97000122070312,168.97000122070312,0.0,0.0
2020-07-17,168.85000610351562,168.85000610351562,0.0,0.0
2020-07-20,169.17999267578125,169.17999267578125,0.0,0.0
2020-07-21,169.22999572753906,169.22999572753906,0.0,0.0
2020-07-22,169.50999450683594,169.50999450683594,0.0,0.0
2020-07-23,169.52999877929688,169.52999877929688,0.0,0.0
2020-07-24,169.25,169.25,0.0,0.0
2020-07-27,169.4600067138672,169.4600067138672,0.0,0.0
2020-07-28,169.5,169.5,0.0,0.0
2020-07-29,169.49000549316406,169.49000549316406,0.0,0.0
2020-07-30,169.7899932861328,169.7899932861328,0.0,0.0
2020-07-31,169.64999389648438,169.64999389648438,0.0,0.0
2020-08-03,169.5800018310547,169.5800018310547,0.0,0.0
2020-08-04,169.88999938964844,169.88999938964844,0.0,0.0
2020-08-05,169.61000061035156,169.61000061035156,0.0,0.0
2020-08-06,169.8800048828125,169.8800048828125,0.0,0.0
2020-08-07,169.75999450683594,169.75999450683594,0.0,0.0
2020-08-10,169.9199981689453,169.9199981689453,0.0,0.0
2020-08-11,169.66000366210938,169.66000366210938,0.0,0.0
2020-08-12,169.5,169.5,0.0,0.0
2020-08-13,169.05999755859375,169.05999755859375,0.0,0.0
2020-08-14,169.1699981689453,169.1699981689453,0.0,0.0
2020-08-17,169.47999572753906,169.47999572753906,0.0,0.0
2020-08-18,169.5500030517578,169.5500030517578,0.0,0.0
2020-08-19,169.6999969482422,169.6999969482422,0.0,0.0
2020-08-20,169.77000427246094,169.77000427246094,0.0,0.0
2020-08-21,169.75,169.75,0.0,0.0
2020-08-24,169.64999389648438,169.64999389648438,0.0,0.0
2020-08-25,169.08999633789062,169.08999633789062,0.0,0.0
2020-08-26,169.08999633789062,169.08999633789062,0.0,0.0
2020-08-27,169.10000610351562,169.10000610351562,0.0,0.0
2020-08-28,169.17999267578125,169.17999267578125,0.0,0.0
2020-08-31,168.92999267578125,168.92999267578125,0.0,0.0
2020-09-01,169.19000244140625,169.19000244140625,0.0,0.0
2020-09-02,169.7100067138672,169.7100067138672,0.0,0.0
2020-09-03,169.77000427246094,169.77000427246094,0.0,0.0
2020-09-04,169.55999755859375,169.55999755859375,0.0,0.0
2020-09-07,169.4199981689453,169.4199981689453,0.0,0.0
2020-09-08,169.60000610351562,169.60000610351562,0.0,0.0
2020-09-09,169.47000122070312,169.47000122070312,0.0,0.0
2020-09-10,169.2899932861328,169.2899932861328,0.0,0.0
2020-09-11,169.63999938964844,169.63999938964844,0.0,0.0
2020-09-14,169.72999572753906,169.72999572753906,0.0,0.0
2020-09-15,169.8000030517578,169.8000030517578,0.0,0.0
2020-09-16,169.83999633789062,169.83999633789062,0.0,0.0
2020-09-17,169.99000549316406,169.99000549316406,0.0,0.0
2020-09-18,169.89999389648438,169.89999389648438,0.0,0.0
2020-09-21,170.17999267578125,170.17999267578125,0.0,0.0
2020-09-22,170.25,170.25,0.0,0.0
2020-09-23,170.22999572753906,170.22999572753906,0.0,0.0
2020-09-24,170.1300048828125,170.1300048828125,0.0,0.0
2020-09-25,170.16000366210938,170.16000366210938,0.0,0.0
2020-09-28,170.2100067138672,170.2100067138672,0.0,0.0
2020-09-29,170.3699951171875,170.3699951171875,0.0,0.0
2020-09-30,170.13999938964844,170.13999938964844,0.0,0.0
2020-10-01,170.3300018310547,170.3300018310547,0.0,0.0
2020-10-02,170.47000122070312,170.47000122070312,0.0,0.0
2020-10-05,170.2899932861328,170.2899932861328,0.0,0.0
2020-10-06,170.3800048828125,170.3800048828125,0.0,0.0
2020-10-07,170.30999755859375,170.30999755859375,0.0,0.0
2020-10-08,170.5500030517578,170.5500030517578,0.0,0.0
2020-10-09,170.77000427246094,170.77000427246094,0.0,0.0
2020-10-12,170.88999938964844,170.88999938964844,0.0,0.0
2020-10-13,170.9600067138672,170.9600067138672,0.0,0.0
2020-10-14,171.05999755859375,171.05999755859375,0.0,0.0
2020-10-15,171.08999633789062,171.08999633789062,0.0,0.0
2020-10-16,171.2899932861328,171.2899932861328,0.0,0.0
2020-10-19,171.1199951171875,171.1199951171875,0.0,0.0
2020-10-20,171.0,171.0,0.0,0.0
2020-10-21,170.85000610351562,170.85000610351562,0.0,0.0
2020-10-22,170.64999389648438,170.64999389648438,0.0,0.0
2020-10-23,170.77999877929688,170.77999877929688,0.0,0.0
2020-10-26,170.88999938964844,170.88999938964844,0.0,0.0
2020-10-27,171.10000610351562,171.10000610351562,0.0,0.0
2020-10-28,170.9499969482422,170.9499969482422,0.0,0.0
2020-10-29,171.2899932861328,171.2899932861328,0.0,0.0
2020-10-30,171.1699981689453,171.1699981689453,0.0,0.0
2020-11-02,171.3000030517578,171.3000030517578,0.0,0.0
2020-11-03,171.25999450683594,171.25999450683594,0.0,0.0
2020-11-04,171.4600067138672,171.4600067138672,0.0,0.0
2020-11-05,171.5,171.5,0.0,0.0
2020-11-06,171.39999389648438,171.39999389648438,0.0,0.0
2020-11-09,170.6300048828125,170.6300048828125,0.0,0.0
2020-11-10,170.5800018310547,170.5800018310547,0.0,0.0
2020-11-11,170.67999267578125,170.67999267578125,0.0,0.0
2020-11-12,170.91000366210938,170.91000366210938,0.0,0.0
2020-11-13,171.0800018310547,171.0800018310547,0.0,0.0
2020-11-16,171.11000061035156,171.11000061035156,0.0,0.0
2020-11-17,171.25999450683594,171.25999450683594,0.0,0.0
2020-11-18,171.2100067138672,171.2100067138672,0.0,0.0
2020-11-19,171.2899932861328,171.2899932861328,0.0,0.0
2020-11-20,171.44000244140625,171.44000244140625,0.0,0.0
2020-11-23,171.38999938964844,171.38999938964844,0.0,0.0
2020-11-24,171.33999633789062,171.33999633789062,0.0,0.0
2020-11-25,171.3699951171875,171.3699951171875,0.0,0.0
2020-11-26,171.42999267578125,171.42999267578125,0.0,0.0
2020-11-27,171.39999389648438,171.39999389648438,0.0,0.0
2020-11-30,171.2899932861328,171.2899932861328,0.0,0.0
2020-12-01,170.89999389648438,170.89999389648438,0.0,0.0
2020-12-02,170.99000549316406,170.99000549316406,0.0,0.0
2020-12-03,171.22000122070312,171.22000122070312,0.0,0.0
2020-12-04,171.1699981689453,171.1699981689453,0.0,0.0
2020-12-07,171.44000244140625,171.44000244140625,0.0,0.0
2020-12-08,171.6300048828125,171.6300048828125,0.0,0.0
2020-12-09,171.6699981689453,171.6699981689453,0.0,0.0
2020-12-10,171.67999267578125,171.67999267578125,0.0,0.0
2020-12-11,171.8800048828125,171.8800048828125,0.0,0.0
2020-12-14,171.80999755859375,171.80999755859375,0.0,0.0
2020-12-15,171.8300018310547,171.8300018310547,0.0,0.0
2020-12-16,171.52999877929688,171.52999877929688,0.0,0.0
2020-12-17,171.61000061035156,171.61000061035156,0.0,0.0
2020-12-18,171.5,171.5,0.0,0.0
2020-12-21,171.49000549316406,171.49000549316406,0.0,0.0
2020-12-22,171.52999877929688,171.52999877929688,0.0,0.0
2020-12-23,171.17999267578125,171.17999267578125,0.0,0.0
2020-12-28,171.39999389648438,171.39999389648438,0.0,0.0
2020-12-29,171.52999877929688,171.52999877929688,0.0,0.0
2020-12-30,171.47000122070312,171.47000122070312,0.0,0.0
2021-01-04,171.6199951171875,171.6199951171875,0.0,0.0
2021-01-05,171.47999572753906,171.47999572753906,0.0,0.0
2021-01-06,171.27999877929688,171.27999877929688,0.0,0.0
2021-01-07,171.3000030517578,171.3000030517578,0.0,0.0
2021-01-08,171.42999267578125,171.42999267578125,0.0,0.0
2021-01-11,171.16000366210938,171.16000366210938,0.0,0.0
2021-01-12,170.72000122070312,170.72000122070312,0.0,0.0
2021-01-13,171.14999389648438,171.14999389648438,0.0,0.0
2021-01-14,171.16000366210938,171.16000366210938,0.0,0.0
2021-01-15,171.19000244140625,171.19000244140625,0.0,0.0
2021-01-18,171.0,171.0,0.0,0.0
2021-01-19,171.16000366210938,171.16000366210938,0.0,0.0
2021-01-20,171.0399932861328,171.0399932861328,0.0,0.0
2021-01-21,170.69000244140625,170.69000244140625,0.0,0.0
2021-01-22,170.6199951171875,170.6199951171875,0.0,0.0
2021-01-25,171.00999450683594,171.00999450683594,0.0,0.0
2021-01-26,171.08999633789062,171.08999633789062,0.0,0.0
2021-01-27,171.14999389648438,171.14999389648438,0.0,0.0
2021-01-28,171.17999267578125,171.17999267578125,0.0,0.0
2021-01-29,171.25,171.25,0.0,0.0
2021-02-01,171.02999877929688,171.02999877929688,0.0,0.0
2021-02-02,170.77999877929688,170.77999877929688,0.0,0.0
2021-02-03,170.83999633789062,170.83999633789062,0.0,0.0
2021-02-04,170.85000610351562,170.85000610351562,0.0,0.0
2021-02-05,170.82000732421875,170.82000732421875,0.0,0.0
2021-02-08,170.8800048828125,170.8800048828125,0.0,0.0
2021-02-09,170.89999389648438,170.89999389648438,0.0,0.0
2021-02-10,170.8800048828125,170.8800048828125,0.0,0.0
2021-02-11,171.0399932861328,171.0399932861328,0.0,0.0
2021-02-12,170.77999877929688,170.77999877929688,0.0,0.0
2021-02-15,170.4600067138672,170.4600067138672,0.0,0.0
2021-02-16,170.22000122070312,170.22000122070312,0.0,0.0
2021-02-17,170.22999572753906,170.22999572753906,0.0,0.0
2021-02-18,169.8800048828125,169.8800048828125,0.0,0.0
2021-02-19,169.8699951171875,169.8699951171875,0.0,0.0
2021-02-22,170.0800018310547,170.0800018310547,0.0,0.0
2021-02-23,169.82000732421875,169.82000732421875,0.0,0.0
2021-02-24,169.63999938964844,169.63999938964844,0.0,0.0
2021-02-25,168.94000244140625,168.94000244140625,0.0,0.0
2021-02-26,169.24000549316406,169.24000549316406,0.0,0.0
2021-03-01,170.05999755859375,170.05999755859375,0.0,0.0
2021-03-02,170.02000427246094,170.02000427246094,0.0,0.0
2021-03-03,169.64999389648438,169.64999389648438,0.0,0.0
2021-03-04,169.75999450683594,169.75999450683594,0.0,0.0
2021-03-05,169.74000549316406,169.74000549316406,0.0,0.0
2021-03-08,169.57000732421875,169.57000732421875,0.0,0.0
2021-03-09,169.8000030517578,169.8000030517578,0.0,0.0
2021-03-10,169.8800048828125,169.8800048828125,0.0,0.0
2021-03-11,170.22000122070312,170.22000122070312,0.0,0.0
2021-03-12,169.99000549316406,169.99000549316406,0.0,0.0
2021-03-15,170.27999877929688,170.27999877929688,0.0,0.0
2021-03-16,170.22999572753906,170.22999572753906,0.0,0.0
2021-03-17,169.88999938964844,169.88999938964844,0.0,0.0
2021-03-18,169.83999633789062,169.83999633789062,0.0,0.0
2021-03-19,170.1199951171875,170.1199951171875,0.0,0.0
2021-03-22,170.17999267578125,170.17999267578125,0.0,0.0
2021-03-23,170.44000244140625,170.44000244140625,0.0,0.0
2021-03-24,170.5500030517578,170.5500030517578,0.0,0.0
2021-03-25,170.69000244140625,170.69000244140625,0.0,0.0
2021-03-26,170.50999450683594,170.50999450683594,0.0,0.0
2021-03-29,170.25999450683594,170.25999450683594,0.0,0.0
2021-03-30,169.8800048828125,169.8800048828125,0.0,0.0
2021-03-31,170.05999755859375,170.05999755859375,0.0,0.0
2021-04-01,170.3000030517578,170.3000030517578,0.0,0.0
2021-04-06,170.11000061035156,170.11000061035156,0.0,0.0
2021-04-07,170.05999755859375,170.05999755859375,0.0,0.0
2021-04-08,170.2100067138672,170.2100067138672,0.0,0.0
2021-04-09,169.8300018310547,169.8300018310547,0.0,0.0
2021-04-12,169.7899932861328,169.7899932861328,0.0,0.0
2021-04-13,169.7100067138672,169.7100067138672,0.0,0.0
2021-04-14,169.5,169.5,0.0,0.0
2021-04-15,169.77000427246094,169.77000427246094,0.0,0.0
2021-04-16,169.64999389648438,169.64999389648438,0.0,0.0
2021-04-19,169.41000366210938,169.41000366210938,0.0,0.0
2021-04-20,169.50999450683594,169.50999450683594,0.0,0.0
2021-04-21,169.5800018310547,169.5800018310547,0.0,0.0
2021-04-22,169.5500030517578,169.5500030517578,0.0,0.0
2021-04-23,169.5399932861328,169.5399932861328,0.0,0.0
2021-04-26,169.4600067138672,169.4600067138672,0.0,0.0
2021-04-27,169.4199981689453,169.4199981689453,0.0,0.0
2021-04-28,169.25,169.25,0.0,0.0
2021-04-29,168.97999572753906,168.97999572753906,0.0,0.0
2021-04-30,169.07000732421875,169.07000732421875,0.0,0.0
2021-05-03,169.1999969482422,169.1999969482422,0.0,0.0
2021-05-04,169.39999389648438,169.39999389648438,0.0,0.0
2021-05-05,169.27000427246094,169.27000427246094,0.0,0.0
2021-05-06,169.25,169.25,0.0,0.0
2021-05-07,169.02999877929688,169.02999877929688,0.0,0.0
2021-05-10,169.07000732421875,169.07000732421875,0.0,0.0
2021-05-11,168.63999938964844,168.63999938964844,0.0,0.0
2021-05-12,168.36000061035156,168.36000061035156,0.0,0.0
2021-05-13,168.13999938964844,168.13999938964844,0.0,0.0
2021-05-14,168.16000366210938,168.16000366210938,0.0,0.0
2021-05-17,167.97000122070312,167.97000122070312,0.0,0.0
2021-05-18,168.02999877929688,168.02999877929688,0.0,0.0
2021-05-19,167.9499969482422,167.9499969482422,0.0,0.0
2021-05-20,168.14999389648438,168.14999389648438,0.0,0.0
2021-05-21,168.38999938964844,168.38999938964844,0.0,0.0
2021-05-24,168.4600067138672,168.4600067138672,0.0,0.0
2021-05-25,168.80999755859375,168.80999755859375,0.0,0.0
2021-05-26,169.14999389648438,169.14999389648438,0.0,0.0
2021-05-27,168.91000366210938,168.91000366210938,0.0,0.0
2021-05-28,169.0800018310547,169.0800018310547,0.0,0.0
2021-05-31,169.00999450683594,169.00999450683594,0.0,0.0
2021-06-01,169.05999755859375,169.05999755859375,0.0,0.0
2021-06-02,169.2100067138672,169.2100067138672,0.0,0.0
2021-06-03,169.14999389648438,169.14999389648438,0.0,0.0
2021-06-04,169.35000610351562,169.35000610351562,0.0,0.0
2021-06-07,169.14999389648438,169.14999389648438,0.0,0.0
2021-06-08,169.38999938964844,169.38999938964844,0.0,0.0
2021-06-09,169.6300048828125,169.6300048828125,0.0,0.0
2021-06-10,169.69000244140625,169.69000244140625,0.0,0.0
2021-06-11,169.9499969482422,169.9499969482422,0.0,0.0
2021-06-14,169.72999572753906,169.72999572753906,0.0,0.0
2021-06-15,169.5800018310547,169.5800018310547,0.0,0.0
2021-06-16,169.74000549316406,169.74000549316406,0.0,0.0
2021-06-17,169.3800048828125,169.3800048828125,0.0,0.0
2021-06-18,169.24000549316406,169.24000549316406,0.0,0.0
2021-06-21,169.0399932861328,169.0399932861328,0.0,0.0
2021-06-22,168.97000122070312,168.97000122070312,0.0,0.0
2021-06-23,169.05999755859375,169.05999755859375,0.0,0.0
2021-06-24,169.1199951171875,169.1199951171875,0.0,0.0
2021-06-25,168.85000610351562,168.85000610351562,0.0,0.0
2021-06-28,169.07000732421875,169.07000732421875,0.0,0.0
2021-06-29,169.07000732421875,169.07000732421875,0.0,0.0
2021-06-30,169.35000610351562,169.35000610351562,0.0,0.0
2021-07-01,169.4499969482422,169.4499969482422,0.0,0.0
2021-07-02,169.74000549316406,169.74000549316406,0.0,0.0
2021-07-05,169.49000549316406,169.49000549316406,0.0,0.0
2021-07-06,169.97999572753906,169.97999572753906,0.0,0.0
2021-07-07,170.00999450683594,170.00999450683594,0.0,0.0
2021-07-08,170.07000732421875,170.07000732421875,0.0,0.0
2021-07-09,169.97999572753906,169.97999572753906,0.0,0.0
2021-07-12,170.0500030517578,170.0500030517578,0.0,0.0
2021-07-13,170.13999938964844,170.13999938964844,0.0,0.0
2021-07-14,170.24000549316406,170.24000549316406,0.0,0.0
2021-07-15,170.22000122070312,170.22000122070312,0.0,0.0
2021-07-16,170.4600067138672,170.4600067138672,0.0,0.0
2021-07-19,170.5,170.5,0.0,0.0
2021-07-20,170.6999969482422,170.6999969482422,0.0,0.0
2021-07-21,170.6300048828125,170.6300048828125,0.0,0.0
2021-07-22,170.92999267578125,170.92999267578125,0.0,0.0
2021-07-23,171.07000732421875,171.07000732421875,0.0,0.0
2021-07-26,170.97000122070312,170.97000122070312,0.0,0.0
2021-07-27,171.1199951171875,171.1199951171875,0.0,0.0
2021-07-28,171.14999389648438,171.14999389648438,0.0,0.0
2021-07-29,171.22000122070312,171.22000122070312,0.0,0.0
2021-07-30,171.27000427246094,171.27000427246094,0.0,0.0
2021-08-02,171.5,171.5,0.0,0.0
2021-08-03,171.49000549316406,171.49000549316406,0.0,0.0
2021-08-04,171.5800018310547,171.5800018310547,0.0,0.0
2021-08-05,171.6999969482422,171.6999969482422,0.0,0.0
2021-08-06,171.38999938964844,171.38999938964844,0.0,0.0
2021-08-09,171.3699951171875,171.3699951171875,0.0,0.0
2021-08-10,171.39999389648438,171.39999389648438,0.0,0.0
2021-08-11,171.3300018310547,171.3300018310547,0.0,0.0
2021-08-12,171.38999938964844,171.38999938964844,0.0,0.0
2021-08-13,171.38999938964844,171.38999938964844,0.0,0.0
2021-08-16,171.3800048828125,171.3800048828125,0.0,0.0
2021-08-17,171.27999877929688,171.27999877929688,0.0,0.0
2021-08-18,171.42999267578125,171.42999267578125,0.0,0.0
2021-08-19,171.47000122070312,171.47000122070312,0.0,0.0
2021-08-20,171.5500030517578,171.5500030517578,0.0,0.0
2021-08-23,171.3699951171875,171.3699951171875,0.0,0.0
2021-08-24,171.35000610351562,171.35000610351562,0.0,0.0
2021-08-25,170.8000030517578,170.8000030517578,0.0,0.0
2021-08-26,170.77999877929688,170.77999877929688,0.0,0.0
2021-08-27,170.89999389648438,170.89999389648438,0.0,0.0
2021-08-30,171.07000732421875,171.07000732421875,0.0,0.0
2021-08-31,170.5800018310547,170.5800018310547,0.0,0.0
2021-09-01,170.58999633789062,170.58999633789062,0.0,0.0
2021-09-02,170.72999572753906,170.72999572753906,0.0,0.0
2021-09-03,170.5399932861328,170.5399932861328,0.0,0.0
2021-09-06,170.5800018310547,170.5800018310547,0.0,0.0
2021-09-07,170.08999633789062,170.08999633789062,0.0,0.0
2021-09-08,170.13999938964844,170.13999938964844,0.0,0.0
2021-09-09,170.61000061035156,170.61000061035156,0.0,0.0
2021-09-10,170.3300018310547,170.3300018310547,0.0,0.0
2021-09-13,170.30999755859375,170.30999755859375,0.0,0.0
2021-09-14,170.47999572753906,170.47999572753906,0.0,0.0
2021-09-15,170.22000122070312,170.22000122070312,0.0,0.0
2021-09-16,170.1699981689453,170.1699981689453,0.0,0.0
2021-09-17,170.08999633789062,170.08999633789062,0.0,0.0
2021-09-20,170.25999450683594,170.25999450683594,0.0,0.0
2021-09-21,170.41000366210938,170.41000366210938,0.0,0.0
2021-09-22,170.39999389648438,170.39999389648438,0.0,0.0
2021-09-23,169.8699951171875,169.8699951171875,0.0,0.0
2021-09-24,169.6300048828125,169.6300048828125,0.0,0.0
2021-09-27,169.50999450683594,169.50999450683594,0.0,0.0
2021-09-28,169.32000732421875,169.32000732421875,0.0,0.0
2021-09-29,169.3699951171875,169.3699951171875,0.0,0.0
2021-09-30,169.22000122070312,169.22000122070312,0.0,0.0
2021-10-01,169.55999755859375,169.55999755859375,0.0,0.0
2021-10-04,169.4600067138672,169.4600067138672,0.0,0.0
2021-10-05,169.25999450683594,169.25999450683594,0.0,0.0
2021-10-06,169.1699981689453,169.1699981689453,0.0,0.0
2021-10-07,169.32000732421875,169.32000732421875,0.0,0.0
2021-10-08,169.00999450683594,169.00999450683594,0.0,0.0
2021-10-11,168.85000610351562,168.85000610351562,0.0,0.0
2021-10-12,168.63999938964844,168.63999938964844,0.0,0.0
2021-10-13,168.72999572753906,168.72999572753906,0.0,0.0
2021-10-14,169.2100067138672,169.2100067138672,0.0,0.0
2021-10-15,169.0500030517578,169.0500030517578,0.0,0.0
2021-10-18,168.5399932861328,168.5399932861328,0.0,0.0
2021-10-19,168.35000610351562,168.35000610351562,0.0,0.0
2021-10-20,168.52000427246094,168.52000427246094,0.0,0.0
2021-10-21,168.27000427246094,168.27000427246094,0.0,0.0
2021-10-22,168.0800018310547,168.0800018310547,0.0,0.0
2021-10-25,168.3699951171875,168.3699951171875,0.0,0.0
2021-10-26,168.30999755859375,168.30999755859375,0.0,0.0
2021-10-27,168.6300048828125,168.6300048828125,0.0,0.0
2021-10-28,168.17999267578125,168.17999267578125,0.0,0.0
2021-10-29,167.36000061035156,167.36000061035156,0.0,0.0
2021-11-01,167.3699951171875,167.3699951171875,0.0,0.0
2021-11-02,168.22999572753906,168.22999572753906,0.0,0.0
2021-11-03,168.3699951171875,168.3699951171875,0.0,0.0
2021-11-04,169.22999572753906,169.22999572753906,0.0,0.0
2021-11-05,169.6699981689453,169.6699981689453,0.0,0.0
2021-11-08,169.4600067138672,169.4600067138672,0.0,0.0
2021-11-09,169.75999450683594,169.75999450683594,0.0,0.0
2021-11-10,169.17999267578125,169.17999267578125,0.0,0.0
2021-11-11,168.9600067138672,168.9600067138672,0.0,0.0
2021-11-12,169.1699981689453,169.1699981689453,0.0,0.0
2021-11-15,169.1199951171875,169.1199951171875,0.0,0.0
2021-11-16,169.1999969482422,169.1999969482422,0.0,0.0
2021-11-17,169.25,169.25,0.0,0.0
2021-11-18,169.49000549316406,169.49000549316406,0.0,0.0
2021-11-19,169.9499969482422,169.9499969482422,0.0,0.0
2021-11-22,169.52999877929688,169.52999877929688,0.0,0.0
2021-11-23,168.9499969482422,168.9499969482422,0.0,0.0
2021-11-24,168.86000061035156,168.86000061035156,0.0,0.0
2021-11-25,169.02000427246094,169.02000427246094,0.0,0.0
2021-11-26,169.75,169.75,0.0,0.0
2021-11-29,169.58999633789062,169.58999633789062,0.0,0.0
2021-11-30,169.7899932861328,169.7899932861328,0.0,0.0
2021-12-01,169.2100067138672,169.2100067138672,0.0,0.0
2021-12-02,169.7100067138672,169.7100067138672,0.0,0.0
2021-12-03,169.7899932861328,169.7899932861328,0.0,0.0
2021-12-06,169.89999389648438,169.89999389648438,0.0,0.0
2021-12-07,169.72999572753906,169.72999572753906,0.0,0.0
2021-12-08,169.08999633789062,169.08999633789062,0.0,0.0
2021-12-09,169.44000244140625,169.44000244140625,0.0,0.0
2021-12-10,169.52999877929688,169.52999877929688,0.0,0.0
2021-12-13,169.8300018310547,169.8300018310547,0.0,0.0
2021-12-14,169.64999389648438,169.64999389648438,0.0,0.0
2021-12-15,169.6699981689453,169.6699981689453,0.0,0.0
2021-12-16,169.44000244140625,169.44000244140625,0.0,0.0
2021-12-17,169.8699951171875,169.8699951171875,0.0,0.0
2021-12-20,169.77999877929688,169.77999877929688,0.0,0.0
2021-12-21,169.24000549316406,169.24000549316406,0.0,0.0
2021-12-22,169.11000061035156,169.11000061035156,0.0,0.0
2021-12-23,168.66000366210938,168.66000366210938,0.0,0.0
2021-12-27,168.44000244140625,168.44000244140625,0.0,0.0
2021-12-28,168.52000427246094,168.52000427246094,0.0,0.0
2021-12-29,168.1300048828125,168.1300048828125,0.0,0.0
2021-12-30,168.0399932861328,168.0399932861328,0.0,0.0
2022-01-03,167.86000061035156,167.86000061035156,0.0,0.0
2022-01-04,167.7899932861328,167.7899932861328,0.0,0.0
2022-01-05,167.72999572753906,167.72999572753906,0.0,0.0
2022-01-06,167.47000122070312,167.47000122070312,0.0,0.0
2022-01-07,167.17999267578125,167.17999267578125,0.0,0.0
2022-01-10,167.19000244140625,167.19000244140625,0.0,0.0
2022-01-11,167.00999450683594,167.00999450683594,0.0,0.0
2022-01-12,167.24000549316406,167.24000549316406,0.0,0.0
2022-01-13,167.49000549316406,167.49000549316406,0.0,0.0
2022-01-14,167.1199951171875,167.1199951171875,0.0,0.0
2022-01-17,166.91000366210938,166.91000366210938,0.0,0.0
2022-01-18,166.85000610351562,166.85000610351562,0.0,0.0
2022-01-19,166.77000427246094,166.77000427246094,0.0,0.0
2022-01-20,166.94000244140625,166.94000244140625,0.0,0.0
2022-01-21,167.1999969482422,167.1999969482422,0.0,0.0
2022-01-24,167.4499969482422,167.4499969482422,0.0,0.0
2022-01-25,167.3300018310547,167.3300018310547,0.0,0.0
2022-01-26,167.17999267578125,167.17999267578125,0.0,0.0
2022-01-27,167.0,167.0,0.0,0.0
2022-01-28,166.88999938964844,166.88999938964844,0.0,0.0
2022-01-31,166.27999877929688,166.27999877929688,0.0,0.0
2022-02-01,166.0399932861328,166.0399932861328,0.0,0.0
2022-02-02,165.8699951171875,165.8699951171875,0.0,0.0
2022-02-03,164.3000030517578,164.3000030517578,0.0,0.0
2022-02-04,163.4199981689453,163.4199981689453,0.0,0.0
2022-02-07,163.10000610351562,163.10000610351562,0.0,0.0
2022-02-08,162.75,162.75,0.0,0.0
2022-02-09,163.22999572753906,163.22999572753906,0.0,0.0
2022-02-10,162.4499969482422,162.4499969482422,0.0,0.0
2022-02-11,162.44000244140625,162.44000244140625,0.0,0.0
2022-02-14,162.58999633789062,162.58999633789062,0.0,0.0
2022-02-15,162.4600067138672,162.4600067138672,0.0,0.0
2022-02-16,162.8699951171875,162.8699951171875,0.0,0.0
2022-02-17,163.36000061035156,163.36000061035156,0.0,0.0
2022-02-18,163.57000732421875,163.57000732421875,0.0,0.0
2022-02-21,163.33999633789062,163.33999633789062,0.0,0.0
2022-02-22,163.0500030517578,163.0500030517578,0.0,0.0
2022-02-23,162.88999938964844,162.88999938964844,0.0,0.0
2022-02-24,163.4199981689453,163.4199981689453,0.0,0.0
2022-02-25,163.22999572753906,163.22999572753906,0.0,0.0
2022-02-28,164.19000244140625,164.19000244140625,0.0,0.0
2022-03-01,167.2100067138672,167.2100067138672,0.0,0.0
2022-03-02,165.74000549316406,165.74000549316406,0.0,0.0
2022-03-03,165.6199951171875,165.6199951171875,0.0,0.0
2022-03-04,166.5800018310547,166.5800018310547,0.0,0.0
2022-03-07,165.77000427246094,165.77000427246094,0.0,0.0
2022-03-08,165.22999572753906,165.22999572753906,0.0,0.0
2022-03-09,164.33999633789062,164.33999633789062,0.0,0.0
2022-03-10,163.0800018310547,163.0800018310547,0.0,0.0
2022-03-11,163.1699981689453,163.1699981689453,0.0,0.0
2022-03-14,162.52999877929688,162.52999877929688,0.0,0.0
2022-03-15,163.0500030517578,163.0500030517578,0.0,0.0
2022-03-16,162.4499969482422,162.4499969482422,0.0,0.0
2022-03-17,162.42999267578125,162.42999267578125,0.0,0.0
2022-03-18,162.74000549316406,162.74000549316406,0.0,0.0
2022-03-21,162.11000061035156,162.11000061035156,0.0,0.0
2022-03-22,161.52999877929688,161.52999877929688,0.0,0.0
2022-03-23,161.75999450683594,161.75999450683594,0.0,0.0
2022-03-24,161.3300018310547,161.3300018310547,0.0,0.0
2022-03-25,160.99000549316406,160.99000549316406,0.0,0.0
2022-03-28,160.6199951171875,160.6199951171875,0.0,0.0
2022-03-29,159.99000549316406,159.99000549316406,0.0,0.0
2022-03-30,159.5399932861328,159.5399932861328,0.0,0.0
2022-03-31,160.5500030517578,160.5500030517578,0.0,0.0
2022-04-01,160.38999938964844,160.38999938964844,0.0,0.0
2022-04-04,160.38999938964844,160.38999938964844,0.0,0.0
2022-04-05,159.36000061035156,159.36000061035156,0.0,0.0
2022-04-06,159.1199951171875,159.1199951171875,0.0,0.0
2022-04-07,158.91000366210938,158.91000366210938,0.0,0.0
2022-04-08,158.7100067138672,158.7100067138672,0.0,0.0
2022-04-11,157.97999572753906,157.97999572753906,0.0,0.0
2022-04-12,158.3300018310547,158.3300018310547,0.0,0.0
2022-04-13,158.4199981689453,158.4199981689453,0.0,0.0
2022-04-14,157.89999389648438,157.89999389648438,0.0,0.0
2022-04-19,157.7899932861328,157.7899932861328,0.0,0.0
2022-04-20,157.99000549316406,157.99000549316406,0.0,0.0
2022-04-21,157.3699951171875,157.3699951171875,0.0,0.0
2022-04-22,156.97000122070312,156.97000122070312,0.0,0.0
2022-04-25,157.7899932861328,157.7899932861328,0.0,0.0
2022-04-26,158.1300048828125,158.1300048828125,0.0,0.0
2022-04-27,158.2100067138672,158.2100067138672,0.0,0.0
2022-04-28,157.3000030517578,157.3000030517578,0.0,0.0
2022-04-29,157.02000427246094,157.02000427246094,0.0,0.0
2022-05-02,156.83999633789062,156.83999633789062,0.0,0.0
2022-05-03,156.60000610351562,156.60000610351562,0.0,0.0
2022-05-04,156.00999450683594,156.00999450683594,0.0,0.0
2022-05-05,155.7100067138672,155.7100067138672,0.0,0.0
2022-05-06,155.05999755859375,155.05999755859375,0.0,0.0
2022-05-09,155.3699951171875,155.3699951171875,0.0,0.0
2022-05-10,156.1699981689453,156.1699981689453,0.0,0.0
2022-05-11,156.5800018310547,156.5800018310547,0.0,0.0
2022-05-12,157.9199981689453,157.9199981689453,0.0,0.0
2022-05-13,157.44000244140625,157.44000244140625,0.0,0.0
2022-05-16,157.19000244140625,157.19000244140625,0.0,0.0
2022-05-17,156.10000610351562,156.10000610351562,0.0,0.0
2022-05-18,156.25999450683594,156.25999450683594,0.0,0.0
2022-05-19,156.6699981689453,156.6699981689453,0.0,0.0
2022-05-20,156.5399932861328,156.5399932861328,0.0,0.0
2022-05-23,155.8800048828125,155.8800048828125,0.0,0.0
2022-05-24,156.42999267578125,156.42999267578125,0.0,0.0
2022-05-25,156.6300048828125,156.6300048828125,0.0,0.0
2022-05-26,156.6300048828125,156.6300048828125,0.0,0.0
2022-05-27,156.63999938964844,156.63999938964844,0.0,0.0
2022-05-30,156.0,156.0,0.0,0.0
2022-05-31,155.16000366210938,155.16000366210938,0.0,0.0
2022-06-01,154.8300018310547,154.8300018310547,0.0,0.0
2022-06-02,154.02999877929688,154.02999877929688,0.0,0.0
2022-06-03,153.52999877929688,153.52999877929688,0.0,0.0
2022-06-06,153.19000244140625,153.19000244140625,0.0,0.0
2022-06-07,153.61000061035156,153.61000061035156,0.0,0.0
2022-06-08,153.13999938964844,153.13999938964844,0.0,0.0
2022-06-09,151.80999755859375,151.80999755859375,0.0,0.0
2022-06-10,150.6300048828125,150.6300048828125,0.0,0.0
2022-06-13,148.7899932861328,148.7899932861328,0.0,0.0
2022-06-14,147.97000122070312,147.97000122070312,0.0,0.0
2022-06-15,149.5500030517578,149.5500030517578,0.0,0.0
2022-06-16,149.5500030517578,149.5500030517578,0.0,0.0
2022-06-17,150.3300018310547,150.3300018310547,0.0,0.0
2022-06-20,149.63999938964844,149.63999938964844,0.0,0.0
2022-06-21,149.50999450683594,149.50999450683594,0.0,0.0
2022-06-22,150.75999450683594,150.75999450683594,0.0,0.0
2022-06-23,152.50999450683594,152.50999450683594,0.0,0.0
2022-06-24,152.41000366210938,152.41000366210938,0.0,0.0
2022-06-27,151.5500030517578,151.5500030517578,0.0,0.0
2022-06-28,150.8800048828125,150.8800048828125,0.0,0.0
2022-06-29,152.2100067138672,152.2100067138672,0.0,0.0
2022-06-30,153.27999877929688,153.27999877929688,0.0,0.0
2022-07-01,155.11000061035156,155.11000061035156,0.0,0.0
2022-07-04,153.63999938964844,153.63999938964844,0.0,0.0
2022-07-05,154.91000366210938,154.91000366210938,0.0,0.0
2022-07-06,155.4600067138672,155.4600067138672,0.0,0.0
2022-07-07,154.33999633789062,154.33999633789062,0.0,0.0
2022-07-08,154.08999633789062,154.08999633789062,0.0,0.0
2022-07-11,154.94000244140625,154.94000244140625,0.0,0.0
2022-07-12,155.85000610351562,155.85000610351562,0.0,0.0
2022-07-13,155.36000061035156,155.36000061035156,0.0,0.0
2022-07-14,154.63999938964844,154.63999938964844,0.0,0.0
2022-07-15,155.13999938964844,155.13999938964844,0.0,0.0
2022-07-18,154.61000061035156,154.61000061035156,0.0,0.0
2022-07-19,153.8800048828125,153.8800048828125,0.0,0.0
2022-07-20,153.8699951171875,153.8699951171875,0.0,0.0
2022-07-21,153.86000061035156,153.86000061035156,0.0,0.0
2022-07-22,155.74000549316406,155.74000549316406,0.0,0.0
2022-07-25,155.77999877929688,155.77999877929688,0.0,0.0
2022-07-26,156.64999389648438,156.64999389648438,0.0,0.0
2022-07-27,156.38999938964844,156.38999938964844,0.0,0.0
2022-07-28,157.9600067138672,157.9600067138672,0.0,0.0
2022-07-29,158.07000732421875,158.07000732421875,0.0,0.0
2022-08-01,158.97999572753906,158.97999572753906,0.0,0.0
2022-08-02,158.30999755859375,158.30999755859375,0.0,0.0
2022-08-03,157.69000244140625,157.69000244140625,0.0,0.0
2022-08-04,158.4199981689453,158.4199981689453,0.0,0.0
2022-08-05,157.19000244140625,157.19000244140625,0.0,0.0
2022-08-08,157.42999267578125,157.42999267578125,0.0,0.0
2022-08-09,157.17999267578125,157.17999267578125,0.0,0.0
2022-08-10,157.58999633789062,157.58999633789062,0.0,0.0
2022-08-11,157.10000610351562,157.10000610351562,0.0,0.0
2022-08-12,156.6999969482422,156.6999969482422,0.0,0.0
2022-08-16,156.8000030517578,156.8000030517578,0.0,0.0
2022-08-17,155.5500030517578,155.5500030517578,0.0,0.0
2022-08-18,155.27000427246094,155.27000427246094,0.0,0.0
2022-08-19,154.1699981689453,154.1699981689453,0.0,0.0
2022-08-22,153.47999572753906,153.47999572753906,0.0,0.0
2022-08-23,153.4199981689453,153.4199981689453,0.0,0.0
2022-08-24,153.0,153.0,0.0,0.0
2022-08-25,153.55999755859375,153.55999755859375,0.0,0.0
2022-08-26,152.7899932861328,152.7899932861328,0.0,0.0
2022-08-29,151.69000244140625,151.69000244140625,0.0,0.0
2022-08-30,151.66000366210938,151.66000366210938,0.0,0.0
2022-08-31,151.1999969482422,151.1999969482422,0.0,0.0
2022-09-01,151.0800018310547,151.0800018310547,0.0,0.0
2022-09-02,151.64999389648438,151.64999389648438,0.0,0.0
2022-09-05,151.2100067138672,151.2100067138672,0.0,0.0
2022-09-06,151.02000427246094,151.02000427246094,0.0,0.0
2022-09-07,151.4499969482422,151.4499969482422,0.0,0.0
2022-09-08,150.2100067138672,150.2100067138672,0.0,0.0
2022-09-09,150.16000366210938,150.16000366210938,0.0,0.0
2022-09-12,150.58999633789062,150.58999633789062,0.0,0.0
2022-09-13,150.58999633789062,150.58999633789062,0.0,0.0
2022-09-14,150.58999633789062,150.58999633789062,0.0,0.0
2022-09-15,150.58999633789062,150.58999633789062,0.0,0.0
2022-09-16,150.58999633789062,150.58999633789062,0.0,0.0
2022-09-19,150.58999633789062,150.58999633789062,0.0,0.0
2022-09-20,150.58999633789062,150.58999633789062,0.0,0.0
2022-09-21,147.92999267578125,147.92999267578125,0.0,0.0
2022-09-22,147.25999450683594,147.25999450683594,0.0,0.0
2022-09-23,146.3699951171875,146.3699951171875,0.0,0.0
2022-09-26,145.72999572753906,145.72999572753906,0.0,0.0
2022-09-27,144.60000610351562,144.60000610351562,0.0,0.0
2022-09-28,145.75999450683594,145.75999450683594,0.0,0.0
2022-09-29,145.49000549316406,145.49000549316406,0.0,0.0
2022-09-30,146.47000122070312,146.47000122070312,0.0,0.0
2022-10-03,148.1999969482422,148.1999969482422,0.0,0.0
2022-10-04,148.41000366210938,148.41000366210938,0.0,0.0
2022-10-05,147.22000122070312,147.22000122070312,0.0,0.0
2022-10-06,146.6199951171875,146.6199951171875,0.0,0.0
2022-10-07,145.61000061035156,145.61000061035156,0.0,0.0
2022-10-10,145.32000732421875,145.32000732421875,0.0,0.0
2022-10-11,145.61000061035156,145.61000061035156,0.0,0.0
2022-10-12,145.0500030517578,145.0500030517578,0.0,0.0
2022-10-13,145.36000061035156,145.36000061035156,0.0,0.0
2022-10-14,144.92999267578125,144.92999267578125,0.0,0.0
2022-10-17,145.47000122070312,145.47000122070312,0.0,0.0
2022-10-18,145.3000030517578,145.3000030517578,0.0,0.0
2022-10-19,144.6199951171875,144.6199951171875,0.0,0.0
2022-10-20,144.5500030517578,144.5500030517578,0.0,0.0
2022-10-21,144.55999755859375,144.55999755859375,0.0,0.0
2022-10-24,145.41000366210938,145.41000366210938,0.0,0.0
2022-10-25,146.6699981689453,146.6699981689453,0.0,0.0
2022-10-26,146.89999389648438,146.89999389648438,0.0,0.0
2022-10-27,148.33999633789062,148.33999633789062,0.0,0.0
2022-10-28,147.3800048828125,147.3800048828125,0.0,0.0
2022-10-31,146.8300018310547,146.8300018310547,0.0,0.0
2022-11-01,147.24000549316406,147.24000549316406,0.0,0.0
2022-11-02,146.89999389648438,146.89999389648438,0.0,0.0
2022-11-03,146.05999755859375,146.05999755859375,0.0,0.0
2022-11-04,145.82000732421875,145.82000732421875,0.0,0.0
2022-11-07,145.5500030517578,145.5500030517578,0.0,0.0
2022-11-08,145.92999267578125,145.92999267578125,0.0,0.0
2022-11-09,146.55999755859375,146.55999755859375,0.0,0.0
2022-11-10,148.24000549316406,148.24000549316406,0.0,0.0
2022-11-11,146.9600067138672,146.9600067138672,0.0,0.0
2022-11-14,146.86000061035156,146.86000061035156,0.0,0.0
2022-11-15,147.47999572753906,147.47999572753906,0.0,0.0
2022-11-16,148.13999938964844,148.13999938964844,0.0,0.0
2022-11-17,147.92999267578125,147.92999267578125,0.0,0.0
2022-11-18,148.30999755859375,148.30999755859375,0.0,0.0
2022-11-21,148.39999389648438,148.39999389648438,0.0,0.0
2022-11-22,148.30999755859375,148.30999755859375,0.0,0.0
2022-11-23,148.72999572753906,148.72999572753906,0.0,0.0
2022-11-24,149.42999267578125,149.42999267578125,0.0,0.0
2022-11-25,148.27999877929688,148.27999877929688,0.0,0.0
2022-11-28,148.08999633789062,148.08999633789062,0.0,0.0
2022-11-29,148.88999938964844,148.88999938964844,0.0,0.0
2022-11-30,148.5,148.5,0.0,0.0
2022-12-01,149.82000732421875,149.82000732421875,0.0,0.0
2022-12-02,149.41000366210938,149.41000366210938,0.0,0.0
2022-12-05,149.1999969482422,149.1999969482422,0.0,0.0
2022-12-06,149.99000549316406,149.99000549316406,0.0,0.0
2022-12-07,150.32000732421875,150.32000732421875,0.0,0.0
2022-12-08,149.83999633789062,149.83999633789062,0.0,0.0
2022-12-09,149.1300048828125,149.1300048828125,0.0,0.0
2022-12-12,148.77999877929688,148.77999877929688,0.0,0.0
2022-12-13,149.13999938964844,149.13999938964844,0.0,0.0
2022-12-14,148.97000122070312,148.97000122070312,0.0,0.0
2022-12-15,147.0399932861328,147.0399932861328,0.0,0.0
2022-12-16,146.2899932861328,146.2899932861328,0.0,0.0
2022-12-19,146.02999877929688,146.02999877929688,0.0,0.0
2022-12-20,145.35000610351562,145.35000610351562,0.0,0.0
2022-12-21,145.39999389648438,145.39999389648438,0.0,0.0
2022-12-22,145.02999877929688,145.02999877929688,0.0,0.0
2022-12-23,144.69000244140625,144.69000244140625,0.0,0.0
2022-12-27,144.0,144.0,0.0,0.0
2022-12-28,144.00999450683594,144.00999450683594,0.0,0.0
2022-12-29,144.44000244140625,144.44000244140625,0.0,0.0
2022-12-30,143.6999969482422,143.6999969482422,0.0,0.0
2023-01-02,144.64999389648438,144.64999389648438,0.0,0.0
2023-01-03,145.0399932861328,145.0399932861328,0.0,0.0
2023-01-04,145.9600067138672,145.9600067138672,0.0,0.0
2023-01-05,145.7100067138672,145.7100067138672,0.0,0.0
2023-01-06,146.4600067138672,146.4600067138672,0.0,0.0
2023-01-09,146.5800018310547,146.5800018310547,0.0,0.0
2023-01-10,146.02000427246094,146.02000427246094,0.0,0.0
2023-01-11,146.85000610351562,146.85000610351562,0.0,0.0
2023-01-12,147.3699951171875,147.3699951171875,0.0,0.0
2023-01-13,147.47000122070312,147.47000122070312,0.0,0.0
2023-01-16,147.36000061035156,147.36000061035156,0.0,0.0
2023-01-17,148.35000610351562,148.35000610351562,0.0,0.0
2023-01-18,148.89999389648438,148.89999389648438,0.0,0.0
2023-01-19,148.52999877929688,148.52999877929688,0.0,0.0
2023-01-20,147.55999755859375,147.55999755859375,0.0,0.0
2023-01-23,147.25999450683594,147.25999450683594,0.0,0.0
2023-01-24,147.66000366210938,147.66000366210938,0.0,0.0
2023-01-25,147.67999267578125,147.67999267578125,0.0,0.0
2023-01-26,147.16000366210938,147.16000366210938,0.0,0.0
2023-01-27,146.94000244140625,146.94000244140625,0.0,0.0
2023-01-30,146.27000427246094,146.27000427246094,0.0,0.0
2023-01-31,146.60000610351562,146.60000610351562,0.0,0.0
2023-02-01,146.42999267578125,146.42999267578125,0.0,0.0
2023-02-02,148.74000549316406,148.74000549316406,0.0,0.0
2023-02-03,147.8000030517578,147.8000030517578,0.0,0.0
2023-02-06,146.97999572753906,146.97999572753906,0.0,0.0
2023-02-07,146.75999450683594,146.75999450683594,0.0,0.0
2023-02-08,146.3000030517578,146.3000030517578,0.0,0.0
2023-02-09,146.75999450683594,146.75999450683594,0.0,0.0
2023-02-10,146.2100067138672,146.2100067138672,0.0,0.0
2023-02-13,146.10000610351562,146.10000610351562,0.0,0.0
2023-02-14,145.52000427246094,145.52000427246094,0.0,0.0
2023-02-15,145.19000244140625,145.19000244140625,0.0,0.0
2023-02-16,145.11000061035156,145.11000061035156,0.0,0.0
2023-02-17,145.27999877929688,145.27999877929688,0.0,0.0
2023-02-20,145.16000366210938,145.16000366210938,0.0,0.0
2023-02-21,144.4199981689453,144.4199981689453,0.0,0.0
2023-02-22,144.61000061035156,144.61000061035156,0.0,0.0
2023-02-23,145.10000610351562,145.10000610351562,0.0,0.0
2023-02-24,144.39999389648438,144.39999389648438,0.0,0.0
2023-02-27,144.14999389648438,144.14999389648438,0.0,0.0
2023-02-28,143.69000244140625,143.69000244140625,0.0,0.0
2023-03-01,142.9600067138672,142.9600067138672,0.0,0.0
2023-03-02,142.6699981689453,142.6699981689453,0.0,0.0
2023-03-03,142.94000244140625,142.94000244140625,0.0,0.0
2023-03-06,142.7100067138672,142.7100067138672,0.0,0.0
2023-03-07,142.97000122070312,142.97000122070312,0.0,0.0
2023-03-08,143.22999572753906,143.22999572753906,0.0,0.0
2023-03-09,143.5,143.5,0.0,0.0
2023-03-10,144.5,144.5,0.0,0.0
2023-03-13,146.50999450683594,146.50999450683594,0.0,0.0
2023-03-14,145.02000427246094,145.02000427246094,0.0,0.0
2023-03-15,147.86000061035156,147.86000061035156,0.0,0.0
2023-03-16,146.97999572753906,146.97999572753906,0.0,0.0
2023-03-17,148.0500030517578,148.0500030517578,0.0,0.0
2023-03-20,148.52000427246094,148.52000427246094,0.0,0.0
2023-03-21,147.0,147.0,0.0,0.0
2023-03-22,146.41000366210938,146.41000366210938,0.0,0.0
2023-03-23,147.7899932861328,147.7899932861328,0.0,0.0
2023-03-24,148.33999633789062,148.33999633789062,0.0,0.0
2023-03-27,147.63999938964844,147.63999938964844,0.0,0.0
2023-03-28,147.1199951171875,147.1199951171875,0.0,0.0
2023-03-29,147.0399932861328,147.0399932861328,0.0,0.0
2023-03-30,146.3300018310547,146.3300018310547,0.0,0.0
2023-03-31,146.9199981689453,146.9199981689453,0.0,0.0
2023-04-03,147.49000549316406,147.49000549316406,0.0,0.0
2023-04-04,147.3000030517578,147.3000030517578,0.0,0.0
2023-04-05,148.22999572753906,148.22999572753906,0.0,0.0
2023-04-06,148.10000610351562,148.10000610351562,0.0,0.0
2023-04-11,146.97999572753906,146.97999572753906,0.0,0.0
2023-04-12,146.61000061035156,146.61000061035156,0.0,0.0
2023-04-13,146.52000427246094,146.52000427246094,0.0,0.0
2023-04-14,146.0,146.0,0.0,0.0
2023-04-17,145.75999450683594,145.75999450683594,0.0,0.0
2023-04-18,145.7899932861328,145.7899932861328,0.0,0.0
2023-04-19,145.38999938964844,145.38999938964844,0.0,0.0
2023-04-20,145.8300018310547,145.8300018310547,0.0,0.0
2023-04-21,145.49000549316406,145.49000549316406,0.0,0.0
2023-04-24,145.49000549316406,145.49000549316406,0.0,0.0
2023-04-25,145.49000549316406,145.49000549316406,0.0,0.0
2023-04-26,146.52000427246094,146.52000427246094,0.0,0.0
2023-04-27,146.00999450683594,146.00999450683594,0.0,0.0
2023-04-28,147.1199951171875,147.1199951171875,0.0,0.0
2023-05-02,147.52000427246094,147.52000427246094,0.0,0.0
2023-05-03,147.5500030517578,147.5500030517578,0.0,0.0
2023-05-04,148.27000427246094,148.27000427246094,0.0,0.0
2023-05-05,147.52999877929688,147.52999877929688,0.0,0.0
2023-05-08,147.2899932861328,147.2899932861328,0.0,0.0
2023-05-09,147.1300048828125,147.1300048828125,0.0,0.0
2023-05-10,147.50999450683594,147.50999450683594,0.0,0.0
2023-05-11,148.10000610351562,148.10000610351562,0.0,0.0
2023-05-12,147.75,147.75,0.0,0.0
2023-05-15,147.57000732421875,147.57000732421875,0.0,0.0
2023-05-16,147.17999267578125,147.17999267578125,0.0,0.0
2023-05-17,147.10000610351562,147.10000610351562,0.0,0.0
2023-05-18,146.3300018310547,146.3300018310547,0.0,0.0
2023-05-19,146.5500030517578,146.5500030517578,0.0,0.0
2023-05-22,146.19000244140625,146.19000244140625,0.0,0.0
2023-05-23,146.19000244140625,146.19000244140625,0.0,0.0
2023-05-24,146.19000244140625,146.19000244140625,0.0,0.0
2023-05-25,145.89999389648438,145.89999389648438,0.0,0.0
2023-05-26,145.52999877929688,145.52999877929688,0.0,0.0
2023-05-29,146.2899932861328,146.2899932861328,0.0,0.0
2023-05-30,147.2100067138672,147.2100067138672,0.0,0.0
2023-05-31,147.8699951171875,147.8699951171875,0.0,0.0
2023-06-01,147.8699951171875,147.8699951171875,0.0,0.0
2023-06-02,147.86000061035156,147.86000061035156,0.0,0.0
2023-06-05,147.33999633789062,147.33999633789062,0.0,0.0
2023-06-06,147.3800048828125,147.3800048828125,0.0,0.0
2023-06-07,146.72000122070312,146.72000122070312,0.0,0.0
2023-06-08,147.0,147.0,0.0,0.0
2023-06-09,147.3699951171875,147.3699951171875,0.0,0.0
2023-06-12,147.50999450683594,147.50999450683594,0.0,0.0
2023-06-13,147.08999633789062,147.08999633789062,0.0,0.0
2023-06-14,146.8699951171875,146.8699951171875,0.0,0.0
2023-06-15,146.25999450683594,146.25999450683594,0.0,0.0
2023-06-16,146.69000244140625,146.69000244140625,0.0,0.0
2023-06-19,146.14999389648438,146.14999389648438,0.0,0.0
2023-06-20,146.9600067138672,146.9600067138672,0.0,0.0
2023-06-21,146.72999572753906,146.72999572753906,0.0,0.0
2023-06-22,146.10000610351562,146.10000610351562,0.0,0.0
2023-06-23,147.1300048828125,147.1300048828125,0.0,0.0
2023-06-26,147.60000610351562,147.60000610351562,0.0,0.0
2023-06-27,146.97000122070312,146.97000122070312,0.0,0.0
2023-06-28,147.35000610351562,147.35000610351562,0.0,0.0
2023-06-29,146.5399932861328,146.5399932861328,0.0,0.0
2023-06-30,146.60000610351562,146.60000610351562,0.0,0.0
2023-07-03,146.19000244140625,146.19000244140625,0.0,0.0
2023-07-04,146.08999633789062,146.08999633789062,0.0,0.0
2023-07-05,146.14999389648438,146.14999389648438,0.0,0.0
2023-07-06,144.88999938964844,144.88999938964844,0.0,0.0
2023-07-07,145.13999938964844,145.13999938964844,0.0,0.0
2023-07-10,145.02999877929688,145.02999877929688,0.0,0.0
2023-07-11,144.82000732421875,144.82000732421875,0.0,0.0
2023-07-12,145.72000122070312,145.72000122070312,0.0,0.0
2023-07-13,146.49000549316406,146.49000549316406,0.0,0.0
2023-07-14,146.32000732421875,146.32000732421875,0.0,0.0
2023-07-17,146.47999572753906,146.47999572753906,0.0,0.0
2023-07-18,147.47999572753906,147.47999572753906,0.0,0.0
2023-07-19,147.08999633789062,147.08999633789062,0.0,0.0
2023-07-20,146.67999267578125,146.67999267578125,0.0,0.0
2023-07-21,146.92999267578125,146.92999267578125,0.0,0.0
2023-07-24,147.30999755859375,147.30999755859375,0.0,0.0
2023-07-25,147.1699981689453,147.1699981689453,0.0,0.0
2023-07-26,146.64999389648438,146.64999389648438,0.0,0.0
2023-07-27,147.0800018310547,147.0800018310547,0.0,0.0
2023-07-28,147.0800018310547,147.0800018310547,0.0,0.0
2023-07-31,147.07000732421875,147.07000732421875,0.0,0.0
2023-08-01,146.66000366210938,146.66000366210938,0.0,0.0
2023-08-02,146.72000122070312,146.72000122070312,0.0,0.0
2023-08-03,146.52000427246094,146.52000427246094,0.0,0.0
2023-08-04,146.66000366210938,146.66000366210938,0.0,0.0
2023-08-07,146.52999877929688,146.52999877929688,0.0,0.0
2023-08-08,147.38999938964844,147.38999938964844,0.0,0.0
2023-08-09,147.2100067138672,147.2100067138672,0.0,0.0
2023-08-10,146.99000549316406,146.99000549316406,0.0,0.0
2023-08-11,146.39999389648438,146.39999389648438,0.0,0.0
2023-08-14,146.1699981689453,146.1699981689453,0.0,0.0
2023-08-16,146.00999450683594,146.00999450683594,0.0,0.0
2023-08-17,145.6300048828125,145.6300048828125,0.0,0.0
2023-08-18,146.2100067138672,146.2100067138672,0.0,0.0
2023-08-21,145.63999938964844,145.63999938964844,0.0,0.0
2023-08-22,146.0399932861328,146.0399932861328,0.0,0.0
2023-08-23,147.19000244140625,147.19000244140625,0.0,0.0
2023-08-24,147.13999938964844,147.13999938964844,0.0,0.0
2023-08-25,146.75,146.75,0.0,0.0
2023-08-28,146.69000244140625,146.69000244140625,0.0,0.0
2023-08-29,147.17999267578125,147.17999267578125,0.0,0.0
2023-08-30,147.00999450683594,147.00999450683594,0.0,0.0
2023-08-31,147.6300048828125,147.6300048828125,0.0,0.0
2023-09-01,147.16000366210938,147.16000366210938,0.0,0.0
2023-09-04,146.7899932861328,146.7899932861328,0.0,0.0
2023-09-05,146.60000610351562,146.60000610351562,0.0,0.0
2023-09-06,146.05999755859375,146.05999755859375,0.0,0.0
2023-09-07,146.47000122070312,146.47000122070312,0.0,0.0
2023-09-08,146.58999633789062,146.58999633789062,0.0,0.0
2023-09-11,146.27999877929688,146.27999877929688,0.0,0.0
2023-09-12,146.08999633789062,146.08999633789062,0.0,0.0
2023-09-13,145.85000610351562,145.85000610351562,0.0,0.0
2023-09-14,146.5399932861328,146.5399932861328,0.0,0.0
2023-09-15,145.92999267578125,145.92999267578125,0.0,0.0
2023-09-18,145.5,145.5,0.0,0.0
2023-09-19,145.3800048828125,145.3800048828125,0.0,0.0
2023-09-20,145.74000549316406,145.74000549316406,0.0,0.0
2023-09-21,145.3699951171875,145.3699951171875,0.0,0.0
2023-09-22,145.38999938964844,145.38999938964844,0.0,0.0
2023-09-25,145.27000427246094,145.27000427246094,0.0,0.0
2023-09-26,145.02000427246094,145.02000427246094,0.0,0.0
2023-09-27,144.72000122070312,144.72000122070312,0.0,0.0
2023-09-28,143.8300018310547,143.8300018310547,0.0,0.0
2023-09-29,144.83999633789062,144.83999633789062,0.0,0.0
2023-10-02,144.49000549316406,144.49000549316406,0.0,0.0
2023-10-03,144.22000122070312,144.22000122070312,0.0,0.0
2023-10-04,144.3000030517578,144.3000030517578,0.0,0.0
2023-10-05,144.66000366210938,144.66000366210938,0.0,0.0
2023-10-06,144.63999938964844,144.63999938964844,0.0,0.0
2023-10-09,145.44000244140625,145.44000244140625,0.0,0.0
2023-10-10,145.47000122070312,145.47000122070312,0.0,0.0
2023-10-11,145.82000732421875,145.82000732421875,0.0,0.0
2023-10-12,145.3300018310547,145.3300018310547,0.0,0.0
2023-10-13,145.64999389648438,145.64999389648438,0.0,0.0
2023-10-16,145.38999938964844,145.38999938964844,0.0,0.0
2023-10-17,144.66000366210938,144.66000366210938,0.0,0.0
2023-10-18,144.27999877929688,144.27999877929688,0.0,0.0
2023-10-19,144.27999877929688,144.27999877929688,0.0,0.0
2023-10-20,144.77999877929688,144.77999877929688,0.0,0.0
2023-10-23,144.97999572753906,144.97999572753906,0.0,0.0
2023-10-24,145.22000122070312,145.22000122070312,0.0,0.0
2023-10-25,144.85000610351562,144.85000610351562,0.0,0.0
2023-10-26,145.2899932861328,145.2899932861328,0.0,0.0
2023-10-27,145.60000610351562,145.60000610351562,0.0,0.0
2023-10-30,145.89999389648438,145.89999389648438,0.0,0.0
2023-10-31,146.0399932861328,146.0399932861328,0.0,0.0
2023-11-01,146.4600067138672,146.4600067138672,0.0,0.0
2023-11-02,146.7899932861328,146.7899932861328,0.0,0.0
2023-11-03,147.4199981689453,147.4199981689453,0.0,0.0
2023-11-06,146.64999389648438,146.64999389648438,0.0,0.0
2023-11-07,147.05999755859375,147.05999755859375,0.0,0.0
2023-11-08,147.3699951171875,147.3699951171875,0.0,0.0
2023-11-09,147.25,147.25,0.0,0.0
2023-11-10,146.74000549316406,146.74000549316406,0.0,0.0
2023-11-13,146.67999267578125,146.67999267578125,0.0,0.0
2023-11-14,147.7100067138672,147.7100067138672,0.0,0.0
2023-11-15,147.52000427246094,147.52000427246094,0.0,0.0
2023-11-16,148.1699981689453,148.1699981689453,0.0,0.0
2023-11-17,148.08999633789062,148.08999633789062,0.0,0.0
2023-11-20,147.9199981689453,147.9199981689453,0.0,0.0
2023-11-21,148.35000610351562,148.35000610351562,0.0,0.0
2023-11-22,148.22000122070312,148.22000122070312,0.0,0.0
2023-11-23,147.69000244140625,147.69000244140625,0.0,0.0
2023-11-24,147.60000610351562,147.60000610351562,0.0,0.0
2023-11-27,148.39999389648438,148.39999389648438,0.0,0.0
2023-11-28,148.94000244140625,148.94000244140625,0.0,0.0
2023-11-29,149.67999267578125,149.67999267578125,0.0,0.0
2023-11-30,149.39999389648438,149.39999389648438,0.0,0.0
2023-12-01,150.55999755859375,150.55999755859375,0.0,0.0
2023-12-04,150.38999938964844,150.38999938964844,0.0,0.0
2023-12-05,151.1699981689453,151.1699981689453,0.0,0.0
2023-12-06,151.47000122070312,151.47000122070312,0.0,0.0
2023-12-07,151.66000366210938,151.66000366210938,0.0,0.0
2023-12-08,150.8699951171875,150.8699951171875,0.0,0.0
2023-12-11,150.80999755859375,150.80999755859375,0.0,0.0
2023-12-12,151.02999877929688,151.02999877929688,0.0,0.0
2023-12-13,151.60000610351562,151.60000610351562,0.0,0.0
2023-12-14,152.38999938964844,152.38999938964844,0.0,0.0
2023-12-15,153.1999969482422,153.1999969482422,0.0,0.0
2023-12-18,152.72999572753906,152.72999572753906,0.0,0.0
2023-12-19,153.49000549316406,153.49000549316406,0.0,0.0
2023-12-20,153.77000427246094,153.77000427246094,0.0,0.0
2023-12-21,154.19000244140625,154.19000244140625,0.0,0.0
2023-12-22,154.39999389648438,154.39999389648438,0.0,0.0
2023-12-27,154.77999877929688,154.77999877929688,0.0,0.0
2023-12-28,154.3699951171875,154.3699951171875,0.0,0.0
2023-12-29,153.77000427246094,153.77000427246094,0.0,0.0
2024-01-02,153.3000030517578,153.3000030517578,0.0,0.0
2024-01-03,153.77999877929688,153.77999877929688,0.0,0.0
2024-01-04,152.94000244140625,152.94000244140625,0.0,0.0
2024-01-05,152.52999877929688,152.52999877929688,0.0,0.0
2024-01-08,152.6300048828125,152.6300048828125,0.0,0.0
2024-01-09,152.16000366210938,152.16000366210938,0.0,0.0
2024-01-10,152.05999755859375,152.05999755859375,0.0,0.0
2024-01-11,152.10000610351562,152.10000610351562,0.0,0.0
2024-01-12,152.97000122070312,152.97000122070312,0.0,0.0
2024-01-15,152.39999389648438,152.39999389648438,0.0,0.0
2024-01-16,152.3800048828125,152.3800048828125,0.0,0.0
2024-01-17,151.5399932861328,151.5399932861328,0.0,0.0
2024-01-18,151.50999450683594,151.50999450683594,0.0,0.0
2024-01-19,151.52999877929688,151.52999877929688,0.0,0.0
2024-01-22,151.86000061035156,151.86000061035156,0.0,0.0
2024-01-23,151.39999389648438,151.39999389648438,0.0,0.0
2024-01-24,151.52000427246094,151.52000427246094,0.0,0.0
2024-01-25,152.22999572753906,152.22999572753906,0.0,0.0
2024-01-26,152.13999938964844,152.13999938964844,0.0,0.0
2024-01-29,152.7100067138672,152.7100067138672,0.0,0.0
2024-01-30,152.3300018310547,152.3300018310547,0.0,0.0
2024-01-31,153.24000549316406,153.24000549316406,0.0,0.0
2024-02-01,153.3000030517578,153.3000030517578,0.0,0.0
2024-02-02,152.4499969482422,152.4499969482422,0.0,0.0
2024-02-05,151.7100067138672,151.7100067138672,0.0,0.0
2024-02-06,151.9199981689453,151.9199981689453,0.0,0.0
2024-02-07,151.8000030517578,151.8000030517578,0.0,0.0
2024-02-08,151.38999938964844,151.38999938964844,0.0,0.0
2024-02-09,151.02999877929688,151.02999877929688,0.0,0.0
2024-02-12,151.30999755859375,151.30999755859375,0.0,0.0
2024-02-13,151.0399932861328,151.0399932861328,0.0,0.0
2024-02-14,151.50999450683594,151.50999450683594,0.0,0.0
2024-02-15,151.47999572753906,151.47999572753906,0.0,0.0
2024-02-16,151.1699981689453,151.1699981689453,0.0,0.0
2024-02-19,151.1300048828125,151.1300048828125,0.0,0.0
2024-02-20,151.47999572753906,151.47999572753906,0.0,0.0
2024-02-21,150.77999877929688,150.77999877929688,0.0,0.0
2024-02-22,150.75999450683594,150.75999450683594,0.0,0.0
2024-02-23,151.47000122070312,151.47000122070312,0.0,0.0
2024-02-26,150.85000610351562,150.85000610351562,0.0,0.0
2024-02-27,150.72999572753906,150.72999572753906,0.0,0.0
2024-02-28,150.74000549316406,150.74000549316406,0.0,0.0
2024-02-29,151.1999969482422,151.1999969482422,0.0,0.0
2024-03-01,151.07000732421875,151.07000732421875,0.0,0.0
2024-03-04,151.24000549316406,151.24000549316406,0.0,0.0
2024-03-05,151.9499969482422,151.9499969482422,0.0,0.0
2024-03-06,152.0,152.0,0.0,0.0
2024-03-07,152.3699951171875,152.3699951171875,0.0,0.0
2024-03-08,152.86000061035156,152.86000061035156,0.0,0.0
2024-03-11,152.42999267578125,152.42999267578125,0.0,0.0
2024-03-12,152.36000061035156,152.36000061035156,0.0,0.0
2024-03-13,152.25999450683594,152.25999450683594,0.0,0.0
2024-03-14,151.6999969482422,151.6999969482422,0.0,0.0
2024-03-15,151.5500030517578,151.5500030517578,0.0,0.0
2024-03-18,151.47999572753906,151.47999572753906,0.0,0.0
2024-03-19,151.6300048828125,151.6300048828125,0.0,0.0
2024-03-20,151.67999267578125,151.67999267578125,0.0,0.0
2024-03-21,152.0500030517578,152.0500030517578,0.0,0.0
2024-03-22,152.41000366210938,152.41000366210938,0.0,0.0
2024-03-25,151.97999572753906,151.97999572753906,0.0,0.0
2024-03-26,152.19000244140625,152.19000244140625,0.0,0.0
2024-03-27,152.63999938964844,152.63999938964844,0.0,0.0
2024-03-28,152.49000549316406,152.49000549316406,0.0,0.0
2024-04-02,151.77999877929688,151.77999877929688,0.0,0.0
2024-04-03,151.6999969482422,151.6999969482422,0.0,0.0
2024-04-04,152.14999389648438,152.14999389648438,0.0,0.0
2024-04-05,151.85000610351562,151.85000610351562,0.0,0.0
2024-04-08,151.6300048828125,151.6300048828125,0.0,0.0
2024-04-09,152.1199951171875,152.1199951171875,0.0,0.0
2024-04-10,151.63999938964844,151.63999938964844,0.0,0.0
2024-04-11,151.22999572753906,151.22999572753906,0.0,0.0
2024-04-12,152.22000122070312,152.22000122070312,0.0,0.0
2024-04-15,151.52000427246094,151.52000427246094,0.0,0.0
2024-04-16,151.10000610351562,151.10000610351562,0.0,0.0
2024-04-17,151.22000122070312,151.22000122070312,0.0,0.0
2024-04-18,151.02999877929688,151.02999877929688,0.0,0.0
2024-04-19,150.99000549316406,150.99000549316406,0.0,0.0
2024-04-22,151.33999633789062,151.33999633789062,0.0,0.0
2024-04-23,151.24000549316406,151.24000549316406,0.0,0.0
2024-04-24,150.60000610351562,150.60000610351562,0.0,0.0
2024-04-25,150.2899932861328,150.2899932861328,0.0,0.0
2024-04-26,150.72999572753906,150.72999572753906,0.0,0.0
2024-04-29,151.24000549316406,151.24000549316406,0.0,0.0
2024-04-30,150.6699981689453,150.6699981689453,0.0,0.0
2024-05-02,151.05999755859375,151.05999755859375,0.0,0.0
2024-05-03,151.4199981689453,151.4199981689453,0.0,0.0
2024-05-06,151.64999389648438,151.64999389648438,0.0,0.0
2024-05-07,152.02999877929688,152.02999877929688,0.0,0.0
2024-05-08,151.6999969482422,151.6999969482422,0.0,0.0
2024-05-09,151.42999267578125,151.42999267578125,0.0,0.0
2024-05-10,151.3000030517578,151.3000030517578,0.0,0.0
2024-05-13,151.5800018310547,151.5800018310547,0.0,0.0
2024-05-14,150.67999267578125,150.67999267578125,0.0,0.0
2024-05-15,152.25999450683594,152.25999450683594,0.0,0.0
2024-05-16,152.0500030517578,152.0500030517578,0.0,0.0
2024-05-17,151.4199981689453,151.4199981689453,0.0,0.0
2024-05-20,151.3699951171875,151.3699951171875,0.0,0.0
2024-05-21,151.5800018310547,151.5800018310547,0.0,0.0
2024-05-22,151.32000732421875,151.32000732421875,0.0,0.0
2024-05-23,150.86000061035156,150.86000061035156,0.0,0.0
2024-05-24,150.88999938964844,150.88999938964844,0.0,0.0
2024-05-27,151.2100067138672,151.2100067138672,0.0,0.0
2024-05-28,150.85000610351562,150.85000610351562,0.0,0.0
2024-05-29,150.32000732421875,150.32000732421875,0.0,0.0
2024-05-30,150.5,150.5,0.0,0.0
2024-05-31,150.5500030517578,150.5500030517578,0.0,0.0
2024-06-03,151.2100067138672,151.2100067138672,0.0,0.0
2024-06-04,151.47000122070312,151.47000122070312,0.0,0.0
2024-06-05,151.82000732421875,151.82000732421875,0.0,0.0
2024-06-06,151.41000366210938,151.41000366210938,0.0,0.0
2024-06-07,150.6300048828125,150.6300048828125,0.0,0.0
2024-06-10,150.05999755859375,150.05999755859375,0.0,0.0
2024-06-11,150.35000610351562,150.35000610351562,0.0,0.0
2024-06-12,151.2100067138672,151.2100067138672,0.0,0.0
2024-06-13,151.27999877929688,151.27999877929688,0.0,0.0
2024-06-14,151.8699951171875,151.8699951171875,0.0,0.0
2024-06-17,151.4600067138672,151.4600067138672,0.0,0.0
2024-06-18,151.8300018310547,151.8300018310547,0.0,0.0
2024-06-19,151.57000732421875,151.57000732421875,0.0,0.0
2024-06-20,151.61000061035156,151.61000061035156,0.0,0.0
2024-06-21,151.6699981689453,151.6699981689453,0.0,0.0
2024-06-24,151.8000030517578,151.8000030517578,0.0,0.0
2024-06-25,151.82000732421875,151.82000732421875,0.0,0.0
2024-06-26,151.3800048828125,151.3800048828125,0.0,0.0
2024-06-27,151.36000061035156,151.36000061035156,0.0,0.0
2024-06-28,151.0800018310547,151.0800018310547,0.0,0.0
2024-07-01,150.64999389648438,150.64999389648438,0.0,0.0
2024-07-02,150.6999969482422,150.6999969482422,0.0,0.0
2024-07-03,151.1300048828125,151.1300048828125,0.0,0.0
2024-07-04,151.05999755859375,151.05999755859375,0.0,0.0
2024-07-05,151.63999938964844,151.63999938964844,0.0,0.0
2024-07-08,151.82000732421875,151.82000732421875,0.0,0.0
2024-07-09,151.39999389648438,151.39999389648438,0.0,0.0
2024-07-10,151.8699951171875,151.8699951171875,0.0,0.0
2024-07-11,152.66000366210938,152.66000366210938,0.0,0.0
2024-07-12,152.47000122070312,152.47000122070312,0.0,0.0
2024-07-15,152.8000030517578,152.8000030517578,0.0,0.0
2024-07-16,153.0500030517578,153.0500030517578,0.0,0.0
2024-07-17,153.00999450683594,153.00999450683594,0.0,0.0
2024-07-18,153.30999755859375,153.30999755859375,0.0,0.0
2024-07-19,152.8699951171875,152.8699951171875,0.0,0.0
2024-07-22,152.58999633789062,152.58999633789062,0.0,0.0
2024-07-23,152.97999572753906,152.97999572753906,0.0,0.0
2024-07-24,152.9199981689453,152.9199981689453,0.0,0.0
2024-07-25,153.19000244140625,153.19000244140625,0.0,0.0
2024-07-26,153.3000030517578,153.3000030517578,0.0,0.0
2024-07-29,153.67999267578125,153.67999267578125,0.0,0.0
2024-07-30,153.86000061035156,153.86000061035156,0.0,0.0
2024-07-31,154.22000122070312,154.22000122070312,0.0,0.0
2024-08-01,154.6300048828125,154.6300048828125,0.0,0.0
2024-08-02,155.08999633789062,155.08999633789062,0.0,0.0
2024-08-05,154.83999633789062,154.83999633789062,0.0,0.0
2024-08-06,154.82000732421875,154.82000732421875,0.0,0.0
2024-08-07,154.44000244140625,154.44000244140625,0.0,0.0
2024-08-08,154.52999877929688,154.52999877929688,0.0,0.0
2024-08-09,154.86000061035156,154.86000061035156,0.0,0.0
2024-08-12,154.8699951171875,154.8699951171875,0.0,0.0
2024-08-13,155.36000061035156,155.36000061035156,0.0,0.0
2024-08-14,155.41000366210938,155.41000366210938,0.0,0.0
2024-08-16,154.72000122070312,154.72000122070312,0.0,0.0
2024-08-19,154.7100067138672,154.7100067138672,0.0,0.0
2024-08-20,155.13999938964844,155.13999938964844,0.0,0.0
2024-08-21,155.35000610351562,155.35000610351562,0.0,0.0
2024-08-22,155.0399932861328,155.0399932861328,0.0,0.0
2024-08-23,155.3699951171875,155.3699951171875,0.0,0.0
2024-08-26,155.07000732421875,155.07000732421875,0.0,0.0
2024-08-27,155.13999938964844,155.13999938964844,0.0,0.0
2024-08-28,154.94000244140625,154.94000244140625,0.0,0.0
2024-08-29,154.88999938964844,154.88999938964844,0.0,0.0
2024-08-30,154.75,154.75,0.0,0.0
2024-09-02,154.5,154.5,0.0,0.0
2024-09-03,154.88999938964844,154.88999938964844,0.0,0.0
2024-09-04,155.52999877929688,155.52999877929688,0.0,0.0
2024-09-05,155.67999267578125,155.67999267578125,0.0,0.0
2024-09-06,156.08999633789062,156.08999633789062,0.0,0.0
2024-09-09,156.07000732421875,156.07000732421875,0.0,0.0
2024-09-10,156.3699951171875,156.3699951171875,0.0,0.0
2024-09-11,156.80999755859375,156.80999755859375,0.0,0.0
2024-09-12,156.3800048828125,156.3800048828125,0.0,0.0
2024-09-13,156.63999938964844,156.63999938964844,0.0,0.0
2024-09-16,156.77999877929688,156.77999877929688,0.0,0.0
2024-09-17,156.5800018310547,156.5800018310547,0.0,0.0
2024-09-18,156.1699981689453,156.1699981689453,0.0,0.0
2024-09-19,156.25999450683594,156.25999450683594,0.0,0.0
2024-09-20,156.05999755859375,156.05999755859375,0.0,0.0
2024-09-23,156.58999633789062,156.58999633789062,0.0,0.0
2024-09-24,157.0399932861328,157.0399932861328,0.0,0.0
2024-09-25,156.52999877929688,156.52999877929688,0.0,0.0
2024-09-26,156.8300018310547,156.8300018310547,0.0,0.0
2024-09-27,157.08999633789062,157.08999633789062,0.0,0.0
2024-09-30,157.00999450683594,157.00999450683594,0.0,0.0
2024-10-01,157.74000549316406,157.74000549316406,0.0,0.0
2024-10-02,157.57000732421875,157.57000732421875,0.0,0.0
2024-10-03,157.1199951171875,157.1199951171875,0.0,0.0
2024-10-04,156.36000061035156,156.36000061035156,0.0,0.0
2024-10-07,156.05999755859375,156.05999755859375,0.0,0.0
2024-10-08,156.11000061035156,156.11000061035156,0.0,0.0
2024-10-09,156.00999450683594,156.00999450683594,0.0,0.0
2024-10-10,156.17999267578125,156.17999267578125,0.0,0.0
2024-10-11,155.99000549316406,155.99000549316406,0.0,0.0
2024-10-14,155.99000549316406,155.99000549316406,0.0,0.0
2024-10-15,156.6300048828125,156.6300048828125,0.0,0.0
2024-10-16,157.02000427246094,157.02000427246094,0.0,0.0
2024-10-17,157.13999938964844,157.13999938964844,0.0,0.0
2024-10-18,157.42999267578125,157.42999267578125,0.0,0.0
2024-10-21,156.36000061035156,156.36000061035156,0.0,0.0
2024-10-22,156.10000610351562,156.10000610351562,0.0,0.0
2024-10-23,156.2899932861328,156.2899932861328,0.0,0.0
2024-10-24,156.8699951171875,156.8699951171875,0.0,0.0
2024-10-25,156.47000122070312,156.47000122070312,0.0,0.0
2024-10-28,156.5800018310547,156.5800018310547,0.0,0.0
2024-10-29,156.1199951171875,156.1199951171875,0.0,0.0
2024-10-30,155.4499969482422,155.4499969482422,0.0,0.0
2024-10-31,155.22000122070312,155.22000122070312,0.0,0.0
2024-11-01,155.22999572753906,155.22999572753906,0.0,0.0
2024-11-04,155.30999755859375,155.30999755859375,0.0,0.0
2024-11-05,155.00999450683594,155.00999450683594,0.0,0.0
2024-11-06,155.4600067138672,155.4600067138672,0.0,0.0
2024-11-07,155.10000610351562,155.10000610351562,0.0,0.0
2024-11-08,155.5,155.5,0.0,0.0
2024-11-11,156.00999450683594,156.00999450683594,0.0,0.0
2024-11-12,155.8800048828125,155.8800048828125,0.0,0.0
2024-11-13,155.60000610351562,155.60000610351562,0.0,0.0
2024-11-14,156.10000610351562,156.10000610351562,0.0,0.0
2024-11-15,156.24000549316406,156.24000549316406,0.0,0.0
2024-11-18,155.9199981689453,155.9199981689453,0.0,0.0
2024-11-19,156.22000122070312,156.22000122070312,0.0,0.0
2024-11-20,156.08999633789062,156.08999633789062,0.0,0.0
2024-11-21,156.3699951171875,156.3699951171875,0.0,0.0
2024-11-22,156.99000549316406,156.99000549316406,0.0,0.0
2024-11-25,157.14999389648438,157.14999389648438,0.0,0.0
2024-11-26,157.11000061035156,157.11000061035156,0.0,0.0
2024-11-27,157.3300018310547,157.3300018310547,0.0,0.0
2024-11-28,157.8699951171875,157.8699951171875,0.0,0.0
2024-11-29,158.4499969482422,158.4499969482422,0.0,0.0
2024-12-02,158.72000122070312,158.72000122070312,0.0,0.0
2024-12-03,158.5500030517578,158.5500030517578,0.0,0.0
2024-12-04,158.63999938964844,158.63999938964844,0.0,0.0
2024-12-05,158.52000427246094,158.52000427246094,0.0,0.0
2024-12-06,158.50999450683594,158.50999450683594,0.0,0.0
2024-12-09,158.7100067138672,158.7100067138672,0.0,0.0
2024-12-10,158.69000244140625,158.69000244140625,0.0,0.0
2024-12-11,158.77000427246094,158.77000427246094,0.0,0.0
2024-12-12,158.0500030517578,158.0500030517578,0.0,0.0
2024-12-13,157.44000244140625,157.44000244140625,0.0,0.0
2024-12-16,157.52000427246094,157.52000427246094,0.0,0.0
2024-12-17,157.5500030517578,157.5500030517578,0.0,0.0
2024-12-18,157.52999877929688,157.52999877929688,0.0,0.0
2024-12-19,157.0399932861328,157.0399932861328,0.0,0.0
2024-12-20,157.17999267578125,157.17999267578125,0.0,0.0
2024-12-23,156.89999389648438,156.89999389648438,0.0,0.0
2024-12-27,156.60000610351562,156.60000610351562,0.0,0.0
2024-12-30,156.82000732421875,156.82000732421875,0.0,0.0
2025-01-02,156.77000427246094,156.77000427246094,0.0,0.0
2025-01-03,156.14999389648438,156.14999389648438,0.0,0.0
2025-01-06,156.0399932861328,156.0399932861328,0.0,0.0
2025-01-07,155.94000244140625,155.94000244140625,0.0,0.0
2025-01-08,155.58999633789062,155.58999633789062,0.0,0.0
2025-01-09,155.1999969482422,155.1999969482422,0.0,0.0
2025-01-10,154.82000732421875,154.82000732421875,0.0,0.0
2025-01-13,154.50999450683594,154.50999450683594,0.0,0.0
2025-01-14,154.3699951171875,154.3699951171875,0.0,0.0
2025-01-15,155.47999572753906,155.47999572753906,0.0,0.0
2025-01-16,155.66000366210938,155.66000366210938,0.0,0.0
2025-01-17,155.83999633789062,155.83999633789062,0.0,0.0
2025-01-20,155.85000610351562,155.85000610351562,0.0,0.0
2025-01-21,156.10000610351562,156.10000610351562,0.0,0.0
2025-01-22,156.02000427246094,156.02000427246094,0.0,0.0
2025-01-23,155.8800048828125,155.8800048828125,0.0,0.0
2025-01-24,155.5500030517578,155.5500030517578,0.0,0.0
2025-01-27,155.86000061035156,155.86000061035156,0.0,0.0
2025-01-28,155.66000366210938,155.66000366210938,0.0,0.0
2025-01-29,155.72999572753906,155.72999572753906,0.0,0.0
2025-01-30,156.2100067138672,156.2100067138672,0.0,0.0
2025-01-31,156.82000732421875,156.82000732421875,0.0,0.0
2025-02-03,157.52000427246094,157.52000427246094,0.0,0.0
2025-02-04,157.4600067138672,157.4600067138672,0.0,0.0
2025-02-05,157.63999938964844,157.63999938964844,0.0,0.0
2025-02-06,157.74000549316406,157.74000549316406,0.0,0.0
2025-02-07,157.5500030517578,157.5500030517578,0.0,0.0
2025-02-10,157.7899932861328,157.7899932861328,0.0,0.0
2025-02-11,157.13999938964844,157.13999938964844,0.0,0.0
2025-02-12,156.75999450683594,156.75999450683594,0.0,0.0
2025-02-13,157.3699951171875,157.3699951171875,0.0,0.0
2025-02-14,157.1999969482422,157.1999969482422,0.0,0.0
2025-02-17,157.02999877929688,157.02999877929688,0.0,0.0
2025-02-18,156.99000549316406,156.99000549316406,0.0,0.0
2025-02-19,156.47000122070312,156.47000122070312,0.0,0.0
2025-02-20,156.58999633789062,156.58999633789062,0.0,0.0
2025-02-21,157.0500030517578,157.0500030517578,0.0,0.0
2025-02-24,157.1999969482422,157.1999969482422,0.0,0.0
2025-02-25,157.3800048828125,157.3800048828125,0.0,0.0
2025-02-26,157.57000732421875,157.57000732421875,0.0,0.0
2025-02-27,157.83999633789062,157.83999633789062,0.0,0.0
2025-02-28,158.0500030517578,158.0500030517578,0.0,0.0
2025-03-03,157.52000427246094,157.52000427246094,0.0,0.0
2025-03-04,157.63999938964844,157.63999938964844,0.0,0.0
2025-03-05,155.17999267578125,155.17999267578125,0.0,0.0
2025-03-06,154.49000549316406,154.49000549316406,0.0,0.0
2025-03-07,154.9499969482422,154.9499969482422,0.0,0.0
2025-03-10,155.08999633789062,155.08999633789062,0.0,0.0
2025-03-11,154.75999450683594,154.75999450683594,0.0,0.0
2025-03-12,154.85000610351562,154.85000610351562,0.0,0.0
2025-03-13,155.02999877929688,155.02999877929688,0.0,0.0
2025-03-14,155.0399932861328,155.0399932861328,0.0,0.0
2025-03-17,155.58999633789062,155.58999633789062,0.0,0.0
2025-03-18,155.5,155.5,0.0,0.0
2025-03-19,155.52000427246094,155.52000427246094,0.0,0.0
2025-03-20,155.67999267578125,155.67999267578125,0.0,0.0
2025-03-21,155.85000610351562,155.85000610351562,0.0,0.0
2025-03-24,156.02000427246094,156.02000427246094,0.0,0.0
2025-03-25,155.7899932861328,155.7899932861328,0.0,0.0
2025-03-26,155.92999267578125,155.92999267578125,0.0,0.0
2025-03-27,156.17999267578125,156.17999267578125,0.0,0.0
2025-03-28,156.47999572753906,156.47999572753906,0.0,0.0
2025-03-31,156.47000122070312,156.47000122070312,0.0,0.0
2025-04-01,156.89999389648438,156.89999389648438,0.0,0.0
2025-04-02,156.69000244140625,156.69000244140625,0.0,0.0
2025-04-03,157.52000427246094,157.52000427246094,0.0,0.0
2025-04-04,158.13999938964844,158.13999938964844,0.0,0.0
2025-04-07,157.4199981689453,157.4199981689453,0.0,0.0
2025-04-08,157.36000061035156,157.36000061035156,0.0,0.0
2025-04-09,157.52000427246094,157.52000427246094,0.0,0.0
2025-04-10,157.64999389648438,157.64999389648438,0.0,0.0
2025-04-11,157.89999389648438,157.89999389648438,0.0,0.0
2025-04-14,158.3300018310547,158.3300018310547,0.0,0.0
2025-04-15,158.24000549316406,158.24000549316406,0.0,0.0
2025-04-16,158.52999877929688,158.52999877929688,0.0,0.0
2025-04-17,158.99000549316406,158.99000549316406,0.0,0.0
2025-04-22,159.22999572753906,159.22999572753906,0.0,0.0
2025-04-23,158.99000549316406,158.99000549316406,0.0,0.0
2025-04-24,159.66000366210938,159.66000366210938,0.0,0.0
2025-04-25,159.3000030517578,159.3000030517578,0.0,0.0
2025-04-28,159.1699981689453,159.1699981689453,0.0,0.0
2025-04-29,159.1699981689453,159.1699981689453,0.0,0.0
2025-04-30,159.66000366210938,159.66000366210938,0.0,0.0
2025-05-02,159.10000610351562,159.10000610351562,0.0,0.0
2025-05-05,159.1199951171875,159.1199951171875,0.0,0.0
2025-05-06,159.11000061035156,159.11000061035156,0.0,0.0
2025-05-07,159.5500030517578,159.5500030517578,0.0,0.0
2025-05-08,159.3300018310547,159.3300018310547,0.0,0.0
2025-05-09,158.97000122070312,158.97000122070312,0.0,0.0
2025-05-12,158.1199951171875,158.1199951171875,0.0,0.0
2025-05-13,158.0399932861328,158.0399932861328,0.0,0.0
2025-05-14,157.8800048828125,157.8800048828125,0.0,0.0
2025-05-15,158.52999877929688,158.52999877929688,0.0,0.0
2025-05-16,158.83999633789062,158.83999633789062,0.0,0.0
2025-05-19,158.9499969482422,158.9499969482422,0.0,0.0
2025-05-20,158.94000244140625,158.94000244140625,0.0,0.0
2025-05-21,158.6300048828125,158.6300048828125,0.0,0.0
2025-05-22,158.64999389648438,158.64999389648438,0.0,0.0
2025-05-23,159.1999969482422,159.1999969482422,0.0,0.0
2025-05-26,159.36000061035156,159.36000061035156,0.0,0.0
2025-05-27,159.52000427246094,159.52000427246094,0.0,0.0
2025-05-28,159.47999572753906,159.47999572753906,0.0,0.0
2025-05-29,159.74000549316406,159.74000549316406,0.0,0.0
2025-05-30,159.8000030517578,159.8000030517578,0.0,0.0
2025-06-02,159.72999572753906,159.72999572753906,0.0,0.0
2025-06-03,159.88999938964844,159.88999938964844,0.0,0.0
2025-06-04,159.66000366210938,159.66000366210938,0.0,0.0
2025-06-05,159.16000366210938,159.16000366210938,0.0,0.0
2025-06-06,159.19000244140625,159.19000244140625,0.0,0.0
2025-06-09,159.22999572753906,159.22999572753906,0.0,0.0
2025-06-10,159.6199951171875,159.6199951171875,0.0,0.0
2025-06-11,159.47000122070312,159.47000122070312,0.0,0.0
2025-06-12,159.97000122070312,159.97000122070312,0.0,0.0
2025-06-13,159.33999633789062,159.33999633789062,0.0,0.0
2025-06-16,159.6199951171875,159.6199951171875,0.0,0.0
2025-06-17,159.33999633789062,159.33999633789062,0.0,0.0
2025-06-18,159.6199951171875,159.6199951171875,0.0,0.0
2025-06-19,159.3800048828125,159.3800048828125,0.0,0.0
2025-06-20,159.5500030517578,159.5500030517578,0.0,0.0
2025-06-23,159.66000366210938,159.66000366210938,0.0,0.0
2025-06-24,159.66000366210938,159.66000366210938,0.0,0.0
2025-06-25,159.49000549316406,159.49000549316406,0.0,0.0
2025-06-26,159.6699981689453,159.6699981689453,0.0,0.0
2025-06-27,159.4199981689453,159.4199981689453,0.0,0.0
2025-06-30,159.47000122070312,159.47000122070312,0.0,0.0
2025-07-01,159.72999572753906,159.72999572753906,0.0,0.0
2025-07-02,159.25,159.25,0.0,0.0
2025-07-03,159.67999267578125,159.67999267578125,0.0,0.0
2025-07-04,159.8000030517578,159.8000030517578,0.0,0.0
2025-07-07,159.44000244140625,159.44000244140625,0.0,0.0
2025-07-08,159.17999267578125,159.17999267578125,0.0,0.0
2025-07-09,159.19000244140625,159.19000244140625,0.0,0.0
2025-07-10,159.02000427246094,159.02000427246094,0.0,0.0
2025-07-11,158.77000427246094,158.77000427246094,0.0,0.0
2025-07-14,158.91000366210938,158.91000366210938,0.0,0.0
2025-07-15,159.0500030517578,159.0500030517578,0.0,0.0
2025-07-16,159.39999389648438,159.39999389648438,0.0,0.0
2025-07-17,159.3699951171875,159.3699951171875,0.0,0.0
2025-07-18,159.3000030517578,159.3000030517578,0.0,0.0
2025-07-21,159.97000122070312,159.97000122070312,0.0,0.0
2025-07-22,160.2899932861328,160.2899932861328,0.0,0.0
2025-07-23,160.27999877929688,160.27999877929688,0.0,0.0
2025-07-24,159.2899932861328,159.2899932861328,0.0,0.0
2025-07-25,159.10000610351562,159.10000610351562,0.0,0.0
2025-07-28,159.38999938964844,159.38999938964844,0.0,0.0
2025-07-29,159.4199981689453,159.4199981689453,0.0,0.0
2025-07-30,159.1999969482422,159.1999969482422,0.0,0.0
2025-07-31,159.36000061035156,159.36000061035156,0.0,0.0
2025-08-01,159.5500030517578,159.5500030517578,0.0,0.0
2025-08-04,159.9499969482422,159.9499969482422,0.0,0.0
2025-08-05,160.02000427246094,160.02000427246094,0.0,0.0
2025-08-06,159.89999389648438,159.89999389648438,0.0,0.0
2025-08-07,160.0399932861328,160.0399932861328,0.0,0.0
2025-08-08,159.5500030517578,159.5500030517578,0.0,0.0
2025-08-11,159.47000122070312,159.47000122070312,0.0,0.0
2025-08-12,159.19000244140625,159.19000244140625,0.0,0.0
2025-08-13,159.80999755859375,159.80999755859375,0.0,0.0
2025-08-14,159.6999969482422,159.6999969482422,0.0,0.0
2025-08-18,159.1699981689453,159.1699981689453,0.0,0.0
2025-08-19,159.2100067138672,159.2100067138672,0.0,0.0
2025-08-20,159.52999877929688,159.52999877929688,0.0,0.0
2025-08-21,159.1199951171875,159.1199951171875,0.0,0.0
2025-08-22,159.67999267578125,159.67999267578125,0.0,0.0
2025-08-25,159.1199951171875,159.1199951171875,0.0,0.0
2025-08-26,159.35000610351562,159.35000610351562,0.0,0.0
2025-08-27,159.4499969482422,159.4499969482422,0.0,0.0
2025-08-28,159.6699981689453,159.6699981689453,0.0,0.0
2025-08-29,159.4199981689453,159.4199981689453,0.0,0.0
2025-09-01,159.27000427246094,159.27000427246094,0.0,0.0
2025-09-02,158.80999755859375,158.80999755859375,0.0,0.0
2025-09-03,159.32000732421875,159.32000732421875,0.0,0.0
2025-09-04,159.57000732421875,159.57000732421875,0.0,0.0
2025-09-05,160.1300048828125,160.1300048828125,0.0,0.0
2025-09-08,160.24000549316406,160.24000549316406,0.0,0.0
2025-09-09,160.1199951171875,160.1199951171875,0.0,0.0
2025-09-10,160.16000366210938,160.16000366210938,0.0,0.0
2025-09-11,160.1199951171875,160.1199951171875,0.0,0.0
2025-09-12,159.5800018310547,159.5800018310547,0.0,0.0
2025-09-15,159.82000732421875,159.82000732421875,0.0,0.0
2025-09-16,159.80999755859375,159.80999755859375,0.0,0.0
2025-09-17,159.9199981689453,159.9199981689453,0.0,0.0
2025-09-18,159.72999572753906,159.72999572753906,0.0,0.0
2025-09-19,159.52999877929688,159.52999877929688,0.0,0.0
2025-09-22,159.5399932861328,159.5399932861328,0.0,0.0
2025-09-23,159.5500030517578,159.5500030517578,0.0,0.0
2025-09-24,159.5,159.5,0.0,0.0
2025-09-25,159.13999938964844,159.13999938964844,0.0,0.0
2025-09-26,159.42999267578125,159.42999267578125,0.0,0.0
2025-09-29,159.75999450683594,159.75999450683594,0.0,0.0
2025-09-30,159.82000732421875,159.82000732421875,0.0,0.0
2025-10-01,159.91000366210938,159.91000366210938,0.0,0.0
2025-10-02,159.91000366210938,159.91000366210938,0.0,0.0
2025-10-03,159.9600067138672,159.9600067138672,0.0,0.0
2025-10-06,159.83999633789062,159.83999633789062,0.0,0.0
2025-10-07,159.8699951171875,159.8699951171875,0.0,0.0
2025-10-08,160.3000030517578,160.3000030517578,0.0,0.0
2025-10-09,160.0500030517578,160.0500030517578,0.0,0.0
2025-10-10,160.50999450683594,160.50999450683594,0.0,0.0
2025-10-13,160.72999572753906,160.72999572753906,0.0,0.0
2025-10-14,160.97000122070312,160.97000122070312,0.0,0.0
2025-10-15,161.47000122070312,161.47000122070312,0.0,0.0
2025-10-16,161.5,161.5,0.0,0.0
2025-10-17,161.27000427246094,161.27000427246094,0.0,0.0
2025-10-20,161.27000427246094,161.27000427246094,0.0,0.0
2025-10-21,161.4600067138672,161.4600067138672,0.0,0.0
2025-10-22,161.52999877929688,161.52999877929688,0.0,0.0
2025-10-23,161.35000610351562,161.35000610351562,0.0,0.0
2025-10-27,161.0399932861328,161.0399932861328,0.0,0.0
2025-10-28,160.9499969482422,160.9499969482422,0.0,0.0
2025-10-29,161.1699981689453,161.1699981689453,0.0,0.0
2025-10-30,161.07000732421875,161.07000732421875,0.0,0.0
2025-10-31,161.1300048828125,161.1300048828125,0.0,0.0
2025-11-03,160.8800048828125,160.8800048828125,0.0,0.0
2025-11-04,160.99000549316406,160.99000549316406,0.0,0.0
2025-11-05,160.85000610351562,160.85000610351562,0.0,0.0
2025-11-06,160.97000122070312,160.97000122070312,0.0,0.0
2025-11-07,160.8800048828125,160.8800048828125,0.0,0.0
2025-11-10,160.9499969482422,160.9499969482422,0.0,0.0
2025-11-11,161.00999450683594,161.00999450683594,0.0,0.0
2025-11-12,161.27000427246094,161.27000427246094,0.0,0.0
2025-11-13,160.97000122070312,160.97000122070312,0.0,0.0
2025-11-14,160.69000244140625,160.69000244140625,0.0,0.0
2025-11-17,160.67999267578125,160.67999267578125,0.0,0.0
2025-11-18,160.72999572753906,160.72999572753906,0.0,0.0
2025-11-19,160.8300018310547,160.8300018310547,0.0,0.0
2025-11-20,160.72999572753906,160.72999572753906,0.0,0.0
2025-11-21,160.8800048828125,160.8800048828125,0.0,0.0
2025-11-24,160.94000244140625,160.94000244140625,0.0,0.0
2025-11-25,161.17999267578125,161.17999267578125,0.0,0.0
2025-11-26,161.27000427246094,161.27000427246094,0.0,0.0
2025-11-27,161.16000366210938,161.16000366210938,0.0,0.0
2025-11-28,161.19000244140625,161.19000244140625,0.0,0.0
2025-12-01,160.6999969482422,160.6999969482422,0.0,0.0
2025-12-02,160.7100067138672,160.7100067138672,0.0,0.0
2025-12-03,160.6699981689453,160.6699981689453,0.0,0.0
2025-12-04,160.5399932861328,160.5399932861328,0.0,0.0
2025-12-05,160.3300018310547,160.3300018310547,0.0,0.0
2025-12-08,159.69000244140625,159.69000244140625,0.0,0.0
2025-12-09,159.8300018310547,159.8300018310547,0.0,0.0
2025-12-10,159.7100067138672,159.7100067138672,0.0,0.0
2025-12-11,160.00999450683594,160.00999450683594,0.0,0.0
2025-12-12,159.88999938964844,159.88999938964844,0.0,0.0
2025-12-15,160.02000427246094,160.02000427246094,0.0,0.0
2025-12-16,160.08999633789062,160.08999633789062,0.0,0.0
2025-12-17,159.97000122070312,159.97000122070312,0.0,0.0
2025-12-18,160.27999877929688,160.27999877929688,0.0,0.0
2025-12-19,159.88999938964844,159.88999938964844,0.0,0.0
2025-12-22,159.8300018310547,159.8300018310547,0.0,0.0
2025-12-23,160.2100067138672,160.2100067138672,0.0,0.0
2025-12-29,160.7100067138672,160.7100067138672,0.0,0.0
2025-12-30,160.38999938964844,160.38999938964844,0.0,0.0
2026-01-02,160.22999572753906,160.22999572753906,0.0,0.0
2026-01-05,160.27999877929688,160.27999877929688,0.0,0.0
2026-01-06,160.52000427246094,160.52000427246094,0.0,0.0
2026-01-07,160.88999938964844,160.88999938964844,0.0,0.0
2026-01-08,160.72000122070312,160.72000122070312,0.0,0.0
2026-01-09,160.83999633789062,160.83999633789062,0.0,0.0
2026-01-12,161.02000427246094,161.02000427246094,0.0,0.0
2026-01-13,160.97000122070312,160.97000122070312,0.0,0.0
2026-01-14,161.08999633789062,161.08999633789062,0.0,0.0
2026-01-15,161.2100067138672,161.2100067138672,0.0,0.0
2026-01-16,161.02999877929688,161.02999877929688,0.0,0.0
2026-01-19,161.14999389648438,161.14999389648438,0.0,0.0
2026-01-20,160.97999572753906,160.97999572753906,0.0,0.0
2026-01-21,160.8300018310547,160.8300018310547,0.0,0.0
2026-01-22,160.97999572753906,160.97999572753906,0.0,0.0
2026-01-23,160.88999938964844,160.88999938964844,0.0,0.0
2026-01-26,161.32000732421875,161.32000732421875,0.0,0.0
2026-01-27,161.3300018310547,161.3300018310547,0.0,0.0
2026-01-28,161.44000244140625,161.44000244140625,0.0,0.0
2026-01-29,161.60000610351562,161.60000610351562,0.0,0.0
2026-01-30,161.63999938964844,161.63999938964844,0.0,0.0
2026-02-02,161.41000366210938,161.41000366210938,0.0,0.0
2026-02-03,161.25,161.25,0.0,0.0
2026-02-04,161.47999572753906,161.47999572753906,0.0,0.0
2026-02-05,161.6699981689453,161.6699981689453,0.0,0.0
2026-02-06,161.7100067138672,161.7100067138672,0.0,0.0
2026-02-09,161.8300018310547,161.8300018310547,0.0,0.0
2026-02-10,162.02999877929688,162.02999877929688,0.0,0.0
2026-02-11,162.08999633789062,162.08999633789062,0.0,0.0
2026-02-12,162.25,162.25,0.0,0.0
2026-02-13,162.52999877929688,162.52999877929688,0.0,0.0
2026-02-16,162.47999572753906,162.47999572753906,0.0,0.0
2026-02-17,162.66000366210938,162.66000366210938,0.0,0.0
2026-02-18,162.6699981689453,162.6699981689453,0.0,0.0
2026-02-19,162.58999633789062,162.58999633789062,0.0,0.0
2026-02-20,162.7100067138672,162.7100067138672,0.0,0.0
2026-02-23,162.9600067138672,162.9600067138672,0.0,0.0
2026-02-24,162.92999267578125,162.92999267578125,0.0,0.0
2026-02-25,163.07000732421875,163.07000732421875,0.0,0.0
2026-02-26,163.22000122070312,163.22000122070312,0.0,0.0
2026-02-27,163.57000732421875,163.57000732421875,0.0,0.0
2026-03-02,162.8699951171875,162.8699951171875,0.0,0.0
2026-03-03,161.88999938964844,161.88999938964844,0.0,0.0
2026-03-04,162.41000366210938,162.41000366210938,0.0,0.0
2026-03-05,161.27000427246094,161.27000427246094,0.0,0.0
2026-03-09,160.66000366210938,160.66000366210938,0.0,0.0
2026-03-10,161.41000366210938,161.41000366210938,0.0,0.0
2026-03-11,160.38999938964844,160.38999938964844,0.0,0.0
2026-03-12,159.99000549316406,159.99000549316406,0.0,0.0
2026-03-13,159.75,159.75,0.0,0.0
2026-03-16,160.0500030517578,160.0500030517578,0.0,0.0
2026-03-17,160.5399932861328,160.5399932861328,0.0,0.0
2026-03-18,160.00999450683594,160.00999450683594,0.0,0.0
2026-03-19,159.55999755859375,159.55999755859375,0.0,0.0
2026-03-20,158.50999450683594,158.50999450683594,0.0,0.0
2026-03-23,159.00999450683594,159.00999450683594,0.0,0.0
2026-03-24,158.72000122070312,158.72000122070312,0.0,0.0
2026-03-25,159.35000610351562,159.35000610351562,0.0,0.0
2026-03-26,158.24000549316406,158.24000549316406,0.0,0.0
2026-03-27,157.92999267578125,157.92999267578125,0.0,0.0
2026-03-30,158.6199951171875,158.6199951171875,0.0,0.0
2026-03-31,158.9499969482422,158.9499969482422,0.0,0.0
2026-04-01,159.3800048828125,159.3800048828125,0.0,0.0
2026-04-02,159.41000366210938,159.41000366210938,0.0,0.0
2026-04-07,158.5,158.5,0.0,0.0
2026-04-08,160.39999389648438,160.39999389648438,0.0,0.0
2026-04-09,159.92999267578125,159.92999267578125,0.0,0.0
2026-04-10,159.4499969482422,159.4499969482422,0.0,0.0
2026-04-13,159.0500030517578,159.0500030517578,0.0,0.0
2026-04-14,159.8699951171875,159.8699951171875,0.0,0.0
2026-04-15,159.75,159.75,0.0,0.0
2026-04-16,159.8300018310547,159.8300018310547,0.0,0.0
2026-04-17,160.80999755859375,160.80999755859375,0.0,0.0
2026-04-20,160.55999755859375,160.55999755859375,0.0,0.0
2026-04-21,160.05999755859375,160.05999755859375,0.0,0.0
2026-04-22,160.0,160.0,0.0,0.0
2026-04-23,160.02999877929688,160.02999877929688,0.0,0.0
2026-04-24,160.02999877929688,160.02999877929688,0.0,0.0
2026-04-27,159.75999450683594,159.75999450683594,0.0,0.0
2026-04-28,159.44000244140625,159.44000244140625,0.0,0.0
2026-04-29,159.0399932861328,159.0399932861328,0.0,0.0
2026-04-30,159.74000549316406,159.74000549316406,0.0,0.0
