date,close,adj close,dividends,stock splits,currency
2012-04-12,55.09000015258789,55.09000015258789,0.0,0.0,EUR
2012-04-13,55.2400016784668,55.2400016784668,0.0,0.0,EUR
2012-04-16,55.2400016784668,55.2400016784668,0.0,0.0,EUR
2012-04-17,55.2400016784668,55.2400016784668,0.0,0.0,EUR
2012-04-18,55.2400016784668,55.2400016784668,0.0,0.0,EUR
2012-04-19,55.2400016784668,55.2400016784668,0.0,0.0,EUR
2012-04-20,55.2400016784668,55.2400016784668,0.0,0.0,EUR
2012-04-23,55.2400016784668,55.2400016784668,0.0,0.0,EUR
2012-04-24,55.2400016784668,55.2400016784668,0.0,0.0,EUR
2012-04-25,55.2400016784668,55.2400016784668,0.0,0.0,EUR
2012-04-26,55.2400016784668,55.2400016784668,0.0,0.0,EUR
2012-04-27,55.2400016784668,55.2400016784668,0.0,0.0,EUR
2012-04-30,55.2400016784668,55.2400016784668,0.0,0.0,EUR
2012-05-02,55.2400016784668,55.2400016784668,0.0,0.0,EUR
2012-05-03,55.2400016784668,55.2400016784668,0.0,0.0,EUR
2012-05-04,55.2400016784668,55.2400016784668,0.0,0.0,EUR
2012-05-07,55.2400016784668,55.2400016784668,0.0,0.0,EUR
2012-05-08,55.2400016784668,55.2400016784668,0.0,0.0,EUR
2012-05-09,55.2400016784668,55.2400016784668,0.0,0.0,EUR
2012-05-10,55.2400016784668,55.2400016784668,0.0,0.0,EUR
2012-05-11,55.2400016784668,55.2400016784668,0.0,0.0,EUR
2012-05-14,54.27000045776367,54.27000045776367,0.0,0.0,EUR
2012-05-15,54.27000045776367,54.27000045776367,0.0,0.0,EUR
2012-05-16,54.27000045776367,54.27000045776367,0.0,0.0,EUR
2012-05-17,54.27000045776367,54.27000045776367,0.0,0.0,EUR
2012-05-18,54.27000045776367,54.27000045776367,0.0,0.0,EUR
2012-05-21,54.27000045776367,54.27000045776367,0.0,0.0,EUR
2012-05-22,54.27000045776367,54.27000045776367,0.0,0.0,EUR
2012-05-23,54.27000045776367,54.27000045776367,0.0,0.0,EUR
2012-05-24,54.27000045776367,54.27000045776367,0.0,0.0,EUR
2012-05-25,54.27000045776367,54.27000045776367,0.0,0.0,EUR
2012-05-28,54.27000045776367,54.27000045776367,0.0,0.0,EUR
2012-05-29,54.029998779296875,54.029998779296875,0.0,0.0,EUR
2012-05-30,54.029998779296875,54.029998779296875,0.0,0.0,EUR
2012-05-31,54.029998779296875,54.029998779296875,0.0,0.0,EUR
2012-06-01,54.029998779296875,54.029998779296875,0.0,0.0,EUR
2012-06-04,54.029998779296875,54.029998779296875,0.0,0.0,EUR
2012-06-05,54.029998779296875,54.029998779296875,0.0,0.0,EUR
2012-06-06,54.029998779296875,54.029998779296875,0.0,0.0,EUR
2012-06-07,54.029998779296875,54.029998779296875,0.0,0.0,EUR
2012-06-08,54.130001068115234,54.130001068115234,0.0,0.0,EUR
2012-06-11,54.130001068115234,54.130001068115234,0.0,0.0,EUR
2012-06-12,54.130001068115234,54.130001068115234,0.0,0.0,EUR
2012-06-13,54.130001068115234,54.130001068115234,0.0,0.0,EUR
2012-06-14,54.130001068115234,54.130001068115234,0.0,0.0,EUR
2012-06-15,54.130001068115234,54.130001068115234,0.0,0.0,EUR
2012-06-18,54.130001068115234,54.130001068115234,0.0,0.0,EUR
2012-06-19,54.130001068115234,54.130001068115234,0.0,0.0,EUR
2012-06-20,54.130001068115234,54.130001068115234,0.0,0.0,EUR
2012-06-21,54.130001068115234,54.130001068115234,0.0,0.0,EUR
2012-06-22,54.130001068115234,54.130001068115234,0.0,0.0,EUR
2012-06-25,54.130001068115234,54.130001068115234,0.0,0.0,EUR
2012-06-26,54.130001068115234,54.130001068115234,0.0,0.0,EUR
2012-06-27,54.130001068115234,54.130001068115234,0.0,0.0,EUR
2012-06-28,54.130001068115234,54.130001068115234,0.0,0.0,EUR
2012-06-29,54.130001068115234,54.130001068115234,0.0,0.0,EUR
2012-07-02,54.130001068115234,54.130001068115234,0.0,0.0,EUR
2012-07-03,54.130001068115234,54.130001068115234,0.0,0.0,EUR
2012-07-04,54.130001068115234,54.130001068115234,0.0,0.0,EUR
2012-07-05,54.130001068115234,54.130001068115234,0.0,0.0,EUR
2012-07-06,54.130001068115234,54.130001068115234,0.0,0.0,EUR
2012-07-09,54.130001068115234,54.130001068115234,0.0,0.0,EUR
2012-07-10,54.130001068115234,54.130001068115234,0.0,0.0,EUR
2012-07-11,54.130001068115234,54.130001068115234,0.0,0.0,EUR
2012-07-12,54.130001068115234,54.130001068115234,0.0,0.0,EUR
2012-07-13,54.130001068115234,54.130001068115234,0.0,0.0,EUR
2012-07-16,54.130001068115234,54.130001068115234,0.0,0.0,EUR
2012-07-17,54.130001068115234,54.130001068115234,0.0,0.0,EUR
2012-07-18,54.130001068115234,54.130001068115234,0.0,0.0,EUR
2012-07-19,54.130001068115234,54.130001068115234,0.0,0.0,EUR
2012-07-20,54.130001068115234,54.130001068115234,0.0,0.0,EUR
2012-07-23,54.130001068115234,54.130001068115234,0.0,0.0,EUR
2012-07-24,54.130001068115234,54.130001068115234,0.0,0.0,EUR
2012-07-25,54.130001068115234,54.130001068115234,0.0,0.0,EUR
2012-07-26,54.130001068115234,54.130001068115234,0.0,0.0,EUR
2012-07-27,54.130001068115234,54.130001068115234,0.0,0.0,EUR
2012-07-30,54.130001068115234,54.130001068115234,0.0,0.0,EUR
2012-07-31,54.130001068115234,54.130001068115234,0.0,0.0,EUR
2012-08-01,54.130001068115234,54.130001068115234,0.0,0.0,EUR
2012-08-02,54.130001068115234,54.130001068115234,0.0,0.0,EUR
2012-08-03,54.130001068115234,54.130001068115234,0.0,0.0,EUR
2012-08-06,54.130001068115234,54.130001068115234,0.0,0.0,EUR
2012-08-07,54.130001068115234,54.130001068115234,0.0,0.0,EUR
2012-08-08,58.93000030517578,58.93000030517578,0.0,0.0,EUR
2012-08-09,58.93000030517578,58.93000030517578,0.0,0.0,EUR
2012-08-10,58.93000030517578,58.93000030517578,0.0,0.0,EUR
2012-08-13,58.93000030517578,58.93000030517578,0.0,0.0,EUR
2012-08-14,58.93000030517578,58.93000030517578,0.0,0.0,EUR
2012-08-16,58.93000030517578,58.93000030517578,0.0,0.0,EUR
2012-08-17,58.93000030517578,58.93000030517578,0.0,0.0,EUR
2012-08-20,58.93000030517578,58.93000030517578,0.0,0.0,EUR
2012-08-21,58.93000030517578,58.93000030517578,0.0,0.0,EUR
2012-08-22,58.93000030517578,58.93000030517578,0.0,0.0,EUR
2012-08-23,58.45000076293945,58.45000076293945,0.0,0.0,EUR
2012-08-24,58.45000076293945,58.45000076293945,0.0,0.0,EUR
2012-08-27,58.45000076293945,58.45000076293945,0.0,0.0,EUR
2012-08-28,58.45000076293945,58.45000076293945,0.0,0.0,EUR
2012-08-29,58.45000076293945,58.45000076293945,0.0,0.0,EUR
2012-08-30,58.45000076293945,58.45000076293945,0.0,0.0,EUR
2012-08-31,58.45000076293945,58.45000076293945,0.0,0.0,EUR
2012-09-03,58.45000076293945,58.45000076293945,0.0,0.0,EUR
2012-09-04,58.45000076293945,58.45000076293945,0.0,0.0,EUR
2012-09-05,58.45000076293945,58.45000076293945,0.0,0.0,EUR
2012-09-06,58.45000076293945,58.45000076293945,0.0,0.0,EUR
2012-09-07,58.45000076293945,58.45000076293945,0.0,0.0,EUR
2012-09-10,58.45000076293945,58.45000076293945,0.0,0.0,EUR
2012-09-11,58.45000076293945,58.45000076293945,0.0,0.0,EUR
2012-09-12,58.45000076293945,58.45000076293945,0.0,0.0,EUR
2012-09-13,58.45000076293945,58.45000076293945,0.0,0.0,EUR
2012-09-14,58.45000076293945,58.45000076293945,0.0,0.0,EUR
2012-09-17,58.45000076293945,58.45000076293945,0.0,0.0,EUR
2012-09-18,58.45000076293945,58.45000076293945,0.0,0.0,EUR
2012-09-19,58.45000076293945,58.45000076293945,0.0,0.0,EUR
2012-09-20,58.45000076293945,58.45000076293945,0.0,0.0,EUR
2012-09-21,58.45000076293945,58.45000076293945,0.0,0.0,EUR
2012-09-24,58.45000076293945,58.45000076293945,0.0,0.0,EUR
2012-09-25,58.45000076293945,58.45000076293945,0.0,0.0,EUR
2012-09-26,58.45000076293945,58.45000076293945,0.0,0.0,EUR
2012-09-27,58.45000076293945,58.45000076293945,0.0,0.0,EUR
2012-09-28,58.20000076293945,58.20000076293945,0.0,0.0,EUR
2012-10-01,58.20000076293945,58.20000076293945,0.0,0.0,EUR
2012-10-02,58.20000076293945,58.20000076293945,0.0,0.0,EUR
2012-10-03,58.20000076293945,58.20000076293945,0.0,0.0,EUR
2012-10-04,58.20000076293945,58.20000076293945,0.0,0.0,EUR
2012-10-05,58.20000076293945,58.20000076293945,0.0,0.0,EUR
2012-10-08,58.20000076293945,58.20000076293945,0.0,0.0,EUR
2012-10-09,58.20000076293945,58.20000076293945,0.0,0.0,EUR
2012-10-10,58.20000076293945,58.20000076293945,0.0,0.0,EUR
2012-10-11,58.20000076293945,58.20000076293945,0.0,0.0,EUR
2012-10-12,58.20000076293945,58.20000076293945,0.0,0.0,EUR
2012-10-15,58.20000076293945,58.20000076293945,0.0,0.0,EUR
2012-10-16,58.20000076293945,58.20000076293945,0.0,0.0,EUR
2012-10-17,58.20000076293945,58.20000076293945,0.0,0.0,EUR
2012-10-18,58.20000076293945,58.20000076293945,0.0,0.0,EUR
2012-10-19,58.20000076293945,58.20000076293945,0.0,0.0,EUR
2012-10-22,58.20000076293945,58.20000076293945,0.0,0.0,EUR
2012-10-23,57.5,57.5,0.0,0.0,EUR
2012-10-24,57.5,57.5,0.0,0.0,EUR
2012-10-25,57.5,57.5,0.0,0.0,EUR
2012-10-26,57.5,57.5,0.0,0.0,EUR
2012-10-29,57.5,57.5,0.0,0.0,EUR
2012-10-30,57.5,57.5,0.0,0.0,EUR
2012-10-31,57.5,57.5,0.0,0.0,EUR
2012-11-01,57.5,57.5,0.0,0.0,EUR
2012-11-02,57.5,57.5,0.0,0.0,EUR
2012-11-05,57.5,57.5,0.0,0.0,EUR
2012-11-06,57.5,57.5,0.0,0.0,EUR
2012-11-07,57.5,57.5,0.0,0.0,EUR
2012-11-08,57.5,57.5,0.0,0.0,EUR
2012-11-09,57.5,57.5,0.0,0.0,EUR
2012-11-12,57.5,57.5,0.0,0.0,EUR
2012-11-13,57.86000061035156,57.86000061035156,0.0,0.0,EUR
2012-11-14,57.20000076293945,57.20000076293945,0.0,0.0,EUR
2012-11-15,56.59000015258789,56.59000015258789,0.0,0.0,EUR
2012-11-16,56.4900016784668,56.4900016784668,0.0,0.0,EUR
2012-11-19,57.41999816894531,57.41999816894531,0.0,0.0,EUR
2012-11-20,57.52000045776367,57.52000045776367,0.0,0.0,EUR
2012-11-21,57.52000045776367,57.52000045776367,0.0,0.0,EUR
2012-11-22,57.52000045776367,57.52000045776367,0.0,0.0,EUR
2012-11-23,57.52000045776367,57.52000045776367,0.0,0.0,EUR
2012-11-26,57.52000045776367,57.52000045776367,0.0,0.0,EUR
2012-11-27,57.52000045776367,57.52000045776367,0.0,0.0,EUR
2012-11-28,57.52000045776367,57.52000045776367,0.0,0.0,EUR
2012-11-29,57.52000045776367,57.52000045776367,0.0,0.0,EUR
2012-11-30,58.33000183105469,58.33000183105469,0.0,0.0,EUR
2012-12-03,58.33000183105469,58.33000183105469,0.0,0.0,EUR
2012-12-04,58.33000183105469,58.33000183105469,0.0,0.0,EUR
2012-12-05,57.79999923706055,57.79999923706055,0.0,0.0,EUR
2012-12-06,58.130001068115234,58.130001068115234,0.0,0.0,EUR
2012-12-07,58.790000915527344,58.790000915527344,0.0,0.0,EUR
2012-12-10,58.790000915527344,58.790000915527344,0.0,0.0,EUR
2012-12-11,58.790000915527344,58.790000915527344,0.0,0.0,EUR
2012-12-12,58.790000915527344,58.790000915527344,0.0,0.0,EUR
2012-12-13,58.529998779296875,58.529998779296875,0.0,0.0,EUR
2012-12-14,58.529998779296875,58.529998779296875,0.0,0.0,EUR
2012-12-17,58.439998626708984,58.439998626708984,0.0,0.0,EUR
2012-12-18,58.439998626708984,58.439998626708984,0.0,0.0,EUR
2012-12-19,58.439998626708984,58.439998626708984,0.0,0.0,EUR
2012-12-20,58.439998626708984,58.439998626708984,0.0,0.0,EUR
2012-12-21,58.439998626708984,58.439998626708984,0.0,0.0,EUR
2012-12-27,58.439998626708984,58.439998626708984,0.0,0.0,EUR
2012-12-28,58.439998626708984,58.439998626708984,0.0,0.0,EUR
2013-01-02,59.459999084472656,59.459999084472656,0.0,0.0,EUR
2013-01-03,59.459999084472656,59.459999084472656,0.0,0.0,EUR
2013-01-04,59.459999084472656,59.459999084472656,0.0,0.0,EUR
2013-01-07,59.459999084472656,59.459999084472656,0.0,0.0,EUR
2013-01-08,60.54999923706055,60.54999923706055,0.0,0.0,EUR
2013-01-09,60.54999923706055,60.54999923706055,0.0,0.0,EUR
2013-01-10,60.90999984741211,60.90999984741211,0.0,0.0,EUR
2013-01-11,60.90999984741211,60.90999984741211,0.0,0.0,EUR
2013-01-14,59.900001525878906,59.900001525878906,0.0,0.0,EUR
2013-01-15,59.849998474121094,59.849998474121094,0.0,0.0,EUR
2013-01-16,59.9900016784668,59.9900016784668,0.0,0.0,EUR
2013-01-17,60.029998779296875,60.029998779296875,0.0,0.0,EUR
2013-01-18,60.099998474121094,60.099998474121094,0.0,0.0,EUR
2013-01-21,60.099998474121094,60.099998474121094,0.0,0.0,EUR
2013-01-22,60.099998474121094,60.099998474121094,0.0,0.0,EUR
2013-01-23,60.099998474121094,60.099998474121094,0.0,0.0,EUR
2013-01-24,60.72999954223633,60.72999954223633,0.0,0.0,EUR
2013-01-25,60.439998626708984,60.439998626708984,0.0,0.0,EUR
2013-01-28,60.119998931884766,60.119998931884766,0.0,0.0,EUR
2013-01-29,60.43000030517578,60.43000030517578,0.0,0.0,EUR
2013-01-30,60.43000030517578,60.43000030517578,0.0,0.0,EUR
2013-01-31,60.43000030517578,60.43000030517578,0.0,0.0,EUR
2013-02-01,60.43000030517578,60.43000030517578,0.0,0.0,EUR
2013-02-04,60.18000030517578,60.18000030517578,0.0,0.0,EUR
2013-02-05,60.0,60.0,0.0,0.0,EUR
2013-02-06,60.099998474121094,60.099998474121094,0.0,0.0,EUR
2013-02-07,60.5,60.5,0.0,0.0,EUR
2013-02-08,60.5,60.5,0.0,0.0,EUR
2013-02-11,60.779998779296875,60.779998779296875,0.0,0.0,EUR
2013-02-12,60.72999954223633,60.72999954223633,0.0,0.0,EUR
2013-02-13,60.72999954223633,60.72999954223633,0.0,0.0,EUR
2013-02-14,60.72999954223633,60.72999954223633,0.0,0.0,EUR
2013-02-15,61.0,61.0,0.0,0.0,EUR
2013-02-18,61.099998474121094,61.099998474121094,0.0,0.0,EUR
2013-02-19,61.099998474121094,61.099998474121094,0.0,0.0,EUR
2013-02-20,61.439998626708984,61.439998626708984,0.0,0.0,EUR
2013-02-21,61.0,61.0,0.0,0.0,EUR
2013-02-22,61.0,61.0,0.0,0.0,EUR
2013-02-25,61.59000015258789,61.59000015258789,0.0,0.0,EUR
2013-02-26,61.279998779296875,61.279998779296875,0.0,0.0,EUR
2013-02-27,60.970001220703125,60.970001220703125,0.0,0.0,EUR
2013-02-28,62.099998474121094,62.099998474121094,0.0,0.0,EUR
2013-03-01,62.099998474121094,62.099998474121094,0.0,0.0,EUR
2013-03-04,62.27000045776367,62.27000045776367,0.0,0.0,EUR
2013-03-05,62.27000045776367,62.27000045776367,0.0,0.0,EUR
2013-03-06,62.27000045776367,62.27000045776367,0.0,0.0,EUR
2013-03-07,62.84000015258789,62.84000015258789,0.0,0.0,EUR
2013-03-08,63.720001220703125,63.720001220703125,0.0,0.0,EUR
2013-03-11,63.720001220703125,63.720001220703125,0.0,0.0,EUR
2013-03-12,63.720001220703125,63.720001220703125,0.0,0.0,EUR
2013-03-13,63.54999923706055,63.54999923706055,0.0,0.0,EUR
2013-03-14,63.91999816894531,63.91999816894531,0.0,0.0,EUR
2013-03-15,63.7599983215332,63.7599983215332,0.0,0.0,EUR
2013-03-18,63.7599983215332,63.7599983215332,0.0,0.0,EUR
2013-03-19,63.7599983215332,63.7599983215332,0.0,0.0,EUR
2013-03-20,63.7599983215332,63.7599983215332,0.0,0.0,EUR
2013-03-21,63.95000076293945,63.95000076293945,0.0,0.0,EUR
2013-03-22,63.95000076293945,63.95000076293945,0.0,0.0,EUR
2013-03-25,63.95000076293945,63.95000076293945,0.0,0.0,EUR
2013-03-26,63.95000076293945,63.95000076293945,0.0,0.0,EUR
2013-03-27,64.19000244140625,64.19000244140625,0.0,0.0,EUR
2013-03-28,64.75,64.75,0.0,0.0,EUR
2013-04-02,64.25,64.25,0.0,0.0,EUR
2013-04-03,64.25,64.25,0.0,0.0,EUR
2013-04-04,64.19999694824219,64.19999694824219,0.0,0.0,EUR
2013-04-05,62.369998931884766,62.369998931884766,0.0,0.0,EUR
2013-04-08,62.369998931884766,62.369998931884766,0.0,0.0,EUR
2013-04-09,63.18000030517578,63.18000030517578,0.0,0.0,EUR
2013-04-10,63.68000030517578,63.68000030517578,0.0,0.0,EUR
2013-04-11,64.44999694824219,64.44999694824219,0.0,0.0,EUR
2013-04-12,64.16999816894531,64.16999816894531,0.0,0.0,EUR
2013-04-15,63.400001525878906,63.400001525878906,0.0,0.0,EUR
2013-04-16,63.22999954223633,63.22999954223633,0.0,0.0,EUR
2013-04-17,63.22999954223633,63.22999954223633,0.0,0.0,EUR
2013-04-18,62.15999984741211,62.15999984741211,0.0,0.0,EUR
2013-04-19,62.15999984741211,62.15999984741211,0.0,0.0,EUR
2013-04-22,63.0,63.0,0.0,0.0,EUR
2013-04-23,63.279998779296875,63.279998779296875,0.0,0.0,EUR
2013-04-24,63.279998779296875,63.279998779296875,0.0,0.0,EUR
2013-04-25,63.279998779296875,63.279998779296875,0.0,0.0,EUR
2013-04-26,64.54000091552734,64.54000091552734,0.0,0.0,EUR
2013-04-29,64.58000183105469,64.58000183105469,0.0,0.0,EUR
2013-04-30,64.58000183105469,64.58000183105469,0.0,0.0,EUR
2013-05-02,64.37999725341797,64.37999725341797,0.0,0.0,EUR
2013-05-03,64.37999725341797,64.37999725341797,0.0,0.0,EUR
2013-05-06,65.83000183105469,65.83000183105469,0.0,0.0,EUR
2013-05-07,65.80000305175781,65.80000305175781,0.0,0.0,EUR
2013-05-08,65.80000305175781,65.80000305175781,0.0,0.0,EUR
2013-05-09,65.80000305175781,65.80000305175781,0.0,0.0,EUR
2013-05-10,66.61000061035156,66.61000061035156,0.0,0.0,EUR
2013-05-13,65.87999725341797,65.87999725341797,0.0,0.0,EUR
2013-05-14,65.87999725341797,65.87999725341797,0.0,0.0,EUR
2013-05-15,67.69000244140625,67.69000244140625,0.0,0.0,EUR
2013-05-16,67.70999908447266,67.70999908447266,0.0,0.0,EUR
2013-05-17,67.4000015258789,67.4000015258789,0.0,0.0,EUR
2013-05-20,67.83999633789062,67.83999633789062,0.0,0.0,EUR
2013-05-21,68.0,68.0,0.0,0.0,EUR
2013-05-22,68.0,68.0,0.0,0.0,EUR
2013-05-23,66.7699966430664,66.7699966430664,0.0,0.0,EUR
2013-05-24,66.37999725341797,66.37999725341797,0.0,0.0,EUR
2013-05-27,66.37999725341797,66.37999725341797,0.0,0.0,EUR
2013-05-28,66.37999725341797,66.37999725341797,0.0,0.0,EUR
2013-05-29,66.37999725341797,66.37999725341797,0.0,0.0,EUR
2013-05-30,65.66999816894531,65.66999816894531,0.0,0.0,EUR
2013-05-31,65.26000213623047,65.26000213623047,0.0,0.0,EUR
2013-06-03,65.22000122070312,65.22000122070312,0.0,0.0,EUR
2013-06-04,65.22000122070312,65.22000122070312,0.0,0.0,EUR
2013-06-05,65.22000122070312,65.22000122070312,0.0,0.0,EUR
2013-06-06,65.22000122070312,65.22000122070312,0.0,0.0,EUR
2013-06-07,64.12000274658203,64.12000274658203,0.0,0.0,EUR
2013-06-10,64.06999969482422,64.06999969482422,0.0,0.0,EUR
2013-06-11,64.06999969482422,64.06999969482422,0.0,0.0,EUR
2013-06-12,64.06999969482422,64.06999969482422,0.0,0.0,EUR
2013-06-13,62.5,62.5,0.0,0.0,EUR
2013-06-14,62.939998626708984,62.939998626708984,0.0,0.0,EUR
2013-06-17,63.88999938964844,63.88999938964844,0.0,0.0,EUR
2013-06-18,63.88999938964844,63.88999938964844,0.0,0.0,EUR
2013-06-19,63.88999938964844,63.88999938964844,0.0,0.0,EUR
2013-06-20,63.88999938964844,63.88999938964844,0.0,0.0,EUR
2013-06-21,63.88999938964844,63.88999938964844,0.0,0.0,EUR
2013-06-24,63.88999938964844,63.88999938964844,0.0,0.0,EUR
2013-06-25,63.88999938964844,63.88999938964844,0.0,0.0,EUR
2013-06-26,63.08000183105469,63.08000183105469,0.0,0.0,EUR
2013-06-27,63.16999816894531,63.16999816894531,0.0,0.0,EUR
2013-06-28,63.310001373291016,63.310001373291016,0.0,0.0,EUR
2013-07-01,63.709999084472656,63.709999084472656,0.0,0.0,EUR
2013-07-02,63.709999084472656,63.709999084472656,0.0,0.0,EUR
2013-07-03,63.29999923706055,63.29999923706055,0.0,0.0,EUR
2013-07-04,63.29999923706055,63.29999923706055,0.0,0.0,EUR
2013-07-05,63.29999923706055,63.29999923706055,0.0,0.0,EUR
2013-07-08,63.29999923706055,63.29999923706055,0.0,0.0,EUR
2013-07-09,63.29999923706055,63.29999923706055,0.0,0.0,EUR
2013-07-10,63.29999923706055,63.29999923706055,0.0,0.0,EUR
2013-07-11,63.29999923706055,63.29999923706055,0.0,0.0,EUR
2013-07-12,63.29999923706055,63.29999923706055,0.0,0.0,EUR
2013-07-15,63.29999923706055,63.29999923706055,0.0,0.0,EUR
2013-07-16,63.29999923706055,63.29999923706055,0.0,0.0,EUR
2013-07-17,65.6500015258789,65.6500015258789,0.0,0.0,EUR
2013-07-18,66.66000366210938,66.66000366210938,0.0,0.0,EUR
2013-07-19,66.66000366210938,66.66000366210938,0.0,0.0,EUR
2013-07-22,66.66000366210938,66.66000366210938,0.0,0.0,EUR
2013-07-23,66.13999938964844,66.13999938964844,0.0,0.0,EUR
2013-07-24,66.13999938964844,66.13999938964844,0.0,0.0,EUR
2013-07-25,65.5,65.5,0.0,0.0,EUR
2013-07-26,65.41999816894531,65.41999816894531,0.0,0.0,EUR
2013-07-29,65.1500015258789,65.1500015258789,0.0,0.0,EUR
2013-07-30,65.1500015258789,65.1500015258789,0.0,0.0,EUR
2013-07-31,65.1500015258789,65.1500015258789,0.0,0.0,EUR
2013-08-01,66.47000122070312,66.47000122070312,0.0,0.0,EUR
2013-08-02,66.47000122070312,66.47000122070312,0.0,0.0,EUR
2013-08-05,66.0199966430664,66.0199966430664,0.0,0.0,EUR
2013-08-06,66.0199966430664,66.0199966430664,0.0,0.0,EUR
2013-08-07,66.0199966430664,66.0199966430664,0.0,0.0,EUR
2013-08-08,65.44000244140625,65.44000244140625,0.0,0.0,EUR
2013-08-09,65.62000274658203,65.62000274658203,0.0,0.0,EUR
2013-08-12,65.62000274658203,65.62000274658203,0.0,0.0,EUR
2013-08-13,65.62000274658203,65.62000274658203,0.0,0.0,EUR
2013-08-14,66.47000122070312,66.47000122070312,0.0,0.0,EUR
2013-08-16,66.47000122070312,66.47000122070312,0.0,0.0,EUR
2013-08-19,66.47000122070312,66.47000122070312,0.0,0.0,EUR
2013-08-20,66.47000122070312,66.47000122070312,0.0,0.0,EUR
2013-08-21,66.47000122070312,66.47000122070312,0.0,0.0,EUR
2013-08-22,66.47000122070312,66.47000122070312,0.0,0.0,EUR
2013-08-23,66.47000122070312,66.47000122070312,0.0,0.0,EUR
2013-08-26,66.47000122070312,66.47000122070312,0.0,0.0,EUR
2013-08-27,66.47000122070312,66.47000122070312,0.0,0.0,EUR
2013-08-28,63.41999816894531,63.41999816894531,0.0,0.0,EUR
2013-08-29,63.41999816894531,63.41999816894531,0.0,0.0,EUR
2013-08-30,63.41999816894531,63.41999816894531,0.0,0.0,EUR
2013-09-02,63.41999816894531,63.41999816894531,0.0,0.0,EUR
2013-09-03,65.19999694824219,65.19999694824219,0.0,0.0,EUR
2013-09-04,65.19999694824219,65.19999694824219,0.0,0.0,EUR
2013-09-05,65.44999694824219,65.44999694824219,0.0,0.0,EUR
2013-09-06,65.44999694824219,65.44999694824219,0.0,0.0,EUR
2013-09-09,66.0,66.0,0.0,0.0,EUR
2013-09-10,66.0,66.0,0.0,0.0,EUR
2013-09-11,66.0,66.0,0.0,0.0,EUR
2013-09-12,66.81999969482422,66.81999969482422,0.0,0.0,EUR
2013-09-13,66.43000030517578,66.43000030517578,0.0,0.0,EUR
2013-09-16,66.43000030517578,66.43000030517578,0.0,0.0,EUR
2013-09-17,66.43000030517578,66.43000030517578,0.0,0.0,EUR
2013-09-18,66.43000030517578,66.43000030517578,0.0,0.0,EUR
2013-09-19,67.5,67.5,0.0,0.0,EUR
2013-09-20,67.05000305175781,67.05000305175781,0.0,0.0,EUR
2013-09-23,67.05000305175781,67.05000305175781,0.0,0.0,EUR
2013-09-24,67.05000305175781,67.05000305175781,0.0,0.0,EUR
2013-09-25,67.05000305175781,67.05000305175781,0.0,0.0,EUR
2013-09-26,67.05000305175781,67.05000305175781,0.0,0.0,EUR
2013-09-27,66.4800033569336,66.4800033569336,0.0,0.0,EUR
2013-09-30,65.69999694824219,65.69999694824219,0.0,0.0,EUR
2013-10-01,65.68000030517578,65.68000030517578,0.0,0.0,EUR
2013-10-02,65.68000030517578,65.68000030517578,0.0,0.0,EUR
2013-10-03,65.69999694824219,65.69999694824219,0.0,0.0,EUR
2013-10-04,65.69999694824219,65.69999694824219,0.0,0.0,EUR
2013-10-07,65.0,65.0,0.0,0.0,EUR
2013-10-08,65.0,65.0,0.0,0.0,EUR
2013-10-09,65.0,65.0,0.0,0.0,EUR
2013-10-10,66.18000030517578,66.18000030517578,0.0,0.0,EUR
2013-10-11,66.18000030517578,66.18000030517578,0.0,0.0,EUR
2013-10-14,66.36000061035156,66.36000061035156,0.0,0.0,EUR
2013-10-15,66.36000061035156,66.36000061035156,0.0,0.0,EUR
2013-10-16,66.36000061035156,66.36000061035156,0.0,0.0,EUR
2013-10-17,66.36000061035156,66.36000061035156,0.0,0.0,EUR
2013-10-18,67.37999725341797,67.37999725341797,0.0,0.0,EUR
2013-10-21,67.62000274658203,67.62000274658203,0.0,0.0,EUR
2013-10-22,67.62000274658203,67.62000274658203,0.0,0.0,EUR
2013-10-23,67.37000274658203,67.37000274658203,0.0,0.0,EUR
2013-10-24,67.54000091552734,67.54000091552734,0.0,0.0,EUR
2013-10-25,67.54000091552734,67.54000091552734,0.0,0.0,EUR
2013-10-28,67.54000091552734,67.54000091552734,0.0,0.0,EUR
2013-10-29,67.87000274658203,67.87000274658203,0.0,0.0,EUR
2013-10-30,67.87000274658203,67.87000274658203,0.0,0.0,EUR
2013-10-31,67.94999694824219,67.94999694824219,0.0,0.0,EUR
2013-11-01,67.94999694824219,67.94999694824219,0.0,0.0,EUR
2013-11-04,68.80000305175781,68.80000305175781,0.0,0.0,EUR
2013-11-05,68.80000305175781,68.80000305175781,0.0,0.0,EUR
2013-11-06,68.80000305175781,68.80000305175781,0.0,0.0,EUR
2013-11-07,69.68000030517578,69.68000030517578,0.0,0.0,EUR
2013-11-08,69.13999938964844,69.13999938964844,0.0,0.0,EUR
2013-11-11,69.27999877929688,69.27999877929688,0.0,0.0,EUR
2013-11-12,68.87000274658203,68.87000274658203,0.0,0.0,EUR
2013-11-13,68.87000274658203,68.87000274658203,0.0,0.0,EUR
2013-11-14,68.9000015258789,68.9000015258789,0.0,0.0,EUR
2013-11-15,69.3499984741211,69.3499984741211,0.0,0.0,EUR
2013-11-18,69.3499984741211,69.3499984741211,0.0,0.0,EUR
2013-11-19,69.66000366210938,69.66000366210938,0.0,0.0,EUR
2013-11-20,69.66000366210938,69.66000366210938,0.0,0.0,EUR
2013-11-21,69.3499984741211,69.3499984741211,0.0,0.0,EUR
2013-11-22,69.3499984741211,69.3499984741211,0.0,0.0,EUR
2013-11-25,69.3499984741211,69.3499984741211,0.0,0.0,EUR
2013-11-26,69.19999694824219,69.19999694824219,0.0,0.0,EUR
2013-11-27,69.19999694824219,69.19999694824219,0.0,0.0,EUR
2013-11-28,69.19999694824219,69.19999694824219,0.0,0.0,EUR
2013-11-29,69.80999755859375,69.80999755859375,0.0,0.0,EUR
2013-12-02,69.72000122070312,69.72000122070312,0.0,0.0,EUR
2013-12-03,69.72000122070312,69.72000122070312,0.0,0.0,EUR
2013-12-04,68.30000305175781,68.30000305175781,0.0,0.0,EUR
2013-12-05,68.62000274658203,68.62000274658203,0.0,0.0,EUR
2013-12-06,68.62000274658203,68.62000274658203,0.0,0.0,EUR
2013-12-09,68.62000274658203,68.62000274658203,0.0,0.0,EUR
2013-12-10,67.98999786376953,67.98999786376953,0.0,0.0,EUR
2013-12-11,67.98999786376953,67.98999786376953,0.0,0.0,EUR
2013-12-12,67.98999786376953,67.98999786376953,0.0,0.0,EUR
2013-12-13,67.98999786376953,67.98999786376953,0.0,0.0,EUR
2013-12-16,67.98999786376953,67.98999786376953,0.0,0.0,EUR
2013-12-17,67.98999786376953,67.98999786376953,0.0,0.0,EUR
2013-12-18,67.98999786376953,67.98999786376953,0.0,0.0,EUR
2013-12-19,67.98999786376953,67.98999786376953,0.0,0.0,EUR
2013-12-20,67.98999786376953,67.98999786376953,0.0,0.0,EUR
2013-12-23,67.98999786376953,67.98999786376953,0.0,0.0,EUR
2013-12-27,67.98999786376953,67.98999786376953,0.0,0.0,EUR
2013-12-30,69.88999938964844,69.88999938964844,0.0,0.0,EUR
2014-01-02,70.26000213623047,70.26000213623047,0.0,0.0,EUR
2014-01-03,70.26000213623047,70.26000213623047,0.0,0.0,EUR
2014-01-06,70.26000213623047,70.26000213623047,0.0,0.0,EUR
2014-01-07,70.26000213623047,70.26000213623047,0.0,0.0,EUR
2014-01-08,69.5999984741211,69.5999984741211,0.0,0.0,EUR
2014-01-09,69.66999816894531,69.66999816894531,0.0,0.0,EUR
2014-01-10,69.69000244140625,69.69000244140625,0.0,0.0,EUR
2014-01-13,69.69000244140625,69.69000244140625,0.0,0.0,EUR
2014-01-14,69.69000244140625,69.69000244140625,0.0,0.0,EUR
2014-01-15,70.33999633789062,70.33999633789062,0.0,0.0,EUR
2014-01-16,70.33999633789062,70.33999633789062,0.0,0.0,EUR
2014-01-17,70.70999908447266,70.70999908447266,0.0,0.0,EUR
2014-01-20,70.30000305175781,70.30000305175781,0.0,0.0,EUR
2014-01-21,70.30000305175781,70.30000305175781,0.0,0.0,EUR
2014-01-22,70.30000305175781,70.30000305175781,0.0,0.0,EUR
2014-01-23,70.30000305175781,70.30000305175781,0.0,0.0,EUR
2014-01-24,68.38999938964844,68.38999938964844,0.0,0.0,EUR
2014-01-27,67.58999633789062,67.58999633789062,0.0,0.0,EUR
2014-01-28,67.58999633789062,67.58999633789062,0.0,0.0,EUR
2014-01-29,67.58999633789062,67.58999633789062,0.0,0.0,EUR
2014-01-30,67.58999633789062,67.58999633789062,0.0,0.0,EUR
2014-01-31,67.58999633789062,67.58999633789062,0.0,0.0,EUR
2014-02-03,67.37000274658203,67.37000274658203,0.0,0.0,EUR
2014-02-04,67.37000274658203,67.37000274658203,0.0,0.0,EUR
2014-02-05,66.30000305175781,66.30000305175781,0.0,0.0,EUR
2014-02-06,66.30000305175781,66.30000305175781,0.0,0.0,EUR
2014-02-07,67.61000061035156,67.61000061035156,0.0,0.0,EUR
2014-02-10,67.61000061035156,67.61000061035156,0.0,0.0,EUR
2014-02-11,67.61000061035156,67.61000061035156,0.0,0.0,EUR
2014-02-12,67.61000061035156,67.61000061035156,0.0,0.0,EUR
2014-02-13,67.61000061035156,67.61000061035156,0.0,0.0,EUR
2014-02-14,69.29000091552734,69.29000091552734,0.0,0.0,EUR
2014-02-17,69.29000091552734,69.29000091552734,0.0,0.0,EUR
2014-02-18,69.25,69.25,0.0,0.0,EUR
2014-02-19,69.25,69.25,0.0,0.0,EUR
2014-02-20,69.11000061035156,69.11000061035156,0.0,0.0,EUR
2014-02-21,69.37000274658203,69.37000274658203,0.0,0.0,EUR
2014-02-24,69.37000274658203,69.37000274658203,0.0,0.0,EUR
2014-02-25,69.37000274658203,69.37000274658203,0.0,0.0,EUR
2014-02-26,69.7699966430664,69.7699966430664,0.0,0.0,EUR
2014-02-27,69.7699966430664,69.7699966430664,0.0,0.0,EUR
2014-02-28,69.7699966430664,69.7699966430664,0.0,0.0,EUR
2014-03-03,69.44999694824219,69.44999694824219,0.0,0.0,EUR
2014-03-04,69.44999694824219,69.44999694824219,0.0,0.0,EUR
2014-03-05,70.5199966430664,70.5199966430664,0.0,0.0,EUR
2014-03-06,70.5199966430664,70.5199966430664,0.0,0.0,EUR
2014-03-07,70.5199966430664,70.5199966430664,0.0,0.0,EUR
2014-03-10,69.88999938964844,69.88999938964844,0.0,0.0,EUR
2014-03-11,69.88999938964844,69.88999938964844,0.0,0.0,EUR
2014-03-12,69.88999938964844,69.88999938964844,0.0,0.0,EUR
2014-03-13,68.80000305175781,68.80000305175781,0.0,0.0,EUR
2014-03-14,68.19999694824219,68.19999694824219,0.0,0.0,EUR
2014-03-17,68.44000244140625,68.44000244140625,0.0,0.0,EUR
2014-03-18,68.44000244140625,68.44000244140625,0.0,0.0,EUR
2014-03-19,68.44000244140625,68.44000244140625,0.0,0.0,EUR
2014-03-20,68.44000244140625,68.44000244140625,0.0,0.0,EUR
2014-03-21,69.69999694824219,69.69999694824219,0.0,0.0,EUR
2014-03-24,69.69999694824219,69.69999694824219,0.0,0.0,EUR
2014-03-25,69.69999694824219,69.69999694824219,0.0,0.0,EUR
2014-03-26,69.69999694824219,69.69999694824219,0.0,0.0,EUR
2014-03-27,69.6500015258789,69.6500015258789,0.0,0.0,EUR
2014-03-28,69.6500015258789,69.6500015258789,0.0,0.0,EUR
2014-03-31,69.6500015258789,69.6500015258789,0.0,0.0,EUR
2014-04-01,70.23999786376953,70.23999786376953,0.0,0.0,EUR
2014-04-02,70.30000305175781,70.30000305175781,0.0,0.0,EUR
2014-04-03,70.30000305175781,70.30000305175781,0.0,0.0,EUR
2014-04-04,70.98999786376953,70.98999786376953,0.0,0.0,EUR
2014-04-07,70.98999786376953,70.98999786376953,0.0,0.0,EUR
2014-04-08,70.98999786376953,70.98999786376953,0.0,0.0,EUR
2014-04-09,69.77999877929688,69.77999877929688,0.0,0.0,EUR
2014-04-10,69.77999877929688,69.77999877929688,0.0,0.0,EUR
2014-04-11,69.77999877929688,69.77999877929688,0.0,0.0,EUR
2014-04-14,69.77999877929688,69.77999877929688,0.0,0.0,EUR
2014-04-15,69.0199966430664,69.0199966430664,0.0,0.0,EUR
2014-04-16,69.0199966430664,69.0199966430664,0.0,0.0,EUR
2014-04-17,69.0199966430664,69.0199966430664,0.0,0.0,EUR
2014-04-22,70.75,70.75,0.0,0.0,EUR
2014-04-23,69.86000061035156,69.86000061035156,0.0,0.0,EUR
2014-04-24,71.80000305175781,71.80000305175781,0.0,0.0,EUR
2014-04-25,71.80000305175781,71.80000305175781,0.0,0.0,EUR
2014-04-28,71.80000305175781,71.80000305175781,0.0,0.0,EUR
2014-04-29,71.80000305175781,71.80000305175781,0.0,0.0,EUR
2014-04-30,71.80000305175781,71.80000305175781,0.0,0.0,EUR
2014-05-02,71.80000305175781,71.80000305175781,0.0,0.0,EUR
2014-05-05,71.80000305175781,71.80000305175781,0.0,0.0,EUR
2014-05-06,71.80000305175781,71.80000305175781,0.0,0.0,EUR
2014-05-07,70.0199966430664,70.0199966430664,0.0,0.0,EUR
2014-05-08,70.0199966430664,70.0199966430664,0.0,0.0,EUR
2014-05-09,70.0199966430664,70.0199966430664,0.0,0.0,EUR
2014-05-12,70.0199966430664,70.0199966430664,0.0,0.0,EUR
2014-05-13,70.0199966430664,70.0199966430664,0.0,0.0,EUR
2014-05-14,70.0199966430664,70.0199966430664,0.0,0.0,EUR
2014-05-15,72.30999755859375,72.30999755859375,0.0,0.0,EUR
2014-05-16,72.30999755859375,72.30999755859375,0.0,0.0,EUR
2014-05-19,72.30999755859375,72.30999755859375,0.0,0.0,EUR
2014-05-20,72.30999755859375,72.30999755859375,0.0,0.0,EUR
2014-05-21,72.30999755859375,72.30999755859375,0.0,0.0,EUR
2014-05-22,72.18000030517578,72.18000030517578,0.0,0.0,EUR
2014-05-23,72.18000030517578,72.18000030517578,0.0,0.0,EUR
2014-05-26,72.87000274658203,72.87000274658203,0.0,0.0,EUR
2014-05-27,72.58000183105469,72.58000183105469,0.0,0.0,EUR
2014-05-28,72.58000183105469,72.58000183105469,0.0,0.0,EUR
2014-05-29,72.58000183105469,72.58000183105469,0.0,0.0,EUR
2014-05-30,72.58000183105469,72.58000183105469,0.0,0.0,EUR
2014-06-02,73.2300033569336,73.2300033569336,0.0,0.0,EUR
2014-06-03,73.2300033569336,73.2300033569336,0.0,0.0,EUR
2014-06-04,73.0,73.0,0.0,0.0,EUR
2014-06-05,73.52999877929688,73.52999877929688,0.0,0.0,EUR
2014-06-06,73.9000015258789,73.9000015258789,0.0,0.0,EUR
2014-06-09,73.9000015258789,73.9000015258789,0.0,0.0,EUR
2014-06-10,74.5999984741211,74.5999984741211,0.0,0.0,EUR
2014-06-11,74.5999984741211,74.5999984741211,0.0,0.0,EUR
2014-06-12,74.08999633789062,74.08999633789062,0.0,0.0,EUR
2014-06-13,73.80000305175781,73.80000305175781,0.0,0.0,EUR
2014-06-16,74.37999725341797,74.37999725341797,0.0,0.0,EUR
2014-06-17,74.37999725341797,74.37999725341797,0.0,0.0,EUR
2014-06-18,74.37999725341797,74.37999725341797,0.0,0.0,EUR
2014-06-19,74.37999725341797,74.37999725341797,0.0,0.0,EUR
2014-06-20,75.4000015258789,75.4000015258789,0.0,0.0,EUR
2014-06-23,75.12000274658203,75.12000274658203,0.0,0.0,EUR
2014-06-24,75.11000061035156,75.11000061035156,0.0,0.0,EUR
2014-06-25,74.4000015258789,74.4000015258789,0.0,0.0,EUR
2014-06-26,75.0,75.0,0.0,0.0,EUR
2014-06-27,75.0,75.0,0.0,0.0,EUR
2014-06-30,74.62999725341797,74.62999725341797,0.0,0.0,EUR
2014-07-01,75.0,75.0,0.0,0.0,EUR
2014-07-02,75.0,75.0,0.0,0.0,EUR
2014-07-03,75.0,75.0,0.0,0.0,EUR
2014-07-04,75.38999938964844,75.38999938964844,0.0,0.0,EUR
2014-07-07,75.38999938964844,75.38999938964844,0.0,0.0,EUR
2014-07-08,75.38999938964844,75.38999938964844,0.0,0.0,EUR
2014-07-09,74.5,74.5,0.0,0.0,EUR
2014-07-10,74.19999694824219,74.19999694824219,0.0,0.0,EUR
2014-07-11,74.19999694824219,74.19999694824219,0.0,0.0,EUR
2014-07-14,75.08000183105469,75.08000183105469,0.0,0.0,EUR
2014-07-15,75.13999938964844,75.13999938964844,0.0,0.0,EUR
2014-07-16,75.54000091552734,75.54000091552734,0.0,0.0,EUR
2014-07-17,75.54000091552734,75.54000091552734,0.0,0.0,EUR
2014-07-18,74.9000015258789,74.9000015258789,0.0,0.0,EUR
2014-07-21,74.9000015258789,74.9000015258789,0.0,0.0,EUR
2014-07-22,74.9000015258789,74.9000015258789,0.0,0.0,EUR
2014-07-23,76.1500015258789,76.1500015258789,0.0,0.0,EUR
2014-07-24,76.1500015258789,76.1500015258789,0.0,0.0,EUR
2014-07-25,76.1500015258789,76.1500015258789,0.0,0.0,EUR
2014-07-28,76.19000244140625,76.19000244140625,0.0,0.0,EUR
2014-07-29,76.4000015258789,76.4000015258789,0.0,0.0,EUR
2014-07-30,76.38999938964844,76.38999938964844,0.0,0.0,EUR
2014-07-31,75.6500015258789,75.6500015258789,0.0,0.0,EUR
2014-08-01,74.41000366210938,74.41000366210938,0.0,0.0,EUR
2014-08-04,74.41000366210938,74.41000366210938,0.0,0.0,EUR
2014-08-05,74.33000183105469,74.33000183105469,0.0,0.0,EUR
2014-08-06,74.33000183105469,74.33000183105469,0.0,0.0,EUR
2014-08-07,74.33000183105469,74.33000183105469,0.0,0.0,EUR
2014-08-08,73.7300033569336,73.7300033569336,0.0,0.0,EUR
2014-08-11,74.91000366210938,74.91000366210938,0.0,0.0,EUR
2014-08-12,74.91000366210938,74.91000366210938,0.0,0.0,EUR
2014-08-13,74.91000366210938,74.91000366210938,0.0,0.0,EUR
2014-08-14,74.91000366210938,74.91000366210938,0.0,0.0,EUR
2014-08-18,75.87999725341797,75.87999725341797,0.0,0.0,EUR
2014-08-19,75.87999725341797,75.87999725341797,0.0,0.0,EUR
2014-08-20,75.87999725341797,75.87999725341797,0.0,0.0,EUR
2014-08-21,75.87999725341797,75.87999725341797,0.0,0.0,EUR
2014-08-22,75.87999725341797,75.87999725341797,0.0,0.0,EUR
2014-08-25,75.87999725341797,75.87999725341797,0.0,0.0,EUR
2014-08-26,78.01000213623047,78.01000213623047,0.0,0.0,EUR
2014-08-27,77.6500015258789,77.6500015258789,0.0,0.0,EUR
2014-08-28,77.70999908447266,77.70999908447266,0.0,0.0,EUR
2014-08-29,77.70999908447266,77.70999908447266,0.0,0.0,EUR
2014-09-01,77.70999908447266,77.70999908447266,0.0,0.0,EUR
2014-09-02,78.70999908447266,78.70999908447266,0.0,0.0,EUR
2014-09-03,78.7300033569336,78.7300033569336,0.0,0.0,EUR
2014-09-04,78.7300033569336,78.7300033569336,0.0,0.0,EUR
2014-09-05,79.30000305175781,79.30000305175781,0.0,0.0,EUR
2014-09-08,79.30000305175781,79.30000305175781,0.0,0.0,EUR
2014-09-09,79.30000305175781,79.30000305175781,0.0,0.0,EUR
2014-09-10,79.30000305175781,79.30000305175781,0.0,0.0,EUR
2014-09-11,78.9000015258789,78.9000015258789,0.0,0.0,EUR
2014-09-12,78.66999816894531,78.66999816894531,0.0,0.0,EUR
2014-09-15,78.31999969482422,78.31999969482422,0.0,0.0,EUR
2014-09-16,78.5,78.5,0.0,0.0,EUR
2014-09-17,78.5,78.5,0.0,0.0,EUR
2014-09-18,79.36000061035156,79.36000061035156,0.0,0.0,EUR
2014-09-19,79.79000091552734,79.79000091552734,0.0,0.0,EUR
2014-09-22,79.0199966430664,79.0199966430664,0.0,0.0,EUR
2014-09-23,78.45999908447266,78.45999908447266,0.0,0.0,EUR
2014-09-24,78.45999908447266,78.45999908447266,0.0,0.0,EUR
2014-09-25,78.44999694824219,78.44999694824219,0.0,0.0,EUR
2014-09-26,78.68000030517578,78.68000030517578,0.0,0.0,EUR
2014-09-29,78.5999984741211,78.5999984741211,0.0,0.0,EUR
2014-09-30,78.5999984741211,78.5999984741211,0.0,0.0,EUR
2014-10-01,78.44000244140625,78.44000244140625,0.0,0.0,EUR
2014-10-02,78.44000244140625,78.44000244140625,0.0,0.0,EUR
2014-10-03,78.41000366210938,78.41000366210938,0.0,0.0,EUR
2014-10-06,78.41000366210938,78.41000366210938,0.0,0.0,EUR
2014-10-07,78.41000366210938,78.41000366210938,0.0,0.0,EUR
2014-10-08,76.41999816894531,76.41999816894531,0.0,0.0,EUR
2014-10-09,76.95999908447266,76.95999908447266,0.0,0.0,EUR
2014-10-10,75.69000244140625,75.69000244140625,0.0,0.0,EUR
2014-10-13,75.06999969482422,75.06999969482422,0.0,0.0,EUR
2014-10-14,75.13999938964844,75.13999938964844,0.0,0.0,EUR
2014-10-15,73.08999633789062,73.08999633789062,0.0,0.0,EUR
2014-10-16,73.18000030517578,73.18000030517578,0.0,0.0,EUR
2014-10-17,74.62000274658203,74.62000274658203,0.0,0.0,EUR
2014-10-20,74.58000183105469,74.58000183105469,0.0,0.0,EUR
2014-10-21,75.91999816894531,75.91999816894531,0.0,0.0,EUR
2014-10-22,75.91999816894531,75.91999816894531,0.0,0.0,EUR
2014-10-23,75.91999816894531,75.91999816894531,0.0,0.0,EUR
2014-10-24,75.91999816894531,75.91999816894531,0.0,0.0,EUR
2014-10-27,75.91999816894531,75.91999816894531,0.0,0.0,EUR
2014-10-28,77.2699966430664,77.2699966430664,0.0,0.0,EUR
2014-10-29,77.2699966430664,77.2699966430664,0.0,0.0,EUR
2014-10-30,78.44000244140625,78.44000244140625,0.0,0.0,EUR
2014-10-31,80.12999725341797,80.12999725341797,0.0,0.0,EUR
2014-11-03,80.33000183105469,80.33000183105469,0.0,0.0,EUR
2014-11-04,79.2300033569336,79.2300033569336,0.0,0.0,EUR
2014-11-05,80.20999908447266,80.20999908447266,0.0,0.0,EUR
2014-11-06,80.76000213623047,80.76000213623047,0.0,0.0,EUR
2014-11-07,80.72000122070312,80.72000122070312,0.0,0.0,EUR
2014-11-10,80.9800033569336,80.9800033569336,0.0,0.0,EUR
2014-11-11,80.9800033569336,80.9800033569336,0.0,0.0,EUR
2014-11-12,80.9800033569336,80.9800033569336,0.0,0.0,EUR
2014-11-13,80.81999969482422,80.81999969482422,0.0,0.0,EUR
2014-11-14,80.81999969482422,80.81999969482422,0.0,0.0,EUR
2014-11-17,80.72000122070312,80.72000122070312,0.0,0.0,EUR
2014-11-18,80.70999908447266,80.70999908447266,0.0,0.0,EUR
2014-11-19,80.43000030517578,80.43000030517578,0.0,0.0,EUR
2014-11-20,80.68000030517578,80.68000030517578,0.0,0.0,EUR
2014-11-21,82.27999877929688,82.27999877929688,0.0,0.0,EUR
2014-11-24,82.12999725341797,82.12999725341797,0.0,0.0,EUR
2014-11-25,81.8499984741211,81.8499984741211,0.0,0.0,EUR
2014-11-26,81.88999938964844,81.88999938964844,0.0,0.0,EUR
2014-11-27,82.08999633789062,82.08999633789062,0.0,0.0,EUR
2014-11-28,82.08999633789062,82.08999633789062,0.0,0.0,EUR
2014-12-01,81.20999908447266,81.20999908447266,0.0,0.0,EUR
2014-12-02,81.20999908447266,81.20999908447266,0.0,0.0,EUR
2014-12-03,82.69999694824219,82.69999694824219,0.0,0.0,EUR
2014-12-04,81.6500015258789,81.6500015258789,0.0,0.0,EUR
2014-12-05,82.93000030517578,82.93000030517578,0.0,0.0,EUR
2014-12-08,82.66000366210938,82.66000366210938,0.0,0.0,EUR
2014-12-09,80.58999633789062,80.58999633789062,0.0,0.0,EUR
2014-12-10,80.58000183105469,80.58000183105469,0.0,0.0,EUR
2014-12-11,80.87000274658203,80.87000274658203,0.0,0.0,EUR
2014-12-12,78.9800033569336,78.9800033569336,0.0,0.0,EUR
2014-12-15,77.77999877929688,77.77999877929688,0.0,0.0,EUR
2014-12-16,78.0999984741211,78.0999984741211,0.0,0.0,EUR
2014-12-17,78.47000122070312,78.47000122070312,0.0,0.0,EUR
2014-12-18,80.9800033569336,80.9800033569336,0.0,0.0,EUR
2014-12-19,82.0,82.0,0.0,0.0,EUR
2014-12-22,82.20999908447266,82.20999908447266,0.0,0.0,EUR
2014-12-23,82.20999908447266,82.20999908447266,0.0,0.0,EUR
2014-12-29,83.36000061035156,83.36000061035156,0.0,0.0,EUR
2014-12-30,83.36000061035156,83.36000061035156,0.0,0.0,EUR
2015-01-02,3.3124001026153564,3.3124001026153564,0.0,0.0,EUR
2015-01-05,3.3124001026153564,3.3124001026153564,0.0,0.0,EUR
2015-01-06,3.3124001026153564,3.3124001026153564,0.0,0.0,EUR
2015-01-07,3.2995998859405518,3.2995998859405518,0.0,0.0,EUR
2015-01-08,3.381200075149536,3.381200075149536,0.0,0.0,EUR
2015-01-09,3.3336000442504883,3.3336000442504883,0.0,0.0,EUR
2015-01-12,3.3336000442504883,3.3336000442504883,0.0,0.0,EUR
2015-01-13,3.378000020980835,3.378000020980835,0.0,0.0,EUR
2015-01-14,3.378000020980835,3.378000020980835,0.0,0.0,EUR
2015-01-15,3.378000020980835,3.378000020980835,0.0,0.0,EUR
2015-01-16,3.4200000762939453,3.4200000762939453,0.0,0.0,EUR
2015-01-19,3.4200000762939453,3.4200000762939453,0.0,0.0,EUR
2015-01-20,3.4200000762939453,3.4200000762939453,0.0,0.0,EUR
2015-01-21,3.4200000762939453,3.4200000762939453,0.0,0.0,EUR
2015-01-22,3.527600049972534,3.527600049972534,0.0,0.0,EUR
2015-01-23,3.589200019836426,3.589200019836426,0.0,0.0,EUR
2015-01-26,3.58240008354187,3.58240008354187,0.0,0.0,EUR
2015-01-27,3.5260000228881836,3.5260000228881836,0.0,0.0,EUR
2015-01-28,3.538800001144409,3.538800001144409,0.0,0.0,EUR
2015-01-29,3.50600004196167,3.50600004196167,0.0,0.0,EUR
2015-01-30,3.50600004196167,3.50600004196167,0.0,0.0,EUR
2015-02-02,3.5055999755859375,3.5055999755859375,0.0,0.0,EUR
2015-02-03,3.5055999755859375,3.5055999755859375,0.0,0.0,EUR
2015-02-04,3.5576000213623047,3.5576000213623047,0.0,0.0,EUR
2015-02-05,3.565999984741211,3.565999984741211,0.0,0.0,EUR
2015-02-06,3.5992000102996826,3.5992000102996826,0.0,0.0,EUR
2015-02-09,3.571199893951416,3.571199893951416,0.0,0.0,EUR
2015-02-10,3.5836000442504883,3.5836000442504883,0.0,0.0,EUR
2015-02-11,3.596400022506714,3.596400022506714,0.0,0.0,EUR
2015-02-12,3.593600034713745,3.593600034713745,0.0,0.0,EUR
2015-02-13,3.619999885559082,3.619999885559082,0.0,0.0,EUR
2015-02-16,3.6324000358581543,3.6324000358581543,0.0,0.0,EUR
2015-02-17,3.631999969482422,3.631999969482422,0.0,0.0,EUR
2015-02-18,3.6507999897003174,3.6507999897003174,0.0,0.0,EUR
2015-02-19,3.6568000316619873,3.6568000316619873,0.0,0.0,EUR
2015-02-20,3.6528000831604004,3.6528000831604004,0.0,0.0,EUR
2015-02-23,3.6803998947143555,3.6803998947143555,0.0,0.0,EUR
2015-02-24,3.8399999141693115,3.8399999141693115,0.0,0.0,EUR
2015-02-25,3.6947999000549316,3.6947999000549316,0.0,0.0,EUR
2015-02-26,3.742000102996826,3.742000102996826,0.0,0.0,EUR
2015-02-27,3.7372000217437744,3.7372000217437744,0.0,0.0,EUR
2015-03-02,3.7476000785827637,3.7476000785827637,0.0,0.0,EUR
2015-03-03,3.7251999378204346,3.7251999378204346,0.0,0.0,EUR
2015-03-04,3.747999906539917,3.747999906539917,0.0,0.0,EUR
2015-03-05,3.7788000106811523,3.7788000106811523,0.0,0.0,EUR
2015-03-06,3.7971999645233154,3.7971999645233154,0.0,0.0,EUR
2015-03-09,3.7904000282287598,3.7904000282287598,0.0,0.0,EUR
2015-03-10,3.7788000106811523,3.7788000106811523,0.0,0.0,EUR
2015-03-11,3.8255999088287354,3.8255999088287354,0.0,0.0,EUR
2015-03-12,3.8468000888824463,3.8468000888824463,0.0,0.0,EUR
2015-03-13,3.8519999980926514,3.8519999980926514,0.0,0.0,EUR
2015-03-16,3.884399890899658,3.884399890899658,0.0,0.0,EUR
2015-03-17,3.8691999912261963,3.8691999912261963,0.0,0.0,EUR
2015-03-18,3.861599922180176,3.861599922180176,0.0,0.0,EUR
2015-03-19,3.898400068283081,3.898400068283081,0.0,0.0,EUR
2015-03-20,3.8875999450683594,3.8875999450683594,0.0,0.0,EUR
2015-03-23,3.848400115966797,3.848400115966797,0.0,0.0,EUR
2015-03-24,3.8564000129699707,3.8564000129699707,0.0,0.0,EUR
2015-03-25,3.7952001094818115,3.7952001094818115,0.0,0.0,EUR
2015-03-26,3.7827999591827393,3.7827999591827393,0.0,0.0,EUR
2015-03-27,3.785599946975708,3.785599946975708,0.0,0.0,EUR
2015-03-30,3.847599983215332,3.847599983215332,0.0,0.0,EUR
2015-03-31,3.855600118637085,3.855600118637085,0.0,0.0,EUR
2015-04-01,3.8371999263763428,3.8371999263763428,0.0,0.0,EUR
2015-04-02,3.8236000537872314,3.8236000537872314,0.0,0.0,EUR
2015-04-07,3.8787999153137207,3.8787999153137207,0.0,0.0,EUR
2015-04-08,3.9019999504089355,3.9019999504089355,0.0,0.0,EUR
2015-04-09,3.9423999786376953,3.9423999786376953,0.0,0.0,EUR
2015-04-10,4.002799987792969,4.002799987792969,0.0,0.0,EUR
2015-04-13,4.013599872589111,4.013599872589111,0.0,0.0,EUR
2015-04-14,3.9672000408172607,3.9672000408172607,0.0,0.0,EUR
2015-04-15,4.010799884796143,4.010799884796143,0.0,0.0,EUR
2015-04-16,3.97760009765625,3.97760009765625,0.0,0.0,EUR
2015-04-17,3.913599967956543,3.913599967956543,0.0,0.0,EUR
2015-04-20,3.953200101852417,3.953200101852417,0.0,0.0,EUR
2015-04-21,3.9672000408172607,3.9672000408172607,0.0,0.0,EUR
2015-04-22,3.9791998863220215,3.9791998863220215,0.0,0.0,EUR
2015-04-23,3.956399917602539,3.956399917602539,0.0,0.0,EUR
2015-04-24,3.963599920272827,3.963599920272827,0.0,0.0,EUR
2015-04-27,3.9688000679016113,3.9688000679016113,0.0,0.0,EUR
2015-04-28,3.9260001182556152,3.9260001182556152,0.0,0.0,EUR
2015-04-29,3.8512001037597656,3.8512001037597656,0.0,0.0,EUR
2015-04-30,3.8127999305725098,3.8127999305725098,0.0,0.0,EUR
2015-05-04,3.8420000076293945,3.8420000076293945,0.0,0.0,EUR
2015-05-05,3.7892000675201416,3.7892000675201416,0.0,0.0,EUR
2015-05-06,3.7372000217437744,3.7372000217437744,0.0,0.0,EUR
2015-05-07,3.7564001083374023,3.7564001083374023,0.0,0.0,EUR
2015-05-08,3.8276000022888184,3.8276000022888184,0.0,0.0,EUR
2015-05-11,3.844399929046631,3.844399929046631,0.0,0.0,EUR
2015-05-12,3.792799949645996,3.792799949645996,0.0,0.0,EUR
2015-05-13,3.7523999214172363,3.7523999214172363,0.0,0.0,EUR
2015-05-14,3.792799949645996,3.792799949645996,0.0,0.0,EUR
2015-05-15,3.7771999835968018,3.7771999835968018,0.0,0.0,EUR
2015-05-18,3.8076000213623047,3.8076000213623047,0.0,0.0,EUR
2015-05-19,3.884399890899658,3.884399890899658,0.0,0.0,EUR
2015-05-20,3.891200065612793,3.891200065612793,0.0,0.0,EUR
2015-05-21,3.8968000411987305,3.8968000411987305,0.0,0.0,EUR
2015-05-22,3.9184000492095947,3.9184000492095947,0.0,0.0,EUR
2015-05-25,3.8959999084472656,3.8959999084472656,0.0,0.0,EUR
2015-05-26,3.9100000858306885,3.9100000858306885,0.0,0.0,EUR
2015-05-27,3.933199882507324,3.933199882507324,0.0,0.0,EUR
2015-05-28,3.920799970626831,3.920799970626831,0.0,0.0,EUR
2015-05-29,3.8815999031066895,3.8815999031066895,0.0,0.0,EUR
2015-06-01,3.901599884033203,3.901599884033203,0.0,0.0,EUR
2015-06-02,3.8299999237060547,3.8299999237060547,0.0,0.0,EUR
2015-06-03,3.8071999549865723,3.8071999549865723,0.0,0.0,EUR
2015-06-04,3.769200086593628,3.769200086593628,0.0,0.0,EUR
2015-06-05,3.8055999279022217,3.8055999279022217,0.0,0.0,EUR
2015-06-08,3.753200054168701,3.753200054168701,0.0,0.0,EUR
2015-06-09,3.753200054168701,3.753200054168701,0.0,0.0,EUR
2015-06-10,3.7676000595092773,3.7676000595092773,0.0,0.0,EUR
2015-06-11,3.8064000606536865,3.8064000606536865,0.0,0.0,EUR
2015-06-12,3.7655999660491943,3.7655999660491943,0.0,0.0,EUR
2015-06-15,3.740799903869629,3.740799903869629,0.0,0.0,EUR
2015-06-16,3.7616000175476074,3.7616000175476074,0.0,0.0,EUR
2015-06-17,3.7583999633789062,3.7583999633789062,0.0,0.0,EUR
2015-06-18,3.7544000148773193,3.7544000148773193,0.0,0.0,EUR
2015-06-19,3.7736001014709473,3.7736001014709473,0.0,0.0,EUR
2015-06-22,3.7911999225616455,3.7911999225616455,0.0,0.0,EUR
2015-06-23,3.8552000522613525,3.8552000522613525,0.0,0.0,EUR
2015-06-24,3.8431999683380127,3.8431999683380127,0.0,0.0,EUR
2015-06-25,3.834399938583374,3.834399938583374,0.0,0.0,EUR
2015-06-26,3.83240008354187,3.83240008354187,0.0,0.0,EUR
2015-06-29,3.7548000812530518,3.7548000812530518,0.0,0.0,EUR
2015-06-30,3.7507998943328857,3.7507998943328857,0.0,0.0,EUR
2015-07-01,3.786400079727173,3.786400079727173,0.0,0.0,EUR
2015-07-02,3.777600049972534,3.777600049972534,0.0,0.0,EUR
2015-07-03,3.77239990234375,3.77239990234375,0.0,0.0,EUR
2015-07-06,3.757999897003174,3.757999897003174,0.0,0.0,EUR
2015-07-07,3.7344000339508057,3.7344000339508057,0.0,0.0,EUR
2015-07-08,3.6903998851776123,3.6903998851776123,0.0,0.0,EUR
2015-07-09,3.723599910736084,3.723599910736084,0.0,0.0,EUR
2015-07-10,3.7272000312805176,3.7272000312805176,0.0,0.0,EUR
2015-07-13,3.8096001148223877,3.8096001148223877,0.0,0.0,EUR
2015-07-14,3.830399990081787,3.830399990081787,0.0,0.0,EUR
2015-07-15,3.849600076675415,3.849600076675415,0.0,0.0,EUR
2015-07-16,3.897599935531616,3.897599935531616,0.0,0.0,EUR
2015-07-17,3.907599925994873,3.907599925994873,0.0,0.0,EUR
2015-07-20,3.91759991645813,3.91759991645813,0.0,0.0,EUR
2015-07-21,3.8691999912261963,3.8691999912261963,0.0,0.0,EUR
2015-07-22,3.8571999073028564,3.8571999073028564,0.0,0.0,EUR
2015-07-23,3.8359999656677246,3.8359999656677246,0.0,0.0,EUR
2015-07-24,3.8043999671936035,3.8043999671936035,0.0,0.0,EUR
2015-07-27,3.7107999324798584,3.7107999324798584,0.0,0.0,EUR
2015-07-28,3.7432000637054443,3.7432000637054443,0.0,0.0,EUR
2015-07-29,3.7432000637054443,3.7432000637054443,0.0,0.0,EUR
2015-07-30,3.816800117492676,3.816800117492676,0.0,0.0,EUR
2015-07-31,3.816800117492676,3.816800117492676,0.0,0.0,EUR
2015-08-03,3.811199903488159,3.811199903488159,0.0,0.0,EUR
2015-08-04,3.809999942779541,3.809999942779541,0.0,0.0,EUR
2015-08-05,3.8592000007629395,3.8592000007629395,0.0,0.0,EUR
2015-08-06,3.796799898147583,3.796799898147583,0.0,0.0,EUR
2015-08-07,3.7727999687194824,3.7727999687194824,0.0,0.0,EUR
2015-08-10,3.816800117492676,3.816800117492676,0.0,0.0,EUR
2015-08-11,3.7444000244140625,3.7444000244140625,0.0,0.0,EUR
2015-08-12,3.643199920654297,3.643199920654297,0.0,0.0,EUR
2015-08-13,3.7047998905181885,3.7047998905181885,0.0,0.0,EUR
2015-08-14,3.7047998905181885,3.7047998905181885,0.0,0.0,EUR
2015-08-17,3.7320001125335693,3.7320001125335693,0.0,0.0,EUR
2015-08-18,3.7451999187469482,3.7451999187469482,0.0,0.0,EUR
2015-08-19,3.7451999187469482,3.7451999187469482,0.0,0.0,EUR
2015-08-20,3.7451999187469482,3.7451999187469482,0.0,0.0,EUR
2015-08-21,3.4672000408172607,3.4672000408172607,0.0,0.0,EUR
2015-08-24,3.4672000408172607,3.4672000408172607,0.0,0.0,EUR
2015-08-25,3.3784000873565674,3.3784000873565674,0.0,0.0,EUR
2015-08-26,3.330399990081787,3.330399990081787,0.0,0.0,EUR
2015-08-27,3.4667999744415283,3.4667999744415283,0.0,0.0,EUR
2015-08-28,3.4839999675750732,3.4839999675750732,0.0,0.0,EUR
2015-08-31,3.4839999675750732,3.4839999675750732,0.0,0.0,EUR
2015-09-01,3.3940000534057617,3.3940000534057617,0.0,0.0,EUR
2015-09-02,3.399199962615967,3.399199962615967,0.0,0.0,EUR
2015-09-03,3.492799997329712,3.492799997329712,0.0,0.0,EUR
2015-09-04,3.403599977493286,3.403599977493286,0.0,0.0,EUR
2015-09-07,3.403599977493286,3.403599977493286,0.0,0.0,EUR
2015-09-08,3.44320011138916,3.44320011138916,0.0,0.0,EUR
2015-09-09,3.4839999675750732,3.4839999675750732,0.0,0.0,EUR
2015-09-10,3.4275999069213867,3.4275999069213867,0.0,0.0,EUR
2015-09-11,3.3928000926971436,3.3928000926971436,0.0,0.0,EUR
2015-09-14,3.4040000438690186,3.4040000438690186,0.0,0.0,EUR
2015-09-15,3.441200017929077,3.441200017929077,0.0,0.0,EUR
2015-09-16,3.441200017929077,3.441200017929077,0.0,0.0,EUR
2015-09-17,3.4791998863220215,3.4791998863220215,0.0,0.0,EUR
2015-09-18,3.4231998920440674,3.4231998920440674,0.0,0.0,EUR
2015-09-21,3.4763998985290527,3.4763998985290527,0.0,0.0,EUR
2015-09-22,3.4000000953674316,3.4000000953674316,0.0,0.0,EUR
2015-09-23,3.4019999504089355,3.4019999504089355,0.0,0.0,EUR
2015-09-24,3.3143999576568604,3.3143999576568604,0.0,0.0,EUR
2015-09-25,3.4028000831604004,3.4028000831604004,0.0,0.0,EUR
2015-09-28,3.3308000564575195,3.3308000564575195,0.0,0.0,EUR
2015-09-29,3.286799907684326,3.286799907684326,0.0,0.0,EUR
2015-09-30,3.36680006980896,3.36680006980896,0.0,0.0,EUR
2015-10-01,3.3564000129699707,3.3564000129699707,0.0,0.0,EUR
2015-10-02,3.3427999019622803,3.3427999019622803,0.0,0.0,EUR
2015-10-05,3.4619998931884766,3.4619998931884766,0.0,0.0,EUR
2015-10-06,3.46560001373291,3.46560001373291,0.0,0.0,EUR
2015-10-07,3.4804000854492188,3.4804000854492188,0.0,0.0,EUR
2015-10-08,3.490799903869629,3.490799903869629,0.0,0.0,EUR
2015-10-09,3.5176000595092773,3.5176000595092773,0.0,0.0,EUR
2015-10-12,3.5064001083374023,3.5064001083374023,0.0,0.0,EUR
2015-10-13,3.4872000217437744,3.4872000217437744,0.0,0.0,EUR
2015-10-14,3.4872000217437744,3.4872000217437744,0.0,0.0,EUR
2015-10-15,3.4783999919891357,3.4783999919891357,0.0,0.0,EUR
2015-10-16,3.526400089263916,3.526400089263916,0.0,0.0,EUR
2015-10-19,3.5360000133514404,3.5360000133514404,0.0,0.0,EUR
2015-10-20,3.5360000133514404,3.5360000133514404,0.0,0.0,EUR
2015-10-21,3.5360000133514404,3.5360000133514404,0.0,0.0,EUR
2015-10-22,3.608799934387207,3.608799934387207,0.0,0.0,EUR
2015-10-23,3.687999963760376,3.687999963760376,0.0,0.0,EUR
2015-10-26,3.674799919128418,3.674799919128418,0.0,0.0,EUR
2015-10-27,3.649600028991699,3.649600028991699,0.0,0.0,EUR
2015-10-28,3.649600028991699,3.649600028991699,0.0,0.0,EUR
2015-10-29,3.691999912261963,3.691999912261963,0.0,0.0,EUR
2015-10-30,3.6723999977111816,3.6723999977111816,0.0,0.0,EUR
2015-11-02,3.6856000423431396,3.6856000423431396,0.0,0.0,EUR
2015-11-03,3.7300000190734863,3.7300000190734863,0.0,0.0,EUR
2015-11-04,3.761199951171875,3.761199951171875,0.0,0.0,EUR
2015-11-05,3.7395999431610107,3.7395999431610107,0.0,0.0,EUR
2015-11-06,3.7655999660491943,3.7655999660491943,0.0,0.0,EUR
2015-11-09,3.7263998985290527,3.7263998985290527,0.0,0.0,EUR
2015-11-10,3.7416000366210938,3.7416000366210938,0.0,0.0,EUR
2015-11-11,3.746799945831299,3.746799945831299,0.0,0.0,EUR
2015-11-12,3.7160000801086426,3.7160000801086426,0.0,0.0,EUR
2015-11-13,3.675600051879883,3.675600051879883,0.0,0.0,EUR
2015-11-16,3.6723999977111816,3.6723999977111816,0.0,0.0,EUR
2015-11-17,3.757999897003174,3.757999897003174,0.0,0.0,EUR
2015-11-18,3.7576000690460205,3.7576000690460205,0.0,0.0,EUR
2015-11-19,3.761199951171875,3.761199951171875,0.0,0.0,EUR
2015-11-20,3.808799982070923,3.808799982070923,0.0,0.0,EUR
2015-11-23,3.8196001052856445,3.8196001052856445,0.0,0.0,EUR
2015-11-24,3.7751998901367188,3.7751998901367188,0.0,0.0,EUR
2015-11-25,3.8043999671936035,3.8043999671936035,0.0,0.0,EUR
2015-11-26,3.8452000617980957,3.8452000617980957,0.0,0.0,EUR
2015-11-27,3.8176000118255615,3.8176000118255615,0.0,0.0,EUR
2015-11-30,3.8176000118255615,3.8176000118255615,0.0,0.0,EUR
2015-12-01,3.8083999156951904,3.8083999156951904,0.0,0.0,EUR
2015-12-02,3.8287999629974365,3.8287999629974365,0.0,0.0,EUR
2015-12-03,3.691200017929077,3.691200017929077,0.0,0.0,EUR
2015-12-04,3.6803998947143555,3.6803998947143555,0.0,0.0,EUR
2015-12-07,3.6812000274658203,3.6812000274658203,0.0,0.0,EUR
2015-12-08,3.646399974822998,3.646399974822998,0.0,0.0,EUR
2015-12-09,3.602799892425537,3.602799892425537,0.0,0.0,EUR
2015-12-10,3.612799882888794,3.612799882888794,0.0,0.0,EUR
2015-12-11,3.541599988937378,3.541599988937378,0.0,0.0,EUR
2015-12-14,3.482800006866455,3.482800006866455,0.0,0.0,EUR
2015-12-15,3.583199977874756,3.583199977874756,0.0,0.0,EUR
2015-12-16,3.59879994392395,3.59879994392395,0.0,0.0,EUR
2015-12-17,3.647599935531616,3.647599935531616,0.0,0.0,EUR
2015-12-18,3.5927999019622803,3.5927999019622803,0.0,0.0,EUR
2015-12-21,3.5927999019622803,3.5927999019622803,0.0,0.0,EUR
2015-12-22,3.5571999549865723,3.5571999549865723,0.0,0.0,EUR
2015-12-23,3.6456000804901123,3.6456000804901123,0.0,0.0,EUR
2015-12-28,3.6456000804901123,3.6456000804901123,0.0,0.0,EUR
2015-12-29,3.6640000343322754,3.6640000343322754,0.0,0.0,EUR
2015-12-30,3.6519999504089355,3.6519999504089355,0.0,0.0,EUR
2015-12-31,3.6519999504089355,3.6519999504089355,0.0,0.0,EUR
2016-01-04,3.5515999794006348,3.5515999794006348,0.0,0.0,EUR
2016-01-05,3.6012001037597656,3.6012001037597656,0.0,0.0,EUR
2016-01-06,3.6012001037597656,3.6012001037597656,0.0,0.0,EUR
2016-01-07,3.4763998985290527,3.4763998985290527,0.0,0.0,EUR
2016-01-08,3.4091999530792236,3.4091999530792236,0.0,0.0,EUR
2016-01-11,3.386399984359741,3.386399984359741,0.0,0.0,EUR
2016-01-12,3.408799886703491,3.408799886703491,0.0,0.0,EUR
2016-01-13,3.4212000370025635,3.4212000370025635,0.0,0.0,EUR
2016-01-14,3.374799966812134,3.374799966812134,0.0,0.0,EUR
2016-01-15,3.2811999320983887,3.2811999320983887,0.0,0.0,EUR
2016-01-18,3.28439998626709,3.28439998626709,0.0,0.0,EUR
2016-01-19,3.323199987411499,3.323199987411499,0.0,0.0,EUR
2016-01-20,3.208400011062622,3.208400011062622,0.0,0.0,EUR
2016-01-21,3.2923998832702637,3.2923998832702637,0.0,0.0,EUR
2016-01-22,3.3715999126434326,3.3715999126434326,0.0,0.0,EUR
2016-01-25,3.3571999073028564,3.3571999073028564,0.0,0.0,EUR
2016-01-26,3.351599931716919,3.351599931716919,0.0,0.0,EUR
2016-01-27,3.3643999099731445,3.3643999099731445,0.0,0.0,EUR
2016-01-28,3.3187999725341797,3.3187999725341797,0.0,0.0,EUR
2016-01-29,3.4047999382019043,3.4047999382019043,0.0,0.0,EUR
2016-02-01,3.408400058746338,3.408400058746338,0.0,0.0,EUR
2016-02-02,3.359999895095825,3.359999895095825,0.0,0.0,EUR
2016-02-03,3.359999895095825,3.359999895095825,0.0,0.0,EUR
2016-02-04,3.286400079727173,3.286400079727173,0.0,0.0,EUR
2016-02-05,3.286400079727173,3.286400079727173,0.0,0.0,EUR
2016-02-08,3.1663999557495117,3.1663999557495117,0.0,0.0,EUR
2016-02-09,3.134399890899658,3.134399890899658,0.0,0.0,EUR
2016-02-10,3.1760001182556152,3.1760001182556152,0.0,0.0,EUR
2016-02-11,3.041599988937378,3.041599988937378,0.0,0.0,EUR
2016-02-12,3.1440000534057617,3.1440000534057617,0.0,0.0,EUR
2016-02-15,3.2372000217437744,3.2372000217437744,0.0,0.0,EUR
2016-02-16,3.224400043487549,3.224400043487549,0.0,0.0,EUR
2016-02-17,3.308000087738037,3.308000087738037,0.0,0.0,EUR
2016-02-18,3.313199996948242,3.313199996948242,0.0,0.0,EUR
2016-02-19,3.313199996948242,3.313199996948242,0.0,0.0,EUR
2016-02-22,3.313199996948242,3.313199996948242,0.0,0.0,EUR
2016-02-23,3.3299999237060547,3.3299999237060547,0.0,0.0,EUR
2016-02-24,3.273200035095215,3.273200035095215,0.0,0.0,EUR
2016-02-25,3.273200035095215,3.273200035095215,0.0,0.0,EUR
2016-02-26,3.4007999897003174,3.4007999897003174,0.0,0.0,EUR
2016-02-29,3.415600061416626,3.415600061416626,0.0,0.0,EUR
2016-03-01,3.4539999961853027,3.4539999961853027,0.0,0.0,EUR
2016-03-02,3.490799903869629,3.490799903869629,0.0,0.0,EUR
2016-03-03,3.4688000679016113,3.4688000679016113,0.0,0.0,EUR
2016-03-04,3.4951999187469482,3.4951999187469482,0.0,0.0,EUR
2016-03-07,3.5004000663757324,3.5004000663757324,0.0,0.0,EUR
2016-03-08,3.5004000663757324,3.5004000663757324,0.0,0.0,EUR
2016-03-09,3.47760009765625,3.47760009765625,0.0,0.0,EUR
2016-03-10,3.4112000465393066,3.4112000465393066,0.0,0.0,EUR
2016-03-11,3.481600046157837,3.481600046157837,0.0,0.0,EUR
2016-03-14,3.50600004196167,3.50600004196167,0.0,0.0,EUR
2016-03-15,3.473599910736084,3.473599910736084,0.0,0.0,EUR
2016-03-16,3.4923999309539795,3.4923999309539795,0.0,0.0,EUR
2016-03-17,3.4711999893188477,3.4711999893188477,0.0,0.0,EUR
2016-03-18,3.50600004196167,3.50600004196167,0.0,0.0,EUR
2016-03-21,3.5055999755859375,3.5055999755859375,0.0,0.0,EUR
2016-03-22,3.5199999809265137,3.5199999809265137,0.0,0.0,EUR
2016-03-23,3.5088000297546387,3.5088000297546387,0.0,0.0,EUR
2016-03-24,3.4707999229431152,3.4707999229431152,0.0,0.0,EUR
2016-03-29,3.4839999675750732,3.4839999675750732,0.0,0.0,EUR
2016-03-30,3.4839999675750732,3.4839999675750732,0.0,0.0,EUR
2016-03-31,3.4863998889923096,3.4863998889923096,0.0,0.0,EUR
2016-04-01,3.4651999473571777,3.4651999473571777,0.0,0.0,EUR
2016-04-04,3.466399908065796,3.466399908065796,0.0,0.0,EUR
2016-04-05,3.426800012588501,3.426800012588501,0.0,0.0,EUR
2016-04-06,3.441200017929077,3.441200017929077,0.0,0.0,EUR
2016-04-07,3.441200017929077,3.441200017929077,0.0,0.0,EUR
2016-04-08,3.441200017929077,3.441200017929077,0.0,0.0,EUR
2016-04-11,3.456399917602539,3.456399917602539,0.0,0.0,EUR
2016-04-12,3.47760009765625,3.47760009765625,0.0,0.0,EUR
2016-04-13,3.5636000633239746,3.5636000633239746,0.0,0.0,EUR
2016-04-14,3.584399938583374,3.584399938583374,0.0,0.0,EUR
2016-04-15,3.568000078201294,3.568000078201294,0.0,0.0,EUR
2016-04-18,3.568000078201294,3.568000078201294,0.0,0.0,EUR
2016-04-19,3.597599983215332,3.597599983215332,0.0,0.0,EUR
2016-04-20,3.597599983215332,3.597599983215332,0.0,0.0,EUR
2016-04-21,3.597599983215332,3.597599983215332,0.0,0.0,EUR
2016-04-22,3.6196000576019287,3.6196000576019287,0.0,0.0,EUR
2016-04-25,3.607599973678589,3.607599973678589,0.0,0.0,EUR
2016-04-26,3.602799892425537,3.602799892425537,0.0,0.0,EUR
2016-04-27,3.602799892425537,3.602799892425537,0.0,0.0,EUR
2016-04-28,3.609999895095825,3.609999895095825,0.0,0.0,EUR
2016-04-29,3.515199899673462,3.515199899673462,0.0,0.0,EUR
2016-05-02,3.519200086593628,3.519200086593628,0.0,0.0,EUR
2016-05-03,3.476799964904785,3.476799964904785,0.0,0.0,EUR
2016-05-04,3.476799964904785,3.476799964904785,0.0,0.0,EUR
2016-05-05,3.476799964904785,3.476799964904785,0.0,0.0,EUR
2016-05-06,3.476799964904785,3.476799964904785,0.0,0.0,EUR
2016-05-09,3.476799964904785,3.476799964904785,0.0,0.0,EUR
2016-05-10,3.476799964904785,3.476799964904785,0.0,0.0,EUR
2016-05-11,3.476799964904785,3.476799964904785,0.0,0.0,EUR
2016-05-12,3.4883999824523926,3.4883999824523926,0.0,0.0,EUR
2016-05-13,3.4883999824523926,3.4883999824523926,0.0,0.0,EUR
2016-05-16,3.4883999824523926,3.4883999824523926,0.0,0.0,EUR
2016-05-17,3.511199951171875,3.511199951171875,0.0,0.0,EUR
2016-05-18,3.511199951171875,3.511199951171875,0.0,0.0,EUR
2016-05-19,3.490799903869629,3.490799903869629,0.0,0.0,EUR
2016-05-20,3.544800043106079,3.544800043106079,0.0,0.0,EUR
2016-05-23,3.5399999618530273,3.5399999618530273,0.0,0.0,EUR
2016-05-24,3.597599983215332,3.597599983215332,0.0,0.0,EUR
2016-05-25,3.597599983215332,3.597599983215332,0.0,0.0,EUR
2016-05-26,3.615999937057495,3.615999937057495,0.0,0.0,EUR
2016-05-27,3.638400077819824,3.638400077819824,0.0,0.0,EUR
2016-05-30,3.6428000926971436,3.6428000926971436,0.0,0.0,EUR
2016-05-31,3.6428000926971436,3.6428000926971436,0.0,0.0,EUR
2016-06-01,3.6175999641418457,3.6175999641418457,0.0,0.0,EUR
2016-06-02,3.6175999641418457,3.6175999641418457,0.0,0.0,EUR
2016-06-03,3.5708000659942627,3.5708000659942627,0.0,0.0,EUR
2016-06-06,3.600800037384033,3.600800037384033,0.0,0.0,EUR
2016-06-07,3.6308000087738037,3.6308000087738037,0.0,0.0,EUR
2016-06-08,3.6308000087738037,3.6308000087738037,0.0,0.0,EUR
2016-06-09,3.6236000061035156,3.6236000061035156,0.0,0.0,EUR
2016-06-10,3.591200113296509,3.591200113296509,0.0,0.0,EUR
2016-06-13,3.5592000484466553,3.5592000484466553,0.0,0.0,EUR
2016-06-14,3.530400037765503,3.530400037765503,0.0,0.0,EUR
2016-06-15,3.549999952316284,3.549999952316284,0.0,0.0,EUR
2016-06-16,3.5348000526428223,3.5348000526428223,0.0,0.0,EUR
2016-06-17,3.523200035095215,3.523200035095215,0.0,0.0,EUR
2016-06-20,3.523200035095215,3.523200035095215,0.0,0.0,EUR
2016-06-21,3.523200035095215,3.523200035095215,0.0,0.0,EUR
2016-06-22,3.618000030517578,3.618000030517578,0.0,0.0,EUR
2016-06-23,3.618000030517578,3.618000030517578,0.0,0.0,EUR
2016-06-24,3.5292000770568848,3.5292000770568848,0.0,0.0,EUR
2016-06-27,3.4791998863220215,3.4791998863220215,0.0,0.0,EUR
2016-06-28,3.5148000717163086,3.5148000717163086,0.0,0.0,EUR
2016-06-29,3.5148000717163086,3.5148000717163086,0.0,0.0,EUR
2016-06-30,3.6152000427246094,3.6152000427246094,0.0,0.0,EUR
2016-07-01,3.635200023651123,3.635200023651123,0.0,0.0,EUR
2016-07-04,3.6456000804901123,3.6456000804901123,0.0,0.0,EUR
2016-07-05,3.6456000804901123,3.6456000804901123,0.0,0.0,EUR
2016-07-06,3.6040000915527344,3.6040000915527344,0.0,0.0,EUR
2016-07-07,3.6287999153137207,3.6287999153137207,0.0,0.0,EUR
2016-07-08,3.671999931335449,3.671999931335449,0.0,0.0,EUR
2016-07-11,3.72160005569458,3.72160005569458,0.0,0.0,EUR
2016-07-12,3.72160005569458,3.72160005569458,0.0,0.0,EUR
2016-07-13,3.7311999797821045,3.7311999797821045,0.0,0.0,EUR
2016-07-14,3.7588000297546387,3.7588000297546387,0.0,0.0,EUR
2016-07-15,3.759999990463257,3.759999990463257,0.0,0.0,EUR
2016-07-18,3.762399911880493,3.762399911880493,0.0,0.0,EUR
2016-07-19,3.7727999687194824,3.7727999687194824,0.0,0.0,EUR
2016-07-20,3.7980000972747803,3.7980000972747803,0.0,0.0,EUR
2016-07-21,3.7932000160217285,3.7932000160217285,0.0,0.0,EUR
2016-07-22,3.794800043106079,3.794800043106079,0.0,0.0,EUR
2016-07-25,3.788800001144409,3.788800001144409,0.0,0.0,EUR
2016-07-26,3.788800001144409,3.788800001144409,0.0,0.0,EUR
2016-07-27,3.7880001068115234,3.7880001068115234,0.0,0.0,EUR
2016-07-28,3.7595999240875244,3.7595999240875244,0.0,0.0,EUR
2016-07-29,3.7595999240875244,3.7595999240875244,0.0,0.0,EUR
2016-08-01,3.76200008392334,3.76200008392334,0.0,0.0,EUR
2016-08-02,3.7056000232696533,3.7056000232696533,0.0,0.0,EUR
2016-08-03,3.7211999893188477,3.7211999893188477,0.0,0.0,EUR
2016-08-04,3.7211999893188477,3.7211999893188477,0.0,0.0,EUR
2016-08-05,3.7995998859405518,3.7995998859405518,0.0,0.0,EUR
2016-08-08,3.8015999794006348,3.8015999794006348,0.0,0.0,EUR
2016-08-09,3.8176000118255615,3.8176000118255615,0.0,0.0,EUR
2016-08-10,3.788800001144409,3.788800001144409,0.0,0.0,EUR
2016-08-11,3.8115999698638916,3.8115999698638916,0.0,0.0,EUR
2016-08-12,3.8104000091552734,3.8104000091552734,0.0,0.0,EUR
2016-08-16,3.7839999198913574,3.7839999198913574,0.0,0.0,EUR
2016-08-17,3.765199899673462,3.765199899673462,0.0,0.0,EUR
2016-08-18,3.7695999145507812,3.7695999145507812,0.0,0.0,EUR
2016-08-19,3.7667999267578125,3.7667999267578125,0.0,0.0,EUR
2016-08-22,3.75600004196167,3.75600004196167,0.0,0.0,EUR
2016-08-23,3.7751998901367188,3.7751998901367188,0.0,0.0,EUR
2016-08-24,3.7751998901367188,3.7751998901367188,0.0,0.0,EUR
2016-08-25,3.7751998901367188,3.7751998901367188,0.0,0.0,EUR
2016-08-26,3.7751998901367188,3.7751998901367188,0.0,0.0,EUR
2016-08-29,3.7751998901367188,3.7751998901367188,0.0,0.0,EUR
2016-08-30,3.7751998901367188,3.7751998901367188,0.0,0.0,EUR
2016-08-31,3.7892000675201416,3.7892000675201416,0.0,0.0,EUR
2016-09-01,3.7739999294281006,3.7739999294281006,0.0,0.0,EUR
2016-09-02,3.7739999294281006,3.7739999294281006,0.0,0.0,EUR
2016-09-05,3.839600086212158,3.839600086212158,0.0,0.0,EUR
2016-09-06,3.818000078201294,3.818000078201294,0.0,0.0,EUR
2016-09-07,3.818000078201294,3.818000078201294,0.0,0.0,EUR
2016-09-08,3.818000078201294,3.818000078201294,0.0,0.0,EUR
2016-09-09,3.7832000255584717,3.7832000255584717,0.0,0.0,EUR
2016-09-12,3.740000009536743,3.740000009536743,0.0,0.0,EUR
2016-09-13,3.714400053024292,3.714400053024292,0.0,0.0,EUR
2016-09-14,3.7139999866485596,3.7139999866485596,0.0,0.0,EUR
2016-09-15,3.737600088119507,3.737600088119507,0.0,0.0,EUR
2016-09-16,3.737600088119507,3.737600088119507,0.0,0.0,EUR
2016-09-19,3.737600088119507,3.737600088119507,0.0,0.0,EUR
2016-09-20,3.7748000621795654,3.7748000621795654,0.0,0.0,EUR
2016-09-21,3.7852001190185547,3.7852001190185547,0.0,0.0,EUR
2016-09-22,3.8268001079559326,3.8268001079559326,0.0,0.0,EUR
2016-09-23,3.818000078201294,3.818000078201294,0.0,0.0,EUR
2016-09-26,3.76200008392334,3.76200008392334,0.0,0.0,EUR
2016-09-27,3.76200008392334,3.76200008392334,0.0,0.0,EUR
2016-09-28,3.7939999103546143,3.7939999103546143,0.0,0.0,EUR
2016-09-29,3.7980000972747803,3.7980000972747803,0.0,0.0,EUR
2016-09-30,3.8043999671936035,3.8043999671936035,0.0,0.0,EUR
2016-10-03,3.797600030899048,3.797600030899048,0.0,0.0,EUR
2016-10-04,3.8248000144958496,3.8248000144958496,0.0,0.0,EUR
2016-10-05,3.8248000144958496,3.8248000144958496,0.0,0.0,EUR
2016-10-06,3.805999994277954,3.805999994277954,0.0,0.0,EUR
2016-10-07,3.8004000186920166,3.8004000186920166,0.0,0.0,EUR
2016-10-10,3.8255999088287354,3.8255999088287354,0.0,0.0,EUR
2016-10-11,3.8255999088287354,3.8255999088287354,0.0,0.0,EUR
2016-10-12,3.8127999305725098,3.8127999305725098,0.0,0.0,EUR
2016-10-13,3.785599946975708,3.785599946975708,0.0,0.0,EUR
2016-10-14,3.785599946975708,3.785599946975708,0.0,0.0,EUR
2016-10-17,3.8011999130249023,3.8011999130249023,0.0,0.0,EUR
2016-10-18,3.83240008354187,3.83240008354187,0.0,0.0,EUR
2016-10-19,3.8540000915527344,3.8540000915527344,0.0,0.0,EUR
2016-10-20,3.859999895095825,3.859999895095825,0.0,0.0,EUR
2016-10-21,3.873199939727783,3.873199939727783,0.0,0.0,EUR
2016-10-24,3.873199939727783,3.873199939727783,0.0,0.0,EUR
2016-10-25,3.8763999938964844,3.8763999938964844,0.0,0.0,EUR
2016-10-26,3.8696000576019287,3.8696000576019287,0.0,0.0,EUR
2016-10-27,3.8696000576019287,3.8696000576019287,0.0,0.0,EUR
2016-10-28,3.8480000495910645,3.8480000495910645,0.0,0.0,EUR
2016-10-31,3.8248000144958496,3.8248000144958496,0.0,0.0,EUR
2016-11-01,3.769200086593628,3.769200086593628,0.0,0.0,EUR
2016-11-02,3.7291998863220215,3.7291998863220215,0.0,0.0,EUR
2016-11-03,3.7232000827789307,3.7232000827789307,0.0,0.0,EUR
2016-11-04,3.7095999717712402,3.7095999717712402,0.0,0.0,EUR
2016-11-07,3.7820000648498535,3.7820000648498535,0.0,0.0,EUR
2016-11-08,3.7932000160217285,3.7932000160217285,0.0,0.0,EUR
2016-11-09,3.841200113296509,3.841200113296509,0.0,0.0,EUR
2016-11-10,3.841200113296509,3.841200113296509,0.0,0.0,EUR
2016-11-11,3.853600025177002,3.853600025177002,0.0,0.0,EUR
2016-11-14,3.853600025177002,3.853600025177002,0.0,0.0,EUR
2016-11-15,3.910399913787842,3.910399913787842,0.0,0.0,EUR
2016-11-16,3.930000066757202,3.930000066757202,0.0,0.0,EUR
2016-11-17,3.9535999298095703,3.9535999298095703,0.0,0.0,EUR
2016-11-18,3.9547998905181885,3.9547998905181885,0.0,0.0,EUR
2016-11-21,3.9547998905181885,3.9547998905181885,0.0,0.0,EUR
2016-11-22,3.9547998905181885,3.9547998905181885,0.0,0.0,EUR
2016-11-23,4.007199764251709,4.007199764251709,0.0,0.0,EUR
2016-11-24,4.01039981842041,4.01039981842041,0.0,0.0,EUR
2016-11-25,4.002799987792969,4.002799987792969,0.0,0.0,EUR
2016-11-28,4.002799987792969,4.002799987792969,0.0,0.0,EUR
2016-11-29,3.9972000122070312,3.9972000122070312,0.0,0.0,EUR
2016-11-30,4.01800012588501,4.01800012588501,0.0,0.0,EUR
2016-12-01,3.976799964904785,3.976799964904785,0.0,0.0,EUR
2016-12-02,3.964400053024292,3.964400053024292,0.0,0.0,EUR
2016-12-05,3.9679999351501465,3.9679999351501465,0.0,0.0,EUR
2016-12-06,3.974400043487549,3.974400043487549,0.0,0.0,EUR
2016-12-07,3.990799903869629,3.990799903869629,0.0,0.0,EUR
2016-12-08,4.090799808502197,4.090799808502197,0.0,0.0,EUR
2016-12-09,4.124000072479248,4.124000072479248,0.0,0.0,EUR
2016-12-12,4.098400115966797,4.098400115966797,0.0,0.0,EUR
2016-12-13,4.11359977722168,4.11359977722168,0.0,0.0,EUR
2016-12-14,4.100800037384033,4.100800037384033,0.0,0.0,EUR
2016-12-15,4.1732001304626465,4.1732001304626465,0.0,0.0,EUR
2016-12-16,4.143199920654297,4.143199920654297,0.0,0.0,EUR
2016-12-19,4.139999866485596,4.139999866485596,0.0,0.0,EUR
2016-12-20,4.180799961090088,4.180799961090088,0.0,0.0,EUR
2016-12-21,4.153600215911865,4.153600215911865,0.0,0.0,EUR
2016-12-22,4.153600215911865,4.153600215911865,0.0,0.0,EUR
2016-12-23,4.1296000480651855,4.1296000480651855,0.0,0.0,EUR
2016-12-27,4.1479997634887695,4.1479997634887695,0.0,0.0,EUR
2016-12-28,4.162799835205078,4.162799835205078,0.0,0.0,EUR
2016-12-29,4.115200042724609,4.115200042724609,0.0,0.0,EUR
2016-12-30,4.09119987487793,4.09119987487793,0.0,0.0,EUR
2017-01-02,4.142399787902832,4.142399787902832,0.0,0.0,EUR
2017-01-03,4.1620001792907715,4.1620001792907715,0.0,0.0,EUR
2017-01-04,4.168799877166748,4.168799877166748,0.0,0.0,EUR
2017-01-05,4.1479997634887695,4.1479997634887695,0.0,0.0,EUR
2017-01-06,4.167200088500977,4.167200088500977,0.0,0.0,EUR
2017-01-09,4.162399768829346,4.162399768829346,0.0,0.0,EUR
2017-01-10,4.163599967956543,4.163599967956543,0.0,0.0,EUR
2017-01-11,4.182000160217285,4.182000160217285,0.0,0.0,EUR
2017-01-12,4.122799873352051,4.122799873352051,0.0,0.0,EUR
2017-01-13,4.122799873352051,4.122799873352051,0.0,0.0,EUR
2017-01-16,4.150400161743164,4.150400161743164,0.0,0.0,EUR
2017-01-17,4.1143999099731445,4.1143999099731445,0.0,0.0,EUR
2017-01-18,4.1143999099731445,4.1143999099731445,0.0,0.0,EUR
2017-01-19,4.137599945068359,4.137599945068359,0.0,0.0,EUR
2017-01-20,4.137599945068359,4.137599945068359,0.0,0.0,EUR
2017-01-23,4.127999782562256,4.127999782562256,0.0,0.0,EUR
2017-01-24,4.127999782562256,4.127999782562256,0.0,0.0,EUR
2017-01-25,4.171199798583984,4.171199798583984,0.0,0.0,EUR
2017-01-26,4.1956000328063965,4.1956000328063965,0.0,0.0,EUR
2017-01-27,4.1956000328063965,4.1956000328063965,0.0,0.0,EUR
2017-01-30,4.13640022277832,4.13640022277832,0.0,0.0,EUR
2017-01-31,4.102399826049805,4.102399826049805,0.0,0.0,EUR
2017-02-01,4.126399993896484,4.126399993896484,0.0,0.0,EUR
2017-02-02,4.128799915313721,4.128799915313721,0.0,0.0,EUR
2017-02-03,4.15880012512207,4.15880012512207,0.0,0.0,EUR
2017-02-06,4.15880012512207,4.15880012512207,0.0,0.0,EUR
2017-02-07,4.173999786376953,4.173999786376953,0.0,0.0,EUR
2017-02-08,4.176400184631348,4.176400184631348,0.0,0.0,EUR
2017-02-09,4.211599826812744,4.211599826812744,0.0,0.0,EUR
2017-02-10,4.238399982452393,4.238399982452393,0.0,0.0,EUR
2017-02-13,4.275599956512451,4.275599956512451,0.0,0.0,EUR
2017-02-14,4.274400234222412,4.274400234222412,0.0,0.0,EUR
2017-02-15,4.303599834442139,4.303599834442139,0.0,0.0,EUR
2017-02-16,4.269999980926514,4.269999980926514,0.0,0.0,EUR
2017-02-17,4.278800010681152,4.278800010681152,0.0,0.0,EUR
2017-02-20,4.298399925231934,4.298399925231934,0.0,0.0,EUR
2017-02-21,4.342400074005127,4.342400074005127,0.0,0.0,EUR
2017-02-22,4.3471999168396,4.3471999168396,0.0,0.0,EUR
2017-02-23,4.326399803161621,4.326399803161621,0.0,0.0,EUR
2017-02-24,4.2972002029418945,4.2972002029418945,0.0,0.0,EUR
2017-02-27,4.306000232696533,4.306000232696533,0.0,0.0,EUR
2017-02-28,4.2972002029418945,4.2972002029418945,0.0,0.0,EUR
2017-03-01,4.366000175476074,4.366000175476074,0.0,0.0,EUR
2017-03-02,4.354800224304199,4.354800224304199,0.0,0.0,EUR
2017-03-03,4.3308000564575195,4.3308000564575195,0.0,0.0,EUR
2017-03-06,4.316400051116943,4.316400051116943,0.0,0.0,EUR
2017-03-07,4.316400051116943,4.316400051116943,0.0,0.0,EUR
2017-03-08,4.329599857330322,4.329599857330322,0.0,0.0,EUR
2017-03-09,4.305600166320801,4.305600166320801,0.0,0.0,EUR
2017-03-10,4.282800197601318,4.282800197601318,0.0,0.0,EUR
2017-03-13,4.3043999671936035,4.3043999671936035,0.0,0.0,EUR
2017-03-14,4.294000148773193,4.294000148773193,0.0,0.0,EUR
2017-03-15,4.322400093078613,4.322400093078613,0.0,0.0,EUR
2017-03-16,4.318399906158447,4.318399906158447,0.0,0.0,EUR
2017-03-17,4.320799827575684,4.320799827575684,0.0,0.0,EUR
2017-03-20,4.320799827575684,4.320799827575684,0.0,0.0,EUR
2017-03-21,4.260000228881836,4.260000228881836,0.0,0.0,EUR
2017-03-22,4.242800235748291,4.242800235748291,0.0,0.0,EUR
2017-03-23,4.282400131225586,4.282400131225586,0.0,0.0,EUR
2017-03-24,4.258399963378906,4.258399963378906,0.0,0.0,EUR
2017-03-27,4.220799922943115,4.220799922943115,0.0,0.0,EUR
2017-03-28,4.252799987792969,4.252799987792969,0.0,0.0,EUR
2017-03-29,4.295199871063232,4.295199871063232,0.0,0.0,EUR
2017-03-30,4.319200038909912,4.319200038909912,0.0,0.0,EUR
2017-03-31,4.328800201416016,4.328800201416016,0.0,0.0,EUR
2017-04-03,4.323200225830078,4.323200225830078,0.0,0.0,EUR
2017-04-04,4.3256001472473145,4.3256001472473145,0.0,0.0,EUR
2017-04-05,4.340400218963623,4.340400218963623,0.0,0.0,EUR
2017-04-06,4.3308000564575195,4.3308000564575195,0.0,0.0,EUR
2017-04-07,4.337600231170654,4.337600231170654,0.0,0.0,EUR
2017-04-10,4.350800037384033,4.350800037384033,0.0,0.0,EUR
2017-04-11,4.3420000076293945,4.3420000076293945,0.0,0.0,EUR
2017-04-12,4.328400135040283,4.328400135040283,0.0,0.0,EUR
2017-04-13,4.316400051116943,4.316400051116943,0.0,0.0,EUR
2017-04-18,4.285200119018555,4.285200119018555,0.0,0.0,EUR
2017-04-19,4.2820000648498535,4.2820000648498535,0.0,0.0,EUR
2017-04-20,4.269999980926514,4.269999980926514,0.0,0.0,EUR
2017-04-21,4.299200057983398,4.299200057983398,0.0,0.0,EUR
2017-04-24,4.297999858856201,4.297999858856201,0.0,0.0,EUR
2017-04-25,4.297999858856201,4.297999858856201,0.0,0.0,EUR
2017-04-26,4.32919979095459,4.32919979095459,0.0,0.0,EUR
2017-04-27,4.317599773406982,4.317599773406982,0.0,0.0,EUR
2017-04-28,4.3084001541137695,4.3084001541137695,0.0,0.0,EUR
2017-05-02,4.3144001960754395,4.3144001960754395,0.0,0.0,EUR
2017-05-03,4.3043999671936035,4.3043999671936035,0.0,0.0,EUR
2017-05-04,4.301199913024902,4.301199913024902,0.0,0.0,EUR
2017-05-05,4.29640007019043,4.29640007019043,0.0,0.0,EUR
2017-05-08,4.320400238037109,4.320400238037109,0.0,0.0,EUR
2017-05-09,4.340400218963623,4.340400218963623,0.0,0.0,EUR
2017-05-10,4.340400218963623,4.340400218963623,0.0,0.0,EUR
2017-05-11,4.334400177001953,4.334400177001953,0.0,0.0,EUR
2017-05-12,4.327600002288818,4.327600002288818,0.0,0.0,EUR
2017-05-15,4.3308000564575195,4.3308000564575195,0.0,0.0,EUR
2017-05-16,4.292799949645996,4.292799949645996,0.0,0.0,EUR
2017-05-17,4.230000019073486,4.230000019073486,0.0,0.0,EUR
2017-05-18,4.215199947357178,4.215199947357178,0.0,0.0,EUR
2017-05-19,4.2291998863220215,4.2291998863220215,0.0,0.0,EUR
2017-05-22,4.228799819946289,4.228799819946289,0.0,0.0,EUR
2017-05-23,4.234399795532227,4.234399795532227,0.0,0.0,EUR
2017-05-24,4.248799800872803,4.248799800872803,0.0,0.0,EUR
2017-05-25,4.261199951171875,4.261199951171875,0.0,0.0,EUR
2017-05-26,4.261199951171875,4.261199951171875,0.0,0.0,EUR
2017-05-29,4.263199806213379,4.263199806213379,0.0,0.0,EUR
2017-05-30,4.26039981842041,4.26039981842041,0.0,0.0,EUR
2017-05-31,4.242000102996826,4.242000102996826,0.0,0.0,EUR
2017-06-01,4.263199806213379,4.263199806213379,0.0,0.0,EUR
2017-06-02,4.263199806213379,4.263199806213379,0.0,0.0,EUR
2017-06-05,4.263199806213379,4.263199806213379,0.0,0.0,EUR
2017-06-06,4.263999938964844,4.263999938964844,0.0,0.0,EUR
2017-06-07,4.268400192260742,4.268400192260742,0.0,0.0,EUR
2017-06-08,4.283599853515625,4.283599853515625,0.0,0.0,EUR
2017-06-09,4.3155999183654785,4.3155999183654785,0.0,0.0,EUR
2017-06-12,4.280399799346924,4.280399799346924,0.0,0.0,EUR
2017-06-13,4.295599937438965,4.295599937438965,0.0,0.0,EUR
2017-06-14,4.282400131225586,4.282400131225586,0.0,0.0,EUR
2017-06-15,4.291200160980225,4.291200160980225,0.0,0.0,EUR
2017-06-16,4.2779998779296875,4.2779998779296875,0.0,0.0,EUR
2017-06-19,4.2779998779296875,4.2779998779296875,0.0,0.0,EUR
2017-06-20,4.32480001449585,4.32480001449585,0.0,0.0,EUR
2017-06-21,4.302800178527832,4.302800178527832,0.0,0.0,EUR
2017-06-22,4.308000087738037,4.308000087738037,0.0,0.0,EUR
2017-06-23,4.308000087738037,4.308000087738037,0.0,0.0,EUR
2017-06-26,4.303599834442139,4.303599834442139,0.0,0.0,EUR
2017-06-27,4.269599914550781,4.269599914550781,0.0,0.0,EUR
2017-06-28,4.252399921417236,4.252399921417236,0.0,0.0,EUR
2017-06-29,4.20959997177124,4.20959997177124,0.0,0.0,EUR
2017-06-30,4.208000183105469,4.208000183105469,0.0,0.0,EUR
2017-07-03,4.247200012207031,4.247200012207031,0.0,0.0,EUR
2017-07-04,4.241600036621094,4.241600036621094,0.0,0.0,EUR
2017-07-05,4.242000102996826,4.242000102996826,0.0,0.0,EUR
2017-07-06,4.198400020599365,4.198400020599365,0.0,0.0,EUR
2017-07-07,4.200799942016602,4.200799942016602,0.0,0.0,EUR
2017-07-10,4.200799942016602,4.200799942016602,0.0,0.0,EUR
2017-07-11,4.192800045013428,4.192800045013428,0.0,0.0,EUR
2017-07-12,4.192800045013428,4.192800045013428,0.0,0.0,EUR
2017-07-13,4.265600204467773,4.265600204467773,0.0,0.0,EUR
2017-07-14,4.265600204467773,4.265600204467773,0.0,0.0,EUR
2017-07-17,4.269599914550781,4.269599914550781,0.0,0.0,EUR
2017-07-18,4.223599910736084,4.223599910736084,0.0,0.0,EUR
2017-07-19,4.262800216674805,4.262800216674805,0.0,0.0,EUR
2017-07-20,4.230000019073486,4.230000019073486,0.0,0.0,EUR
2017-07-21,4.216800212860107,4.216800212860107,0.0,0.0,EUR
2017-07-24,4.216800212860107,4.216800212860107,0.0,0.0,EUR
2017-07-25,4.232800006866455,4.232800006866455,0.0,0.0,EUR
2017-07-26,4.232800006866455,4.232800006866455,0.0,0.0,EUR
2017-07-27,4.237199783325195,4.237199783325195,0.0,0.0,EUR
2017-07-28,4.183599948883057,4.183599948883057,0.0,0.0,EUR
2017-07-31,4.183599948883057,4.183599948883057,0.0,0.0,EUR
2017-08-01,4.190400123596191,4.190400123596191,0.0,0.0,EUR
2017-08-02,4.164400100708008,4.164400100708008,0.0,0.0,EUR
2017-08-03,4.167200088500977,4.167200088500977,0.0,0.0,EUR
2017-08-04,4.211599826812744,4.211599826812744,0.0,0.0,EUR
2017-08-07,4.203999996185303,4.203999996185303,0.0,0.0,EUR
2017-08-08,4.230000019073486,4.230000019073486,0.0,0.0,EUR
2017-08-09,4.196800231933594,4.196800231933594,0.0,0.0,EUR
2017-08-10,4.164000034332275,4.164000034332275,0.0,0.0,EUR
2017-08-11,4.122000217437744,4.122000217437744,0.0,0.0,EUR
2017-08-14,4.122000217437744,4.122000217437744,0.0,0.0,EUR
2017-08-16,4.202400207519531,4.202400207519531,0.0,0.0,EUR
2017-08-17,4.17519998550415,4.17519998550415,0.0,0.0,EUR
2017-08-18,4.145599842071533,4.145599842071533,0.0,0.0,EUR
2017-08-21,4.111999988555908,4.111999988555908,0.0,0.0,EUR
2017-08-22,4.111999988555908,4.111999988555908,0.0,0.0,EUR
2017-08-23,4.111999988555908,4.111999988555908,0.0,0.0,EUR
2017-08-24,4.134799957275391,4.134799957275391,0.0,0.0,EUR
2017-08-25,4.134799957275391,4.134799957275391,0.0,0.0,EUR
2017-08-28,4.099999904632568,4.099999904632568,0.0,0.0,EUR
2017-08-29,4.076399803161621,4.076399803161621,0.0,0.0,EUR
2017-08-30,4.076399803161621,4.076399803161621,0.0,0.0,EUR
2017-08-31,4.157199859619141,4.157199859619141,0.0,0.0,EUR
2017-09-01,4.178400039672852,4.178400039672852,0.0,0.0,EUR
2017-09-04,4.149600028991699,4.149600028991699,0.0,0.0,EUR
2017-09-05,4.149600028991699,4.149600028991699,0.0,0.0,EUR
2017-09-06,4.149600028991699,4.149600028991699,0.0,0.0,EUR
2017-09-07,4.125199794769287,4.125199794769287,0.0,0.0,EUR
2017-09-08,4.125199794769287,4.125199794769287,0.0,0.0,EUR
2017-09-11,4.1732001304626465,4.1732001304626465,0.0,0.0,EUR
2017-09-12,4.196000099182129,4.196000099182129,0.0,0.0,EUR
2017-09-13,4.211599826812744,4.211599826812744,0.0,0.0,EUR
2017-09-14,4.211599826812744,4.211599826812744,0.0,0.0,EUR
2017-09-15,4.1956000328063965,4.1956000328063965,0.0,0.0,EUR
2017-09-18,4.217599868774414,4.217599868774414,0.0,0.0,EUR
2017-09-19,4.211999893188477,4.211999893188477,0.0,0.0,EUR
2017-09-20,4.206399917602539,4.206399917602539,0.0,0.0,EUR
2017-09-21,4.222400188446045,4.222400188446045,0.0,0.0,EUR
2017-09-22,4.2052001953125,4.2052001953125,0.0,0.0,EUR
2017-09-25,4.22760009765625,4.22760009765625,0.0,0.0,EUR
2017-09-26,4.249599933624268,4.249599933624268,0.0,0.0,EUR
2017-09-27,4.265200138092041,4.265200138092041,0.0,0.0,EUR
2017-09-28,4.260799884796143,4.260799884796143,0.0,0.0,EUR
2017-09-29,4.260799884796143,4.260799884796143,0.0,0.0,EUR
2017-10-02,4.309999942779541,4.309999942779541,0.0,0.0,EUR
2017-10-03,4.317599773406982,4.317599773406982,0.0,0.0,EUR
2017-10-04,4.317599773406982,4.317599773406982,0.0,0.0,EUR
2017-10-05,4.348800182342529,4.348800182342529,0.0,0.0,EUR
2017-10-06,4.348800182342529,4.348800182342529,0.0,0.0,EUR
2017-10-09,4.340400218963623,4.340400218963623,0.0,0.0,EUR
2017-10-10,4.3256001472473145,4.3256001472473145,0.0,0.0,EUR
2017-10-11,4.3256001472473145,4.3256001472473145,0.0,0.0,EUR
2017-10-12,4.327199935913086,4.327199935913086,0.0,0.0,EUR
2017-10-13,4.337600231170654,4.337600231170654,0.0,0.0,EUR
2017-10-16,4.3531999588012695,4.3531999588012695,0.0,0.0,EUR
2017-10-17,4.364799976348877,4.364799976348877,0.0,0.0,EUR
2017-10-18,4.361199855804443,4.361199855804443,0.0,0.0,EUR
2017-10-19,4.324399948120117,4.324399948120117,0.0,0.0,EUR
2017-10-20,4.359600067138672,4.359600067138672,0.0,0.0,EUR
2017-10-23,4.377200126647949,4.377200126647949,0.0,0.0,EUR
2017-10-24,4.3632001876831055,4.3632001876831055,0.0,0.0,EUR
2017-10-25,4.322000026702881,4.322000026702881,0.0,0.0,EUR
2017-10-26,4.322000026702881,4.322000026702881,0.0,0.0,EUR
2017-10-27,4.322000026702881,4.322000026702881,0.0,0.0,EUR
2017-10-30,4.414400100708008,4.414400100708008,0.0,0.0,EUR
2017-10-31,4.4243998527526855,4.4243998527526855,0.0,0.0,EUR
2017-11-01,4.4475998878479,4.4475998878479,0.0,0.0,EUR
2017-11-02,4.426000118255615,4.426000118255615,0.0,0.0,EUR
2017-11-03,4.447999954223633,4.447999954223633,0.0,0.0,EUR
2017-11-06,4.447999954223633,4.447999954223633,0.0,0.0,EUR
2017-11-07,4.464000225067139,4.464000225067139,0.0,0.0,EUR
2017-11-08,4.456399917602539,4.456399917602539,0.0,0.0,EUR
2017-11-09,4.421199798583984,4.421199798583984,0.0,0.0,EUR
2017-11-10,4.403600215911865,4.403600215911865,0.0,0.0,EUR
2017-11-13,4.404799938201904,4.404799938201904,0.0,0.0,EUR
2017-11-14,4.354000091552734,4.354000091552734,0.0,0.0,EUR
2017-11-15,4.330399990081787,4.330399990081787,0.0,0.0,EUR
2017-11-16,4.369200229644775,4.369200229644775,0.0,0.0,EUR
2017-11-17,4.369200229644775,4.369200229644775,0.0,0.0,EUR
2017-11-20,4.369200229644775,4.369200229644775,0.0,0.0,EUR
2017-11-21,4.4232001304626465,4.4232001304626465,0.0,0.0,EUR
2017-11-22,4.403600215911865,4.403600215911865,0.0,0.0,EUR
2017-11-23,4.392000198364258,4.392000198364258,0.0,0.0,EUR
2017-11-24,4.392000198364258,4.392000198364258,0.0,0.0,EUR
2017-11-27,4.392000198364258,4.392000198364258,0.0,0.0,EUR
2017-11-28,4.38640022277832,4.38640022277832,0.0,0.0,EUR
2017-11-29,4.401599884033203,4.401599884033203,0.0,0.0,EUR
2017-11-30,4.395999908447266,4.395999908447266,0.0,0.0,EUR
2017-12-01,4.349599838256836,4.349599838256836,0.0,0.0,EUR
2017-12-04,4.42080020904541,4.42080020904541,0.0,0.0,EUR
2017-12-05,4.4232001304626465,4.4232001304626465,0.0,0.0,EUR
2017-12-06,4.4039998054504395,4.4039998054504395,0.0,0.0,EUR
2017-12-07,4.404799938201904,4.404799938201904,0.0,0.0,EUR
2017-12-08,4.440800189971924,4.440800189971924,0.0,0.0,EUR
2017-12-11,4.44320011138916,4.44320011138916,0.0,0.0,EUR
2017-12-12,4.480800151824951,4.480800151824951,0.0,0.0,EUR
2017-12-13,4.47760009765625,4.47760009765625,0.0,0.0,EUR
2017-12-14,4.464799880981445,4.464799880981445,0.0,0.0,EUR
2017-12-15,4.470399856567383,4.470399856567383,0.0,0.0,EUR
2017-12-18,4.499199867248535,4.499199867248535,0.0,0.0,EUR
2017-12-19,4.482399940490723,4.482399940490723,0.0,0.0,EUR
2017-12-20,4.452000141143799,4.452000141143799,0.0,0.0,EUR
2017-12-21,4.472799777984619,4.472799777984619,0.0,0.0,EUR
2017-12-22,4.480800151824951,4.480800151824951,0.0,0.0,EUR
2017-12-27,4.476799964904785,4.476799964904785,0.0,0.0,EUR
2017-12-28,4.460000038146973,4.460000038146973,0.0,0.0,EUR
2017-12-29,4.4456000328063965,4.4456000328063965,0.0,0.0,EUR
2018-01-02,4.446400165557861,4.446400165557861,0.0,0.0,EUR
2018-01-03,4.488800048828125,4.488800048828125,0.0,0.0,EUR
2018-01-04,4.503200054168701,4.503200054168701,0.0,0.0,EUR
2018-01-05,4.536799907684326,4.536799907684326,0.0,0.0,EUR
2018-01-08,4.567999839782715,4.567999839782715,0.0,0.0,EUR
2018-01-09,4.599999904632568,4.599999904632568,0.0,0.0,EUR
2018-01-10,4.5696001052856445,4.5696001052856445,0.0,0.0,EUR
2018-01-11,4.557600021362305,4.557600021362305,0.0,0.0,EUR
2018-01-12,4.561600208282471,4.561600208282471,0.0,0.0,EUR
2018-01-15,4.54640007019043,4.54640007019043,0.0,0.0,EUR
2018-01-16,4.561600208282471,4.561600208282471,0.0,0.0,EUR
2018-01-17,4.552000045776367,4.552000045776367,0.0,0.0,EUR
2018-01-18,4.556000232696533,4.556000232696533,0.0,0.0,EUR
2018-01-19,4.575200080871582,4.575200080871582,0.0,0.0,EUR
2018-01-22,4.589600086212158,4.589600086212158,0.0,0.0,EUR
2018-01-23,4.612800121307373,4.612800121307373,0.0,0.0,EUR
2018-01-24,4.57919979095459,4.57919979095459,0.0,0.0,EUR
2018-01-25,4.544000148773193,4.544000148773193,0.0,0.0,EUR
2018-01-26,4.585599899291992,4.585599899291992,0.0,0.0,EUR
2018-01-29,4.600800037384033,4.600800037384033,0.0,0.0,EUR
2018-01-30,4.538400173187256,4.538400173187256,0.0,0.0,EUR
2018-01-31,4.519199848175049,4.519199848175049,0.0,0.0,EUR
2018-02-01,4.499199867248535,4.499199867248535,0.0,0.0,EUR
2018-02-02,4.4552001953125,4.4552001953125,0.0,0.0,EUR
2018-02-05,4.399199962615967,4.399199962615967,0.0,0.0,EUR
2018-02-06,4.242400169372559,4.242400169372559,0.0,0.0,EUR
2018-02-07,4.3815999031066895,4.3815999031066895,0.0,0.0,EUR
2018-02-08,4.287199974060059,4.287199974060059,0.0,0.0,EUR
2018-02-09,4.207200050354004,4.207200050354004,0.0,0.0,EUR
2018-02-12,4.279200077056885,4.279200077056885,0.0,0.0,EUR
2018-02-13,4.260000228881836,4.260000228881836,0.0,0.0,EUR
2018-02-14,4.294400215148926,4.294400215148926,0.0,0.0,EUR
2018-02-15,4.315199851989746,4.315199851989746,0.0,0.0,EUR
2018-02-16,4.387199878692627,4.387199878692627,0.0,0.0,EUR
2018-02-19,4.387199878692627,4.387199878692627,0.0,0.0,EUR
2018-02-20,4.387199878692627,4.387199878692627,0.0,0.0,EUR
2018-02-21,4.4120001792907715,4.4120001792907715,0.0,0.0,EUR
2018-02-22,4.4039998054504395,4.4039998054504395,0.0,0.0,EUR
2018-02-23,4.410399913787842,4.410399913787842,0.0,0.0,EUR
2018-02-26,4.463200092315674,4.463200092315674,0.0,0.0,EUR
2018-02-27,4.473599910736084,4.473599910736084,0.0,0.0,EUR
2018-02-28,4.452000141143799,4.452000141143799,0.0,0.0,EUR
2018-03-01,4.4039998054504395,4.4039998054504395,0.0,0.0,EUR
2018-03-02,4.303999900817871,4.303999900817871,0.0,0.0,EUR
2018-03-05,4.343200206756592,4.343200206756592,0.0,0.0,EUR
2018-03-06,4.335999965667725,4.335999965667725,0.0,0.0,EUR
2018-03-07,4.341599941253662,4.341599941253662,0.0,0.0,EUR
2018-03-08,4.3856000900268555,4.3856000900268555,0.0,0.0,EUR
2018-03-09,4.427999973297119,4.427999973297119,0.0,0.0,EUR
2018-03-12,4.454400062561035,4.454400062561035,0.0,0.0,EUR
2018-03-13,4.410399913787842,4.410399913787842,0.0,0.0,EUR
2018-03-14,4.410399913787842,4.410399913787842,0.0,0.0,EUR
2018-03-15,4.418399810791016,4.418399810791016,0.0,0.0,EUR
2018-03-16,4.429599761962891,4.429599761962891,0.0,0.0,EUR
2018-03-19,4.356800079345703,4.356800079345703,0.0,0.0,EUR
2018-03-20,4.3927998542785645,4.3927998542785645,0.0,0.0,EUR
2018-03-21,4.405600070953369,4.405600070953369,0.0,0.0,EUR
2018-03-22,4.321599960327148,4.321599960327148,0.0,0.0,EUR
2018-03-23,4.249599933624268,4.249599933624268,0.0,0.0,EUR
2018-03-26,4.190400123596191,4.190400123596191,0.0,0.0,EUR
2018-03-27,4.274400234222412,4.274400234222412,0.0,0.0,EUR
2018-03-28,4.227200031280518,4.227200031280518,0.0,0.0,EUR
2018-03-29,4.280799865722656,4.280799865722656,0.0,0.0,EUR
2018-04-03,4.256800174713135,4.256800174713135,0.0,0.0,EUR
2018-04-04,4.240799903869629,4.240799903869629,0.0,0.0,EUR
2018-04-05,4.3592000007629395,4.3592000007629395,0.0,0.0,EUR
2018-04-06,4.295199871063232,4.295199871063232,0.0,0.0,EUR
2018-04-09,4.3024001121521,4.3024001121521,0.0,0.0,EUR
2018-04-10,4.32480001449585,4.32480001449585,0.0,0.0,EUR
2018-04-11,4.304800033569336,4.304800033569336,0.0,0.0,EUR
2018-04-12,4.346399784088135,4.346399784088135,0.0,0.0,EUR
2018-04-13,4.335999965667725,4.335999965667725,0.0,0.0,EUR
2018-04-16,4.3256001472473145,4.3256001472473145,0.0,0.0,EUR
2018-04-17,4.380799770355225,4.380799770355225,0.0,0.0,EUR
2018-04-18,4.380799770355225,4.380799770355225,0.0,0.0,EUR
2018-04-19,4.368000030517578,4.368000030517578,0.0,0.0,EUR
2018-04-20,4.3592000007629395,4.3592000007629395,0.0,0.0,EUR
2018-04-23,4.3927998542785645,4.3927998542785645,0.0,0.0,EUR
2018-04-24,4.378399848937988,4.378399848937988,0.0,0.0,EUR
2018-04-25,4.378399848937988,4.378399848937988,0.0,0.0,EUR
2018-04-26,4.3968000411987305,4.3968000411987305,0.0,0.0,EUR
2018-04-27,4.3968000411987305,4.3968000411987305,0.0,0.0,EUR
2018-04-30,4.3968000411987305,4.3968000411987305,0.0,0.0,EUR
2018-05-02,4.435200214385986,4.435200214385986,0.0,0.0,EUR
2018-05-03,4.3815999031066895,4.3815999031066895,0.0,0.0,EUR
2018-05-04,4.3815999031066895,4.3815999031066895,0.0,0.0,EUR
2018-05-07,4.48799991607666,4.48799991607666,0.0,0.0,EUR
2018-05-08,4.492800235748291,4.492800235748291,0.0,0.0,EUR
2018-05-09,4.506400108337402,4.506400108337402,0.0,0.0,EUR
2018-05-10,4.5432000160217285,4.5432000160217285,0.0,0.0,EUR
2018-05-11,4.547999858856201,4.547999858856201,0.0,0.0,EUR
2018-05-14,4.5503997802734375,4.5503997802734375,0.0,0.0,EUR
2018-05-15,4.541600227355957,4.541600227355957,0.0,0.0,EUR
2018-05-16,4.5808000564575195,4.5808000564575195,0.0,0.0,EUR
2018-05-17,4.59119987487793,4.59119987487793,0.0,0.0,EUR
2018-05-18,4.583199977874756,4.583199977874756,0.0,0.0,EUR
2018-05-21,4.608799934387207,4.608799934387207,0.0,0.0,EUR
2018-05-22,4.61359977722168,4.61359977722168,0.0,0.0,EUR
2018-05-23,4.595200061798096,4.595200061798096,0.0,0.0,EUR
2018-05-24,4.584799766540527,4.584799766540527,0.0,0.0,EUR
2018-05-25,4.6143999099731445,4.6143999099731445,0.0,0.0,EUR
2018-05-28,4.624800205230713,4.624800205230713,0.0,0.0,EUR
2018-05-29,4.5960001945495605,4.5960001945495605,0.0,0.0,EUR
2018-05-30,4.592800140380859,4.592800140380859,0.0,0.0,EUR
2018-05-31,4.586400032043457,4.586400032043457,0.0,0.0,EUR
2018-06-01,4.611999988555908,4.611999988555908,0.0,0.0,EUR
2018-06-04,4.63040018081665,4.63040018081665,0.0,0.0,EUR
2018-06-05,4.631199836730957,4.631199836730957,0.0,0.0,EUR
2018-06-06,4.6255998611450195,4.6255998611450195,0.0,0.0,EUR
2018-06-07,4.6184000968933105,4.6184000968933105,0.0,0.0,EUR
2018-06-08,4.624800205230713,4.624800205230713,0.0,0.0,EUR
2018-06-11,4.639200210571289,4.639200210571289,0.0,0.0,EUR
2018-06-12,4.6407999992370605,4.6407999992370605,0.0,0.0,EUR
2018-06-13,4.657599925994873,4.657599925994873,0.0,0.0,EUR
2018-06-14,4.657599925994873,4.657599925994873,0.0,0.0,EUR
2018-06-15,4.656799793243408,4.656799793243408,0.0,0.0,EUR
2018-06-18,4.656000137329102,4.656000137329102,0.0,0.0,EUR
2018-06-19,4.631999969482422,4.631999969482422,0.0,0.0,EUR
2018-06-20,4.656000137329102,4.656000137329102,0.0,0.0,EUR
2018-06-21,4.656000137329102,4.656000137329102,0.0,0.0,EUR
2018-06-22,4.631199836730957,4.631199836730957,0.0,0.0,EUR
2018-06-25,4.526400089263916,4.526400089263916,0.0,0.0,EUR
2018-06-26,4.5432000160217285,4.5432000160217285,0.0,0.0,EUR
2018-06-27,4.582399845123291,4.582399845123291,0.0,0.0,EUR
2018-06-28,4.582399845123291,4.582399845123291,0.0,0.0,EUR
2018-06-29,4.577199935913086,4.577199935913086,0.0,0.0,EUR
2018-07-02,4.536399841308594,4.536399841308594,0.0,0.0,EUR
2018-07-03,4.5584001541137695,4.5584001541137695,0.0,0.0,EUR
2018-07-04,4.548399925231934,4.548399925231934,0.0,0.0,EUR
2018-07-05,4.539599895477295,4.539599895477295,0.0,0.0,EUR
2018-07-06,4.564799785614014,4.564799785614014,0.0,0.0,EUR
2018-07-09,4.564799785614014,4.564799785614014,0.0,0.0,EUR
2018-07-10,4.564799785614014,4.564799785614014,0.0,0.0,EUR
2018-07-11,4.5920000076293945,4.5920000076293945,0.0,0.0,EUR
2018-07-12,4.622399806976318,4.622399806976318,0.0,0.0,EUR
2018-07-13,4.647200107574463,4.647200107574463,0.0,0.0,EUR
2018-07-16,4.622000217437744,4.622000217437744,0.0,0.0,EUR
2018-07-17,4.622000217437744,4.622000217437744,0.0,0.0,EUR
2018-07-18,4.665599822998047,4.665599822998047,0.0,0.0,EUR
2018-07-19,4.670400142669678,4.670400142669678,0.0,0.0,EUR
2018-07-20,4.648799896240234,4.648799896240234,0.0,0.0,EUR
2018-07-23,4.633200168609619,4.633200168609619,0.0,0.0,EUR
2018-07-24,4.680799961090088,4.680799961090088,0.0,0.0,EUR
2018-07-25,4.682000160217285,4.682000160217285,0.0,0.0,EUR
2018-07-26,4.720799922943115,4.720799922943115,0.0,0.0,EUR
2018-07-27,4.711599826812744,4.711599826812744,0.0,0.0,EUR
2018-07-30,4.668799877166748,4.668799877166748,0.0,0.0,EUR
2018-07-31,4.6743998527526855,4.6743998527526855,0.0,0.0,EUR
2018-08-01,4.668399810791016,4.668399810791016,0.0,0.0,EUR
2018-08-02,4.673999786376953,4.673999786376953,0.0,0.0,EUR
2018-08-03,4.7067999839782715,4.7067999839782715,0.0,0.0,EUR
2018-08-06,4.722400188446045,4.722400188446045,0.0,0.0,EUR
2018-08-07,4.7484002113342285,4.7484002113342285,0.0,0.0,EUR
2018-08-08,4.7403998374938965,4.7403998374938965,0.0,0.0,EUR
2018-08-09,4.757599830627441,4.757599830627441,0.0,0.0,EUR
2018-08-10,4.757999897003174,4.757999897003174,0.0,0.0,EUR
2018-08-13,4.757999897003174,4.757999897003174,0.0,0.0,EUR
2018-08-14,4.76800012588501,4.76800012588501,0.0,0.0,EUR
2018-08-16,4.742400169372559,4.742400169372559,0.0,0.0,EUR
2018-08-17,4.727200031280518,4.727200031280518,0.0,0.0,EUR
2018-08-20,4.747600078582764,4.747600078582764,0.0,0.0,EUR
2018-08-21,4.738800048828125,4.738800048828125,0.0,0.0,EUR
2018-08-22,4.727200031280518,4.727200031280518,0.0,0.0,EUR
2018-08-23,4.713600158691406,4.713600158691406,0.0,0.0,EUR
2018-08-24,4.72160005569458,4.72160005569458,0.0,0.0,EUR
2018-08-27,4.747200012207031,4.747200012207031,0.0,0.0,EUR
2018-08-28,4.7332000732421875,4.7332000732421875,0.0,0.0,EUR
2018-08-29,4.7555999755859375,4.7555999755859375,0.0,0.0,EUR
2018-08-30,4.74560022354126,4.74560022354126,0.0,0.0,EUR
2018-08-31,4.743199825286865,4.743199825286865,0.0,0.0,EUR
2018-09-03,4.7484002113342285,4.7484002113342285,0.0,0.0,EUR
2018-09-04,4.73360013961792,4.73360013961792,0.0,0.0,EUR
2018-09-05,4.676400184631348,4.676400184631348,0.0,0.0,EUR
2018-09-06,4.661600112915039,4.661600112915039,0.0,0.0,EUR
2018-09-07,4.682000160217285,4.682000160217285,0.0,0.0,EUR
2018-09-10,4.671599864959717,4.671599864959717,0.0,0.0,EUR
2018-09-11,4.6743998527526855,4.6743998527526855,0.0,0.0,EUR
2018-09-12,4.681600093841553,4.681600093841553,0.0,0.0,EUR
2018-09-13,4.681600093841553,4.681600093841553,0.0,0.0,EUR
2018-09-14,4.705599784851074,4.705599784851074,0.0,0.0,EUR
2018-09-17,4.685999870300293,4.685999870300293,0.0,0.0,EUR
2018-09-18,4.707200050354004,4.707200050354004,0.0,0.0,EUR
2018-09-19,4.724400043487549,4.724400043487549,0.0,0.0,EUR
2018-09-20,4.724800109863281,4.724800109863281,0.0,0.0,EUR
2018-09-21,4.740799903869629,4.740799903869629,0.0,0.0,EUR
2018-09-24,4.7027997970581055,4.7027997970581055,0.0,0.0,EUR
2018-09-25,4.722400188446045,4.722400188446045,0.0,0.0,EUR
2018-09-26,4.739200115203857,4.739200115203857,0.0,0.0,EUR
2018-09-27,4.763999938964844,4.763999938964844,0.0,0.0,EUR
2018-09-28,4.762400150299072,4.762400150299072,0.0,0.0,EUR
2018-10-01,4.8024001121521,4.8024001121521,0.0,0.0,EUR
2018-10-02,4.776400089263916,4.776400089263916,0.0,0.0,EUR
2018-10-03,4.799600124359131,4.799600124359131,0.0,0.0,EUR
2018-10-04,4.743199825286865,4.743199825286865,0.0,0.0,EUR
2018-10-05,4.712800025939941,4.712800025939941,0.0,0.0,EUR
2018-10-08,4.695199966430664,4.695199966430664,0.0,0.0,EUR
2018-10-09,4.702400207519531,4.702400207519531,0.0,0.0,EUR
2018-10-10,4.616000175476074,4.616000175476074,0.0,0.0,EUR
2018-10-11,4.492400169372559,4.492400169372559,0.0,0.0,EUR
2018-10-12,4.500400066375732,4.500400066375732,0.0,0.0,EUR
2018-10-15,4.492800235748291,4.492800235748291,0.0,0.0,EUR
2018-10-16,4.546800136566162,4.546800136566162,0.0,0.0,EUR
2018-10-17,4.560400009155273,4.560400009155273,0.0,0.0,EUR
2018-10-18,4.539999961853027,4.539999961853027,0.0,0.0,EUR
2018-10-19,4.546800136566162,4.546800136566162,0.0,0.0,EUR
2018-10-22,4.530799865722656,4.530799865722656,0.0,0.0,EUR
2018-10-23,4.444799900054932,4.444799900054932,0.0,0.0,EUR
2018-10-24,4.4527997970581055,4.4527997970581055,0.0,0.0,EUR
2018-10-25,4.448800086975098,4.448800086975098,0.0,0.0,EUR
2018-10-26,4.384799957275391,4.384799957275391,0.0,0.0,EUR
2018-10-29,4.41480016708374,4.41480016708374,0.0,0.0,EUR
2018-10-30,4.416399955749512,4.416399955749512,0.0,0.0,EUR
2018-10-31,4.509200096130371,4.509200096130371,0.0,0.0,EUR
2018-11-01,4.514400005340576,4.514400005340576,0.0,0.0,EUR
2018-11-02,4.527599811553955,4.527599811553955,0.0,0.0,EUR
2018-11-05,4.524400234222412,4.524400234222412,0.0,0.0,EUR
2018-11-06,4.539999961853027,4.539999961853027,0.0,0.0,EUR
2018-11-07,4.5756001472473145,4.5756001472473145,0.0,0.0,EUR
2018-11-08,4.605599880218506,4.605599880218506,0.0,0.0,EUR
2018-11-09,4.586400032043457,4.586400032043457,0.0,0.0,EUR
2018-11-12,4.548399925231934,4.548399925231934,0.0,0.0,EUR
2018-11-13,4.565999984741211,4.565999984741211,0.0,0.0,EUR
2018-11-14,4.512800216674805,4.512800216674805,0.0,0.0,EUR
2018-11-15,4.49560022354126,4.49560022354126,0.0,0.0,EUR
2018-11-16,4.497600078582764,4.497600078582764,0.0,0.0,EUR
2018-11-19,4.4567999839782715,4.4567999839782715,0.0,0.0,EUR
2018-11-20,4.3927998542785645,4.3927998542785645,0.0,0.0,EUR
2018-11-21,4.43120002746582,4.43120002746582,0.0,0.0,EUR
2018-11-22,4.386000156402588,4.386000156402588,0.0,0.0,EUR
2018-11-23,4.42080020904541,4.42080020904541,0.0,0.0,EUR
2018-11-26,4.458399772644043,4.458399772644043,0.0,0.0,EUR
2018-11-27,4.478000164031982,4.478000164031982,0.0,0.0,EUR
2018-11-28,4.499599933624268,4.499599933624268,0.0,0.0,EUR
2018-11-29,4.521599769592285,4.521599769592285,0.0,0.0,EUR
2018-11-30,4.540800094604492,4.540800094604492,0.0,0.0,EUR
2018-12-03,4.600399971008301,4.600399971008301,0.0,0.0,EUR
2018-12-04,4.561999797821045,4.561999797821045,0.0,0.0,EUR
2018-12-05,4.49560022354126,4.49560022354126,0.0,0.0,EUR
2018-12-06,4.352799892425537,4.352799892425537,0.0,0.0,EUR
2018-12-07,4.400000095367432,4.400000095367432,0.0,0.0,EUR
2018-12-10,4.305600166320801,4.305600166320801,0.0,0.0,EUR
2018-12-11,4.400400161743164,4.400400161743164,0.0,0.0,EUR
2018-12-12,4.444799900054932,4.444799900054932,0.0,0.0,EUR
2018-12-13,4.4079999923706055,4.4079999923706055,0.0,0.0,EUR
2018-12-14,4.384399890899658,4.384399890899658,0.0,0.0,EUR
2018-12-17,4.327199935913086,4.327199935913086,0.0,0.0,EUR
2018-12-18,4.263999938964844,4.263999938964844,0.0,0.0,EUR
2018-12-19,4.254799842834473,4.254799842834473,0.0,0.0,EUR
2018-12-20,4.150400161743164,4.150400161743164,0.0,0.0,EUR
2018-12-21,4.139200210571289,4.139200210571289,0.0,0.0,EUR
2018-12-27,4.07919979095459,4.07919979095459,0.0,0.0,EUR
2018-12-28,4.157199859619141,4.157199859619141,0.0,0.0,EUR
2019-01-02,4.192800045013428,4.192800045013428,0.0,0.0,EUR
2019-01-03,4.133999824523926,4.133999824523926,0.0,0.0,EUR
2019-01-04,4.228799819946289,4.228799819946289,0.0,0.0,EUR
2019-01-07,4.249199867248535,4.249199867248535,0.0,0.0,EUR
2019-01-08,4.27839994430542,4.27839994430542,0.0,0.0,EUR
2019-01-09,4.303199768066406,4.303199768066406,0.0,0.0,EUR
2019-01-10,4.307199954986572,4.307199954986572,0.0,0.0,EUR
2019-01-11,4.3256001472473145,4.3256001472473145,0.0,0.0,EUR
2019-01-14,4.309999942779541,4.309999942779541,0.0,0.0,EUR
2019-01-15,4.3632001876831055,4.3632001876831055,0.0,0.0,EUR
2019-01-16,4.393599987030029,4.393599987030029,0.0,0.0,EUR
2019-01-17,4.394400119781494,4.394400119781494,0.0,0.0,EUR
2019-01-18,4.4791998863220215,4.4791998863220215,0.0,0.0,EUR
2019-01-21,4.462399959564209,4.462399959564209,0.0,0.0,EUR
2019-01-22,4.438799858093262,4.438799858093262,0.0,0.0,EUR
2019-01-23,4.405600070953369,4.405600070953369,0.0,0.0,EUR
2019-01-24,4.4355998039245605,4.4355998039245605,0.0,0.0,EUR
2019-01-25,4.468800067901611,4.468800067901611,0.0,0.0,EUR
2019-01-28,4.415999889373779,4.415999889373779,0.0,0.0,EUR
2019-01-29,4.4344000816345215,4.4344000816345215,0.0,0.0,EUR
2019-01-30,4.463200092315674,4.463200092315674,0.0,0.0,EUR
2019-01-31,4.503600120544434,4.503600120544434,0.0,0.0,EUR
2019-02-01,4.50600004196167,4.50600004196167,0.0,0.0,EUR
2019-02-04,4.524799823760986,4.524799823760986,0.0,0.0,EUR
2019-02-05,4.5696001052856445,4.5696001052856445,0.0,0.0,EUR
2019-02-06,4.576399803161621,4.576399803161621,0.0,0.0,EUR
2019-02-07,4.53000020980835,4.53000020980835,0.0,0.0,EUR
2019-02-08,4.502799987792969,4.502799987792969,0.0,0.0,EUR
2019-02-11,4.553199768066406,4.553199768066406,0.0,0.0,EUR
2019-02-12,4.596399784088135,4.596399784088135,0.0,0.0,EUR
2019-02-13,4.6072001457214355,4.6072001457214355,0.0,0.0,EUR
2019-02-14,4.605199813842773,4.605199813842773,0.0,0.0,EUR
2019-02-15,4.652400016784668,4.652400016784668,0.0,0.0,EUR
2019-02-18,4.655200004577637,4.655200004577637,0.0,0.0,EUR
2019-02-19,4.646399974822998,4.646399974822998,0.0,0.0,EUR
2019-02-20,4.665599822998047,4.665599822998047,0.0,0.0,EUR
2019-02-21,4.6539998054504395,4.6539998054504395,0.0,0.0,EUR
2019-02-22,4.684000015258789,4.684000015258789,0.0,0.0,EUR
2019-02-25,4.706399917602539,4.706399917602539,0.0,0.0,EUR
2019-02-26,4.692399978637695,4.692399978637695,0.0,0.0,EUR
2019-02-27,4.669600009918213,4.669600009918213,0.0,0.0,EUR
2019-02-28,4.659200191497803,4.659200191497803,0.0,0.0,EUR
2019-03-01,4.666800022125244,4.666800022125244,0.0,0.0,EUR
2019-03-04,4.688000202178955,4.688000202178955,0.0,0.0,EUR
2019-03-05,4.703999996185303,4.703999996185303,0.0,0.0,EUR
2019-03-06,4.679599761962891,4.679599761962891,0.0,0.0,EUR
2019-03-07,4.66480016708374,4.66480016708374,0.0,0.0,EUR
2019-03-08,4.627600193023682,4.627600193023682,0.0,0.0,EUR
2019-03-11,4.689599990844727,4.689599990844727,0.0,0.0,EUR
2019-03-12,4.696800231933594,4.696800231933594,0.0,0.0,EUR
2019-03-13,4.711599826812744,4.711599826812744,0.0,0.0,EUR
2019-03-14,4.714799880981445,4.714799880981445,0.0,0.0,EUR
2019-03-15,4.736800193786621,4.736800193786621,0.0,0.0,EUR
2019-03-18,4.737599849700928,4.737599849700928,0.0,0.0,EUR
2019-03-19,4.765200138092041,4.765200138092041,0.0,0.0,EUR
2019-03-20,4.714799880981445,4.714799880981445,0.0,0.0,EUR
2019-03-21,4.750400066375732,4.750400066375732,0.0,0.0,EUR
2019-03-22,4.705999851226807,4.705999851226807,0.0,0.0,EUR
2019-03-25,4.688000202178955,4.688000202178955,0.0,0.0,EUR
2019-03-26,4.721199989318848,4.721199989318848,0.0,0.0,EUR
2019-03-27,4.7067999839782715,4.7067999839782715,0.0,0.0,EUR
2019-03-28,4.72760009765625,4.72760009765625,0.0,0.0,EUR
2019-03-29,4.765600204467773,4.765600204467773,0.0,0.0,EUR
2019-04-01,4.822400093078613,4.822400093078613,0.0,0.0,EUR
2019-04-02,4.8368000984191895,4.8368000984191895,0.0,0.0,EUR
2019-04-03,4.860400199890137,4.860400199890137,0.0,0.0,EUR
2019-04-04,4.850399971008301,4.850399971008301,0.0,0.0,EUR
2019-04-05,4.878799915313721,4.878799915313721,0.0,0.0,EUR
2019-04-08,4.856800079345703,4.856800079345703,0.0,0.0,EUR
2019-04-09,4.839200019836426,4.839200019836426,0.0,0.0,EUR
2019-04-10,4.8632001876831055,4.8632001876831055,0.0,0.0,EUR
2019-04-11,4.866799831390381,4.866799831390381,0.0,0.0,EUR
2019-04-12,4.864799976348877,4.864799976348877,0.0,0.0,EUR
2019-04-15,4.869200229644775,4.869200229644775,0.0,0.0,EUR
2019-04-16,4.887599945068359,4.887599945068359,0.0,0.0,EUR
2019-04-17,4.883600234985352,4.883600234985352,0.0,0.0,EUR
2019-04-18,4.8867998123168945,4.8867998123168945,0.0,0.0,EUR
2019-04-23,4.929200172424316,4.929200172424316,0.0,0.0,EUR
2019-04-24,4.929999828338623,4.929999828338623,0.0,0.0,EUR
2019-04-25,4.937600135803223,4.937600135803223,0.0,0.0,EUR
2019-04-26,4.940400123596191,4.940400123596191,0.0,0.0,EUR
2019-04-29,4.952400207519531,4.952400207519531,0.0,0.0,EUR
2019-04-30,4.9232001304626465,4.9232001304626465,0.0,0.0,EUR
2019-05-02,4.900000095367432,4.900000095367432,0.0,0.0,EUR
2019-05-03,4.939199924468994,4.939199924468994,0.0,0.0,EUR
2019-05-06,4.898799896240234,4.898799896240234,0.0,0.0,EUR
2019-05-07,4.8460001945495605,4.8460001945495605,0.0,0.0,EUR
2019-05-08,4.8420000076293945,4.8420000076293945,0.0,0.0,EUR
2019-05-09,4.739200115203857,4.739200115203857,0.0,0.0,EUR
2019-05-10,4.742400169372559,4.742400169372559,0.0,0.0,EUR
2019-05-13,4.6996002197265625,4.6996002197265625,0.0,0.0,EUR
2019-05-14,4.7555999755859375,4.7555999755859375,0.0,0.0,EUR
2019-05-15,4.772799968719482,4.772799968719482,0.0,0.0,EUR
2019-05-16,4.832399845123291,4.832399845123291,0.0,0.0,EUR
2019-05-17,4.805600166320801,4.805600166320801,0.0,0.0,EUR
2019-05-20,4.761199951171875,4.761199951171875,0.0,0.0,EUR
2019-05-21,4.793600082397461,4.793600082397461,0.0,0.0,EUR
2019-05-22,4.7891998291015625,4.7891998291015625,0.0,0.0,EUR
2019-05-23,4.719600200653076,4.719600200653076,0.0,0.0,EUR
2019-05-24,4.716800212860107,4.716800212860107,0.0,0.0,EUR
2019-05-27,4.734000205993652,4.734000205993652,0.0,0.0,EUR
2019-05-28,4.739200115203857,4.739200115203857,0.0,0.0,EUR
2019-05-29,4.6844000816345215,4.6844000816345215,0.0,0.0,EUR
2019-05-30,4.703199863433838,4.703199863433838,0.0,0.0,EUR
2019-05-31,4.6691999435424805,4.6691999435424805,0.0,0.0,EUR
2019-06-03,4.647600173950195,4.647600173950195,0.0,0.0,EUR
2019-06-04,4.673600196838379,4.673600196838379,0.0,0.0,EUR
2019-06-05,4.697999954223633,4.697999954223633,0.0,0.0,EUR
2019-06-06,4.69920015335083,4.69920015335083,0.0,0.0,EUR
2019-06-07,4.742400169372559,4.742400169372559,0.0,0.0,EUR
2019-06-10,4.7891998291015625,4.7891998291015625,0.0,0.0,EUR
2019-06-11,4.792399883270264,4.792399883270264,0.0,0.0,EUR
2019-06-12,4.768799781799316,4.768799781799316,0.0,0.0,EUR
2019-06-13,4.78879976272583,4.78879976272583,0.0,0.0,EUR
2019-06-14,4.794000148773193,4.794000148773193,0.0,0.0,EUR
2019-06-17,4.801599979400635,4.801599979400635,0.0,0.0,EUR
2019-06-18,4.8755998611450195,4.8755998611450195,0.0,0.0,EUR
2019-06-19,4.866399765014648,4.866399765014648,0.0,0.0,EUR
2019-06-20,4.898399829864502,4.898399829864502,0.0,0.0,EUR
2019-06-21,4.882400035858154,4.882400035858154,0.0,0.0,EUR
2019-06-24,4.843200206756592,4.843200206756592,0.0,0.0,EUR
2019-06-25,4.829999923706055,4.829999923706055,0.0,0.0,EUR
2019-06-26,4.8196001052856445,4.8196001052856445,0.0,0.0,EUR
2019-06-27,4.8267998695373535,4.8267998695373535,0.0,0.0,EUR
2019-06-28,4.848800182342529,4.848800182342529,0.0,0.0,EUR
2019-07-01,4.915599822998047,4.915599822998047,0.0,0.0,EUR
2019-07-02,4.926000118255615,4.926000118255615,0.0,0.0,EUR
2019-07-03,4.961599826812744,4.961599826812744,0.0,0.0,EUR
2019-07-04,4.978799819946289,4.978799819946289,0.0,0.0,EUR
2019-07-05,4.967199802398682,4.967199802398682,0.0,0.0,EUR
2019-07-08,4.959199905395508,4.959199905395508,0.0,0.0,EUR
2019-07-09,4.9552001953125,4.9552001953125,0.0,0.0,EUR
2019-07-10,4.958000183105469,4.958000183105469,0.0,0.0,EUR
2019-07-11,4.972400188446045,4.972400188446045,0.0,0.0,EUR
2019-07-12,4.980000019073486,4.980000019073486,0.0,0.0,EUR
2019-07-15,4.996799945831299,4.996799945831299,0.0,0.0,EUR
2019-07-16,5.011199951171875,5.011199951171875,0.0,0.0,EUR
2019-07-17,4.986000061035156,4.986000061035156,0.0,0.0,EUR
2019-07-18,4.963200092315674,4.963200092315674,0.0,0.0,EUR
2019-07-19,4.993599891662598,4.993599891662598,0.0,0.0,EUR
2019-07-22,4.975200176239014,4.975200176239014,0.0,0.0,EUR
2019-07-23,5.021999835968018,5.021999835968018,0.0,0.0,EUR
2019-07-24,5.03879976272583,5.03879976272583,0.0,0.0,EUR
2019-07-25,5.019199848175049,5.019199848175049,0.0,0.0,EUR
2019-07-26,5.051199913024902,5.051199913024902,0.0,0.0,EUR
2019-07-29,5.035600185394287,5.035600185394287,0.0,0.0,EUR
2019-07-30,5.0015997886657715,5.0015997886657715,0.0,0.0,EUR
2019-07-31,5.01639986038208,5.01639986038208,0.0,0.0,EUR
2019-08-01,5.040800094604492,5.040800094604492,0.0,0.0,EUR
2019-08-02,4.869200229644775,4.869200229644775,0.0,0.0,EUR
2019-08-05,4.750800132751465,4.750800132751465,0.0,0.0,EUR
2019-08-06,4.730400085449219,4.730400085449219,0.0,0.0,EUR
2019-08-07,4.72760009765625,4.72760009765625,0.0,0.0,EUR
2019-08-08,4.823999881744385,4.823999881744385,0.0,0.0,EUR
2019-08-09,4.789999961853027,4.789999961853027,0.0,0.0,EUR
2019-08-12,4.76800012588501,4.76800012588501,0.0,0.0,EUR
2019-08-13,4.816400051116943,4.816400051116943,0.0,0.0,EUR
2019-08-14,4.737199783325195,4.737199783325195,0.0,0.0,EUR
2019-08-16,4.8024001121521,4.8024001121521,0.0,0.0,EUR
2019-08-19,4.855199813842773,4.855199813842773,0.0,0.0,EUR
2019-08-20,4.8460001945495605,4.8460001945495605,0.0,0.0,EUR
2019-08-21,4.866799831390381,4.866799831390381,0.0,0.0,EUR
2019-08-22,4.844399929046631,4.844399929046631,0.0,0.0,EUR
2019-08-23,4.785600185394287,4.785600185394287,0.0,0.0,EUR
2019-08-26,4.782400131225586,4.782400131225586,0.0,0.0,EUR
2019-08-27,4.796000003814697,4.796000003814697,0.0,0.0,EUR
2019-08-28,4.81279993057251,4.81279993057251,0.0,0.0,EUR
2019-08-29,4.874000072479248,4.874000072479248,0.0,0.0,EUR
2019-08-30,4.895999908447266,4.895999908447266,0.0,0.0,EUR
2019-09-02,4.909599781036377,4.909599781036377,0.0,0.0,EUR
2019-09-03,4.891600131988525,4.891600131988525,0.0,0.0,EUR
2019-09-04,4.922399997711182,4.922399997711182,0.0,0.0,EUR
2019-09-05,4.9791998863220215,4.9791998863220215,0.0,0.0,EUR
2019-09-06,4.982399940490723,4.982399940490723,0.0,0.0,EUR
2019-09-09,4.988800048828125,4.988800048828125,0.0,0.0,EUR
2019-09-10,4.970799922943115,4.970799922943115,0.0,0.0,EUR
2019-09-11,5.038400173187256,5.038400173187256,0.0,0.0,EUR
2019-09-12,5.05079984664917,5.05079984664917,0.0,0.0,EUR
2019-09-13,5.058000087738037,5.058000087738037,0.0,0.0,EUR
2019-09-16,5.06279993057251,5.06279993057251,0.0,0.0,EUR
2019-09-17,5.041200160980225,5.041200160980225,0.0,0.0,EUR
2019-09-18,5.026800155639648,5.026800155639648,0.0,0.0,EUR
2019-09-19,5.060800075531006,5.060800075531006,0.0,0.0,EUR
2019-09-20,5.073999881744385,5.073999881744385,0.0,0.0,EUR
2019-09-23,5.047599792480469,5.047599792480469,0.0,0.0,EUR
2019-09-24,5.041200160980225,5.041200160980225,0.0,0.0,EUR
2019-09-25,5.0279998779296875,5.0279998779296875,0.0,0.0,EUR
2019-09-26,5.033599853515625,5.033599853515625,0.0,0.0,EUR
2019-09-27,5.051199913024902,5.051199913024902,0.0,0.0,EUR
2019-09-30,5.0584001541137695,5.0584001541137695,0.0,0.0,EUR
2019-10-01,5.007199764251709,5.007199764251709,0.0,0.0,EUR
2019-10-02,4.896399974822998,4.896399974822998,0.0,0.0,EUR
2019-10-03,4.883200168609619,4.883200168609619,0.0,0.0,EUR
2019-10-04,4.944399833679199,4.944399833679199,0.0,0.0,EUR
2019-10-07,4.964799880981445,4.964799880981445,0.0,0.0,EUR
2019-10-08,4.914000034332275,4.914000034332275,0.0,0.0,EUR
2019-10-09,4.920000076293945,4.920000076293945,0.0,0.0,EUR
2019-10-10,4.9567999839782715,4.9567999839782715,0.0,0.0,EUR
2019-10-11,5.048799991607666,5.048799991607666,0.0,0.0,EUR
2019-10-14,5.01200008392334,5.01200008392334,0.0,0.0,EUR
2019-10-15,5.0503997802734375,5.0503997802734375,0.0,0.0,EUR
2019-10-16,5.036799907684326,5.036799907684326,0.0,0.0,EUR
2019-10-17,5.02400016784668,5.02400016784668,0.0,0.0,EUR
2019-10-18,5.004799842834473,5.004799842834473,0.0,0.0,EUR
2019-10-21,5.026400089263916,5.026400089263916,0.0,0.0,EUR
2019-10-22,5.04040002822876,5.04040002822876,0.0,0.0,EUR
2019-10-23,5.03879976272583,5.03879976272583,0.0,0.0,EUR
2019-10-24,5.062399864196777,5.062399864196777,0.0,0.0,EUR
2019-10-25,5.0879998207092285,5.0879998207092285,0.0,0.0,EUR
2019-10-28,5.104000091552734,5.104000091552734,0.0,0.0,EUR
2019-10-29,5.1031999588012695,5.1031999588012695,0.0,0.0,EUR
2019-10-30,5.087600231170654,5.087600231170654,0.0,0.0,EUR
2019-10-31,5.067999839782715,5.067999839782715,0.0,0.0,EUR
2019-11-01,5.103600025177002,5.103600025177002,0.0,0.0,EUR
2019-11-04,5.15880012512207,5.15880012512207,0.0,0.0,EUR
2019-11-05,5.188399791717529,5.188399791717529,0.0,0.0,EUR
2019-11-06,5.1855998039245605,5.1855998039245605,0.0,0.0,EUR
2019-11-07,5.22760009765625,5.22760009765625,0.0,0.0,EUR
2019-11-08,5.226799964904785,5.226799964904785,0.0,0.0,EUR
2019-11-11,5.2027997970581055,5.2027997970581055,0.0,0.0,EUR
2019-11-12,5.238399982452393,5.238399982452393,0.0,0.0,EUR
2019-11-13,5.210000038146973,5.210000038146973,0.0,0.0,EUR
2019-11-14,5.201600074768066,5.201600074768066,0.0,0.0,EUR
2019-11-15,5.235199928283691,5.235199928283691,0.0,0.0,EUR
2019-11-18,5.22160005569458,5.22160005569458,0.0,0.0,EUR
2019-11-19,5.224400043487549,5.224400043487549,0.0,0.0,EUR
2019-11-20,5.224800109863281,5.224800109863281,0.0,0.0,EUR
2019-11-21,5.196000099182129,5.196000099182129,0.0,0.0,EUR
2019-11-22,5.218400001525879,5.218400001525879,0.0,0.0,EUR
2019-11-25,5.265600204467773,5.265600204467773,0.0,0.0,EUR
2019-11-26,5.278800010681152,5.278800010681152,0.0,0.0,EUR
2019-11-27,5.302800178527832,5.302800178527832,0.0,0.0,EUR
2019-11-28,5.301599979400635,5.301599979400635,0.0,0.0,EUR
2019-11-29,5.26639986038208,5.26639986038208,0.0,0.0,EUR
2019-12-02,5.188000202178955,5.188000202178955,0.0,0.0,EUR
2019-12-03,5.1519999504089355,5.1519999504089355,0.0,0.0,EUR
2019-12-04,5.2108001708984375,5.2108001708984375,0.0,0.0,EUR
2019-12-05,5.205599784851074,5.205599784851074,0.0,0.0,EUR
2019-12-06,5.280799865722656,5.280799865722656,0.0,0.0,EUR
2019-12-09,5.263999938964844,5.263999938964844,0.0,0.0,EUR
2019-12-10,5.245200157165527,5.245200157165527,0.0,0.0,EUR
2019-12-11,5.255199909210205,5.255199909210205,0.0,0.0,EUR
2019-12-12,5.286399841308594,5.286399841308594,0.0,0.0,EUR
2019-12-13,5.302000045776367,5.302000045776367,0.0,0.0,EUR
2019-12-16,5.349999904632568,5.349999904632568,0.0,0.0,EUR
2019-12-17,5.337600231170654,5.337600231170654,0.0,0.0,EUR
2019-12-18,5.360799789428711,5.360799789428711,0.0,0.0,EUR
2019-12-19,5.361999988555908,5.361999988555908,0.0,0.0,EUR
2019-12-20,5.418399810791016,5.418399810791016,0.0,0.0,EUR
2019-12-23,5.404799938201904,5.404799938201904,0.0,0.0,EUR
2019-12-27,5.406799793243408,5.406799793243408,0.0,0.0,EUR
2019-12-30,5.360000133514404,5.360000133514404,0.0,0.0,EUR
2020-01-02,5.412799835205078,5.412799835205078,0.0,0.0,EUR
2020-01-03,5.397200107574463,5.397200107574463,0.0,0.0,EUR
2020-01-06,5.3796000480651855,5.3796000480651855,0.0,0.0,EUR
2020-01-07,5.417200088500977,5.417200088500977,0.0,0.0,EUR
2020-01-08,5.4344000816345215,5.4344000816345215,0.0,0.0,EUR
2020-01-09,5.472799777984619,5.472799777984619,0.0,0.0,EUR
2020-01-10,5.472400188446045,5.472400188446045,0.0,0.0,EUR
2020-01-13,5.468800067901611,5.468800067901611,0.0,0.0,EUR
2020-01-14,5.488800048828125,5.488800048828125,0.0,0.0,EUR
2020-01-15,5.4832000732421875,5.4832000732421875,0.0,0.0,EUR
2020-01-16,5.511199951171875,5.511199951171875,0.0,0.0,EUR
2020-01-17,5.546000003814697,5.546000003814697,0.0,0.0,EUR
2020-01-20,5.555600166320801,5.555600166320801,0.0,0.0,EUR
2020-01-21,5.538400173187256,5.538400173187256,0.0,0.0,EUR
2020-01-22,5.548399925231934,5.548399925231934,0.0,0.0,EUR
2020-01-23,5.52239990234375,5.52239990234375,0.0,0.0,EUR
2020-01-24,5.547999858856201,5.547999858856201,0.0,0.0,EUR
2020-01-27,5.423999786376953,5.423999786376953,0.0,0.0,EUR
2020-01-28,5.480800151824951,5.480800151824951,0.0,0.0,EUR
2020-01-29,5.502799987792969,5.502799987792969,0.0,0.0,EUR
2020-01-30,5.42519998550415,5.42519998550415,0.0,0.0,EUR
2020-01-31,5.357999801635742,5.357999801635742,0.0,0.0,EUR
2020-02-03,5.399600028991699,5.399600028991699,0.0,0.0,EUR
2020-02-04,5.503200054168701,5.503200054168701,0.0,0.0,EUR
2020-02-05,5.553599834442139,5.553599834442139,0.0,0.0,EUR
2020-02-06,5.595600128173828,5.595600128173828,0.0,0.0,EUR
2020-02-07,5.579999923706055,5.579999923706055,0.0,0.0,EUR
2020-02-10,5.581200122833252,5.581200122833252,0.0,0.0,EUR
2020-02-11,5.6508002281188965,5.6508002281188965,0.0,0.0,EUR
2020-02-12,5.6844000816345215,5.6844000816345215,0.0,0.0,EUR
2020-02-13,5.71120023727417,5.71120023727417,0.0,0.0,EUR
2020-02-14,5.703999996185303,5.703999996185303,0.0,0.0,EUR
2020-02-17,5.717599868774414,5.717599868774414,0.0,0.0,EUR
2020-02-18,5.690400123596191,5.690400123596191,0.0,0.0,EUR
2020-02-19,5.722799777984619,5.722799777984619,0.0,0.0,EUR
2020-02-20,5.688799858093262,5.688799858093262,0.0,0.0,EUR
2020-02-21,5.638400077819824,5.638400077819824,0.0,0.0,EUR
2020-02-24,5.439599990844727,5.439599990844727,0.0,0.0,EUR
2020-02-25,5.358399868011475,5.358399868011475,0.0,0.0,EUR
2020-02-26,5.340400218963623,5.340400218963623,0.0,0.0,EUR
2020-02-27,5.121200084686279,5.121200084686279,0.0,0.0,EUR
2020-02-28,4.905200004577637,4.905200004577637,0.0,0.0,EUR
2020-03-02,4.958399772644043,4.958399772644043,0.0,0.0,EUR
2020-03-03,5.011199951171875,5.011199951171875,0.0,0.0,EUR
2020-03-04,5.057199954986572,5.057199954986572,0.0,0.0,EUR
2020-03-05,5.02839994430542,5.02839994430542,0.0,0.0,EUR
2020-03-06,4.831200122833252,4.831200122833252,0.0,0.0,EUR
2020-03-09,4.467199802398682,4.467199802398682,0.0,0.0,EUR
2020-03-10,4.458399772644043,4.458399772644043,0.0,0.0,EUR
2020-03-11,4.488399982452393,4.488399982452393,0.0,0.0,EUR
2020-03-12,4.053199768066406,4.053199768066406,0.0,0.0,EUR
2020-03-13,4.142399787902832,4.142399787902832,0.0,0.0,EUR
2020-03-16,4.014400005340576,4.014400005340576,0.0,0.0,EUR
2020-03-17,4.046800136566162,4.046800136566162,0.0,0.0,EUR
2020-03-18,3.9019999504089355,3.9019999504089355,0.0,0.0,EUR
2020-03-19,3.941999912261963,3.941999912261963,0.0,0.0,EUR
2020-03-20,4.0503997802734375,4.0503997802734375,0.0,0.0,EUR
2020-03-23,3.780400037765503,3.780400037765503,0.0,0.0,EUR
2020-03-24,4.0920000076293945,4.0920000076293945,0.0,0.0,EUR
2020-03-25,4.196800231933594,4.196800231933594,0.0,0.0,EUR
2020-03-26,4.277599811553955,4.277599811553955,0.0,0.0,EUR
2020-03-27,4.172399997711182,4.172399997711182,0.0,0.0,EUR
2020-03-30,4.253600120544434,4.253600120544434,0.0,0.0,EUR
2020-03-31,4.315999984741211,4.315999984741211,0.0,0.0,EUR
2020-04-01,4.142000198364258,4.142000198364258,0.0,0.0,EUR
2020-04-02,4.168000221252441,4.168000221252441,0.0,0.0,EUR
2020-04-03,4.165200233459473,4.165200233459473,0.0,0.0,EUR
2020-04-06,4.342800140380859,4.342800140380859,0.0,0.0,EUR
2020-04-07,4.482399940490723,4.482399940490723,0.0,0.0,EUR
2020-04-08,4.469600200653076,4.469600200653076,0.0,0.0,EUR
2020-04-09,4.560800075531006,4.560800075531006,0.0,0.0,EUR
2020-04-14,4.598400115966797,4.598400115966797,0.0,0.0,EUR
2020-04-15,4.507999897003174,4.507999897003174,0.0,0.0,EUR
2020-04-16,4.542399883270264,4.542399883270264,0.0,0.0,EUR
2020-04-17,4.61959981918335,4.61959981918335,0.0,0.0,EUR
2020-04-20,4.65880012512207,4.65880012512207,0.0,0.0,EUR
2020-04-21,4.472400188446045,4.472400188446045,0.0,0.0,EUR
2020-04-22,4.577199935913086,4.577199935913086,0.0,0.0,EUR
2020-04-23,4.648399829864502,4.648399829864502,0.0,0.0,EUR
2020-04-24,4.595200061798096,4.595200061798096,0.0,0.0,EUR
2020-04-27,4.708000183105469,4.708000183105469,0.0,0.0,EUR
2020-04-28,4.741600036621094,4.741600036621094,0.0,0.0,EUR
2020-04-29,4.831200122833252,4.831200122833252,0.0,0.0,EUR
2020-04-30,4.747600078582764,4.747600078582764,0.0,0.0,EUR
2020-05-04,4.594799995422363,4.594799995422363,0.0,0.0,EUR
2020-05-05,4.737199783325195,4.737199783325195,0.0,0.0,EUR
2020-05-06,4.7027997970581055,4.7027997970581055,0.0,0.0,EUR
2020-05-07,4.753600120544434,4.753600120544434,0.0,0.0,EUR
2020-05-08,4.791200160980225,4.791200160980225,0.0,0.0,EUR
2020-05-11,4.803599834442139,4.803599834442139,0.0,0.0,EUR
2020-05-12,4.797599792480469,4.797599792480469,0.0,0.0,EUR
2020-05-13,4.679999828338623,4.679999828338623,0.0,0.0,EUR
2020-05-14,4.636000156402588,4.636000156402588,0.0,0.0,EUR
2020-05-15,4.659200191497803,4.659200191497803,0.0,0.0,EUR
2020-05-18,4.823200225830078,4.823200225830078,0.0,0.0,EUR
2020-05-19,4.807199954986572,4.807199954986572,0.0,0.0,EUR
2020-05-20,4.823999881744385,4.823999881744385,0.0,0.0,EUR
2020-05-21,4.781199932098389,4.781199932098389,0.0,0.0,EUR
2020-05-22,4.778800010681152,4.778800010681152,0.0,0.0,EUR
2020-05-25,4.860000133514404,4.860000133514404,0.0,0.0,EUR
2020-05-26,4.874000072479248,4.874000072479248,0.0,0.0,EUR
2020-05-27,4.8572001457214355,4.8572001457214355,0.0,0.0,EUR
2020-05-28,4.92519998550415,4.92519998550415,0.0,0.0,EUR
2020-05-29,4.829599857330322,4.829599857330322,0.0,0.0,EUR
2020-06-01,4.897200107574463,4.897200107574463,0.0,0.0,EUR
2020-06-02,4.9243998527526855,4.9243998527526855,0.0,0.0,EUR
2020-06-03,5.0208001136779785,5.0208001136779785,0.0,0.0,EUR
2020-06-04,4.964000225067139,4.964000225067139,0.0,0.0,EUR
2020-06-05,5.106800079345703,5.106800079345703,0.0,0.0,EUR
2020-06-08,5.118000030517578,5.118000030517578,0.0,0.0,EUR
2020-06-09,5.0868000984191895,5.0868000984191895,0.0,0.0,EUR
2020-06-10,5.063600063323975,5.063600063323975,0.0,0.0,EUR
2020-06-11,4.871200084686279,4.871200084686279,0.0,0.0,EUR
2020-06-12,4.865600109100342,4.865600109100342,0.0,0.0,EUR
2020-06-15,4.830399990081787,4.830399990081787,0.0,0.0,EUR
2020-06-16,4.9903998374938965,4.9903998374938965,0.0,0.0,EUR
2020-06-17,5.022799968719482,5.022799968719482,0.0,0.0,EUR
2020-06-18,5.000400066375732,5.000400066375732,0.0,0.0,EUR
2020-06-19,5.042399883270264,5.042399883270264,0.0,0.0,EUR
2020-06-22,4.970799922943115,4.970799922943115,0.0,0.0,EUR
2020-06-23,5.021200180053711,5.021200180053711,0.0,0.0,EUR
2020-06-24,4.895199775695801,4.895199775695801,0.0,0.0,EUR
2020-06-25,4.921999931335449,4.921999931335449,0.0,0.0,EUR
2020-06-26,4.895199775695801,4.895199775695801,0.0,0.0,EUR
2020-06-29,4.907199859619141,4.907199859619141,0.0,0.0,EUR
2020-06-30,4.948800086975098,4.948800086975098,0.0,0.0,EUR
2020-07-01,4.95959997177124,4.95959997177124,0.0,0.0,EUR
2020-07-02,4.95959997177124,4.95959997177124,0.0,0.0,EUR
2020-07-03,5.01200008392334,5.01200008392334,0.0,0.0,EUR
2020-07-06,5.090799808502197,5.090799808502197,0.0,0.0,EUR
2020-07-07,5.0767998695373535,5.0767998695373535,0.0,0.0,EUR
2020-07-08,5.027200222015381,5.027200222015381,0.0,0.0,EUR
2020-07-09,5.01039981842041,5.01039981842041,0.0,0.0,EUR
2020-07-10,5.043600082397461,5.043600082397461,0.0,0.0,EUR
2020-07-13,5.124800205230713,5.124800205230713,0.0,0.0,EUR
2020-07-14,5.021200180053711,5.021200180053711,0.0,0.0,EUR
2020-07-15,5.105999946594238,5.105999946594238,0.0,0.0,EUR
2020-07-16,5.073599815368652,5.073599815368652,0.0,0.0,EUR
2020-07-17,5.086400032043457,5.086400032043457,0.0,0.0,EUR
2020-07-20,5.115600109100342,5.115600109100342,0.0,0.0,EUR
2020-07-21,5.149199962615967,5.149199962615967,0.0,0.0,EUR
2020-07-22,5.093599796295166,5.093599796295166,0.0,0.0,EUR
2020-07-23,5.100800037384033,5.100800037384033,0.0,0.0,EUR
2020-07-24,5.00600004196167,5.00600004196167,0.0,0.0,EUR
2020-07-27,4.976799964904785,4.976799964904785,0.0,0.0,EUR
2020-07-28,5.012800216674805,5.012800216674805,0.0,0.0,EUR
2020-07-29,5.006400108337402,5.006400108337402,0.0,0.0,EUR
2020-07-30,4.948800086975098,4.948800086975098,0.0,0.0,EUR
2020-07-31,4.929999828338623,4.929999828338623,0.0,0.0,EUR
2020-08-03,5.031199932098389,5.031199932098389,0.0,0.0,EUR
2020-08-04,5.04040002822876,5.04040002822876,0.0,0.0,EUR
2020-08-05,5.046000003814697,5.046000003814697,0.0,0.0,EUR
2020-08-06,5.046000003814697,5.046000003814697,0.0,0.0,EUR
2020-08-07,5.079599857330322,5.079599857330322,0.0,0.0,EUR
2020-08-10,5.099599838256836,5.099599838256836,0.0,0.0,EUR
2020-08-11,5.144400119781494,5.144400119781494,0.0,0.0,EUR
2020-08-12,5.165999889373779,5.165999889373779,0.0,0.0,EUR
2020-08-13,5.147200107574463,5.147200107574463,0.0,0.0,EUR
2020-08-14,5.1255998611450195,5.1255998611450195,0.0,0.0,EUR
2020-08-17,5.131999969482422,5.131999969482422,0.0,0.0,EUR
2020-08-18,5.112400054931641,5.112400054931641,0.0,0.0,EUR
2020-08-19,5.138800144195557,5.138800144195557,0.0,0.0,EUR
2020-08-20,5.105999946594238,5.105999946594238,0.0,0.0,EUR
2020-08-21,5.1479997634887695,5.1479997634887695,0.0,0.0,EUR
2020-08-24,5.192399978637695,5.192399978637695,0.0,0.0,EUR
2020-08-25,5.196800231933594,5.196800231933594,0.0,0.0,EUR
2020-08-26,5.239200115203857,5.239200115203857,0.0,0.0,EUR
2020-08-27,5.264400005340576,5.264400005340576,0.0,0.0,EUR
2020-08-28,5.230400085449219,5.230400085449219,0.0,0.0,EUR
2020-08-31,5.199999809265137,5.199999809265137,0.0,0.0,EUR
2020-09-01,5.2220001220703125,5.2220001220703125,0.0,0.0,EUR
2020-09-02,5.28879976272583,5.28879976272583,0.0,0.0,EUR
2020-09-03,5.19920015335083,5.19920015335083,0.0,0.0,EUR
2020-09-04,5.101200103759766,5.101200103759766,0.0,0.0,EUR
2020-09-07,5.177999973297119,5.177999973297119,0.0,0.0,EUR
2020-09-08,5.110000133514404,5.110000133514404,0.0,0.0,EUR
2020-09-09,5.140399932861328,5.140399932861328,0.0,0.0,EUR
2020-09-10,5.126399993896484,5.126399993896484,0.0,0.0,EUR
2020-09-11,5.092800140380859,5.092800140380859,0.0,0.0,EUR
2020-09-14,5.1407999992370605,5.1407999992370605,0.0,0.0,EUR
2020-09-15,5.192800045013428,5.192800045013428,0.0,0.0,EUR
2020-09-16,5.20359992980957,5.20359992980957,0.0,0.0,EUR
2020-09-17,5.145999908447266,5.145999908447266,0.0,0.0,EUR
2020-09-18,5.1143999099731445,5.1143999099731445,0.0,0.0,EUR
2020-09-21,5.000800132751465,5.000800132751465,0.0,0.0,EUR
2020-09-22,5.047599792480469,5.047599792480469,0.0,0.0,EUR
2020-09-23,5.083600044250488,5.083600044250488,0.0,0.0,EUR
2020-09-24,5.015999794006348,5.015999794006348,0.0,0.0,EUR
2020-09-25,5.053199768066406,5.053199768066406,0.0,0.0,EUR
2020-09-28,5.154399871826172,5.154399871826172,0.0,0.0,EUR
2020-09-29,5.119200229644775,5.119200229644775,0.0,0.0,EUR
2020-09-30,5.165599822998047,5.165599822998047,0.0,0.0,EUR
2020-10-01,5.171199798583984,5.171199798583984,0.0,0.0,EUR
2020-10-02,5.1539998054504395,5.1539998054504395,0.0,0.0,EUR
2020-10-05,5.186800003051758,5.186800003051758,0.0,0.0,EUR
2020-10-06,5.20359992980957,5.20359992980957,0.0,0.0,EUR
2020-10-07,5.217599868774414,5.217599868774414,0.0,0.0,EUR
2020-10-08,5.262800216674805,5.262800216674805,0.0,0.0,EUR
2020-10-09,5.285999774932861,5.285999774932861,0.0,0.0,EUR
2020-10-12,5.3572001457214355,5.3572001457214355,0.0,0.0,EUR
2020-10-13,5.367599964141846,5.367599964141846,0.0,0.0,EUR
2020-10-14,5.3460001945495605,5.3460001945495605,0.0,0.0,EUR
2020-10-15,5.288000106811523,5.288000106811523,0.0,0.0,EUR
2020-10-16,5.346399784088135,5.346399784088135,0.0,0.0,EUR
2020-10-19,5.288400173187256,5.288400173187256,0.0,0.0,EUR
2020-10-20,5.24560022354126,5.24560022354126,0.0,0.0,EUR
2020-10-21,5.21999979019165,5.21999979019165,0.0,0.0,EUR
2020-10-22,5.216800212860107,5.216800212860107,0.0,0.0,EUR
2020-10-23,5.2332000732421875,5.2332000732421875,0.0,0.0,EUR
2020-10-26,5.159200191497803,5.159200191497803,0.0,0.0,EUR
2020-10-27,5.159200191497803,5.159200191497803,0.0,0.0,EUR
2020-10-28,5.051599979400635,5.051599979400635,0.0,0.0,EUR
2020-10-29,5.082799911499023,5.082799911499023,0.0,0.0,EUR
2020-10-30,5.04640007019043,5.04640007019043,0.0,0.0,EUR
2020-11-02,5.116799831390381,5.116799831390381,0.0,0.0,EUR
2020-11-03,5.200799942016602,5.200799942016602,0.0,0.0,EUR
2020-11-04,5.3196001052856445,5.3196001052856445,0.0,0.0,EUR
2020-11-05,5.3480000495910645,5.3480000495910645,0.0,0.0,EUR
2020-11-06,5.325200080871582,5.325200080871582,0.0,0.0,EUR
2020-11-09,5.494800090789795,5.494800090789795,0.0,0.0,EUR
2020-11-10,5.440400123596191,5.440400123596191,0.0,0.0,EUR
2020-11-11,5.508800029754639,5.508800029754639,0.0,0.0,EUR
2020-11-12,5.465199947357178,5.465199947357178,0.0,0.0,EUR
2020-11-13,5.458000183105469,5.458000183105469,0.0,0.0,EUR
2020-11-16,5.5447998046875,5.5447998046875,0.0,0.0,EUR
2020-11-17,5.530799865722656,5.530799865722656,0.0,0.0,EUR
2020-11-18,5.552800178527832,5.552800178527832,0.0,0.0,EUR
2020-11-19,5.505199909210205,5.505199909210205,0.0,0.0,EUR
2020-11-20,5.542799949645996,5.542799949645996,0.0,0.0,EUR
2020-11-23,5.537199974060059,5.537199974060059,0.0,0.0,EUR
2020-11-24,5.602799892425537,5.602799892425537,0.0,0.0,EUR
2020-11-25,5.590400218963623,5.590400218963623,0.0,0.0,EUR
2020-11-26,5.600800037384033,5.600800037384033,0.0,0.0,EUR
2020-11-27,5.613999843597412,5.613999843597412,0.0,0.0,EUR
2020-11-30,5.533599853515625,5.533599853515625,0.0,0.0,EUR
2020-12-01,5.581999778747559,5.581999778747559,0.0,0.0,EUR
2020-12-02,5.559199810028076,5.559199810028076,0.0,0.0,EUR
2020-12-03,5.567999839782715,5.567999839782715,0.0,0.0,EUR
2020-12-04,5.601200103759766,5.601200103759766,0.0,0.0,EUR
2020-12-07,5.604800224304199,5.604800224304199,0.0,0.0,EUR
2020-12-08,5.616799831390381,5.616799831390381,0.0,0.0,EUR
2020-12-09,5.629199981689453,5.629199981689453,0.0,0.0,EUR
2020-12-10,5.607600212097168,5.607600212097168,0.0,0.0,EUR
2020-12-11,5.571599960327148,5.571599960327148,0.0,0.0,EUR
2020-12-14,5.589600086212158,5.589600086212158,0.0,0.0,EUR
2020-12-15,5.589600086212158,5.589600086212158,0.0,0.0,EUR
2020-12-16,5.635200023651123,5.635200023651123,0.0,0.0,EUR
2020-12-17,5.6367998123168945,5.6367998123168945,0.0,0.0,EUR
2020-12-18,5.6356000900268555,5.6356000900268555,0.0,0.0,EUR
2020-12-21,5.567200183868408,5.567200183868408,0.0,0.0,EUR
2020-12-22,5.618800163269043,5.618800163269043,0.0,0.0,EUR
2020-12-23,5.642000198364258,5.642000198364258,0.0,0.0,EUR
2020-12-28,5.690400123596191,5.690400123596191,0.0,0.0,EUR
2020-12-29,5.679999828338623,5.679999828338623,0.0,0.0,EUR
2020-12-30,5.690000057220459,5.690000057220459,0.0,0.0,EUR
2021-01-04,5.656000137329102,5.656000137329102,0.0,0.0,EUR
2021-01-05,5.679599761962891,5.679599761962891,0.0,0.0,EUR
2021-01-06,5.760799884796143,5.760799884796143,0.0,0.0,EUR
2021-01-07,5.809999942779541,5.809999942779541,0.0,0.0,EUR
2021-01-08,5.853600025177002,5.853600025177002,0.0,0.0,EUR
2021-01-11,5.878399848937988,5.878399848937988,0.0,0.0,EUR
2021-01-12,5.8744001388549805,5.8744001388549805,0.0,0.0,EUR
2021-01-13,5.888000011444092,5.888000011444092,0.0,0.0,EUR
2021-01-14,5.929999828338623,5.929999828338623,0.0,0.0,EUR
2021-01-15,5.891200065612793,5.891200065612793,0.0,0.0,EUR
2021-01-18,5.918000221252441,5.918000221252441,0.0,0.0,EUR
2021-01-19,5.903600215911865,5.903600215911865,0.0,0.0,EUR
2021-01-20,5.980400085449219,5.980400085449219,0.0,0.0,EUR
2021-01-21,5.976799964904785,5.976799964904785,0.0,0.0,EUR
2021-01-22,5.93720006942749,5.93720006942749,0.0,0.0,EUR
2021-01-25,5.922800064086914,5.922800064086914,0.0,0.0,EUR
2021-01-26,5.9415998458862305,5.9415998458862305,0.0,0.0,EUR
2021-01-27,5.861599922180176,5.861599922180176,0.0,0.0,EUR
2021-01-28,5.876399993896484,5.876399993896484,0.0,0.0,EUR
2021-01-29,5.758399963378906,5.758399963378906,0.0,0.0,EUR
2021-02-01,5.83519983291626,5.83519983291626,0.0,0.0,EUR
2021-02-02,5.958399772644043,5.958399772644043,0.0,0.0,EUR
2021-02-03,5.96999979019165,5.96999979019165,0.0,0.0,EUR
2021-02-04,6.019999980926514,6.019999980926514,0.0,0.0,EUR
2021-02-05,6.03439998626709,6.03439998626709,0.0,0.0,EUR
2021-02-08,6.0472002029418945,6.0472002029418945,0.0,0.0,EUR
2021-02-09,6.047999858856201,6.047999858856201,0.0,0.0,EUR
2021-02-10,6.031199932098389,6.031199932098389,0.0,0.0,EUR
2021-02-11,6.060800075531006,6.060800075531006,0.0,0.0,EUR
2021-02-12,6.085599899291992,6.085599899291992,0.0,0.0,EUR
2021-02-15,6.136000156402588,6.136000156402588,0.0,0.0,EUR
2021-02-16,6.116000175476074,6.116000175476074,0.0,0.0,EUR
2021-02-17,6.090000152587891,6.090000152587891,0.0,0.0,EUR
2021-02-18,6.046000003814697,6.046000003814697,0.0,0.0,EUR
2021-02-19,6.077600002288818,6.077600002288818,0.0,0.0,EUR
2021-02-22,6.011199951171875,6.011199951171875,0.0,0.0,EUR
2021-02-23,5.968800067901611,5.968800067901611,0.0,0.0,EUR
2021-02-24,6.017199993133545,6.017199993133545,0.0,0.0,EUR
2021-02-25,5.982800006866455,5.982800006866455,0.0,0.0,EUR
2021-02-26,5.898799896240234,5.898799896240234,0.0,0.0,EUR
2021-03-01,6.039599895477295,6.039599895477295,0.0,0.0,EUR
2021-03-02,6.01200008392334,6.01200008392334,0.0,0.0,EUR
2021-03-03,6.002799987792969,6.002799987792969,0.0,0.0,EUR
2021-03-04,5.972400188446045,5.972400188446045,0.0,0.0,EUR
2021-03-05,5.874800205230713,5.874800205230713,0.0,0.0,EUR
2021-03-08,6.048399925231934,6.048399925231934,0.0,0.0,EUR
2021-03-09,6.105599880218506,6.105599880218506,0.0,0.0,EUR
2021-03-10,6.107600212097168,6.107600212097168,0.0,0.0,EUR
2021-03-11,6.165999889373779,6.165999889373779,0.0,0.0,EUR
2021-03-12,6.1579999923706055,6.1579999923706055,0.0,0.0,EUR
2021-03-15,6.168799877166748,6.168799877166748,0.0,0.0,EUR
2021-03-16,6.223199844360352,6.223199844360352,0.0,0.0,EUR
2021-03-17,6.185999870300293,6.185999870300293,0.0,0.0,EUR
2021-03-18,6.1996002197265625,6.1996002197265625,0.0,0.0,EUR
2021-03-19,6.1620001792907715,6.1620001792907715,0.0,0.0,EUR
2021-03-22,6.170400142669678,6.170400142669678,0.0,0.0,EUR
2021-03-23,6.170400142669678,6.170400142669678,0.0,0.0,EUR
2021-03-24,6.146399974822998,6.146399974822998,0.0,0.0,EUR
2021-03-25,6.120800018310547,6.120800018310547,0.0,0.0,EUR
2021-03-26,6.185200214385986,6.185200214385986,0.0,0.0,EUR
2021-03-29,6.206399917602539,6.206399917602539,0.0,0.0,EUR
2021-03-30,6.241199970245361,6.241199970245361,0.0,0.0,EUR
2021-03-31,6.258800029754639,6.258800029754639,0.0,0.0,EUR
2021-04-01,6.296800136566162,6.296800136566162,0.0,0.0,EUR
2021-04-06,6.343200206756592,6.343200206756592,0.0,0.0,EUR
2021-04-07,6.29640007019043,6.29640007019043,0.0,0.0,EUR
2021-04-08,6.309599876403809,6.309599876403809,0.0,0.0,EUR
2021-04-09,6.343599796295166,6.343599796295166,0.0,0.0,EUR
2021-04-12,6.3368000984191895,6.3368000984191895,0.0,0.0,EUR
2021-04-13,6.353600025177002,6.353600025177002,0.0,0.0,EUR
2021-04-14,6.340000152587891,6.340000152587891,0.0,0.0,EUR
2021-04-15,6.377999782562256,6.377999782562256,0.0,0.0,EUR
2021-04-16,6.395599842071533,6.395599842071533,0.0,0.0,EUR
2021-04-19,6.361599922180176,6.361599922180176,0.0,0.0,EUR
2021-04-20,6.267199993133545,6.267199993133545,0.0,0.0,EUR
2021-04-21,6.308000087738037,6.308000087738037,0.0,0.0,EUR
2021-04-22,6.340000152587891,6.340000152587891,0.0,0.0,EUR
2021-04-23,6.343200206756592,6.343200206756592,0.0,0.0,EUR
2021-04-26,6.360799789428711,6.360799789428711,0.0,0.0,EUR
2021-04-27,6.357600212097168,6.357600212097168,0.0,0.0,EUR
2021-04-28,6.356400012969971,6.356400012969971,0.0,0.0,EUR
2021-04-29,6.343999862670898,6.343999862670898,0.0,0.0,EUR
2021-04-30,6.348800182342529,6.348800182342529,0.0,0.0,EUR
2021-05-03,6.361999988555908,6.361999988555908,0.0,0.0,EUR
2021-05-04,6.293600082397461,6.293600082397461,0.0,0.0,EUR
2021-05-05,6.375199794769287,6.375199794769287,0.0,0.0,EUR
2021-05-06,6.347599983215332,6.347599983215332,0.0,0.0,EUR
2021-05-07,6.388000011444092,6.388000011444092,0.0,0.0,EUR
2021-05-10,6.375999927520752,6.375999927520752,0.0,0.0,EUR
2021-05-11,6.246799945831299,6.246799945831299,0.0,0.0,EUR
2021-05-12,6.220799922943115,6.220799922943115,0.0,0.0,EUR
2021-05-13,6.222400188446045,6.222400188446045,0.0,0.0,EUR
2021-05-14,6.269599914550781,6.269599914550781,0.0,0.0,EUR
2021-05-17,6.250400066375732,6.250400066375732,0.0,0.0,EUR
2021-05-18,6.271200180053711,6.271200180053711,0.0,0.0,EUR
2021-05-19,6.164000034332275,6.164000034332275,0.0,0.0,EUR
2021-05-20,6.252799987792969,6.252799987792969,0.0,0.0,EUR
2021-05-21,6.289999961853027,6.289999961853027,0.0,0.0,EUR
2021-05-24,6.310400009155273,6.310400009155273,0.0,0.0,EUR
2021-05-25,6.295199871063232,6.295199871063232,0.0,0.0,EUR
2021-05-26,6.311999797821045,6.311999797821045,0.0,0.0,EUR
2021-05-27,6.3379998207092285,6.3379998207092285,0.0,0.0,EUR
2021-05-28,6.365200042724609,6.365200042724609,0.0,0.0,EUR
2021-05-31,6.326399803161621,6.326399803161621,0.0,0.0,EUR
2021-06-01,6.3531999588012695,6.3531999588012695,0.0,0.0,EUR
2021-06-02,6.383600234985352,6.383600234985352,0.0,0.0,EUR
2021-06-03,6.394000053405762,6.394000053405762,0.0,0.0,EUR
2021-06-04,6.4120001792907715,6.4120001792907715,0.0,0.0,EUR
2021-06-07,6.403200149536133,6.403200149536133,0.0,0.0,EUR
2021-06-08,6.400400161743164,6.400400161743164,0.0,0.0,EUR
2021-06-09,6.414400100708008,6.414400100708008,0.0,0.0,EUR
2021-06-10,6.435200214385986,6.435200214385986,0.0,0.0,EUR
2021-06-11,6.475599765777588,6.475599765777588,0.0,0.0,EUR
2021-06-14,6.468800067901611,6.468800067901611,0.0,0.0,EUR
2021-06-15,6.466000080108643,6.466000080108643,0.0,0.0,EUR
2021-06-16,6.478000164031982,6.478000164031982,0.0,0.0,EUR
2021-06-17,6.53000020980835,6.53000020980835,0.0,0.0,EUR
2021-06-18,6.478400230407715,6.478400230407715,0.0,0.0,EUR
2021-06-21,6.502399921417236,6.502399921417236,0.0,0.0,EUR
2021-06-22,6.524400234222412,6.524400234222412,0.0,0.0,EUR
2021-06-23,6.51200008392334,6.51200008392334,0.0,0.0,EUR
2021-06-24,6.544000148773193,6.544000148773193,0.0,0.0,EUR
2021-06-25,6.578400135040283,6.578400135040283,0.0,0.0,EUR
2021-06-28,6.568399906158447,6.568399906158447,0.0,0.0,EUR
2021-06-29,6.581999778747559,6.581999778747559,0.0,0.0,EUR
2021-06-30,6.587600231170654,6.587600231170654,0.0,0.0,EUR
2021-07-01,6.584799766540527,6.584799766540527,0.0,0.0,EUR
2021-07-02,6.6367998123168945,6.6367998123168945,0.0,0.0,EUR
2021-07-05,6.6468000411987305,6.6468000411987305,0.0,0.0,EUR
2021-07-06,6.612800121307373,6.612800121307373,0.0,0.0,EUR
2021-07-07,6.6579999923706055,6.6579999923706055,0.0,0.0,EUR
2021-07-08,6.555600166320801,6.555600166320801,0.0,0.0,EUR
2021-07-09,6.632400035858154,6.632400035858154,0.0,0.0,EUR
2021-07-12,6.650000095367432,6.650000095367432,0.0,0.0,EUR
2021-07-13,6.691199779510498,6.691199779510498,0.0,0.0,EUR
2021-07-14,6.671999931335449,6.671999931335449,0.0,0.0,EUR
2021-07-15,6.654399871826172,6.654399871826172,0.0,0.0,EUR
2021-07-16,6.626800060272217,6.626800060272217,0.0,0.0,EUR
2021-07-19,6.4944000244140625,6.4944000244140625,0.0,0.0,EUR
2021-07-20,6.572400093078613,6.572400093078613,0.0,0.0,EUR
2021-07-21,6.621600151062012,6.621600151062012,0.0,0.0,EUR
2021-07-22,6.6539998054504395,6.6539998054504395,0.0,0.0,EUR
2021-07-23,6.710400104522705,6.710400104522705,0.0,0.0,EUR
2021-07-26,6.687600135803223,6.687600135803223,0.0,0.0,EUR
2021-07-27,6.602799892425537,6.602799892425537,0.0,0.0,EUR
2021-07-28,6.6631999015808105,6.6631999015808105,0.0,0.0,EUR
2021-07-29,6.675600051879883,6.675600051879883,0.0,0.0,EUR
2021-07-30,6.654799938201904,6.654799938201904,0.0,0.0,EUR
2021-08-02,6.682000160217285,6.682000160217285,0.0,0.0,EUR
2021-08-03,6.659200191497803,6.659200191497803,0.0,0.0,EUR
2021-08-04,6.6915998458862305,6.6915998458862305,0.0,0.0,EUR
2021-08-05,6.710400104522705,6.710400104522705,0.0,0.0,EUR
2021-08-06,6.750400066375732,6.750400066375732,0.0,0.0,EUR
2021-08-09,6.760000228881836,6.760000228881836,0.0,0.0,EUR
2021-08-10,6.781199932098389,6.781199932098389,0.0,0.0,EUR
2021-08-11,6.790800094604492,6.790800094604492,0.0,0.0,EUR
2021-08-12,6.7947998046875,6.7947998046875,0.0,0.0,EUR
2021-08-13,6.782800197601318,6.782800197601318,0.0,0.0,EUR
2021-08-16,6.748799800872803,6.748799800872803,0.0,0.0,EUR
2021-08-17,6.76039981842041,6.76039981842041,0.0,0.0,EUR
2021-08-18,6.76639986038208,6.76639986038208,0.0,0.0,EUR
2021-08-19,6.6844000816345215,6.6844000816345215,0.0,0.0,EUR
2021-08-20,6.735599994659424,6.735599994659424,0.0,0.0,EUR
2021-08-23,6.768400192260742,6.768400192260742,0.0,0.0,EUR
2021-08-24,6.793600082397461,6.793600082397461,0.0,0.0,EUR
2021-08-25,6.810800075531006,6.810800075531006,0.0,0.0,EUR
2021-08-26,6.785200119018555,6.785200119018555,0.0,0.0,EUR
2021-08-27,6.803599834442139,6.803599834442139,0.0,0.0,EUR
2021-08-30,6.831600189208984,6.831600189208984,0.0,0.0,EUR
2021-08-31,6.834799766540527,6.834799766540527,0.0,0.0,EUR
2021-09-01,6.837200164794922,6.837200164794922,0.0,0.0,EUR
2021-09-02,6.855999946594238,6.855999946594238,0.0,0.0,EUR
2021-09-03,6.842400074005127,6.842400074005127,0.0,0.0,EUR
2021-09-06,6.883600234985352,6.883600234985352,0.0,0.0,EUR
2021-09-07,6.856800079345703,6.856800079345703,0.0,0.0,EUR
2021-09-08,6.8196001052856445,6.8196001052856445,0.0,0.0,EUR
2021-09-09,6.834799766540527,6.834799766540527,0.0,0.0,EUR
2021-09-10,6.80079984664917,6.80079984664917,0.0,0.0,EUR
2021-09-13,6.796000003814697,6.796000003814697,0.0,0.0,EUR
2021-09-14,6.781199932098389,6.781199932098389,0.0,0.0,EUR
2021-09-15,6.763599872589111,6.763599872589111,0.0,0.0,EUR
2021-09-16,6.793600082397461,6.793600082397461,0.0,0.0,EUR
2021-09-17,6.773600101470947,6.773600101470947,0.0,0.0,EUR
2021-09-20,6.638800144195557,6.638800144195557,0.0,0.0,EUR
2021-09-21,6.672800064086914,6.672800064086914,0.0,0.0,EUR
2021-09-22,6.736400127410889,6.736400127410889,0.0,0.0,EUR
2021-09-23,6.773200035095215,6.773200035095215,0.0,0.0,EUR
2021-09-24,6.768400192260742,6.768400192260742,0.0,0.0,EUR
2021-09-27,6.789599895477295,6.789599895477295,0.0,0.0,EUR
2021-09-28,6.673999786376953,6.673999786376953,0.0,0.0,EUR
2021-09-29,6.717199802398682,6.717199802398682,0.0,0.0,EUR
2021-09-30,6.701600074768066,6.701600074768066,0.0,0.0,EUR
2021-10-01,6.6691999435424805,6.6691999435424805,0.0,0.0,EUR
2021-10-04,6.589200019836426,6.589200019836426,0.0,0.0,EUR
2021-10-05,6.692800045013428,6.692800045013428,0.0,0.0,EUR
2021-10-06,6.6468000411987305,6.6468000411987305,0.0,0.0,EUR
2021-10-07,6.793600082397461,6.793600082397461,0.0,0.0,EUR
2021-10-08,6.771200180053711,6.771200180053711,0.0,0.0,EUR
2021-10-11,6.7932000160217285,6.7932000160217285,0.0,0.0,EUR
2021-10-12,6.75,6.75,0.0,0.0,EUR
2021-10-13,6.736800193786621,6.736800193786621,0.0,0.0,EUR
2021-10-14,6.840000152587891,6.840000152587891,0.0,0.0,EUR
2021-10-15,6.901199817657471,6.901199817657471,0.0,0.0,EUR
2021-10-18,6.892399787902832,6.892399787902832,0.0,0.0,EUR
2021-10-19,6.929599761962891,6.929599761962891,0.0,0.0,EUR
2021-10-20,6.953999996185303,6.953999996185303,0.0,0.0,EUR
2021-10-21,6.935999870300293,6.935999870300293,0.0,0.0,EUR
2021-10-22,6.9475998878479,6.9475998878479,0.0,0.0,EUR
2021-10-25,6.987599849700928,6.987599849700928,0.0,0.0,EUR
2021-10-26,7.051199913024902,7.051199913024902,0.0,0.0,EUR
2021-10-27,6.99399995803833,6.99399995803833,0.0,0.0,EUR
2021-10-28,6.965199947357178,6.965199947357178,0.0,0.0,EUR
2021-10-29,7.021200180053711,7.021200180053711,0.0,0.0,EUR
2021-11-01,7.0391998291015625,7.0391998291015625,0.0,0.0,EUR
2021-11-02,7.057199954986572,7.057199954986572,0.0,0.0,EUR
2021-11-03,7.054800033569336,7.054800033569336,0.0,0.0,EUR
2021-11-04,7.132400035858154,7.132400035858154,0.0,0.0,EUR
2021-11-05,7.161200046539307,7.161200046539307,0.0,0.0,EUR
2021-11-08,7.156799793243408,7.156799793243408,0.0,0.0,EUR
2021-11-09,7.13040018081665,7.13040018081665,0.0,0.0,EUR
2021-11-10,7.1631999015808105,7.1631999015808105,0.0,0.0,EUR
2021-11-11,7.175600051879883,7.175600051879883,0.0,0.0,EUR
2021-11-12,7.2179999351501465,7.2179999351501465,0.0,0.0,EUR
2021-11-15,7.242400169372559,7.242400169372559,0.0,0.0,EUR
2021-11-16,7.303999900817871,7.303999900817871,0.0,0.0,EUR
2021-11-17,7.292399883270264,7.292399883270264,0.0,0.0,EUR
2021-11-18,7.2403998374938965,7.2403998374938965,0.0,0.0,EUR
2021-11-19,7.271999835968018,7.271999835968018,0.0,0.0,EUR
2021-11-22,7.298399925231934,7.298399925231934,0.0,0.0,EUR
2021-11-23,7.218800067901611,7.218800067901611,0.0,0.0,EUR
2021-11-24,7.279600143432617,7.279600143432617,0.0,0.0,EUR
2021-11-25,7.297599792480469,7.297599792480469,0.0,0.0,EUR
2021-11-26,7.032400131225586,7.032400131225586,0.0,0.0,EUR
2021-11-29,7.100800037384033,7.100800037384033,0.0,0.0,EUR
2021-11-30,7.020400047302246,7.020400047302246,0.0,0.0,EUR
2021-12-01,7.093999862670898,7.093999862670898,0.0,0.0,EUR
2021-12-02,6.978000164031982,6.978000164031982,0.0,0.0,EUR
2021-12-03,6.955599784851074,6.955599784851074,0.0,0.0,EUR
2021-12-06,7.029600143432617,7.029600143432617,0.0,0.0,EUR
2021-12-07,7.216400146484375,7.216400146484375,0.0,0.0,EUR
2021-12-08,7.15880012512207,7.15880012512207,0.0,0.0,EUR
2021-12-09,7.184800148010254,7.184800148010254,0.0,0.0,EUR
2021-12-10,7.144400119781494,7.144400119781494,0.0,0.0,EUR
2021-12-13,7.11359977722168,7.11359977722168,0.0,0.0,EUR
2021-12-14,7.056000232696533,7.056000232696533,0.0,0.0,EUR
2021-12-15,7.0524001121521,7.0524001121521,0.0,0.0,EUR
2021-12-16,7.144400119781494,7.144400119781494,0.0,0.0,EUR
2021-12-17,7.096399784088135,7.096399784088135,0.0,0.0,EUR
2021-12-20,6.937600135803223,6.937600135803223,0.0,0.0,EUR
2021-12-21,7.059599876403809,7.059599876403809,0.0,0.0,EUR
2021-12-22,7.127200126647949,7.127200126647949,0.0,0.0,EUR
2021-12-23,7.204800128936768,7.204800128936768,0.0,0.0,EUR
2021-12-27,7.24399995803833,7.24399995803833,0.0,0.0,EUR
2021-12-28,7.273600101470947,7.273600101470947,0.0,0.0,EUR
2021-12-29,7.232800006866455,7.232800006866455,0.0,0.0,EUR
2021-12-30,7.280799865722656,7.280799865722656,0.0,0.0,EUR
2022-01-03,7.283999919891357,7.283999919891357,0.0,0.0,EUR
2022-01-04,7.309999942779541,7.309999942779541,0.0,0.0,EUR
2022-01-05,7.294000148773193,7.294000148773193,0.0,0.0,EUR
2022-01-06,7.189199924468994,7.189199924468994,0.0,0.0,EUR
2022-01-07,7.1528000831604,7.1528000831604,0.0,0.0,EUR
2022-01-10,7.070000171661377,7.070000171661377,0.0,0.0,EUR
2022-01-11,7.166800022125244,7.166800022125244,0.0,0.0,EUR
2022-01-12,7.203199863433838,7.203199863433838,0.0,0.0,EUR
2022-01-13,7.168399810791016,7.168399810791016,0.0,0.0,EUR
2022-01-14,7.099599838256836,7.099599838256836,0.0,0.0,EUR
2022-01-17,7.147200107574463,7.147200107574463,0.0,0.0,EUR
2022-01-18,7.072400093078613,7.072400093078613,0.0,0.0,EUR
2022-01-19,7.049600124359131,7.049600124359131,0.0,0.0,EUR
2022-01-20,7.112400054931641,7.112400054931641,0.0,0.0,EUR
2022-01-21,6.940400123596191,6.940400123596191,0.0,0.0,EUR
2022-01-24,6.672399997711182,6.672399997711182,0.0,0.0,EUR
2022-01-25,6.74560022354126,6.74560022354126,0.0,0.0,EUR
2022-01-26,6.870800018310547,6.870800018310547,0.0,0.0,EUR
2022-01-27,6.9019999504089355,6.9019999504089355,0.0,0.0,EUR
2022-01-28,6.829999923706055,6.829999923706055,0.0,0.0,EUR
2022-01-31,6.921999931335449,6.921999931335449,0.0,0.0,EUR
2022-02-01,7.013199806213379,7.013199806213379,0.0,0.0,EUR
2022-02-02,7.021999835968018,7.021999835968018,0.0,0.0,EUR
2022-02-03,6.8856000900268555,6.8856000900268555,0.0,0.0,EUR
2022-02-04,6.831200122833252,6.831200122833252,0.0,0.0,EUR
2022-02-07,6.861999988555908,6.861999988555908,0.0,0.0,EUR
2022-02-08,6.9008002281188965,6.9008002281188965,0.0,0.0,EUR
2022-02-09,7.003600120544434,7.003600120544434,0.0,0.0,EUR
2022-02-10,6.968400001525879,6.968400001525879,0.0,0.0,EUR
2022-02-11,6.939199924468994,6.939199924468994,0.0,0.0,EUR
2022-02-14,6.856400012969971,6.856400012969971,0.0,0.0,EUR
2022-02-15,6.90880012512207,6.90880012512207,0.0,0.0,EUR
2022-02-16,6.893199920654297,6.893199920654297,0.0,0.0,EUR
2022-02-17,6.862400054931641,6.862400054931641,0.0,0.0,EUR
2022-02-18,6.787600040435791,6.787600040435791,0.0,0.0,EUR
2022-02-21,6.711599826812744,6.711599826812744,0.0,0.0,EUR
2022-02-22,6.727200031280518,6.727200031280518,0.0,0.0,EUR
2022-02-23,6.682400226593018,6.682400226593018,0.0,0.0,EUR
2022-02-24,6.578400135040283,6.578400135040283,0.0,0.0,EUR
2022-02-25,6.76039981842041,6.76039981842041,0.0,0.0,EUR
2022-02-28,6.80679988861084,6.80679988861084,0.0,0.0,EUR
2022-03-01,6.768799781799316,6.768799781799316,0.0,0.0,EUR
2022-03-02,6.831999778747559,6.831999778747559,0.0,0.0,EUR
2022-03-03,6.818399906158447,6.818399906158447,0.0,0.0,EUR
2022-03-04,6.724400043487549,6.724400043487549,0.0,0.0,EUR
2022-03-07,6.708000183105469,6.708000183105469,0.0,0.0,EUR
2022-03-08,6.578000068664551,6.578000068664551,0.0,0.0,EUR
2022-03-09,6.684800148010254,6.684800148010254,0.0,0.0,EUR
2022-03-10,6.6407999992370605,6.6407999992370605,0.0,0.0,EUR
2022-03-11,6.683199882507324,6.683199882507324,0.0,0.0,EUR
2022-03-14,6.605999946594238,6.605999946594238,0.0,0.0,EUR
2022-03-15,6.666800022125244,6.666800022125244,0.0,0.0,EUR
2022-03-16,6.813600063323975,6.813600063323975,0.0,0.0,EUR
2022-03-17,6.830399990081787,6.830399990081787,0.0,0.0,EUR
2022-03-18,6.938000202178955,6.938000202178955,0.0,0.0,EUR
2022-03-21,6.9720001220703125,6.9720001220703125,0.0,0.0,EUR
2022-03-22,7.064000129699707,7.064000129699707,0.0,0.0,EUR
2022-03-23,7.04040002822876,7.04040002822876,0.0,0.0,EUR
2022-03-24,7.035999774932861,7.035999774932861,0.0,0.0,EUR
2022-03-25,7.061999797821045,7.061999797821045,0.0,0.0,EUR
2022-03-28,7.081600189208984,7.081600189208984,0.0,0.0,EUR
2022-03-29,7.125999927520752,7.125999927520752,0.0,0.0,EUR
2022-03-30,7.101600170135498,7.101600170135498,0.0,0.0,EUR
2022-03-31,7.0879998207092285,7.0879998207092285,0.0,0.0,EUR
2022-04-01,7.073999881744385,7.073999881744385,0.0,0.0,EUR
2022-04-04,7.1620001792907715,7.1620001792907715,0.0,0.0,EUR
2022-04-05,7.172399997711182,7.172399997711182,0.0,0.0,EUR
2022-04-06,7.032800197601318,7.032800197601318,0.0,0.0,EUR
2022-04-07,7.01800012588501,7.01800012588501,0.0,0.0,EUR
2022-04-08,7.106400012969971,7.106400012969971,0.0,0.0,EUR
2022-04-11,7.003200054168701,7.003200054168701,0.0,0.0,EUR
2022-04-12,7.05079984664917,7.05079984664917,0.0,0.0,EUR
2022-04-13,7.029600143432617,7.029600143432617,0.0,0.0,EUR
2022-04-14,7.065199851989746,7.065199851989746,0.0,0.0,EUR
2022-04-19,7.062399864196777,7.062399864196777,0.0,0.0,EUR
2022-04-20,7.07480001449585,7.07480001449585,0.0,0.0,EUR
2022-04-21,7.070799827575684,7.070799827575684,0.0,0.0,EUR
2022-04-22,6.916800022125244,6.916800022125244,0.0,0.0,EUR
2022-04-25,6.78879976272583,6.78879976272583,0.0,0.0,EUR
2022-04-26,6.7947998046875,6.7947998046875,0.0,0.0,EUR
2022-04-27,6.860000133514404,6.860000133514404,0.0,0.0,EUR
2022-04-28,6.8968000411987305,6.8968000411987305,0.0,0.0,EUR
2022-04-29,6.924799919128418,6.924799919128418,0.0,0.0,EUR
2022-05-02,6.801599979400635,6.801599979400635,0.0,0.0,EUR
2022-05-03,6.869200229644775,6.869200229644775,0.0,0.0,EUR
2022-05-04,6.784800052642822,6.784800052642822,0.0,0.0,EUR
2022-05-05,6.807600021362305,6.807600021362305,0.0,0.0,EUR
2022-05-06,6.701200008392334,6.701200008392334,0.0,0.0,EUR
2022-05-09,6.533599853515625,6.533599853515625,0.0,0.0,EUR
2022-05-10,6.493599891662598,6.493599891662598,0.0,0.0,EUR
2022-05-11,6.567999839782715,6.567999839782715,0.0,0.0,EUR
2022-05-12,6.51200008392334,6.51200008392334,0.0,0.0,EUR
2022-05-13,6.663599967956543,6.663599967956543,0.0,0.0,EUR
2022-05-16,6.637199878692627,6.637199878692627,0.0,0.0,EUR
2022-05-17,6.6844000816345215,6.6844000816345215,0.0,0.0,EUR
2022-05-18,6.594799995422363,6.594799995422363,0.0,0.0,EUR
2022-05-19,6.468800067901611,6.468800067901611,0.0,0.0,EUR
2022-05-20,6.472400188446045,6.472400188446045,0.0,0.0,EUR
2022-05-23,6.532800197601318,6.532800197601318,0.0,0.0,EUR
2022-05-24,6.377999782562256,6.377999782562256,0.0,0.0,EUR
2022-05-25,6.475200176239014,6.475200176239014,0.0,0.0,EUR
2022-05-26,6.590799808502197,6.590799808502197,0.0,0.0,EUR
2022-05-27,6.716800212860107,6.716800212860107,0.0,0.0,EUR
2022-05-30,6.750800132751465,6.750800132751465,0.0,0.0,EUR
2022-05-31,6.702400207519531,6.702400207519531,0.0,0.0,EUR
2022-06-01,6.691999912261963,6.691999912261963,0.0,0.0,EUR
2022-06-02,6.708799839019775,6.708799839019775,0.0,0.0,EUR
2022-06-03,6.6996002197265625,6.6996002197265625,0.0,0.0,EUR
2022-06-06,6.747600078582764,6.747600078582764,0.0,0.0,EUR
2022-06-07,6.725200176239014,6.725200176239014,0.0,0.0,EUR
2022-06-08,6.742400169372559,6.742400169372559,0.0,0.0,EUR
2022-06-09,6.686399936676025,6.686399936676025,0.0,0.0,EUR
2022-06-10,6.498799800872803,6.498799800872803,0.0,0.0,EUR
2022-06-13,6.344799995422363,6.344799995422363,0.0,0.0,EUR
2022-06-14,6.306000232696533,6.306000232696533,0.0,0.0,EUR
2022-06-15,6.350399971008301,6.350399971008301,0.0,0.0,EUR
2022-06-16,6.155200004577637,6.155200004577637,0.0,0.0,EUR
2022-06-17,6.16480016708374,6.16480016708374,0.0,0.0,EUR
2022-06-20,6.189599990844727,6.189599990844727,0.0,0.0,EUR
2022-06-21,6.260799884796143,6.260799884796143,0.0,0.0,EUR
2022-06-22,6.238399982452393,6.238399982452393,0.0,0.0,EUR
2022-06-23,6.252399921417236,6.252399921417236,0.0,0.0,EUR
2022-06-24,6.382800102233887,6.382800102233887,0.0,0.0,EUR
2022-06-27,6.417600154876709,6.417600154876709,0.0,0.0,EUR
2022-06-28,6.40880012512207,6.40880012512207,0.0,0.0,EUR
2022-06-29,6.356800079345703,6.356800079345703,0.0,0.0,EUR
2022-06-30,6.292399883270264,6.292399883270264,0.0,0.0,EUR
2022-07-01,6.32480001449585,6.32480001449585,0.0,0.0,EUR
2022-07-04,6.348800182342529,6.348800182342529,0.0,0.0,EUR
2022-07-05,6.328800201416016,6.328800201416016,0.0,0.0,EUR
2022-07-06,6.452000141143799,6.452000141143799,0.0,0.0,EUR
2022-07-07,6.579999923706055,6.579999923706055,0.0,0.0,EUR
2022-07-08,6.623600006103516,6.623600006103516,0.0,0.0,EUR
2022-07-11,6.567599773406982,6.567599773406982,0.0,0.0,EUR
2022-07-12,6.603600025177002,6.603600025177002,0.0,0.0,EUR
2022-07-13,6.497200012207031,6.497200012207031,0.0,0.0,EUR
2022-07-14,6.443600177764893,6.443600177764893,0.0,0.0,EUR
2022-07-15,6.53879976272583,6.53879976272583,0.0,0.0,EUR
2022-07-18,6.573999881744385,6.573999881744385,0.0,0.0,EUR
2022-07-19,6.587200164794922,6.587200164794922,0.0,0.0,EUR
2022-07-20,6.666399955749512,6.666399955749512,0.0,0.0,EUR
2022-07-21,6.680799961090088,6.680799961090088,0.0,0.0,EUR
2022-07-22,6.678400039672852,6.678400039672852,0.0,0.0,EUR
2022-07-25,6.679999828338623,6.679999828338623,0.0,0.0,EUR
2022-07-26,6.665999889373779,6.665999889373779,0.0,0.0,EUR
2022-07-27,6.730400085449219,6.730400085449219,0.0,0.0,EUR
2022-07-28,6.817200183868408,6.817200183868408,0.0,0.0,EUR
2022-07-29,6.857999801635742,6.857999801635742,0.0,0.0,EUR
2022-08-01,6.8703999519348145,6.8703999519348145,0.0,0.0,EUR
2022-08-02,6.861999988555908,6.861999988555908,0.0,0.0,EUR
2022-08-03,6.917200088500977,6.917200088500977,0.0,0.0,EUR
2022-08-04,6.891600131988525,6.891600131988525,0.0,0.0,EUR
2022-08-05,6.895199775695801,6.895199775695801,0.0,0.0,EUR
2022-08-08,6.934800148010254,6.934800148010254,0.0,0.0,EUR
2022-08-09,6.867199897766113,6.867199897766113,0.0,0.0,EUR
2022-08-10,6.92519998550415,6.92519998550415,0.0,0.0,EUR
2022-08-11,6.976799964904785,6.976799964904785,0.0,0.0,EUR
2022-08-12,7.0391998291015625,7.0391998291015625,0.0,0.0,EUR
2022-08-16,7.143599987030029,7.143599987030029,0.0,0.0,EUR
2022-08-17,7.090400218963623,7.090400218963623,0.0,0.0,EUR
2022-08-18,7.132800102233887,7.132800102233887,0.0,0.0,EUR
2022-08-19,7.092800140380859,7.092800140380859,0.0,0.0,EUR
2022-08-22,7.0524001121521,7.0524001121521,0.0,0.0,EUR
2022-08-23,7.006800174713135,7.006800174713135,0.0,0.0,EUR
2022-08-24,7.043600082397461,7.043600082397461,0.0,0.0,EUR
2022-08-25,7.080399990081787,7.080399990081787,0.0,0.0,EUR
2022-08-26,6.990799903869629,6.990799903869629,0.0,0.0,EUR
2022-08-29,6.869999885559082,6.869999885559082,0.0,0.0,EUR
2022-08-30,6.800000190734863,6.800000190734863,0.0,0.0,EUR
2022-08-31,6.75600004196167,6.75600004196167,0.0,0.0,EUR
2022-09-01,6.704800128936768,6.704800128936768,0.0,0.0,EUR
2022-09-02,6.792799949645996,6.792799949645996,0.0,0.0,EUR
2022-09-05,6.754000186920166,6.754000186920166,0.0,0.0,EUR
2022-09-06,6.730000019073486,6.730000019073486,0.0,0.0,EUR
2022-09-07,6.730000019073486,6.730000019073486,0.0,0.0,EUR
2022-09-08,6.796000003814697,6.796000003814697,0.0,0.0,EUR
2022-09-09,6.849999904632568,6.849999904632568,0.0,0.0,EUR
2022-09-12,6.895599842071533,6.895599842071533,0.0,0.0,EUR
2022-09-13,6.895599842071533,6.895599842071533,0.0,0.0,EUR
2022-09-14,6.895599842071533,6.895599842071533,0.0,0.0,EUR
2022-09-15,6.895599842071533,6.895599842071533,0.0,0.0,EUR
2022-09-16,6.895599842071533,6.895599842071533,0.0,0.0,EUR
2022-09-19,6.895599842071533,6.895599842071533,0.0,0.0,EUR
2022-09-20,6.895599842071533,6.895599842071533,0.0,0.0,EUR
2022-09-21,6.6579999923706055,6.6579999923706055,0.0,0.0,EUR
2022-09-22,6.53000020980835,6.53000020980835,0.0,0.0,EUR
2022-09-23,6.452400207519531,6.452400207519531,0.0,0.0,EUR
2022-09-26,6.46120023727417,6.46120023727417,0.0,0.0,EUR
2022-09-27,6.444799900054932,6.444799900054932,0.0,0.0,EUR
2022-09-28,6.466800212860107,6.466800212860107,0.0,0.0,EUR
2022-09-29,6.30679988861084,6.30679988861084,0.0,0.0,EUR
2022-09-30,6.3491997718811035,6.3491997718811035,0.0,0.0,EUR
2022-10-03,6.339200019836426,6.339200019836426,0.0,0.0,EUR
2022-10-04,6.48799991607666,6.48799991607666,0.0,0.0,EUR
2022-10-05,6.480000019073486,6.480000019073486,0.0,0.0,EUR
2022-10-06,6.52239990234375,6.52239990234375,0.0,0.0,EUR
2022-10-07,6.399199962615967,6.399199962615967,0.0,0.0,EUR
2022-10-10,6.366399765014648,6.366399765014648,0.0,0.0,EUR
2022-10-11,6.328000068664551,6.328000068664551,0.0,0.0,EUR
2022-10-12,6.318399906158447,6.318399906158447,0.0,0.0,EUR
2022-10-13,6.304800033569336,6.304800033569336,0.0,0.0,EUR
2022-10-14,6.32919979095459,6.32919979095459,0.0,0.0,EUR
2022-10-17,6.3856000900268555,6.3856000900268555,0.0,0.0,EUR
2022-10-18,6.391200065612793,6.391200065612793,0.0,0.0,EUR
2022-10-19,6.422800064086914,6.422800064086914,0.0,0.0,EUR
2022-10-20,6.422399997711182,6.422399997711182,0.0,0.0,EUR
2022-10-21,6.4019999504089355,6.4019999504089355,0.0,0.0,EUR
2022-10-24,6.434800148010254,6.434800148010254,0.0,0.0,EUR
2022-10-25,6.489200115203857,6.489200115203857,0.0,0.0,EUR
2022-10-26,6.510000228881836,6.510000228881836,0.0,0.0,EUR
2022-10-27,6.492000102996826,6.492000102996826,0.0,0.0,EUR
2022-10-28,6.541999816894531,6.541999816894531,0.0,0.0,EUR
2022-10-31,6.584799766540527,6.584799766540527,0.0,0.0,EUR
2022-11-01,6.611599922180176,6.611599922180176,0.0,0.0,EUR
2022-11-02,6.589200019836426,6.589200019836426,0.0,0.0,EUR
2022-11-03,6.530399799346924,6.530399799346924,0.0,0.0,EUR
2022-11-04,6.490799903869629,6.490799903869629,0.0,0.0,EUR
2022-11-07,6.527200222015381,6.527200222015381,0.0,0.0,EUR
2022-11-08,6.5808000564575195,6.5808000564575195,0.0,0.0,EUR
2022-11-09,6.515999794006348,6.515999794006348,0.0,0.0,EUR
2022-11-10,6.651199817657471,6.651199817657471,0.0,0.0,EUR
2022-11-11,6.638400077819824,6.638400077819824,0.0,0.0,EUR
2022-11-14,6.646399974822998,6.646399974822998,0.0,0.0,EUR
2022-11-15,6.703999996185303,6.703999996185303,0.0,0.0,EUR
2022-11-16,6.603600025177002,6.603600025177002,0.0,0.0,EUR
2022-11-17,6.603600025177002,6.603600025177002,0.0,0.0,EUR
2022-11-18,6.622399806976318,6.622399806976318,0.0,0.0,EUR
2022-11-21,6.637199878692627,6.637199878692627,0.0,0.0,EUR
2022-11-22,6.683199882507324,6.683199882507324,0.0,0.0,EUR
2022-11-23,6.73360013961792,6.73360013961792,0.0,0.0,EUR
2022-11-24,6.723999977111816,6.723999977111816,0.0,0.0,EUR
2022-11-25,6.705599784851074,6.705599784851074,0.0,0.0,EUR
2022-11-28,6.659200191497803,6.659200191497803,0.0,0.0,EUR
2022-11-29,6.637199878692627,6.637199878692627,0.0,0.0,EUR
2022-11-30,6.692399978637695,6.692399978637695,0.0,0.0,EUR
2022-12-01,6.743199825286865,6.743199825286865,0.0,0.0,EUR
2022-12-02,6.723199844360352,6.723199844360352,0.0,0.0,EUR
2022-12-05,6.672800064086914,6.672800064086914,0.0,0.0,EUR
2022-12-06,6.579599857330322,6.579599857330322,0.0,0.0,EUR
2022-12-07,6.579599857330322,6.579599857330322,0.0,0.0,EUR
2022-12-08,6.561200141906738,6.561200141906738,0.0,0.0,EUR
2022-12-09,6.593999862670898,6.593999862670898,0.0,0.0,EUR
2022-12-12,6.55679988861084,6.55679988861084,0.0,0.0,EUR
2022-12-13,6.636000156402588,6.636000156402588,0.0,0.0,EUR
2022-12-14,6.628399848937988,6.628399848937988,0.0,0.0,EUR
2022-12-15,6.4120001792907715,6.4120001792907715,0.0,0.0,EUR
2022-12-16,6.372399806976318,6.372399806976318,0.0,0.0,EUR
2022-12-19,6.357600212097168,6.357600212097168,0.0,0.0,EUR
2022-12-20,6.322400093078613,6.322400093078613,0.0,0.0,EUR
2022-12-21,6.435200214385986,6.435200214385986,0.0,0.0,EUR
2022-12-22,6.349999904632568,6.349999904632568,0.0,0.0,EUR
2022-12-23,6.362400054931641,6.362400054931641,0.0,0.0,EUR
2022-12-27,6.367599964141846,6.367599964141846,0.0,0.0,EUR
2022-12-28,6.328800201416016,6.328800201416016,0.0,0.0,EUR
2022-12-29,6.375999927520752,6.375999927520752,0.0,0.0,EUR
2022-12-30,6.314000129699707,6.314000129699707,0.0,0.0,EUR
2023-01-02,6.441999912261963,6.441999912261963,0.0,0.0,EUR
2023-01-03,6.414400100708008,6.414400100708008,0.0,0.0,EUR
2023-01-04,6.473999977111816,6.473999977111816,0.0,0.0,EUR
2023-01-05,6.440000057220459,6.440000057220459,0.0,0.0,EUR
2023-01-06,6.507999897003174,6.507999897003174,0.0,0.0,EUR
2023-01-09,6.546000003814697,6.546000003814697,0.0,0.0,EUR
2023-01-10,6.498000144958496,6.498000144958496,0.0,0.0,EUR
2023-01-11,6.533599853515625,6.533599853515625,0.0,0.0,EUR
2023-01-12,6.564000129699707,6.564000129699707,0.0,0.0,EUR
2023-01-13,6.590000152587891,6.590000152587891,0.0,0.0,EUR
2023-01-16,6.611599922180176,6.611599922180176,0.0,0.0,EUR
2023-01-17,6.653600215911865,6.653600215911865,0.0,0.0,EUR
2023-01-18,6.595200061798096,6.595200061798096,0.0,0.0,EUR
2023-01-19,6.512400150299072,6.512400150299072,0.0,0.0,EUR
2023-01-20,6.557600021362305,6.557600021362305,0.0,0.0,EUR
2023-01-23,6.6479997634887695,6.6479997634887695,0.0,0.0,EUR
2023-01-24,6.639999866485596,6.639999866485596,0.0,0.0,EUR
2023-01-25,6.590000152587891,6.590000152587891,0.0,0.0,EUR
2023-01-26,6.661600112915039,6.661600112915039,0.0,0.0,EUR
2023-01-27,6.71560001373291,6.71560001373291,0.0,0.0,EUR
2023-01-30,6.668399810791016,6.668399810791016,0.0,0.0,EUR
2023-01-31,6.661600112915039,6.661600112915039,0.0,0.0,EUR
2023-02-01,6.659999847412109,6.659999847412109,0.0,0.0,EUR
2023-02-02,6.800000190734863,6.800000190734863,0.0,0.0,EUR
2023-02-03,6.832799911499023,6.832799911499023,0.0,0.0,EUR
2023-02-06,6.785999774932861,6.785999774932861,0.0,0.0,EUR
2023-02-07,6.800000190734863,6.800000190734863,0.0,0.0,EUR
2023-02-08,6.803599834442139,6.803599834442139,0.0,0.0,EUR
2023-02-09,6.809199810028076,6.809199810028076,0.0,0.0,EUR
2023-02-10,6.77839994430542,6.77839994430542,0.0,0.0,EUR
2023-02-13,6.820799827575684,6.820799827575684,0.0,0.0,EUR
2023-02-14,6.797599792480469,6.797599792480469,0.0,0.0,EUR
2023-02-15,6.827600002288818,6.827600002288818,0.0,0.0,EUR
2023-02-16,6.838399887084961,6.838399887084961,0.0,0.0,EUR
2023-02-17,6.769999980926514,6.769999980926514,0.0,0.0,EUR
2023-02-20,6.771200180053711,6.771200180053711,0.0,0.0,EUR
2023-02-21,6.704800128936768,6.704800128936768,0.0,0.0,EUR
2023-02-22,6.683199882507324,6.683199882507324,0.0,0.0,EUR
2023-02-23,6.6975998878479,6.6975998878479,0.0,0.0,EUR
2023-02-24,6.657599925994873,6.657599925994873,0.0,0.0,EUR
2023-02-27,6.695199966430664,6.695199966430664,0.0,0.0,EUR
2023-02-28,6.667200088500977,6.667200088500977,0.0,0.0,EUR
2023-03-01,6.611999988555908,6.611999988555908,0.0,0.0,EUR
2023-03-02,6.656400203704834,6.656400203704834,0.0,0.0,EUR
2023-03-03,6.746799945831299,6.746799945831299,0.0,0.0,EUR
2023-03-06,6.768799781799316,6.768799781799316,0.0,0.0,EUR
2023-03-07,6.72760009765625,6.72760009765625,0.0,0.0,EUR
2023-03-08,6.717199802398682,6.717199802398682,0.0,0.0,EUR
2023-03-09,6.713200092315674,6.713200092315674,0.0,0.0,EUR
2023-03-10,6.573999881744385,6.573999881744385,0.0,0.0,EUR
2023-03-13,6.432799816131592,6.432799816131592,0.0,0.0,EUR
2023-03-14,6.493599891662598,6.493599891662598,0.0,0.0,EUR
2023-03-15,6.4355998039245605,6.4355998039245605,0.0,0.0,EUR
2023-03-16,6.511199951171875,6.511199951171875,0.0,0.0,EUR
2023-03-17,6.4567999839782715,6.4567999839782715,0.0,0.0,EUR
2023-03-20,6.461999893188477,6.461999893188477,0.0,0.0,EUR
2023-03-21,6.508800029754639,6.508800029754639,0.0,0.0,EUR
2023-03-22,6.52239990234375,6.52239990234375,0.0,0.0,EUR
2023-03-23,6.482800006866455,6.482800006866455,0.0,0.0,EUR
2023-03-24,6.46120023727417,6.46120023727417,0.0,0.0,EUR
2023-03-27,6.510799884796143,6.510799884796143,0.0,0.0,EUR
2023-03-28,6.482399940490723,6.482399940490723,0.0,0.0,EUR
2023-03-29,6.547999858856201,6.547999858856201,0.0,0.0,EUR
2023-03-30,6.58519983291626,6.58519983291626,0.0,0.0,EUR
2023-03-31,6.653200149536133,6.653200149536133,0.0,0.0,EUR
2023-04-03,6.663599967956543,6.663599967956543,0.0,0.0,EUR
2023-04-04,6.624800205230713,6.624800205230713,0.0,0.0,EUR
2023-04-05,6.6031999588012695,6.6031999588012695,0.0,0.0,EUR
2023-04-06,6.6092000007629395,6.6092000007629395,0.0,0.0,EUR
2023-04-11,6.6579999923706055,6.6579999923706055,0.0,0.0,EUR
2023-04-12,6.630799770355225,6.630799770355225,0.0,0.0,EUR
2023-04-13,6.616799831390381,6.616799831390381,0.0,0.0,EUR
2023-04-14,6.663599967956543,6.663599967956543,0.0,0.0,EUR
2023-04-17,6.695199966430664,6.695199966430664,0.0,0.0,EUR
2023-04-18,6.698800086975098,6.698800086975098,0.0,0.0,EUR
2023-04-19,6.682400226593018,6.682400226593018,0.0,0.0,EUR
2023-04-20,6.67080020904541,6.67080020904541,0.0,0.0,EUR
2023-04-21,6.647600173950195,6.647600173950195,0.0,0.0,EUR
2023-04-24,6.618000030517578,6.618000030517578,0.0,0.0,EUR
2023-04-25,6.604400157928467,6.604400157928467,0.0,0.0,EUR
2023-04-26,6.535200119018555,6.535200119018555,0.0,0.0,EUR
2023-04-27,6.577600002288818,6.577600002288818,0.0,0.0,EUR
2023-04-28,6.630799770355225,6.630799770355225,0.0,0.0,EUR
2023-05-02,6.570400238037109,6.570400238037109,0.0,0.0,EUR
2023-05-03,6.567599773406982,6.567599773406982,0.0,0.0,EUR
2023-05-04,6.541999816894531,6.541999816894531,0.0,0.0,EUR
2023-05-05,6.627600193023682,6.627600193023682,0.0,0.0,EUR
2023-05-08,6.644400119781494,6.644400119781494,0.0,0.0,EUR
2023-05-09,6.662399768829346,6.662399768829346,0.0,0.0,EUR
2023-05-10,6.662399768829346,6.662399768829346,0.0,0.0,EUR
2023-05-11,6.670000076293945,6.670000076293945,0.0,0.0,EUR
2023-05-12,6.6956000328063965,6.6956000328063965,0.0,0.0,EUR
2023-05-15,6.723199844360352,6.723199844360352,0.0,0.0,EUR
2023-05-16,6.696800231933594,6.696800231933594,0.0,0.0,EUR
2023-05-17,6.732800006866455,6.732800006866455,0.0,0.0,EUR
2023-05-18,6.815999984741211,6.815999984741211,0.0,0.0,EUR
2023-05-19,6.80079984664917,6.80079984664917,0.0,0.0,EUR
2023-05-22,6.819200038909912,6.819200038909912,0.0,0.0,EUR
2023-05-23,6.811200141906738,6.811200141906738,0.0,0.0,EUR
2023-05-24,6.71120023727417,6.71120023727417,0.0,0.0,EUR
2023-05-25,6.737199783325195,6.737199783325195,0.0,0.0,EUR
2023-05-26,6.829999923706055,6.829999923706055,0.0,0.0,EUR
2023-05-29,6.840000152587891,6.840000152587891,0.0,0.0,EUR
2023-05-30,6.809599876403809,6.809599876403809,0.0,0.0,EUR
2023-05-31,6.776400089263916,6.776400089263916,0.0,0.0,EUR
2023-06-01,6.776400089263916,6.776400089263916,0.0,0.0,EUR
2023-06-02,6.93720006942749,6.93720006942749,0.0,0.0,EUR
2023-06-05,6.953199863433838,6.953199863433838,0.0,0.0,EUR
2023-06-06,6.976399898529053,6.976399898529053,0.0,0.0,EUR
2023-06-07,6.976799964904785,6.976799964904785,0.0,0.0,EUR
2023-06-08,6.941999912261963,6.941999912261963,0.0,0.0,EUR
2023-06-09,6.9791998863220215,6.9791998863220215,0.0,0.0,EUR
2023-06-12,6.99560022354126,6.99560022354126,0.0,0.0,EUR
2023-06-13,7.053999900817871,7.053999900817871,0.0,0.0,EUR
2023-06-14,7.057600021362305,7.057600021362305,0.0,0.0,EUR
2023-06-15,7.038000106811523,7.038000106811523,0.0,0.0,EUR
2023-06-16,7.056000232696533,7.056000232696533,0.0,0.0,EUR
2023-06-19,7.021999835968018,7.021999835968018,0.0,0.0,EUR
2023-06-20,6.980000019073486,6.980000019073486,0.0,0.0,EUR
2023-06-21,6.946000099182129,6.946000099182129,0.0,0.0,EUR
2023-06-22,6.915999889373779,6.915999889373779,0.0,0.0,EUR
2023-06-23,6.905600070953369,6.905600070953369,0.0,0.0,EUR
2023-06-26,6.905600070953369,6.905600070953369,0.0,0.0,EUR
2023-06-27,6.893199920654297,6.893199920654297,0.0,0.0,EUR
2023-06-28,6.943600177764893,6.943600177764893,0.0,0.0,EUR
2023-06-29,6.973599910736084,6.973599910736084,0.0,0.0,EUR
2023-06-30,7.03000020980835,7.03000020980835,0.0,0.0,EUR
2023-07-03,7.055200099945068,7.055200099945068,0.0,0.0,EUR
2023-07-04,7.066800117492676,7.066800117492676,0.0,0.0,EUR
2023-07-05,7.059999942779541,7.059999942779541,0.0,0.0,EUR
2023-07-06,6.935200214385986,6.935200214385986,0.0,0.0,EUR
2023-07-07,6.941199779510498,6.941199779510498,0.0,0.0,EUR
2023-07-10,6.9191999435424805,6.9191999435424805,0.0,0.0,EUR
2023-07-11,6.954400062561035,6.954400062561035,0.0,0.0,EUR
2023-07-12,6.9832000732421875,6.9832000732421875,0.0,0.0,EUR
2023-07-13,6.98799991607666,6.98799991607666,0.0,0.0,EUR
2023-07-14,6.970799922943115,6.970799922943115,0.0,0.0,EUR
2023-07-17,6.958399772644043,6.958399772644043,0.0,0.0,EUR
2023-07-18,6.998000144958496,6.998000144958496,0.0,0.0,EUR
2023-07-19,7.056000232696533,7.056000232696533,0.0,0.0,EUR
2023-07-20,7.055600166320801,7.055600166320801,0.0,0.0,EUR
2023-07-21,7.063600063323975,7.063600063323975,0.0,0.0,EUR
2023-07-24,7.101600170135498,7.101600170135498,0.0,0.0,EUR
2023-07-25,7.1367998123168945,7.1367998123168945,0.0,0.0,EUR
2023-07-26,7.108799934387207,7.108799934387207,0.0,0.0,EUR
2023-07-27,7.203199863433838,7.203199863433838,0.0,0.0,EUR
2023-07-28,7.190800189971924,7.190800189971924,0.0,0.0,EUR
2023-07-31,7.20359992980957,7.20359992980957,0.0,0.0,EUR
2023-08-01,7.188799858093262,7.188799858093262,0.0,0.0,EUR
2023-08-02,7.102399826049805,7.102399826049805,0.0,0.0,EUR
2023-08-03,7.071199893951416,7.071199893951416,0.0,0.0,EUR
2023-08-04,7.067999839782715,7.067999839782715,0.0,0.0,EUR
2023-08-07,7.059199810028076,7.059199810028076,0.0,0.0,EUR
2023-08-08,7.033199787139893,7.033199787139893,0.0,0.0,EUR
2023-08-09,7.032400131225586,7.032400131225586,0.0,0.0,EUR
2023-08-10,7.057600021362305,7.057600021362305,0.0,0.0,EUR
2023-08-11,7.018400192260742,7.018400192260742,0.0,0.0,EUR
2023-08-14,7.047999858856201,7.047999858856201,0.0,0.0,EUR
2023-08-16,6.987599849700928,6.987599849700928,0.0,0.0,EUR
2023-08-17,6.943600177764893,6.943600177764893,0.0,0.0,EUR
2023-08-18,6.891200065612793,6.891200065612793,0.0,0.0,EUR
2023-08-21,6.891600131988525,6.891600131988525,0.0,0.0,EUR
2023-08-22,6.95359992980957,6.95359992980957,0.0,0.0,EUR
2023-08-23,7.001200199127197,7.001200199127197,0.0,0.0,EUR
2023-08-24,6.982399940490723,6.982399940490723,0.0,0.0,EUR
2023-08-25,6.9720001220703125,6.9720001220703125,0.0,0.0,EUR
2023-08-28,7.032800197601318,7.032800197601318,0.0,0.0,EUR
2023-08-29,7.088799953460693,7.088799953460693,0.0,0.0,EUR
2023-08-30,7.076399803161621,7.076399803161621,0.0,0.0,EUR
2023-08-31,7.142000198364258,7.142000198364258,0.0,0.0,EUR
2023-09-01,7.171999931335449,7.171999931335449,0.0,0.0,EUR
2023-09-04,7.176400184631348,7.176400184631348,0.0,0.0,EUR
2023-09-05,7.2067999839782715,7.2067999839782715,0.0,0.0,EUR
2023-09-06,7.147200107574463,7.147200107574463,0.0,0.0,EUR
2023-09-07,7.132800102233887,7.132800102233887,0.0,0.0,EUR
2023-09-08,7.1468000411987305,7.1468000411987305,0.0,0.0,EUR
2023-09-11,7.147600173950195,7.147600173950195,0.0,0.0,EUR
2023-09-12,7.143199920654297,7.143199920654297,0.0,0.0,EUR
2023-09-13,7.135200023651123,7.135200023651123,0.0,0.0,EUR
2023-09-14,7.225200176239014,7.225200176239014,0.0,0.0,EUR
2023-09-15,7.1915998458862305,7.1915998458862305,0.0,0.0,EUR
2023-09-18,7.159200191497803,7.159200191497803,0.0,0.0,EUR
2023-09-19,7.13040018081665,7.13040018081665,0.0,0.0,EUR
2023-09-20,7.154399871826172,7.154399871826172,0.0,0.0,EUR
2023-09-21,7.035600185394287,7.035600185394287,0.0,0.0,EUR
2023-09-22,7.036799907684326,7.036799907684326,0.0,0.0,EUR
2023-09-25,7.0391998291015625,7.0391998291015625,0.0,0.0,EUR
2023-09-26,6.976399898529053,6.976399898529053,0.0,0.0,EUR
2023-09-27,7.005199909210205,7.005199909210205,0.0,0.0,EUR
2023-09-28,7.00600004196167,7.00600004196167,0.0,0.0,EUR
2023-09-29,7.02239990234375,7.02239990234375,0.0,0.0,EUR
2023-10-02,7.011600017547607,7.011600017547607,0.0,0.0,EUR
2023-10-03,6.926799774169922,6.926799774169922,0.0,0.0,EUR
2023-10-04,6.894000053405762,6.894000053405762,0.0,0.0,EUR
2023-10-05,6.885200023651123,6.885200023651123,0.0,0.0,EUR
2023-10-06,6.933599948883057,6.933599948883057,0.0,0.0,EUR
2023-10-09,6.966400146484375,6.966400146484375,0.0,0.0,EUR
2023-10-10,6.966400146484375,6.966400146484375,0.0,0.0,EUR
2023-10-11,7.041999816894531,7.041999816894531,0.0,0.0,EUR
2023-10-12,7.084000110626221,7.084000110626221,0.0,0.0,EUR
2023-10-13,7.039599895477295,7.039599895477295,0.0,0.0,EUR
2023-10-16,7.0767998695373535,7.0767998695373535,0.0,0.0,EUR
2023-10-17,7.053599834442139,7.053599834442139,0.0,0.0,EUR
2023-10-18,7.018799781799316,7.018799781799316,0.0,0.0,EUR
2023-10-19,6.93720006942749,6.93720006942749,0.0,0.0,EUR
2023-10-20,6.8024001121521,6.8024001121521,0.0,0.0,EUR
2023-10-23,6.7891998291015625,6.7891998291015625,0.0,0.0,EUR
2023-10-24,6.829999923706055,6.829999923706055,0.0,0.0,EUR
2023-10-25,6.8003997802734375,6.8003997802734375,0.0,0.0,EUR
2023-10-26,6.748799800872803,6.748799800872803,0.0,0.0,EUR
2023-10-27,6.7052001953125,6.7052001953125,0.0,0.0,EUR
2023-10-30,6.6915998458862305,6.6915998458862305,0.0,0.0,EUR
2023-10-31,6.746399879455566,6.746399879455566,0.0,0.0,EUR
2023-11-01,6.817999839782715,6.817999839782715,0.0,0.0,EUR
2023-11-02,6.914400100708008,6.914400100708008,0.0,0.0,EUR
2023-11-03,6.963600158691406,6.963600158691406,0.0,0.0,EUR
2023-11-06,6.954800128936768,6.954800128936768,0.0,0.0,EUR
2023-11-07,6.9832000732421875,6.9832000732421875,0.0,0.0,EUR
2023-11-08,6.955999851226807,6.955999851226807,0.0,0.0,EUR
2023-11-09,6.976399898529053,6.976399898529053,0.0,0.0,EUR
2023-11-10,6.95959997177124,6.95959997177124,0.0,0.0,EUR
2023-11-13,7.00439977645874,7.00439977645874,0.0,0.0,EUR
2023-11-14,7.063600063323975,7.063600063323975,0.0,0.0,EUR
2023-11-15,7.099999904632568,7.099999904632568,0.0,0.0,EUR
2023-11-16,7.0432000160217285,7.0432000160217285,0.0,0.0,EUR
2023-11-17,7.066400051116943,7.066400051116943,0.0,0.0,EUR
2023-11-20,7.076399803161621,7.076399803161621,0.0,0.0,EUR
2023-11-21,7.072800159454346,7.072800159454346,0.0,0.0,EUR
2023-11-22,7.127600193023682,7.127600193023682,0.0,0.0,EUR
2023-11-23,7.123199939727783,7.123199939727783,0.0,0.0,EUR
2023-11-24,7.105999946594238,7.105999946594238,0.0,0.0,EUR
2023-11-27,7.094799995422363,7.094799995422363,0.0,0.0,EUR
2023-11-28,7.079599857330322,7.079599857330322,0.0,0.0,EUR
2023-11-29,7.101200103759766,7.101200103759766,0.0,0.0,EUR
2023-11-30,7.124000072479248,7.124000072479248,0.0,0.0,EUR
2023-12-01,7.208000183105469,7.208000183105469,0.0,0.0,EUR
2023-12-04,7.1996002197265625,7.1996002197265625,0.0,0.0,EUR
2023-12-05,7.225599765777588,7.225599765777588,0.0,0.0,EUR
2023-12-06,7.25,7.25,0.0,0.0,EUR
2023-12-07,7.240799903869629,7.240799903869629,0.0,0.0,EUR
2023-12-08,7.284800052642822,7.284800052642822,0.0,0.0,EUR
2023-12-11,7.317200183868408,7.317200183868408,0.0,0.0,EUR
2023-12-12,7.3144001960754395,7.3144001960754395,0.0,0.0,EUR
2023-12-13,7.333199977874756,7.333199977874756,0.0,0.0,EUR
2023-12-14,7.354400157928467,7.354400157928467,0.0,0.0,EUR
2023-12-15,7.40880012512207,7.40880012512207,0.0,0.0,EUR
2023-12-18,7.394800186157227,7.394800186157227,0.0,0.0,EUR
2023-12-19,7.418000221252441,7.418000221252441,0.0,0.0,EUR
2023-12-20,7.424799919128418,7.424799919128418,0.0,0.0,EUR
2023-12-21,7.376800060272217,7.376800060272217,0.0,0.0,EUR
2023-12-22,7.411200046539307,7.411200046539307,0.0,0.0,EUR
2023-12-27,7.385200023651123,7.385200023651123,0.0,0.0,EUR
2023-12-28,7.421599864959717,7.421599864959717,0.0,0.0,EUR
2023-12-29,7.409200191497803,7.409200191497803,0.0,0.0,EUR
2024-01-02,7.432799816131592,7.432799816131592,0.0,0.0,EUR
2024-01-03,7.3927998542785645,7.3927998542785645,0.0,0.0,EUR
2024-01-04,7.390399932861328,7.390399932861328,0.0,0.0,EUR
2024-01-05,7.382800102233887,7.382800102233887,0.0,0.0,EUR
2024-01-08,7.386000156402588,7.386000156402588,0.0,0.0,EUR
2024-01-09,7.42519998550415,7.42519998550415,0.0,0.0,EUR
2024-01-10,7.421199798583984,7.421199798583984,0.0,0.0,EUR
2024-01-11,7.398799896240234,7.398799896240234,0.0,0.0,EUR
2024-01-12,7.448800086975098,7.448800086975098,0.0,0.0,EUR
2024-01-15,7.453199863433838,7.453199863433838,0.0,0.0,EUR
2024-01-16,7.45959997177124,7.45959997177124,0.0,0.0,EUR
2024-01-17,7.392399787902832,7.392399787902832,0.0,0.0,EUR
2024-01-18,7.4232001304626465,7.4232001304626465,0.0,0.0,EUR
2024-01-19,7.450799942016602,7.450799942016602,0.0,0.0,EUR
2024-01-22,7.522799968719482,7.522799968719482,0.0,0.0,EUR
2024-01-23,7.5447998046875,7.5447998046875,0.0,0.0,EUR
2024-01-24,7.582399845123291,7.582399845123291,0.0,0.0,EUR
2024-01-25,7.617199897766113,7.617199897766113,0.0,0.0,EUR
2024-01-26,7.625999927520752,7.625999927520752,0.0,0.0,EUR
2024-01-29,7.656000137329102,7.656000137329102,0.0,0.0,EUR
2024-01-30,7.661200046539307,7.661200046539307,0.0,0.0,EUR
2024-01-31,7.629199981689453,7.629199981689453,0.0,0.0,EUR
2024-02-01,7.593599796295166,7.593599796295166,0.0,0.0,EUR
2024-02-02,7.699999809265137,7.699999809265137,0.0,0.0,EUR
2024-02-05,7.714399814605713,7.714399814605713,0.0,0.0,EUR
2024-02-06,7.745999813079834,7.745999813079834,0.0,0.0,EUR
2024-02-07,7.777200222015381,7.777200222015381,0.0,0.0,EUR
2024-02-08,7.776800155639648,7.776800155639648,0.0,0.0,EUR
2024-02-09,7.787199974060059,7.787199974060059,0.0,0.0,EUR
2024-02-12,7.861599922180176,7.861599922180176,0.0,0.0,EUR
2024-02-13,7.777599811553955,7.777599811553955,0.0,0.0,EUR
2024-02-14,7.791600227355957,7.791600227355957,0.0,0.0,EUR
2024-02-15,7.831200122833252,7.831200122833252,0.0,0.0,EUR
2024-02-16,7.8703999519348145,7.8703999519348145,0.0,0.0,EUR
2024-02-19,7.856800079345703,7.856800079345703,0.0,0.0,EUR
2024-02-20,7.787600040435791,7.787600040435791,0.0,0.0,EUR
2024-02-21,7.768799781799316,7.768799781799316,0.0,0.0,EUR
2024-02-22,7.888800144195557,7.888800144195557,0.0,0.0,EUR
2024-02-23,7.912799835205078,7.912799835205078,0.0,0.0,EUR
2024-02-26,7.879199981689453,7.879199981689453,0.0,0.0,EUR
2024-02-27,7.8744001388549805,7.8744001388549805,0.0,0.0,EUR
2024-02-28,7.873600006103516,7.873600006103516,0.0,0.0,EUR
2024-02-29,7.9008002281188965,7.9008002281188965,0.0,0.0,EUR
2024-03-01,7.9527997970581055,7.9527997970581055,0.0,0.0,EUR
2024-03-04,7.950799942016602,7.950799942016602,0.0,0.0,EUR
2024-03-05,7.894000053405762,7.894000053405762,0.0,0.0,EUR
2024-03-06,7.931600093841553,7.931600093841553,0.0,0.0,EUR
2024-03-07,7.964399814605713,7.964399814605713,0.0,0.0,EUR
2024-03-08,7.960400104522705,7.960400104522705,0.0,0.0,EUR
2024-03-11,7.911600112915039,7.911600112915039,0.0,0.0,EUR
2024-03-12,7.97599983215332,7.97599983215332,0.0,0.0,EUR
2024-03-13,7.973599910736084,7.973599910736084,0.0,0.0,EUR
2024-03-14,7.975200176239014,7.975200176239014,0.0,0.0,EUR
2024-03-15,7.935200214385986,7.935200214385986,0.0,0.0,EUR
2024-03-18,7.993599891662598,7.993599891662598,0.0,0.0,EUR
2024-03-19,8.006400108337402,8.006400108337402,0.0,0.0,EUR
2024-03-20,8.026000022888184,8.026000022888184,0.0,0.0,EUR
2024-03-21,8.145999908447266,8.145999908447266,0.0,0.0,EUR
2024-03-22,8.138400077819824,8.138400077819824,0.0,0.0,EUR
2024-03-25,8.112799644470215,8.112799644470215,0.0,0.0,EUR
2024-03-26,8.126799583435059,8.126799583435059,0.0,0.0,EUR
2024-03-27,8.12399959564209,8.12399959564209,0.0,0.0,EUR
2024-03-28,8.191200256347656,8.191200256347656,0.0,0.0,EUR
2024-04-02,8.12440013885498,8.12440013885498,0.0,0.0,EUR
2024-04-03,8.135600090026855,8.135600090026855,0.0,0.0,EUR
2024-04-04,8.149200439453125,8.149200439453125,0.0,0.0,EUR
2024-04-05,8.07960033416748,8.07960033416748,0.0,0.0,EUR
2024-04-08,8.104399681091309,8.104399681091309,0.0,0.0,EUR
2024-04-09,8.065999984741211,8.065999984741211,0.0,0.0,EUR
2024-04-10,8.093199729919434,8.093199729919434,0.0,0.0,EUR
2024-04-11,8.109199523925781,8.109199523925781,0.0,0.0,EUR
2024-04-12,8.137999534606934,8.137999534606934,0.0,0.0,EUR
2024-04-15,8.107999801635742,8.107999801635742,0.0,0.0,EUR
2024-04-16,7.982800006866455,7.982800006866455,0.0,0.0,EUR
2024-04-17,7.946400165557861,7.946400165557861,0.0,0.0,EUR
2024-04-18,7.967199802398682,7.967199802398682,0.0,0.0,EUR
2024-04-19,7.898399829864502,7.898399829864502,0.0,0.0,EUR
2024-04-22,7.915200233459473,7.915200233459473,0.0,0.0,EUR
2024-04-23,8.002400398254395,8.002400398254395,0.0,0.0,EUR
2024-04-24,8.005200386047363,8.005200386047363,0.0,0.0,EUR
2024-04-25,7.922800064086914,7.922800064086914,0.0,0.0,EUR
2024-04-26,8.0600004196167,8.0600004196167,0.0,0.0,EUR
2024-04-29,8.064399719238281,8.064399719238281,0.0,0.0,EUR
2024-04-30,8.039999961853027,8.039999961853027,0.0,0.0,EUR
2024-05-02,8.00160026550293,8.00160026550293,0.0,0.0,EUR
2024-05-03,8.060400009155273,8.060400009155273,0.0,0.0,EUR
2024-05-06,8.114800453186035,8.114800453186035,0.0,0.0,EUR
2024-05-07,8.163599967956543,8.163599967956543,0.0,0.0,EUR
2024-05-08,8.153599739074707,8.153599739074707,0.0,0.0,EUR
2024-05-09,8.168399810791016,8.168399810791016,0.0,0.0,EUR
2024-05-10,8.201199531555176,8.201199531555176,0.0,0.0,EUR
2024-05-13,8.19480037689209,8.19480037689209,0.0,0.0,EUR
2024-05-14,8.187999725341797,8.187999725341797,0.0,0.0,EUR
2024-05-15,8.248800277709961,8.248800277709961,0.0,0.0,EUR
2024-05-16,8.27560043334961,8.27560043334961,0.0,0.0,EUR
2024-05-17,8.256799697875977,8.256799697875977,0.0,0.0,EUR
2024-05-20,8.292400360107422,8.292400360107422,0.0,0.0,EUR
2024-05-21,8.27280044555664,8.27280044555664,0.0,0.0,EUR
2024-05-22,8.270400047302246,8.270400047302246,0.0,0.0,EUR
2024-05-23,8.266799926757812,8.266799926757812,0.0,0.0,EUR
2024-05-24,8.244400024414062,8.244400024414062,0.0,0.0,EUR
2024-05-27,8.256799697875977,8.256799697875977,0.0,0.0,EUR
2024-05-28,8.225600242614746,8.225600242614746,0.0,0.0,EUR
2024-05-29,8.186400413513184,8.186400413513184,0.0,0.0,EUR
2024-05-30,8.165599822998047,8.165599822998047,0.0,0.0,EUR
2024-05-31,8.112000465393066,8.112000465393066,0.0,0.0,EUR
2024-06-03,8.171600341796875,8.171600341796875,0.0,0.0,EUR
2024-06-04,8.143600463867188,8.143600463867188,0.0,0.0,EUR
2024-06-05,8.238800048828125,8.238800048828125,0.0,0.0,EUR
2024-06-06,8.263999938964844,8.263999938964844,0.0,0.0,EUR
2024-06-07,8.299200057983398,8.299200057983398,0.0,0.0,EUR
2024-06-10,8.339599609375,8.339599609375,0.0,0.0,EUR
2024-06-11,8.310799598693848,8.310799598693848,0.0,0.0,EUR
2024-06-12,8.369999885559082,8.369999885559082,0.0,0.0,EUR
2024-06-13,8.362799644470215,8.362799644470215,0.0,0.0,EUR
2024-06-14,8.380800247192383,8.380800247192383,0.0,0.0,EUR
2024-06-17,8.37559986114502,8.37559986114502,0.0,0.0,EUR
2024-06-18,8.43239974975586,8.43239974975586,0.0,0.0,EUR
2024-06-19,8.44480037689209,8.44480037689209,0.0,0.0,EUR
2024-06-20,8.475199699401855,8.475199699401855,0.0,0.0,EUR
2024-06-21,8.447199821472168,8.447199821472168,0.0,0.0,EUR
2024-06-24,8.471599578857422,8.471599578857422,0.0,0.0,EUR
2024-06-25,8.452799797058105,8.452799797058105,0.0,0.0,EUR
2024-06-26,8.458800315856934,8.458800315856934,0.0,0.0,EUR
2024-06-27,8.457599639892578,8.457599639892578,0.0,0.0,EUR
2024-06-28,8.492400169372559,8.492400169372559,0.0,0.0,EUR
2024-07-01,8.440799713134766,8.440799713134766,0.0,0.0,EUR
2024-07-02,8.4443998336792,8.4443998336792,0.0,0.0,EUR
2024-07-03,8.486000061035156,8.486000061035156,0.0,0.0,EUR
2024-07-04,8.500800132751465,8.500800132751465,0.0,0.0,EUR
2024-07-05,8.499199867248535,8.499199867248535,0.0,0.0,EUR
2024-07-08,8.518799781799316,8.518799781799316,0.0,0.0,EUR
2024-07-09,8.52400016784668,8.52400016784668,0.0,0.0,EUR
2024-07-10,8.563199996948242,8.563199996948242,0.0,0.0,EUR
2024-07-11,8.564000129699707,8.564000129699707,0.0,0.0,EUR
2024-07-12,8.607600212097168,8.607600212097168,0.0,0.0,EUR
2024-07-15,8.603599548339844,8.603599548339844,0.0,0.0,EUR
2024-07-16,8.625200271606445,8.625200271606445,0.0,0.0,EUR
2024-07-17,8.541600227355957,8.541600227355957,0.0,0.0,EUR
2024-07-18,8.48960018157959,8.48960018157959,0.0,0.0,EUR
2024-07-19,8.427599906921387,8.427599906921387,0.0,0.0,EUR
2024-07-22,8.460399627685547,8.460399627685547,0.0,0.0,EUR
2024-07-23,8.539600372314453,8.539600372314453,0.0,0.0,EUR
2024-07-24,8.407600402832031,8.407600402832031,0.0,0.0,EUR
2024-07-25,8.363200187683105,8.363200187683105,0.0,0.0,EUR
2024-07-26,8.383999824523926,8.383999824523926,0.0,0.0,EUR
2024-07-29,8.399200439453125,8.399200439453125,0.0,0.0,EUR
2024-07-30,8.40999984741211,8.40999984741211,0.0,0.0,EUR
2024-07-31,8.534000396728516,8.534000396728516,0.0,0.0,EUR
2024-08-01,8.44480037689209,8.44480037689209,0.0,0.0,EUR
2024-08-02,8.085599899291992,8.085599899291992,0.0,0.0,EUR
2024-08-05,7.9019999504089355,7.9019999504089355,0.0,0.0,EUR
2024-08-06,7.959199905395508,7.959199905395508,0.0,0.0,EUR
2024-08-07,8.10319995880127,8.10319995880127,0.0,0.0,EUR
2024-08-08,8.105600357055664,8.105600357055664,0.0,0.0,EUR
2024-08-09,8.114399909973145,8.114399909973145,0.0,0.0,EUR
2024-08-12,8.1496000289917,8.1496000289917,0.0,0.0,EUR
2024-08-13,8.220399856567383,8.220399856567383,0.0,0.0,EUR
2024-08-14,8.220800399780273,8.220800399780273,0.0,0.0,EUR
2024-08-16,8.387999534606934,8.387999534606934,0.0,0.0,EUR
2024-08-19,8.415200233459473,8.415200233459473,0.0,0.0,EUR
2024-08-20,8.380399703979492,8.380399703979492,0.0,0.0,EUR
2024-08-21,8.393199920654297,8.393199920654297,0.0,0.0,EUR
2024-08-22,8.401599884033203,8.401599884033203,0.0,0.0,EUR
2024-08-23,8.417200088500977,8.417200088500977,0.0,0.0,EUR
2024-08-26,8.403599739074707,8.403599739074707,0.0,0.0,EUR
2024-08-27,8.414799690246582,8.414799690246582,0.0,0.0,EUR
2024-08-28,8.415599822998047,8.415599822998047,0.0,0.0,EUR
2024-08-29,8.502799987792969,8.502799987792969,0.0,0.0,EUR
2024-08-30,8.479599952697754,8.479599952697754,0.0,0.0,EUR
2024-09-02,8.520000457763672,8.520000457763672,0.0,0.0,EUR
2024-09-03,8.430000305175781,8.430000305175781,0.0,0.0,EUR
2024-09-04,8.338000297546387,8.338000297546387,0.0,0.0,EUR
2024-09-05,8.288000106811523,8.288000106811523,0.0,0.0,EUR
2024-09-06,8.16919994354248,8.16919994354248,0.0,0.0,EUR
2024-09-09,8.27239990234375,8.27239990234375,0.0,0.0,EUR
2024-09-10,8.28279972076416,8.28279972076416,0.0,0.0,EUR
2024-09-11,8.235199928283691,8.235199928283691,0.0,0.0,EUR
2024-09-12,8.381999969482422,8.381999969482422,0.0,0.0,EUR
2024-09-13,8.445199966430664,8.445199966430664,0.0,0.0,EUR
2024-09-16,8.418800354003906,8.418800354003906,0.0,0.0,EUR
2024-09-17,8.472000122070312,8.472000122070312,0.0,0.0,EUR
2024-09-18,8.431599617004395,8.431599617004395,0.0,0.0,EUR
2024-09-19,8.551199913024902,8.551199913024902,0.0,0.0,EUR
2024-09-20,8.498800277709961,8.498800277709961,0.0,0.0,EUR
2024-09-23,8.555999755859375,8.555999755859375,0.0,0.0,EUR
2024-09-24,8.584400177001953,8.584400177001953,0.0,0.0,EUR
2024-09-25,8.57960033416748,8.57960033416748,0.0,0.0,EUR
2024-09-26,8.629599571228027,8.629599571228027,0.0,0.0,EUR
2024-09-27,8.656000137329102,8.656000137329102,0.0,0.0,EUR
2024-09-30,8.62399959564209,8.62399959564209,0.0,0.0,EUR
2024-10-01,8.631999969482422,8.631999969482422,0.0,0.0,EUR
2024-10-02,8.687999725341797,8.687999725341797,0.0,0.0,EUR
2024-10-03,8.660799980163574,8.660799980163574,0.0,0.0,EUR
2024-10-04,8.721599578857422,8.721599578857422,0.0,0.0,EUR
2024-10-07,8.749199867248535,8.749199867248535,0.0,0.0,EUR
2024-10-08,8.719599723815918,8.719599723815918,0.0,0.0,EUR
2024-10-09,8.77560043334961,8.77560043334961,0.0,0.0,EUR
2024-10-10,8.791999816894531,8.791999816894531,0.0,0.0,EUR
2024-10-11,8.827199935913086,8.827199935913086,0.0,0.0,EUR
2024-10-14,8.88640022277832,8.88640022277832,0.0,0.0,EUR
2024-10-15,8.855999946594238,8.855999946594238,0.0,0.0,EUR
2024-10-16,8.868800163269043,8.868800163269043,0.0,0.0,EUR
2024-10-17,8.93239974975586,8.93239974975586,0.0,0.0,EUR
2024-10-18,8.930399894714355,8.930399894714355,0.0,0.0,EUR
2024-10-21,8.881999969482422,8.881999969482422,0.0,0.0,EUR
2024-10-22,8.890800476074219,8.890800476074219,0.0,0.0,EUR
2024-10-23,8.86520004272461,8.86520004272461,0.0,0.0,EUR
2024-10-24,8.845999717712402,8.845999717712402,0.0,0.0,EUR
2024-10-25,8.881600379943848,8.881600379943848,0.0,0.0,EUR
2024-10-28,8.871999740600586,8.871999740600586,0.0,0.0,EUR
2024-10-29,8.883600234985352,8.883600234985352,0.0,0.0,EUR
2024-10-30,8.828800201416016,8.828800201416016,0.0,0.0,EUR
2024-10-31,8.699199676513672,8.699199676513672,0.0,0.0,EUR
2024-11-01,8.753600120544434,8.753600120544434,0.0,0.0,EUR
2024-11-04,8.710800170898438,8.710800170898438,0.0,0.0,EUR
2024-11-05,8.742400169372559,8.742400169372559,0.0,0.0,EUR
2024-11-06,8.998000144958496,8.998000144958496,0.0,0.0,EUR
2024-11-07,9.057600021362305,9.057600021362305,0.0,0.0,EUR
2024-11-08,9.10200023651123,9.10200023651123,0.0,0.0,EUR
2024-11-11,9.192000389099121,9.192000389099121,0.0,0.0,EUR
2024-11-12,9.142399787902832,9.142399787902832,0.0,0.0,EUR
2024-11-13,9.173999786376953,9.173999786376953,0.0,0.0,EUR
2024-11-14,9.16759967803955,9.16759967803955,0.0,0.0,EUR
2024-11-15,9.06719970703125,9.06719970703125,0.0,0.0,EUR
2024-11-18,9.084799766540527,9.084799766540527,0.0,0.0,EUR
2024-11-19,9.069999694824219,9.069999694824219,0.0,0.0,EUR
2024-11-20,9.073599815368652,9.073599815368652,0.0,0.0,EUR
2024-11-21,9.188799858093262,9.188799858093262,0.0,0.0,EUR
2024-11-22,9.301199913024902,9.301199913024902,0.0,0.0,EUR
2024-11-25,9.286399841308594,9.286399841308594,0.0,0.0,EUR
2024-11-26,9.289199829101562,9.289199829101562,0.0,0.0,EUR
2024-11-27,9.202400207519531,9.202400207519531,0.0,0.0,EUR
2024-11-28,9.244799613952637,9.244799613952637,0.0,0.0,EUR
2024-11-29,9.280799865722656,9.280799865722656,0.0,0.0,EUR
2024-12-02,9.349200248718262,9.349200248718262,0.0,0.0,EUR
2024-12-03,9.355999946594238,9.355999946594238,0.0,0.0,EUR
2024-12-04,9.378399848937988,9.378399848937988,0.0,0.0,EUR
2024-12-05,9.368399620056152,9.368399620056152,0.0,0.0,EUR
2024-12-06,9.369199752807617,9.369199752807617,0.0,0.0,EUR
2024-12-09,9.367600440979004,9.367600440979004,0.0,0.0,EUR
2024-12-10,9.369199752807617,9.369199752807617,0.0,0.0,EUR
2024-12-11,9.3996000289917,9.3996000289917,0.0,0.0,EUR
2024-12-12,9.402000427246094,9.402000427246094,0.0,0.0,EUR
2024-12-13,9.344400405883789,9.344400405883789,0.0,0.0,EUR
2024-12-16,9.352399826049805,9.352399826049805,0.0,0.0,EUR
2024-12-17,9.322799682617188,9.322799682617188,0.0,0.0,EUR
2024-12-18,9.347599983215332,9.347599983215332,0.0,0.0,EUR
2024-12-19,9.199999809265137,9.199999809265137,0.0,0.0,EUR
2024-12-20,9.200799942016602,9.200799942016602,0.0,0.0,EUR
2024-12-23,9.188400268554688,9.188400268554688,0.0,0.0,EUR
2024-12-27,9.22719955444336,9.22719955444336,0.0,0.0,EUR
2024-12-30,9.176400184631348,9.176400184631348,0.0,0.0,EUR
2025-01-02,9.306400299072266,9.306400299072266,0.0,0.0,EUR
2025-01-03,9.288399696350098,9.288399696350098,0.0,0.0,EUR
2025-01-06,9.347200393676758,9.347200393676758,0.0,0.0,EUR
2025-01-07,9.28279972076416,9.28279972076416,0.0,0.0,EUR
2025-01-08,9.27079963684082,9.27079963684082,0.0,0.0,EUR
2025-01-09,9.274800300598145,9.274800300598145,0.0,0.0,EUR
2025-01-10,9.19159984588623,9.19159984588623,0.0,0.0,EUR
2025-01-13,9.173600196838379,9.173600196838379,0.0,0.0,EUR
2025-01-14,9.171600341796875,9.171600341796875,0.0,0.0,EUR
2025-01-15,9.315999984741211,9.315999984741211,0.0,0.0,EUR
2025-01-16,9.338800430297852,9.338800430297852,0.0,0.0,EUR
2025-01-17,9.42080020904541,9.42080020904541,0.0,0.0,EUR
2025-01-20,9.386799812316895,9.386799812316895,0.0,0.0,EUR
2025-01-21,9.384400367736816,9.384400367736816,0.0,0.0,EUR
2025-01-22,9.453200340270996,9.453200340270996,0.0,0.0,EUR
2025-01-23,9.471199989318848,9.471199989318848,0.0,0.0,EUR
2025-01-24,9.429200172424316,9.429200172424316,0.0,0.0,EUR
2025-01-27,9.279600143432617,9.279600143432617,0.0,0.0,EUR
2025-01-28,9.382800102233887,9.382800102233887,0.0,0.0,EUR
2025-01-29,9.42240047454834,9.42240047454834,0.0,0.0,EUR
2025-01-30,9.459600448608398,9.459600448608398,0.0,0.0,EUR
2025-01-31,9.543600082397461,9.543600082397461,0.0,0.0,EUR
2025-02-03,9.458399772644043,9.458399772644043,0.0,0.0,EUR
2025-02-04,9.473600387573242,9.473600387573242,0.0,0.0,EUR
2025-02-05,9.44279956817627,9.44279956817627,0.0,0.0,EUR
2025-02-06,9.561599731445312,9.561599731445312,0.0,0.0,EUR
2025-02-07,9.529999732971191,9.529999732971191,0.0,0.0,EUR
2025-02-10,9.585599899291992,9.585599899291992,0.0,0.0,EUR
2025-02-11,9.560799598693848,9.560799598693848,0.0,0.0,EUR
2025-02-12,9.496800422668457,9.496800422668457,0.0,0.0,EUR
2025-02-13,9.537599563598633,9.537599563598633,0.0,0.0,EUR
2025-02-14,9.522000312805176,9.522000312805176,0.0,0.0,EUR
2025-02-17,9.575200080871582,9.575200080871582,0.0,0.0,EUR
2025-02-18,9.59280014038086,9.59280014038086,0.0,0.0,EUR
2025-02-19,9.612000465393066,9.612000465393066,0.0,0.0,EUR
2025-02-20,9.524800300598145,9.524800300598145,0.0,0.0,EUR
2025-02-21,9.538000106811523,9.538000106811523,0.0,0.0,EUR
2025-02-24,9.418800354003906,9.418800354003906,0.0,0.0,EUR
2025-02-25,9.288800239562988,9.288800239562988,0.0,0.0,EUR
2025-02-26,9.42039966583252,9.42039966583252,0.0,0.0,EUR
2025-02-27,9.43120002746582,9.43120002746582,0.0,0.0,EUR
2025-02-28,9.301199913024902,9.301199913024902,0.0,0.0,EUR
2025-03-03,9.32759952545166,9.32759952545166,0.0,0.0,EUR
2025-03-04,9.025199890136719,9.025199890136719,0.0,0.0,EUR
2025-03-05,8.926799774169922,8.926799774169922,0.0,0.0,EUR
2025-03-06,8.952799797058105,8.952799797058105,0.0,0.0,EUR
2025-03-07,8.800800323486328,8.800800323486328,0.0,0.0,EUR
2025-03-10,8.73799991607666,8.73799991607666,0.0,0.0,EUR
2025-03-11,8.563199996948242,8.563199996948242,0.0,0.0,EUR
2025-03-12,8.65839958190918,8.65839958190918,0.0,0.0,EUR
2025-03-13,8.585200309753418,8.585200309753418,0.0,0.0,EUR
2025-03-14,8.687600135803223,8.687600135803223,0.0,0.0,EUR
2025-03-17,8.7391996383667,8.7391996383667,0.0,0.0,EUR
2025-03-18,8.699199676513672,8.699199676513672,0.0,0.0,EUR
2025-03-19,8.800000190734863,8.800000190734863,0.0,0.0,EUR
2025-03-20,8.81879997253418,8.81879997253418,0.0,0.0,EUR
2025-03-21,8.797599792480469,8.797599792480469,0.0,0.0,EUR
2025-03-24,8.946800231933594,8.946800231933594,0.0,0.0,EUR
2025-03-25,8.957200050354004,8.957200050354004,0.0,0.0,EUR
2025-03-26,8.913200378417969,8.913200378417969,0.0,0.0,EUR
2025-03-27,8.881600379943848,8.881600379943848,0.0,0.0,EUR
2025-03-28,8.682000160217285,8.682000160217285,0.0,0.0,EUR
2025-03-31,8.621199607849121,8.621199607849121,0.0,0.0,EUR
2025-04-01,8.729599952697754,8.729599952697754,0.0,0.0,EUR
2025-04-02,8.711600303649902,8.711600303649902,0.0,0.0,EUR
2025-04-03,8.288800239562988,8.288800239562988,0.0,0.0,EUR
2025-04-04,7.8927998542785645,7.8927998542785645,0.0,0.0,EUR
2025-04-07,7.665999889373779,7.665999889373779,0.0,0.0,EUR
2025-04-08,7.875999927520752,7.875999927520752,0.0,0.0,EUR
2025-04-09,7.545199871063232,7.545199871063232,0.0,0.0,EUR
2025-04-10,7.822400093078613,7.822400093078613,0.0,0.0,EUR
2025-04-11,7.753600120544434,7.753600120544434,0.0,0.0,EUR
2025-04-14,7.971199989318848,7.971199989318848,0.0,0.0,EUR
2025-04-15,8.057999610900879,8.057999610900879,0.0,0.0,EUR
2025-04-16,7.961999893188477,7.961999893188477,0.0,0.0,EUR
2025-04-17,7.898799896240234,7.898799896240234,0.0,0.0,EUR
2025-04-22,7.848400115966797,7.848400115966797,0.0,0.0,EUR
2025-04-23,8.077199935913086,8.077199935913086,0.0,0.0,EUR
2025-04-24,8.14680004119873,8.14680004119873,0.0,0.0,EUR
2025-04-25,8.186800003051758,8.186800003051758,0.0,0.0,EUR
2025-04-28,8.199999809265137,8.199999809265137,0.0,0.0,EUR
2025-04-29,8.250800132751465,8.250800132751465,0.0,0.0,EUR
2025-04-30,8.259599685668945,8.259599685668945,0.0,0.0,EUR
2025-05-02,8.464799880981445,8.464799880981445,0.0,0.0,EUR
2025-05-05,8.494799613952637,8.494799613952637,0.0,0.0,EUR
2025-05-06,8.449199676513672,8.449199676513672,0.0,0.0,EUR
2025-05-07,8.3996000289917,8.3996000289917,0.0,0.0,EUR
2025-05-08,8.528800010681152,8.528800010681152,0.0,0.0,EUR
2025-05-09,8.529199600219727,8.529199600219727,0.0,0.0,EUR
2025-05-12,8.813599586486816,8.813599586486816,0.0,0.0,EUR
2025-05-13,8.874799728393555,8.874799728393555,0.0,0.0,EUR
2025-05-14,8.85200023651123,8.85200023651123,0.0,0.0,EUR
2025-05-15,8.879199981689453,8.879199981689453,0.0,0.0,EUR
2025-05-16,8.937999725341797,8.937999725341797,0.0,0.0,EUR
2025-05-19,8.886799812316895,8.886799812316895,0.0,0.0,EUR
2025-05-20,8.904000282287598,8.904000282287598,0.0,0.0,EUR
2025-05-21,8.832799911499023,8.832799911499023,0.0,0.0,EUR
2025-05-22,8.755999565124512,8.755999565124512,0.0,0.0,EUR
2025-05-23,8.67199993133545,8.67199993133545,0.0,0.0,EUR
2025-05-26,8.750399589538574,8.750399589538574,0.0,0.0,EUR
2025-05-27,8.811599731445312,8.811599731445312,0.0,0.0,EUR
2025-05-28,8.82040023803711,8.82040023803711,0.0,0.0,EUR
2025-05-29,8.79520034790039,8.79520034790039,0.0,0.0,EUR
2025-05-30,8.779999732971191,8.779999732971191,0.0,0.0,EUR
2025-06-02,8.724800109863281,8.724800109863281,0.0,0.0,EUR
2025-06-03,8.839200019836426,8.839200019836426,0.0,0.0,EUR
2025-06-04,8.84000015258789,8.84000015258789,0.0,0.0,EUR
2025-06-05,8.853599548339844,8.853599548339844,0.0,0.0,EUR
2025-06-06,8.891200065612793,8.891200065612793,0.0,0.0,EUR
2025-06-09,8.89680004119873,8.89680004119873,0.0,0.0,EUR
2025-06-10,8.90880012512207,8.90880012512207,0.0,0.0,EUR
2025-06-11,8.913200378417969,8.913200378417969,0.0,0.0,EUR
2025-06-12,8.828399658203125,8.828399658203125,0.0,0.0,EUR
2025-06-13,8.789999961853027,8.789999961853027,0.0,0.0,EUR
2025-06-16,8.827199935913086,8.827199935913086,0.0,0.0,EUR
2025-06-17,8.807600021362305,8.807600021362305,0.0,0.0,EUR
2025-06-18,8.80720043182373,8.80720043182373,0.0,0.0,EUR
2025-06-19,8.727999687194824,8.727999687194824,0.0,0.0,EUR
2025-06-20,8.756400108337402,8.756400108337402,0.0,0.0,EUR
2025-06-23,8.729599952697754,8.729599952697754,0.0,0.0,EUR
2025-06-24,8.838399887084961,8.838399887084961,0.0,0.0,EUR
2025-06-25,8.826000213623047,8.826000213623047,0.0,0.0,EUR
2025-06-26,8.833200454711914,8.833200454711914,0.0,0.0,EUR
2025-06-27,8.8996000289917,8.8996000289917,0.0,0.0,EUR
2025-06-30,8.868800163269043,8.868800163269043,0.0,0.0,EUR
2025-07-01,8.868000030517578,8.868000030517578,0.0,0.0,EUR
2025-07-02,8.894000053405762,8.894000053405762,0.0,0.0,EUR
2025-07-03,8.982799530029297,8.982799530029297,0.0,0.0,EUR
2025-07-04,8.928799629211426,8.928799629211426,0.0,0.0,EUR
2025-07-07,8.946000099182129,8.946000099182129,0.0,0.0,EUR
2025-07-08,8.954000473022461,8.954000473022461,0.0,0.0,EUR
2025-07-09,8.972000122070312,8.972000122070312,0.0,0.0,EUR
2025-07-10,9.043600082397461,9.043600082397461,0.0,0.0,EUR
2025-07-11,8.9891996383667,8.9891996383667,0.0,0.0,EUR
2025-07-14,8.996800422668457,8.996800422668457,0.0,0.0,EUR
2025-07-15,9.051600456237793,9.051600456237793,0.0,0.0,EUR
2025-07-16,8.925600051879883,8.925600051879883,0.0,0.0,EUR
2025-07-17,9.1048002243042,9.1048002243042,0.0,0.0,EUR
2025-07-18,9.071999549865723,9.071999549865723,0.0,0.0,EUR
2025-07-21,9.081199645996094,9.081199645996094,0.0,0.0,EUR
2025-07-22,9.024399757385254,9.024399757385254,0.0,0.0,EUR
2025-07-23,9.11359977722168,9.11359977722168,0.0,0.0,EUR
2025-07-24,9.121999740600586,9.121999740600586,0.0,0.0,EUR
2025-07-25,9.12559986114502,9.12559986114502,0.0,0.0,EUR
2025-07-28,9.203200340270996,9.203200340270996,0.0,0.0,EUR
2025-07-29,9.23840045928955,9.23840045928955,0.0,0.0,EUR
2025-07-30,9.291199684143066,9.291199684143066,0.0,0.0,EUR
2025-07-31,9.295999526977539,9.295999526977539,0.0,0.0,EUR
2025-08-01,9.031999588012695,9.031999588012695,0.0,0.0,EUR
2025-08-04,9.128800392150879,9.128800392150879,0.0,0.0,EUR
2025-08-05,9.117600440979004,9.117600440979004,0.0,0.0,EUR
2025-08-06,9.123200416564941,9.123200416564941,0.0,0.0,EUR
2025-08-07,9.146400451660156,9.146400451660156,0.0,0.0,EUR
2025-08-08,9.177200317382812,9.177200317382812,0.0,0.0,EUR
2025-08-11,9.22599983215332,9.22599983215332,0.0,0.0,EUR
2025-08-12,9.229999542236328,9.229999542236328,0.0,0.0,EUR
2025-08-13,9.266799926757812,9.266799926757812,0.0,0.0,EUR
2025-08-14,9.29640007019043,9.29640007019043,0.0,0.0,EUR
2025-08-18,9.319199562072754,9.319199562072754,0.0,0.0,EUR
2025-08-19,9.298399925231934,9.298399925231934,0.0,0.0,EUR
2025-08-20,9.241600036621094,9.241600036621094,0.0,0.0,EUR
2025-08-21,9.276800155639648,9.276800155639648,0.0,0.0,EUR
2025-08-22,9.340399742126465,9.340399742126465,0.0,0.0,EUR
2025-08-25,9.345999717712402,9.345999717712402,0.0,0.0,EUR
2025-08-26,9.319600105285645,9.319600105285645,0.0,0.0,EUR
2025-08-27,9.380000114440918,9.380000114440918,0.0,0.0,EUR
2025-08-28,9.355600357055664,9.355600357055664,0.0,0.0,EUR
2025-08-29,9.288399696350098,9.288399696350098,0.0,0.0,EUR
2025-09-01,9.309200286865234,9.309200286865234,0.0,0.0,EUR
2025-09-02,9.221599578857422,9.221599578857422,0.0,0.0,EUR
2025-09-03,9.278800010681152,9.278800010681152,0.0,0.0,EUR
2025-09-04,9.350000381469727,9.350000381469727,0.0,0.0,EUR
2025-09-05,9.293999671936035,9.293999671936035,0.0,0.0,EUR
2025-09-08,9.359199523925781,9.359199523925781,0.0,0.0,EUR
2025-09-09,9.37440013885498,9.37440013885498,0.0,0.0,EUR
2025-09-10,9.423999786376953,9.423999786376953,0.0,0.0,EUR
2025-09-11,9.47719955444336,9.47719955444336,0.0,0.0,EUR
2025-09-12,9.48639965057373,9.48639965057373,0.0,0.0,EUR
2025-09-15,9.496800422668457,9.496800422668457,0.0,0.0,EUR
2025-09-16,9.416799545288086,9.416799545288086,0.0,0.0,EUR
2025-09-17,9.436400413513184,9.436400413513184,0.0,0.0,EUR
2025-09-18,9.532400131225586,9.532400131225586,0.0,0.0,EUR
2025-09-19,9.531200408935547,9.531200408935547,0.0,0.0,EUR
2025-09-22,9.548399925231934,9.548399925231934,0.0,0.0,EUR
2025-09-23,9.561200141906738,9.561200141906738,0.0,0.0,EUR
2025-09-24,9.559599876403809,9.559599876403809,0.0,0.0,EUR
2025-09-25,9.519599914550781,9.519599914550781,0.0,0.0,EUR
2025-09-26,9.539600372314453,9.539600372314453,0.0,0.0,EUR
2025-09-29,9.564800262451172,9.564800262451172,0.0,0.0,EUR
2025-09-30,9.553199768066406,9.553199768066406,0.0,0.0,EUR
2025-10-01,9.62279987335205,9.62279987335205,0.0,0.0,EUR
2025-10-02,9.65880012512207,9.65880012512207,0.0,0.0,EUR
2025-10-03,9.698399543762207,9.698399543762207,0.0,0.0,EUR
2025-10-06,9.746399879455566,9.746399879455566,0.0,0.0,EUR
2025-10-07,9.726799964904785,9.726799964904785,0.0,0.0,EUR
2025-10-08,9.809200286865234,9.809200286865234,0.0,0.0,EUR
2025-10-09,9.814800262451172,9.814800262451172,0.0,0.0,EUR
2025-10-10,9.626399993896484,9.626399993896484,0.0,0.0,EUR
2025-10-13,9.697600364685059,9.697600364685059,0.0,0.0,EUR
2025-10-14,9.642800331115723,9.642800331115723,0.0,0.0,EUR
2025-10-15,9.71560001373291,9.71560001373291,0.0,0.0,EUR
2025-10-16,9.70359992980957,9.70359992980957,0.0,0.0,EUR
2025-10-17,9.613200187683105,9.613200187683105,0.0,0.0,EUR
2025-10-20,9.778400421142578,9.778400421142578,0.0,0.0,EUR
2025-10-21,9.809599876403809,9.809599876403809,0.0,0.0,EUR
2025-10-22,9.752400398254395,9.752400398254395,0.0,0.0,EUR
2025-10-23,9.797200202941895,9.797200202941895,0.0,0.0,EUR
2025-10-24,9.869999885559082,9.869999885559082,0.0,0.0,EUR
2025-10-27,9.935999870300293,9.935999870300293,0.0,0.0,EUR
2025-10-28,9.940400123596191,9.940400123596191,0.0,0.0,EUR
2025-10-29,9.965999603271484,9.965999603271484,0.0,0.0,EUR
2025-10-30,9.970800399780273,9.970800399780273,0.0,0.0,EUR
2025-10-31,9.955599784851074,9.955599784851074,0.0,0.0,EUR
2025-11-03,9.964400291442871,9.964400291442871,0.0,0.0,EUR
2025-11-04,9.925600051879883,9.925600051879883,0.0,0.0,EUR
2025-11-05,9.947600364685059,9.947600364685059,0.0,0.0,EUR
2025-11-06,9.816800117492676,9.816800117492676,0.0,0.0,EUR
2025-11-07,9.682000160217285,9.682000160217285,0.0,0.0,EUR
2025-11-10,9.883999824523926,9.883999824523926,0.0,0.0,EUR
2025-11-11,9.913999557495117,9.913999557495117,0.0,0.0,EUR
2025-11-12,9.965200424194336,9.965200424194336,0.0,0.0,EUR
2025-11-13,9.843199729919434,9.843199729919434,0.0,0.0,EUR
2025-11-14,9.82759952545166,9.82759952545166,0.0,0.0,EUR
2025-11-17,9.775199890136719,9.775199890136719,0.0,0.0,EUR
2025-11-18,9.6451997756958,9.6451997756958,0.0,0.0,EUR
2025-11-19,9.671600341796875,9.671600341796875,0.0,0.0,EUR
2025-11-20,9.73960018157959,9.73960018157959,0.0,0.0,EUR
2025-11-21,9.619199752807617,9.619199752807617,0.0,0.0,EUR
2025-11-24,9.751199722290039,9.751199722290039,0.0,0.0,EUR
2025-11-25,9.77560043334961,9.77560043334961,0.0,0.0,EUR
2025-11-26,9.894399642944336,9.894399642944336,0.0,0.0,EUR
2025-11-27,9.881999969482422,9.881999969482422,0.0,0.0,EUR
2025-11-28,9.921600341796875,9.921600341796875,0.0,0.0,EUR
2025-12-01,9.886799812316895,9.886799812316895,0.0,0.0,EUR
2025-12-02,9.876399993896484,9.876399993896484,0.0,0.0,EUR
2025-12-03,9.887200355529785,9.887200355529785,0.0,0.0,EUR
2025-12-04,9.90999984741211,9.90999984741211,0.0,0.0,EUR
2025-12-05,9.95680046081543,9.95680046081543,0.0,0.0,EUR
2025-12-08,9.934399604797363,9.934399604797363,0.0,0.0,EUR
2025-12-09,9.9443998336792,9.9443998336792,0.0,0.0,EUR
2025-12-10,9.920000076293945,9.920000076293945,0.0,0.0,EUR
2025-12-11,9.89799976348877,9.89799976348877,0.0,0.0,EUR
2025-12-12,9.83240032196045,9.83240032196045,0.0,0.0,EUR
2025-12-15,9.847999572753906,9.847999572753906,0.0,0.0,EUR
2025-12-16,9.774399757385254,9.774399757385254,0.0,0.0,EUR
2025-12-17,9.72920036315918,9.72920036315918,0.0,0.0,EUR
2025-12-18,9.831999778747559,9.831999778747559,0.0,0.0,EUR
2025-12-19,9.888400077819824,9.888400077819824,0.0,0.0,EUR
2025-12-22,9.906000137329102,9.906000137329102,0.0,0.0,EUR
2025-12-23,9.929200172424316,9.929200172424316,0.0,0.0,EUR
2025-12-29,9.94480037689209,9.94480037689209,0.0,0.0,EUR
2025-12-30,9.976799964904785,9.976799964904785,0.0,0.0,EUR
2026-01-02,9.962800025939941,9.962800025939941,0.0,0.0,EUR
2026-01-05,10.100000381469727,10.100000381469727,0.0,0.0,EUR
2026-01-06,10.147600173950195,10.147600173950195,0.0,0.0,EUR
2026-01-07,10.163599967956543,10.163599967956543,0.0,0.0,EUR
2026-01-08,10.156000137329102,10.156000137329102,0.0,0.0,EUR
2026-01-09,10.247599601745605,10.247599601745605,0.0,0.0,EUR
2026-01-12,10.241999626159668,10.241999626159668,0.0,0.0,EUR
2026-01-13,10.267999649047852,10.267999649047852,0.0,0.0,EUR
2026-01-14,10.218400001525879,10.218400001525879,0.0,0.0,EUR
2026-01-15,10.345600128173828,10.345600128173828,0.0,0.0,EUR
2026-01-16,10.317999839782715,10.317999839782715,0.0,0.0,EUR
2026-01-19,10.19279956817627,10.19279956817627,0.0,0.0,EUR
2026-01-20,10.101200103759766,10.101200103759766,0.0,0.0,EUR
2026-01-21,10.140399932861328,10.140399932861328,0.0,0.0,EUR
2026-01-22,10.20479965209961,10.20479965209961,0.0,0.0,EUR
2026-01-23,10.171600341796875,10.171600341796875,0.0,0.0,EUR
2026-01-26,10.128800392150879,10.128800392150879,0.0,0.0,EUR
2026-01-27,10.130800247192383,10.130800247192383,0.0,0.0,EUR
2026-01-28,10.140800476074219,10.140800476074219,0.0,0.0,EUR
2026-01-29,10.062399864196777,10.062399864196777,0.0,0.0,EUR
2026-01-30,10.11240005493164,10.11240005493164,0.0,0.0,EUR
2026-02-02,10.211600303649902,10.211600303649902,0.0,0.0,EUR
2026-02-03,10.18280029296875,10.18280029296875,0.0,0.0,EUR
2026-02-04,10.17080020904541,10.17080020904541,0.0,0.0,EUR
2026-02-05,10.07759952545166,10.07759952545166,0.0,0.0,EUR
2026-02-06,10.186400413513184,10.186400413513184,0.0,0.0,EUR
2026-02-09,10.241999626159668,10.241999626159668,0.0,0.0,EUR
2026-02-10,10.266400337219238,10.266400337219238,0.0,0.0,EUR
2026-02-11,10.277199745178223,10.277199745178223,0.0,0.0,EUR
2026-02-12,10.166399955749512,10.166399955749512,0.0,0.0,EUR
2026-02-13,10.178799629211426,10.178799629211426,0.0,0.0,EUR
2026-02-16,10.168000221252441,10.168000221252441,0.0,0.0,EUR
2026-02-17,10.185600280761719,10.185600280761719,0.0,0.0,EUR
2026-02-18,10.303199768066406,10.303199768066406,0.0,0.0,EUR
2026-02-19,10.286399841308594,10.286399841308594,0.0,0.0,EUR
2026-02-20,10.319999694824219,10.319999694824219,0.0,0.0,EUR
2026-02-23,10.277999877929688,10.277999877929688,0.0,0.0,EUR
2026-02-24,10.303999900817871,10.303999900817871,0.0,0.0,EUR
2026-02-25,10.387999534606934,10.387999534606934,0.0,0.0,EUR
2026-02-26,10.36400032043457,10.36400032043457,0.0,0.0,EUR
2026-02-27,10.321999549865723,10.321999549865723,0.0,0.0,EUR
2026-03-02,10.32800006866455,10.32800006866455,0.0,0.0,EUR
2026-03-03,10.175999641418457,10.175999641418457,0.0,0.0,EUR
2026-03-04,10.288000106811523,10.288000106811523,0.0,0.0,EUR
2026-03-05,10.21399974822998,10.21399974822998,0.0,0.0,EUR
2026-03-06,10.104000091552734,10.104000091552734,0.0,0.0,EUR
2026-03-09,10.057999610900879,10.057999610900879,0.0,0.0,EUR
2026-03-10,10.211999893188477,10.211999893188477,0.0,0.0,EUR
2026-03-11,10.154000282287598,10.154000282287598,0.0,0.0,EUR
2026-03-12,10.105999946594238,10.105999946594238,0.0,0.0,EUR
2026-03-13,10.088000297546387,10.088000297546387,0.0,0.0,EUR
2026-03-16,10.12600040435791,10.12600040435791,0.0,0.0,EUR
2026-03-17,10.157999992370605,10.157999992370605,0.0,0.0,EUR
2026-03-18,10.09000015258789,10.09000015258789,0.0,0.0,EUR
2026-03-19,9.925000190734863,9.925000190734863,0.0,0.0,EUR
2026-03-20,9.805000305175781,9.805000305175781,0.0,0.0,EUR
2026-03-23,9.866000175476074,9.866000175476074,0.0,0.0,EUR
2026-03-24,9.873000144958496,9.873000144958496,0.0,0.0,EUR
2026-03-25,9.954999923706055,9.954999923706055,0.0,0.0,EUR
2026-03-26,9.852999687194824,9.852999687194824,0.0,0.0,EUR
2026-03-27,9.722000122070312,9.722000122070312,0.0,0.0,EUR
2026-03-30,9.784000396728516,9.784000396728516,0.0,0.0,EUR
2026-03-31,9.765999794006348,9.765999794006348,0.0,0.0,EUR
2026-04-01,9.973999977111816,9.973999977111816,0.0,0.0,EUR
2026-04-02,9.958999633789062,9.958999633789062,0.0,0.0,EUR
2026-04-07,9.913999557495117,9.913999557495117,0.0,0.0,EUR
2026-04-08,10.194000244140625,10.194000244140625,0.0,0.0,EUR
2026-04-09,10.204000473022461,10.204000473022461,0.0,0.0,EUR
2026-04-10,10.229999542236328,10.229999542236328,0.0,0.0,EUR
2026-04-13,10.222000122070312,10.222000122070312,0.0,0.0,EUR
2026-04-14,10.343999862670898,10.343999862670898,0.0,0.0,EUR
2026-04-15,10.380000114440918,10.380000114440918,0.0,0.0,EUR
2026-04-16,10.446000099182129,10.446000099182129,0.0,0.0,EUR
2026-04-17,10.581999778747559,10.581999778747559,0.0,0.0,EUR
2026-04-20,10.538000106811523,10.538000106811523,0.0,0.0,EUR
2026-04-21,10.517999649047852,10.517999649047852,0.0,0.0,EUR
2026-04-22,10.579999923706055,10.579999923706055,0.0,0.0,EUR
2026-04-23,10.597999572753906,10.597999572753906,0.0,0.0,EUR
2026-04-24,10.574000358581543,10.574000358581543,0.0,0.0,EUR
2026-04-27,10.567999839782715,10.567999839782715,0.0,0.0,EUR
2026-04-28,10.517999649047852,10.517999649047852,0.0,0.0,EUR
2026-04-29,10.538000106811523,10.538000106811523,0.0,0.0,EUR
2026-04-30,10.616000175476074,10.616000175476074,0.0,0.0,EUR
2026-05-04,10.64799976348877,10.64799976348877,0.0,0.0,EUR
2026-05-05,10.75,10.75,0.0,0.0,EUR
2026-05-06,10.887999534606934,10.887999534606934,0.0,0.0,EUR
2026-05-07,10.878000259399414,10.878000259399414,0.0,0.0,EUR
2026-05-08,10.890000343322754,10.890000343322754,0.0,0.0,EUR
2026-05-11,10.923999786376953,10.923999786376953,0.0,0.0,EUR
2026-05-12,10.807999610900879,10.807999610900879,0.0,0.0,EUR
2026-05-13,10.95199966430664,10.95199966430664,0.0,0.0,EUR
2026-05-14,11.079999923706055,11.079999923706055,0.0,0.0,EUR
2026-05-15,10.965999603271484,10.965999603271484,0.0,0.0,EUR
2026-05-18,10.90999984741211,10.90999984741211,0.0,0.0,EUR
2026-05-19,10.87600040435791,10.87600040435791,0.0,0.0,EUR
2026-05-20,10.998000144958496,10.998000144958496,0.0,0.0,EUR
2026-05-21,11.008000373840332,11.008000373840332,0.0,0.0,EUR
2026-05-22,11.12600040435791,11.12600040435791,0.0,0.0,EUR
2026-05-25,11.208000183105469,11.208000183105469,0.0,0.0,EUR
2026-05-26,11.20199966430664,11.20199966430664,0.0,0.0,EUR
2026-05-27,11.185999870300293,11.185999870300293,0.0,0.0,EUR
2026-05-28,11.22599983215332,11.22599983215332,0.0,0.0,EUR
2026-05-29,11.246000289916992,11.246000289916992,0.0,0.0,EUR
2026-06-01,11.295999526977539,11.295999526977539,0.0,0.0,EUR
