date,close,adj close,dividends,stock splits,currency
2014-11-28,93.44000244140625,93.44000244140625,0.0,0.0,EUR
2014-12-01,94.55000305175781,94.55000305175781,0.0,0.0,EUR
2014-12-02,95.0999984741211,95.0999984741211,0.0,0.0,EUR
2014-12-03,97.01000213623047,97.01000213623047,0.0,0.0,EUR
2014-12-04,95.7300033569336,95.7300033569336,0.0,0.0,EUR
2014-12-05,95.56999969482422,95.56999969482422,0.0,0.0,EUR
2014-12-08,95.55000305175781,95.55000305175781,0.0,0.0,EUR
2014-12-09,97.6500015258789,97.6500015258789,0.0,0.0,EUR
2014-12-10,97.33999633789062,97.33999633789062,0.0,0.0,EUR
2014-12-11,97.2300033569336,97.2300033569336,0.0,0.0,EUR
2014-12-12,96.61000061035156,96.61000061035156,0.0,0.0,EUR
2014-12-15,96.20999908447266,96.20999908447266,0.0,0.0,EUR
2014-12-16,93.86000061035156,93.86000061035156,0.0,0.0,EUR
2014-12-17,94.86000061035156,94.86000061035156,0.0,0.0,EUR
2014-12-18,95.69000244140625,95.69000244140625,0.0,0.0,EUR
2014-12-19,96.27999877929688,96.27999877929688,0.0,0.0,EUR
2014-12-22,95.19000244140625,95.19000244140625,0.0,0.0,EUR
2014-12-23,95.22000122070312,95.22000122070312,0.0,0.0,EUR
2014-12-29,95.3499984741211,95.3499984741211,0.0,0.0,EUR
2014-12-30,98.19999694824219,98.19999694824219,0.0,0.0,EUR
2015-01-02,97.33000183105469,97.33000183105469,0.0,0.0,EUR
2015-01-05,98.70999908447266,98.70999908447266,0.0,0.0,EUR
2015-01-06,99.73999786376953,99.73999786376953,0.0,0.0,EUR
2015-01-07,101.20999908447266,101.20999908447266,0.0,0.0,EUR
2015-01-08,101.22000122070312,101.22000122070312,0.0,0.0,EUR
2015-01-09,101.30000305175781,101.30000305175781,0.0,0.0,EUR
2015-01-12,102.06999969482422,102.06999969482422,0.0,0.0,EUR
2015-01-13,103.38999938964844,103.38999938964844,0.0,0.0,EUR
2015-01-14,103.26000213623047,103.26000213623047,0.0,0.0,EUR
2015-01-15,107.16999816894531,107.16999816894531,0.0,0.0,EUR
2015-01-16,109.23999786376953,109.23999786376953,0.0,0.0,EUR
2015-01-19,107.9000015258789,107.9000015258789,0.0,0.0,EUR
2015-01-20,109.9800033569336,109.9800033569336,0.0,0.0,EUR
2015-01-21,109.44999694824219,109.44999694824219,0.0,0.0,EUR
2015-01-22,112.51000213623047,112.51000213623047,0.0,0.0,EUR
2015-01-23,112.66999816894531,112.66999816894531,0.0,0.0,EUR
2015-01-26,111.56999969482422,111.56999969482422,0.0,0.0,EUR
2015-01-27,111.80999755859375,111.80999755859375,0.0,0.0,EUR
2015-01-28,111.68000030517578,111.68000030517578,0.0,0.0,EUR
2015-01-29,109.66999816894531,109.66999816894531,0.0,0.0,EUR
2015-01-30,110.81999969482422,110.81999969482422,0.0,0.0,EUR
2015-02-02,110.41999816894531,110.41999816894531,0.0,0.0,EUR
2015-02-03,108.0199966430664,108.0199966430664,0.0,0.0,EUR
2015-02-04,108.73999786376953,108.73999786376953,0.0,0.0,EUR
2015-02-05,108.31999969482422,108.31999969482422,0.0,0.0,EUR
2015-02-06,107.0199966430664,107.0199966430664,0.0,0.0,EUR
2015-02-09,107.66999816894531,107.66999816894531,0.0,0.0,EUR
2015-02-10,107.55000305175781,107.55000305175781,0.0,0.0,EUR
2015-02-11,106.41000366210938,106.41000366210938,0.0,0.0,EUR
2015-02-12,105.80999755859375,105.80999755859375,0.0,0.0,EUR
2015-02-13,106.19999694824219,106.19999694824219,0.0,0.0,EUR
2015-02-16,106.29000091552734,106.29000091552734,0.0,0.0,EUR
2015-02-17,104.0999984741211,104.0999984741211,0.0,0.0,EUR
2015-02-18,103.91000366210938,103.91000366210938,0.0,0.0,EUR
2015-02-19,104.37000274658203,104.37000274658203,0.0,0.0,EUR
2015-02-20,104.45999908447266,104.45999908447266,0.0,0.0,EUR
2015-02-23,104.0999984741211,104.0999984741211,0.0,0.0,EUR
2015-02-24,103.97000122070312,103.97000122070312,0.0,0.0,EUR
2015-02-25,104.37000274658203,104.37000274658203,0.0,0.0,EUR
2015-02-26,106.02999877929688,106.02999877929688,0.0,0.0,EUR
2015-02-27,106.72000122070312,106.72000122070312,0.0,0.0,EUR
2015-03-02,106.25,106.25,0.0,0.0,EUR
2015-03-03,105.76000213623047,105.76000213623047,0.0,0.0,EUR
2015-03-04,106.83000183105469,106.83000183105469,0.0,0.0,EUR
2015-03-05,107.48999786376953,107.48999786376953,0.0,0.0,EUR
2015-03-06,106.4000015258789,106.4000015258789,0.0,0.0,EUR
2015-03-09,105.91000366210938,105.91000366210938,0.0,0.0,EUR
2015-03-10,106.66000366210938,106.66000366210938,0.0,0.0,EUR
2015-03-11,106.98999786376953,106.98999786376953,0.0,0.0,EUR
2015-03-12,106.56999969482422,106.56999969482422,0.0,0.0,EUR
2015-03-13,107.76000213623047,107.76000213623047,0.0,0.0,EUR
2015-03-16,107.12999725341797,107.12999725341797,0.0,0.0,EUR
2015-03-17,106.61000061035156,106.61000061035156,0.0,0.0,EUR
2015-03-18,106.54000091552734,106.54000091552734,0.0,0.0,EUR
2015-03-19,108.30000305175781,108.30000305175781,0.0,0.0,EUR
2015-03-20,107.94999694824219,107.94999694824219,0.0,0.0,EUR
2015-03-23,106.83000183105469,106.83000183105469,0.0,0.0,EUR
2015-03-24,107.22000122070312,107.22000122070312,0.0,0.0,EUR
2015-03-25,107.26000213623047,107.26000213623047,0.0,0.0,EUR
2015-03-26,108.5999984741211,108.5999984741211,0.0,0.0,EUR
2015-03-27,108.13999938964844,108.13999938964844,0.0,0.0,EUR
2015-03-30,107.61000061035156,107.61000061035156,0.0,0.0,EUR
2015-03-31,108.73999786376953,108.73999786376953,0.0,0.0,EUR
2015-04-01,109.63999938964844,109.63999938964844,0.0,0.0,EUR
2015-04-02,108.25,108.25,0.0,0.0,EUR
2015-04-08,109.55000305175781,109.55000305175781,0.0,0.0,EUR
2015-04-09,110.04000091552734,110.04000091552734,0.0,0.0,EUR
2015-04-10,111.91000366210938,111.91000366210938,0.0,0.0,EUR
2015-04-13,111.4000015258789,111.4000015258789,0.0,0.0,EUR
2015-04-14,110.23999786376953,110.23999786376953,0.0,0.0,EUR
2015-04-15,110.87000274658203,110.87000274658203,0.0,0.0,EUR
2015-04-20,108.98999786376953,108.98999786376953,0.0,0.0,EUR
2015-04-22,109.08000183105469,109.08000183105469,0.0,0.0,EUR
2015-04-23,108.58999633789062,108.58999633789062,0.0,0.0,EUR
2015-04-24,106.58000183105469,106.58000183105469,0.0,0.0,EUR
2015-04-27,108.48999786376953,108.48999786376953,0.0,0.0,EUR
2015-04-29,106.83000183105469,106.83000183105469,0.0,0.0,EUR
2015-04-30,103.61000061035156,103.61000061035156,0.0,0.0,EUR
2015-05-04,104.87000274658203,104.87000274658203,0.0,0.0,EUR
2015-05-05,105.05999755859375,105.05999755859375,0.0,0.0,EUR
2015-05-06,103.2300033569336,103.2300033569336,0.0,0.0,EUR
2015-05-07,103.19999694824219,103.19999694824219,0.0,0.0,EUR
2015-05-08,103.70999908447266,103.70999908447266,0.0,0.0,EUR
2015-05-11,104.06999969482422,104.06999969482422,0.0,0.0,EUR
2015-05-12,104.29000091552734,104.29000091552734,0.0,0.0,EUR
2015-05-13,105.12999725341797,105.12999725341797,0.0,0.0,EUR
2015-05-14,106.62999725341797,106.62999725341797,0.0,0.0,EUR
2015-05-15,105.13999938964844,105.13999938964844,0.0,0.0,EUR
2015-05-19,106.55999755859375,106.55999755859375,0.0,0.0,EUR
2015-05-20,107.30000305175781,107.30000305175781,0.0,0.0,EUR
2015-05-21,106.5999984741211,106.5999984741211,0.0,0.0,EUR
2015-05-22,107.44000244140625,107.44000244140625,0.0,0.0,EUR
2015-05-26,107.2300033569336,107.2300033569336,0.0,0.0,EUR
2015-05-27,107.31999969482422,107.31999969482422,0.0,0.0,EUR
2015-05-28,107.12000274658203,107.12000274658203,0.0,0.0,EUR
2015-05-29,106.55999755859375,106.55999755859375,0.0,0.0,EUR
2015-06-01,107.62000274658203,107.62000274658203,0.0,0.0,EUR
2015-06-02,105.38999938964844,105.38999938964844,0.0,0.0,EUR
2015-06-03,103.86000061035156,103.86000061035156,0.0,0.0,EUR
2015-06-04,102.38999938964844,102.38999938964844,0.0,0.0,EUR
2015-06-05,103.33000183105469,103.33000183105469,0.0,0.0,EUR
2015-06-09,102.73999786376953,102.73999786376953,0.0,0.0,EUR
2015-06-10,103.26000213623047,103.26000213623047,0.0,0.0,EUR
2015-06-11,103.0199966430664,103.0199966430664,0.0,0.0,EUR
2015-06-15,103.4000015258789,103.4000015258789,0.0,0.0,EUR
2015-06-16,103.08999633789062,103.08999633789062,0.0,0.0,EUR
2015-06-18,103.76000213623047,103.76000213623047,0.0,0.0,EUR
2015-06-22,102.29000091552734,102.29000091552734,0.0,0.0,EUR
2015-06-23,103.51000213623047,103.51000213623047,0.0,0.0,EUR
2015-06-24,103.0999984741211,103.0999984741211,0.0,0.0,EUR
2015-06-26,103.38999938964844,103.38999938964844,0.0,0.0,EUR
2015-06-29,103.69999694824219,103.69999694824219,0.0,0.0,EUR
2015-06-30,103.19000244140625,103.19000244140625,0.0,0.0,EUR
2015-07-01,103.66000366210938,103.66000366210938,0.0,0.0,EUR
2015-07-02,102.9800033569336,102.9800033569336,0.0,0.0,EUR
2015-07-06,103.62999725341797,103.62999725341797,0.0,0.0,EUR
2015-07-07,103.63999938964844,103.63999938964844,0.0,0.0,EUR
2015-07-09,103.55999755859375,103.55999755859375,0.0,0.0,EUR
2015-07-13,103.16000366210938,103.16000366210938,0.0,0.0,EUR
2015-07-15,102.76000213623047,102.76000213623047,0.0,0.0,EUR
2015-07-16,103.25,103.25,0.0,0.0,EUR
2015-07-17,102.5199966430664,102.5199966430664,0.0,0.0,EUR
2015-07-20,100.5199966430664,100.5199966430664,0.0,0.0,EUR
2015-07-21,99.58999633789062,99.58999633789062,0.0,0.0,EUR
2015-07-22,98.61000061035156,98.61000061035156,0.0,0.0,EUR
2015-07-23,98.02999877929688,98.02999877929688,0.0,0.0,EUR
2015-07-24,97.41999816894531,97.41999816894531,0.0,0.0,EUR
2015-07-27,97.12999725341797,97.12999725341797,0.0,0.0,EUR
2015-07-28,97.37999725341797,97.37999725341797,0.0,0.0,EUR
2015-07-29,97.58999633789062,97.58999633789062,0.0,0.0,EUR
2015-07-30,98.37000274658203,98.37000274658203,0.0,0.0,EUR
2015-07-31,97.44000244140625,97.44000244140625,0.0,0.0,EUR
2015-08-03,97.80000305175781,97.80000305175781,0.0,0.0,EUR
2015-08-04,97.87999725341797,97.87999725341797,0.0,0.0,EUR
2015-08-05,98.04000091552734,98.04000091552734,0.0,0.0,EUR
2015-08-07,98.41999816894531,98.41999816894531,0.0,0.0,EUR
2015-08-10,99.06999969482422,99.06999969482422,0.0,0.0,EUR
2015-08-11,98.5,98.5,0.0,0.0,EUR
2015-08-12,98.47000122070312,98.47000122070312,0.0,0.0,EUR
2015-08-13,98.38999938964844,98.38999938964844,0.0,0.0,EUR
2015-08-14,98.4800033569336,98.4800033569336,0.0,0.0,EUR
2015-08-17,99.30999755859375,99.30999755859375,0.0,0.0,EUR
2015-08-18,99.41999816894531,99.41999816894531,0.0,0.0,EUR
2015-08-19,100.29000091552734,100.29000091552734,0.0,0.0,EUR
2015-08-20,100.87999725341797,100.87999725341797,0.0,0.0,EUR
2015-08-21,100.31999969482422,100.31999969482422,0.0,0.0,EUR
2015-08-24,98.13999938964844,98.13999938964844,0.0,0.0,EUR
2015-08-25,97.69999694824219,97.69999694824219,0.0,0.0,EUR
2015-08-26,96.83999633789062,96.83999633789062,0.0,0.0,EUR
2015-08-27,98.41000366210938,98.41000366210938,0.0,0.0,EUR
2015-08-28,99.43000030517578,99.43000030517578,0.0,0.0,EUR
2015-09-01,99.52999877929688,99.52999877929688,0.0,0.0,EUR
2015-09-02,99.26000213623047,99.26000213623047,0.0,0.0,EUR
2015-09-03,99.36000061035156,99.36000061035156,0.0,0.0,EUR
2015-09-04,99.02999877929688,99.02999877929688,0.0,0.0,EUR
2015-09-07,98.44999694824219,98.44999694824219,0.0,0.0,EUR
2015-09-09,97.77999877929688,97.77999877929688,0.0,0.0,EUR
2015-09-10,96.87000274658203,96.87000274658203,0.0,0.0,EUR
2015-09-11,95.54000091552734,95.54000091552734,0.0,0.0,EUR
2015-09-14,96.16999816894531,96.16999816894531,0.0,0.0,EUR
2015-09-15,96.26000213623047,96.26000213623047,0.0,0.0,EUR
2015-09-16,97.58999633789062,97.58999633789062,0.0,0.0,EUR
2015-09-17,97.11000061035156,97.11000061035156,0.0,0.0,EUR
2015-09-18,98.27999877929688,98.27999877929688,0.0,0.0,EUR
2015-09-22,99.2300033569336,99.2300033569336,0.0,0.0,EUR
2015-09-23,99.58999633789062,99.58999633789062,0.0,0.0,EUR
2015-09-24,100.61000061035156,100.61000061035156,0.0,0.0,EUR
2015-09-25,100.37000274658203,100.37000274658203,0.0,0.0,EUR
2015-09-28,99.30000305175781,99.30000305175781,0.0,0.0,EUR
2015-09-30,98.0199966430664,98.0199966430664,0.0,0.0,EUR
2015-10-01,97.80000305175781,97.80000305175781,0.0,0.0,EUR
2015-10-02,99.26000213623047,99.26000213623047,0.0,0.0,EUR
2015-10-05,99.48999786376953,99.48999786376953,0.0,0.0,EUR
2015-10-06,100.13999938964844,100.13999938964844,0.0,0.0,EUR
2015-10-07,100.06999969482422,100.06999969482422,0.0,0.0,EUR
2015-10-08,99.51000213623047,99.51000213623047,0.0,0.0,EUR
2015-10-09,99.98999786376953,99.98999786376953,0.0,0.0,EUR
2015-10-12,100.38999938964844,100.38999938964844,0.0,0.0,EUR
2015-10-13,100.68000030517578,100.68000030517578,0.0,0.0,EUR
2015-10-14,101.08000183105469,101.08000183105469,0.0,0.0,EUR
2015-10-15,102.04000091552734,102.04000091552734,0.0,0.0,EUR
2015-10-16,102.05000305175781,102.05000305175781,0.0,0.0,EUR
2015-10-19,101.55999755859375,101.55999755859375,0.0,0.0,EUR
2015-10-20,101.79000091552734,101.79000091552734,0.0,0.0,EUR
2015-10-21,100.86000061035156,100.86000061035156,0.0,0.0,EUR
2015-10-22,102.7699966430664,102.7699966430664,0.0,0.0,EUR
2015-10-23,103.68000030517578,103.68000030517578,0.0,0.0,EUR
2015-10-26,103.68000030517578,103.68000030517578,0.0,0.0,EUR
2015-10-27,103.75,103.75,0.0,0.0,EUR
2015-10-28,104.48999786376953,104.48999786376953,0.0,0.0,EUR
2015-10-29,102.94999694824219,102.94999694824219,0.0,0.0,EUR
2015-10-30,101.73999786376953,101.73999786376953,0.0,0.0,EUR
2015-11-02,101.08999633789062,101.08999633789062,0.0,0.0,EUR
2015-11-03,100.7699966430664,100.7699966430664,0.0,0.0,EUR
2015-11-04,100.6500015258789,100.6500015258789,0.0,0.0,EUR
2015-11-05,99.9000015258789,99.9000015258789,0.0,0.0,EUR
2015-11-06,99.4000015258789,99.4000015258789,0.0,0.0,EUR
2015-11-10,100.22000122070312,100.22000122070312,0.0,0.0,EUR
2015-11-11,99.41999816894531,99.41999816894531,0.0,0.0,EUR
2015-11-12,98.51000213623047,98.51000213623047,0.0,0.0,EUR
2015-11-13,99.0199966430664,99.0199966430664,0.0,0.0,EUR
2015-11-16,99.5,99.5,0.0,0.0,EUR
2015-11-17,99.05999755859375,99.05999755859375,0.0,0.0,EUR
2015-11-18,98.58999633789062,98.58999633789062,0.0,0.0,EUR
2015-11-20,99.41999816894531,99.41999816894531,0.0,0.0,EUR
2015-11-23,98.94999694824219,98.94999694824219,0.0,0.0,EUR
2015-11-24,99.18000030517578,99.18000030517578,0.0,0.0,EUR
2015-11-25,99.08000183105469,99.08000183105469,0.0,0.0,EUR
2015-11-26,99.11000061035156,99.11000061035156,0.0,0.0,EUR
2015-11-27,98.0199966430664,98.0199966430664,0.0,0.0,EUR
2015-12-02,97.97000122070312,97.97000122070312,0.0,0.0,EUR
2015-12-03,95.30000305175781,95.30000305175781,0.0,0.0,EUR
2015-12-04,98.05999755859375,98.05999755859375,0.0,0.0,EUR
2015-12-07,97.38999938964844,97.38999938964844,0.0,0.0,EUR
2015-12-08,96.98999786376953,96.98999786376953,0.0,0.0,EUR
2015-12-09,95.91999816894531,95.91999816894531,0.0,0.0,EUR
2015-12-10,96.30000305175781,96.30000305175781,0.0,0.0,EUR
2015-12-11,96.05000305175781,96.05000305175781,0.0,0.0,EUR
2015-12-14,95.05999755859375,95.05999755859375,0.0,0.0,EUR
2015-12-15,95.2699966430664,95.2699966430664,0.0,0.0,EUR
2015-12-16,96.44000244140625,96.44000244140625,0.0,0.0,EUR
2015-12-17,95.51000213623047,95.51000213623047,0.0,0.0,EUR
2015-12-18,96.44999694824219,96.44999694824219,0.0,0.0,EUR
2015-12-21,96.94999694824219,96.94999694824219,0.0,0.0,EUR
2015-12-22,96.20999908447266,96.20999908447266,0.0,0.0,EUR
2015-12-28,95.62000274658203,95.62000274658203,0.0,0.0,EUR
2015-12-29,96.12000274658203,96.12000274658203,0.0,0.0,EUR
2015-12-30,95.43000030517578,95.43000030517578,0.0,0.0,EUR
2016-01-04,97.83000183105469,97.83000183105469,0.0,0.0,EUR
2016-01-05,98.66999816894531,98.66999816894531,0.0,0.0,EUR
2016-01-06,99.51000213623047,99.51000213623047,0.0,0.0,EUR
2016-01-07,100.0199966430664,100.0199966430664,0.0,0.0,EUR
2016-01-08,99.37999725341797,99.37999725341797,0.0,0.0,EUR
2016-01-11,99.12999725341797,99.12999725341797,0.0,0.0,EUR
2016-01-12,98.54000091552734,98.54000091552734,0.0,0.0,EUR
2016-01-13,98.4000015258789,98.4000015258789,0.0,0.0,EUR
2016-01-14,97.86000061035156,97.86000061035156,0.0,0.0,EUR
2016-01-15,97.61000061035156,97.61000061035156,0.0,0.0,EUR
2016-01-19,97.75,97.75,0.0,0.0,EUR
2016-01-20,99.30999755859375,99.30999755859375,0.0,0.0,EUR
2016-01-21,99.19999694824219,99.19999694824219,0.0,0.0,EUR
2016-01-22,99.8499984741211,99.8499984741211,0.0,0.0,EUR
2016-01-25,100.30000305175781,100.30000305175781,0.0,0.0,EUR
2016-01-26,101.0999984741211,101.0999984741211,0.0,0.0,EUR
2016-01-28,99.94000244140625,99.94000244140625,0.0,0.0,EUR
2016-01-29,101.25,101.25,0.0,0.0,EUR
2016-02-01,101.52999877929688,101.52999877929688,0.0,0.0,EUR
2016-02-02,101.37999725341797,101.37999725341797,0.0,0.0,EUR
2016-02-03,101.13999938964844,101.13999938964844,0.0,0.0,EUR
2016-02-04,101.25,101.25,0.0,0.0,EUR
2016-02-05,101.77999877929688,101.77999877929688,0.0,0.0,EUR
2016-02-08,104.9000015258789,104.9000015258789,0.0,0.0,EUR
2016-02-09,103.47000122070312,103.47000122070312,0.0,0.0,EUR
2016-02-10,104.29000091552734,104.29000091552734,0.0,0.0,EUR
2016-02-11,108.4800033569336,108.4800033569336,0.0,0.0,EUR
2016-02-12,107.88999938964844,107.88999938964844,0.0,0.0,EUR
2016-02-15,106.05999755859375,106.05999755859375,0.0,0.0,EUR
2016-02-16,106.7300033569336,106.7300033569336,0.0,0.0,EUR
2016-02-17,106.80000305175781,106.80000305175781,0.0,0.0,EUR
2016-02-18,107.7300033569336,107.7300033569336,0.0,0.0,EUR
2016-02-19,108.55999755859375,108.55999755859375,0.0,0.0,EUR
2016-02-22,107.63999938964844,107.63999938964844,0.0,0.0,EUR
2016-02-23,109.05999755859375,109.05999755859375,0.0,0.0,EUR
2016-02-24,110.9800033569336,110.9800033569336,0.0,0.0,EUR
2016-02-25,110.05999755859375,110.05999755859375,0.0,0.0,EUR
2016-02-26,109.19000244140625,109.19000244140625,0.0,0.0,EUR
2016-02-29,111.44000244140625,111.44000244140625,0.0,0.0,EUR
2016-03-01,111.41000366210938,111.41000366210938,0.0,0.0,EUR
2016-03-02,112.0199966430664,112.0199966430664,0.0,0.0,EUR
2016-03-03,112.6500015258789,112.6500015258789,0.0,0.0,EUR
2016-03-04,113.30999755859375,113.30999755859375,0.0,0.0,EUR
2016-03-07,113.01000213623047,113.01000213623047,0.0,0.0,EUR
2016-03-08,112.69999694824219,112.69999694824219,0.0,0.0,EUR
2016-03-09,111.7699966430664,111.7699966430664,0.0,0.0,EUR
2016-03-10,111.12000274658203,111.12000274658203,0.0,0.0,EUR
2016-03-11,110.55999755859375,110.55999755859375,0.0,0.0,EUR
2016-03-14,109.70999908447266,109.70999908447266,0.0,0.0,EUR
2016-03-15,108.66000366210938,108.66000366210938,0.0,0.0,EUR
2016-03-16,108.7300033569336,108.7300033569336,0.0,0.0,EUR
2016-03-17,109.38999938964844,109.38999938964844,0.0,0.0,EUR
2016-03-18,108.86000061035156,108.86000061035156,0.0,0.0,EUR
2016-03-21,108.5999984741211,108.5999984741211,0.0,0.0,EUR
2016-03-22,109.36000061035156,109.36000061035156,0.0,0.0,EUR
2016-03-23,107.4000015258789,107.4000015258789,0.0,0.0,EUR
2016-03-24,107.13999938964844,107.13999938964844,0.0,0.0,EUR
2016-03-29,107.45999908447266,107.45999908447266,0.0,0.0,EUR
2016-03-30,106.16999816894531,106.16999816894531,0.0,0.0,EUR
2016-03-31,106.41000366210938,106.41000366210938,0.0,0.0,EUR
2016-04-01,104.55999755859375,104.55999755859375,0.0,0.0,EUR
2016-04-04,104.93000030517578,104.93000030517578,0.0,0.0,EUR
2016-04-05,105.91000366210938,105.91000366210938,0.0,0.0,EUR
2016-04-06,105.2300033569336,105.2300033569336,0.0,0.0,EUR
2016-04-07,106.73999786376953,106.73999786376953,0.0,0.0,EUR
2016-04-08,106.55000305175781,106.55000305175781,0.0,0.0,EUR
2016-04-11,107.91000366210938,107.91000366210938,0.0,0.0,EUR
2016-04-12,108.08999633789062,108.08999633789062,0.0,0.0,EUR
2016-04-13,108.19999694824219,108.19999694824219,0.0,0.0,EUR
2016-04-14,107.30000305175781,107.30000305175781,0.0,0.0,EUR
2016-04-15,106.81999969482422,106.81999969482422,0.0,0.0,EUR
2016-04-18,106.94999694824219,106.94999694824219,0.0,0.0,EUR
2016-04-19,108.13999938964844,108.13999938964844,0.0,0.0,EUR
2016-04-20,108.52999877929688,108.52999877929688,0.0,0.0,EUR
2016-04-21,108.69000244140625,108.69000244140625,0.0,0.0,EUR
2016-04-22,108.23999786376953,108.23999786376953,0.0,0.0,EUR
2016-04-25,107.83000183105469,107.83000183105469,0.0,0.0,EUR
2016-04-26,107.6500015258789,107.6500015258789,0.0,0.0,EUR
2016-04-27,108.18000030517578,108.18000030517578,0.0,0.0,EUR
2016-04-28,109.5199966430664,109.5199966430664,0.0,0.0,EUR
2016-04-29,110.75,110.75,0.0,0.0,EUR
2016-05-02,110.31999969482422,110.31999969482422,0.0,0.0,EUR
2016-05-03,109.54000091552734,109.54000091552734,0.0,0.0,EUR
2016-05-04,109.20999908447266,109.20999908447266,0.0,0.0,EUR
2016-05-05,109.73999786376953,109.73999786376953,0.0,0.0,EUR
2016-05-06,110.75,110.75,0.0,0.0,EUR
2016-05-09,108.76000213623047,108.76000213623047,0.0,0.0,EUR
2016-05-10,108.44000244140625,108.44000244140625,0.0,0.0,EUR
2016-05-11,109.04000091552734,109.04000091552734,0.0,0.0,EUR
2016-05-12,109.19000244140625,109.19000244140625,0.0,0.0,EUR
2016-05-13,110.30999755859375,110.30999755859375,0.0,0.0,EUR
2016-05-16,110.30999755859375,110.30999755859375,0.0,0.0,EUR
2016-05-17,110.73999786376953,110.73999786376953,0.0,0.0,EUR
2016-05-18,110.55000305175781,110.55000305175781,0.0,0.0,EUR
2016-05-19,109.44999694824219,109.44999694824219,0.0,0.0,EUR
2016-05-20,109.30000305175781,109.30000305175781,0.0,0.0,EUR
2016-05-23,109.22000122070312,109.22000122070312,0.0,0.0,EUR
2016-05-24,108.41999816894531,108.41999816894531,0.0,0.0,EUR
2016-05-25,107.44999694824219,107.44999694824219,0.0,0.0,EUR
2016-05-26,107.18000030517578,107.18000030517578,0.0,0.0,EUR
2016-05-27,106.80000305175781,106.80000305175781,0.0,0.0,EUR
2016-05-30,106.29000091552734,106.29000091552734,0.0,0.0,EUR
2016-05-31,106.87999725341797,106.87999725341797,0.0,0.0,EUR
2016-06-01,106.13999938964844,106.13999938964844,0.0,0.0,EUR
2016-06-02,106.47000122070312,106.47000122070312,0.0,0.0,EUR
2016-06-03,107.26000213623047,107.26000213623047,0.0,0.0,EUR
2016-06-06,107.55999755859375,107.55999755859375,0.0,0.0,EUR
2016-06-07,107.26000213623047,107.26000213623047,0.0,0.0,EUR
2016-06-08,108.55000305175781,108.55000305175781,0.0,0.0,EUR
2016-06-09,109.83000183105469,109.83000183105469,0.0,0.0,EUR
2016-06-10,110.25,110.25,0.0,0.0,EUR
2016-06-13,111.4000015258789,111.4000015258789,0.0,0.0,EUR
2016-06-14,112.16999816894531,112.16999816894531,0.0,0.0,EUR
2016-06-15,112.08000183105469,112.08000183105469,0.0,0.0,EUR
2016-06-16,115.16000366210938,115.16000366210938,0.0,0.0,EUR
2016-06-17,112.08000183105469,112.08000183105469,0.0,0.0,EUR
2016-06-20,111.33999633789062,111.33999633789062,0.0,0.0,EUR
2016-06-21,110.52999877929688,110.52999877929688,0.0,0.0,EUR
2016-06-22,110.0199966430664,110.0199966430664,0.0,0.0,EUR
2016-06-23,109.0999984741211,109.0999984741211,0.0,0.0,EUR
2016-06-24,116.08000183105469,116.08000183105469,0.0,0.0,EUR
2016-06-27,117.75,117.75,0.0,0.0,EUR
2016-06-28,116.47000122070312,116.47000122070312,0.0,0.0,EUR
2016-06-29,116.73999786376953,116.73999786376953,0.0,0.0,EUR
2016-06-30,116.5,116.5,0.0,0.0,EUR
2016-07-01,117.58000183105469,117.58000183105469,0.0,0.0,EUR
2016-07-04,118.81999969482422,118.81999969482422,0.0,0.0,EUR
2016-07-05,119.12000274658203,119.12000274658203,0.0,0.0,EUR
2016-07-06,121.05000305175781,121.05000305175781,0.0,0.0,EUR
2016-07-07,120.11000061035156,120.11000061035156,0.0,0.0,EUR
2016-07-08,119.94999694824219,119.94999694824219,0.0,0.0,EUR
2016-07-11,120.5199966430664,120.5199966430664,0.0,0.0,EUR
2016-07-12,118.47000122070312,118.47000122070312,0.0,0.0,EUR
2016-07-13,118.30999755859375,118.30999755859375,0.0,0.0,EUR
2016-07-14,117.29000091552734,117.29000091552734,0.0,0.0,EUR
2016-07-15,117.66999816894531,117.66999816894531,0.0,0.0,EUR
2016-07-18,117.47000122070312,117.47000122070312,0.0,0.0,EUR
2016-07-19,118.51000213623047,118.51000213623047,0.0,0.0,EUR
2016-07-20,117.36000061035156,117.36000061035156,0.0,0.0,EUR
2016-07-21,117.88999938964844,117.88999938964844,0.0,0.0,EUR
2016-07-22,118.12000274658203,118.12000274658203,0.0,0.0,EUR
2016-07-25,117.72000122070312,117.72000122070312,0.0,0.0,EUR
2016-07-26,117.77999877929688,117.77999877929688,0.0,0.0,EUR
2016-07-27,118.25,118.25,0.0,0.0,EUR
2016-07-28,118.08999633789062,118.08999633789062,0.0,0.0,EUR
2016-07-29,118.19000244140625,118.19000244140625,0.0,0.0,EUR
2016-08-01,118.44000244140625,118.44000244140625,0.0,0.0,EUR
2016-08-02,119.19999694824219,119.19999694824219,0.0,0.0,EUR
2016-08-03,118.9800033569336,118.9800033569336,0.0,0.0,EUR
2016-08-04,119.94999694824219,119.94999694824219,0.0,0.0,EUR
2016-08-05,118.3499984741211,118.3499984741211,0.0,0.0,EUR
2016-08-08,118.13999938964844,118.13999938964844,0.0,0.0,EUR
2016-08-09,118.18000030517578,118.18000030517578,0.0,0.0,EUR
2016-08-10,118.05000305175781,118.05000305175781,0.0,0.0,EUR
2016-08-11,118.43000030517578,118.43000030517578,0.0,0.0,EUR
2016-08-12,118.4800033569336,118.4800033569336,0.0,0.0,EUR
2016-08-16,117.2300033569336,117.2300033569336,0.0,0.0,EUR
2016-08-17,116.95999908447266,116.95999908447266,0.0,0.0,EUR
2016-08-18,116.69999694824219,116.69999694824219,0.0,0.0,EUR
2016-08-19,116.30000305175781,116.30000305175781,0.0,0.0,EUR
2016-08-22,115.83999633789062,115.83999633789062,0.0,0.0,EUR
2016-08-23,115.8499984741211,115.8499984741211,0.0,0.0,EUR
2016-08-24,115.58999633789062,115.58999633789062,0.0,0.0,EUR
2016-08-25,114.83000183105469,114.83000183105469,0.0,0.0,EUR
2016-08-26,115.7699966430664,115.7699966430664,0.0,0.0,EUR
2016-08-29,116.02999877929688,116.02999877929688,0.0,0.0,EUR
2016-08-30,115.77999877929688,115.77999877929688,0.0,0.0,EUR
2016-08-31,114.86000061035156,114.86000061035156,0.0,0.0,EUR
2016-09-01,114.80999755859375,114.80999755859375,0.0,0.0,EUR
2016-09-02,115.7699966430664,115.7699966430664,0.0,0.0,EUR
2016-09-05,116.58999633789062,116.58999633789062,0.0,0.0,EUR
2016-09-06,116.86000061035156,116.86000061035156,0.0,0.0,EUR
2016-09-07,117.1500015258789,117.1500015258789,0.0,0.0,EUR
2016-09-08,116.66000366210938,116.66000366210938,0.0,0.0,EUR
2016-09-09,116.47000122070312,116.47000122070312,0.0,0.0,EUR
2016-09-12,115.41000366210938,115.41000366210938,0.0,0.0,EUR
2016-09-13,115.45999908447266,115.45999908447266,0.0,0.0,EUR
2016-09-14,115.1500015258789,115.1500015258789,0.0,0.0,EUR
2016-09-15,114.77999877929688,114.77999877929688,0.0,0.0,EUR
2016-09-16,114.94999694824219,114.94999694824219,0.0,0.0,EUR
2016-09-19,115.05000305175781,115.05000305175781,0.0,0.0,EUR
2016-09-20,115.37000274658203,115.37000274658203,0.0,0.0,EUR
2016-09-21,116.56999969482422,116.56999969482422,0.0,0.0,EUR
2016-09-22,116.80000305175781,116.80000305175781,0.0,0.0,EUR
2016-09-23,116.81999969482422,116.81999969482422,0.0,0.0,EUR
2016-09-26,116.5,116.5,0.0,0.0,EUR
2016-09-27,115.94000244140625,115.94000244140625,0.0,0.0,EUR
2016-09-28,115.45999908447266,115.45999908447266,0.0,0.0,EUR
2016-09-29,114.8499984741211,114.8499984741211,0.0,0.0,EUR
2016-09-30,115.08000183105469,115.08000183105469,0.0,0.0,EUR
2016-10-03,114.58000183105469,114.58000183105469,0.0,0.0,EUR
2016-10-04,112.55999755859375,112.55999755859375,0.0,0.0,EUR
2016-10-05,110.77999877929688,110.77999877929688,0.0,0.0,EUR
2016-10-06,109.91000366210938,109.91000366210938,0.0,0.0,EUR
2016-10-07,109.72000122070312,109.72000122070312,0.0,0.0,EUR
2016-10-10,110.47000122070312,110.47000122070312,0.0,0.0,EUR
2016-10-11,111.36000061035156,111.36000061035156,0.0,0.0,EUR
2016-10-12,111.38999938964844,111.38999938964844,0.0,0.0,EUR
2016-10-13,111.4800033569336,111.4800033569336,0.0,0.0,EUR
2016-10-14,111.5999984741211,111.5999984741211,0.0,0.0,EUR
2016-10-17,111.80999755859375,111.80999755859375,0.0,0.0,EUR
2016-10-18,112.4000015258789,112.4000015258789,0.0,0.0,EUR
2016-10-19,113.58999633789062,113.58999633789062,0.0,0.0,EUR
2016-10-20,113.41000366210938,113.41000366210938,0.0,0.0,EUR
2016-10-21,114.08999633789062,114.08999633789062,0.0,0.0,EUR
2016-10-24,113.55000305175781,113.55000305175781,0.0,0.0,EUR
2016-10-25,114.37000274658203,114.37000274658203,0.0,0.0,EUR
2016-10-26,113.80000305175781,113.80000305175781,0.0,0.0,EUR
2016-10-27,113.7699966430664,113.7699966430664,0.0,0.0,EUR
2016-10-28,113.5199966430664,113.5199966430664,0.0,0.0,EUR
2016-10-31,113.70999908447266,113.70999908447266,0.0,0.0,EUR
2016-11-01,114.36000061035156,114.36000061035156,0.0,0.0,EUR
2016-11-02,114.93000030517578,114.93000030517578,0.0,0.0,EUR
2016-11-03,114.69000244140625,114.69000244140625,0.0,0.0,EUR
2016-11-04,114.73999786376953,114.73999786376953,0.0,0.0,EUR
2016-11-07,113.66999816894531,113.66999816894531,0.0,0.0,EUR
2016-11-08,113.26000213623047,113.26000213623047,0.0,0.0,EUR
2016-11-09,115.06999969482422,115.06999969482422,0.0,0.0,EUR
2016-11-10,113.87000274658203,113.87000274658203,0.0,0.0,EUR
2016-11-11,110.80000305175781,110.80000305175781,0.0,0.0,EUR
2016-11-14,111.12999725341797,111.12999725341797,0.0,0.0,EUR
2016-11-15,111.58999633789062,111.58999633789062,0.0,0.0,EUR
2016-11-16,112.36000061035156,112.36000061035156,0.0,0.0,EUR
2016-11-17,112.66000366210938,112.66000366210938,0.0,0.0,EUR
2016-11-18,111.6500015258789,111.6500015258789,0.0,0.0,EUR
2016-11-21,111.81999969482422,111.81999969482422,0.0,0.0,EUR
2016-11-22,111.51000213623047,111.51000213623047,0.0,0.0,EUR
2016-11-23,110.19999694824219,110.19999694824219,0.0,0.0,EUR
2016-11-24,109.80000305175781,109.80000305175781,0.0,0.0,EUR
2016-11-25,109.20999908447266,109.20999908447266,0.0,0.0,EUR
2016-11-28,110.0,110.0,0.0,0.0,EUR
2016-11-29,109.36000061035156,109.36000061035156,0.0,0.0,EUR
2016-11-30,108.5199966430664,108.5199966430664,0.0,0.0,EUR
2016-12-01,107.54000091552734,107.54000091552734,0.0,0.0,EUR
2016-12-02,107.63999938964844,107.63999938964844,0.0,0.0,EUR
2016-12-05,106.33999633789062,106.33999633789062,0.0,0.0,EUR
2016-12-06,106.83999633789062,106.83999633789062,0.0,0.0,EUR
2016-12-07,107.06999969482422,107.06999969482422,0.0,0.0,EUR
2016-12-08,107.9000015258789,107.9000015258789,0.0,0.0,EUR
2016-12-09,107.87000274658203,107.87000274658203,0.0,0.0,EUR
2016-12-12,107.12999725341797,107.12999725341797,0.0,0.0,EUR
2016-12-13,106.44999694824219,106.44999694824219,0.0,0.0,EUR
2016-12-14,106.81999969482422,106.81999969482422,0.0,0.0,EUR
2016-12-15,105.95999908447266,105.95999908447266,0.0,0.0,EUR
2016-12-16,106.70999908447266,106.70999908447266,0.0,0.0,EUR
2016-12-19,106.91999816894531,106.91999816894531,0.0,0.0,EUR
2016-12-20,106.27999877929688,106.27999877929688,0.0,0.0,EUR
2016-12-21,106.18000030517578,106.18000030517578,0.0,0.0,EUR
2016-12-22,105.86000061035156,105.86000061035156,0.0,0.0,EUR
2016-12-23,106.11000061035156,106.11000061035156,0.0,0.0,EUR
2016-12-27,106.3499984741211,106.3499984741211,0.0,0.0,EUR
2016-12-28,107.23999786376953,107.23999786376953,0.0,0.0,EUR
2016-12-29,108.05999755859375,108.05999755859375,0.0,0.0,EUR
2016-12-30,107.19999694824219,107.19999694824219,0.0,0.0,EUR
2017-01-02,107.75,107.75,0.0,0.0,EUR
2017-01-03,108.94000244140625,108.94000244140625,0.0,0.0,EUR
2017-01-04,108.5999984741211,108.5999984741211,0.0,0.0,EUR
2017-01-05,109.27999877929688,109.27999877929688,0.0,0.0,EUR
2017-01-06,108.58000183105469,108.58000183105469,0.0,0.0,EUR
2017-01-09,109.45999908447266,109.45999908447266,0.0,0.0,EUR
2017-01-10,109.86000061035156,109.86000061035156,0.0,0.0,EUR
2017-01-11,110.5199966430664,110.5199966430664,0.0,0.0,EUR
2017-01-12,110.36000061035156,110.36000061035156,0.0,0.0,EUR
2017-01-13,109.94999694824219,109.94999694824219,0.0,0.0,EUR
2017-01-16,111.01000213623047,111.01000213623047,0.0,0.0,EUR
2017-01-17,111.02999877929688,111.02999877929688,0.0,0.0,EUR
2017-01-18,111.11000061035156,111.11000061035156,0.0,0.0,EUR
2017-01-19,110.55000305175781,110.55000305175781,0.0,0.0,EUR
2017-01-20,110.2699966430664,110.2699966430664,0.0,0.0,EUR
2017-01-23,110.87000274658203,110.87000274658203,0.0,0.0,EUR
2017-01-24,110.30000305175781,110.30000305175781,0.0,0.0,EUR
2017-01-25,109.18000030517578,109.18000030517578,0.0,0.0,EUR
2017-01-26,108.87999725341797,108.87999725341797,0.0,0.0,EUR
2017-01-27,108.73999786376953,108.73999786376953,0.0,0.0,EUR
2017-01-30,109.52999877929688,109.52999877929688,0.0,0.0,EUR
2017-01-31,109.86000061035156,109.86000061035156,0.0,0.0,EUR
2017-02-01,109.4800033569336,109.4800033569336,0.0,0.0,EUR
2017-02-02,110.2300033569336,110.2300033569336,0.0,0.0,EUR
2017-02-03,110.62999725341797,110.62999725341797,0.0,0.0,EUR
2017-02-06,111.94999694824219,111.94999694824219,0.0,0.0,EUR
2017-02-07,112.9000015258789,112.9000015258789,0.0,0.0,EUR
2017-02-08,113.41999816894531,113.41999816894531,0.0,0.0,EUR
2017-02-09,113.0999984741211,113.0999984741211,0.0,0.0,EUR
2017-02-10,113.43000030517578,113.43000030517578,0.0,0.0,EUR
2017-02-13,112.79000091552734,112.79000091552734,0.0,0.0,EUR
2017-02-14,113.33000183105469,113.33000183105469,0.0,0.0,EUR
2017-02-15,113.5,113.5,0.0,0.0,EUR
2017-02-16,113.7699966430664,113.7699966430664,0.0,0.0,EUR
2017-02-17,114.04000091552734,114.04000091552734,0.0,0.0,EUR
2017-02-20,114.0,114.0,0.0,0.0,EUR
2017-02-21,114.69999694824219,114.69999694824219,0.0,0.0,EUR
2017-02-22,114.43000030517578,114.43000030517578,0.0,0.0,EUR
2017-02-23,115.37000274658203,115.37000274658203,0.0,0.0,EUR
2017-02-24,116.13999938964844,116.13999938964844,0.0,0.0,EUR
2017-02-27,116.27999877929688,116.27999877929688,0.0,0.0,EUR
2017-02-28,115.79000091552734,115.79000091552734,0.0,0.0,EUR
2017-03-01,115.19999694824219,115.19999694824219,0.0,0.0,EUR
2017-03-02,115.0999984741211,115.0999984741211,0.0,0.0,EUR
2017-03-03,113.48999786376953,113.48999786376953,0.0,0.0,EUR
2017-03-06,113.4000015258789,113.4000015258789,0.0,0.0,EUR
2017-03-07,112.58999633789062,112.58999633789062,0.0,0.0,EUR
2017-03-08,112.04000091552734,112.04000091552734,0.0,0.0,EUR
2017-03-09,111.27999877929688,111.27999877929688,0.0,0.0,EUR
2017-03-10,109.94999694824219,109.94999694824219,0.0,0.0,EUR
2017-03-13,110.55000305175781,110.55000305175781,0.0,0.0,EUR
2017-03-14,110.77999877929688,110.77999877929688,0.0,0.0,EUR
2017-03-15,110.38999938964844,110.38999938964844,0.0,0.0,EUR
2017-03-16,112.01000213623047,112.01000213623047,0.0,0.0,EUR
2017-03-17,111.8499984741211,111.8499984741211,0.0,0.0,EUR
2017-03-20,112.23999786376953,112.23999786376953,0.0,0.0,EUR
2017-03-21,112.45999908447266,112.45999908447266,0.0,0.0,EUR
2017-03-22,113.0999984741211,113.0999984741211,0.0,0.0,EUR
2017-03-23,112.76000213623047,112.76000213623047,0.0,0.0,EUR
2017-03-24,112.95999908447266,112.95999908447266,0.0,0.0,EUR
2017-03-27,112.52999877929688,112.52999877929688,0.0,0.0,EUR
2017-03-28,113.16999816894531,113.16999816894531,0.0,0.0,EUR
2017-03-29,113.87000274658203,113.87000274658203,0.0,0.0,EUR
2017-03-30,113.87999725341797,113.87999725341797,0.0,0.0,EUR
2017-03-31,113.94999694824219,113.94999694824219,0.0,0.0,EUR
2017-04-03,114.98999786376953,114.98999786376953,0.0,0.0,EUR
2017-04-04,115.19000244140625,115.19000244140625,0.0,0.0,EUR
2017-04-05,114.5,114.5,0.0,0.0,EUR
2017-04-06,114.79000091552734,114.79000091552734,0.0,0.0,EUR
2017-04-07,116.52999877929688,116.52999877929688,0.0,0.0,EUR
2017-04-10,115.5199966430664,115.5199966430664,0.0,0.0,EUR
2017-04-11,117.11000061035156,117.11000061035156,0.0,0.0,EUR
2017-04-12,117.45999908447266,117.45999908447266,0.0,0.0,EUR
2017-04-13,118.12999725341797,118.12999725341797,0.0,0.0,EUR
2017-04-18,117.66999816894531,117.66999816894531,0.0,0.0,EUR
2017-04-19,116.81999969482422,116.81999969482422,0.0,0.0,EUR
2017-04-20,116.3499984741211,116.3499984741211,0.0,0.0,EUR
2017-04-21,117.30999755859375,117.30999755859375,0.0,0.0,EUR
2017-04-24,114.75,114.75,0.0,0.0,EUR
2017-04-25,113.37000274658203,113.37000274658203,0.0,0.0,EUR
2017-04-26,113.54000091552734,113.54000091552734,0.0,0.0,EUR
2017-04-27,113.83000183105469,113.83000183105469,0.0,0.0,EUR
2017-04-28,113.70999908447266,113.70999908447266,0.0,0.0,EUR
2017-05-02,112.5,112.5,0.0,0.0,EUR
2017-05-03,111.73999786376953,111.73999786376953,0.0,0.0,EUR
2017-05-04,109.7699966430664,109.7699966430664,0.0,0.0,EUR
2017-05-05,109.30000305175781,109.30000305175781,0.0,0.0,EUR
2017-05-08,109.93000030517578,109.93000030517578,0.0,0.0,EUR
2017-05-09,109.37000274658203,109.37000274658203,0.0,0.0,EUR
2017-05-10,109.83000183105469,109.83000183105469,0.0,0.0,EUR
2017-05-11,110.11000061035156,110.11000061035156,0.0,0.0,EUR
2017-05-12,109.98999786376953,109.98999786376953,0.0,0.0,EUR
2017-05-15,109.76000213623047,109.76000213623047,0.0,0.0,EUR
2017-05-16,109.2699966430664,109.2699966430664,0.0,0.0,EUR
2017-05-17,110.20999908447266,110.20999908447266,0.0,0.0,EUR
2017-05-18,110.12999725341797,110.12999725341797,0.0,0.0,EUR
2017-05-19,109.44999694824219,109.44999694824219,0.0,0.0,EUR
2017-05-22,109.62000274658203,109.62000274658203,0.0,0.0,EUR
2017-05-23,109.52999877929688,109.52999877929688,0.0,0.0,EUR
2017-05-24,109.54000091552734,109.54000091552734,0.0,0.0,EUR
2017-05-25,109.45999908447266,109.45999908447266,0.0,0.0,EUR
2017-05-26,110.80000305175781,110.80000305175781,0.0,0.0,EUR
2017-05-29,110.80999755859375,110.80999755859375,0.0,0.0,EUR
2017-05-30,110.41000366210938,110.41000366210938,0.0,0.0,EUR
2017-05-31,110.23999786376953,110.23999786376953,0.0,0.0,EUR
2017-06-01,110.22000122070312,110.22000122070312,0.0,0.0,EUR
2017-06-02,110.80999755859375,110.80999755859375,0.0,0.0,EUR
2017-06-05,111.19999694824219,111.19999694824219,0.0,0.0,EUR
2017-06-06,112.27999877929688,112.27999877929688,0.0,0.0,EUR
2017-06-07,112.23999786376953,112.23999786376953,0.0,0.0,EUR
2017-06-08,111.04000091552734,111.04000091552734,0.0,0.0,EUR
2017-06-09,110.7300033569336,110.7300033569336,0.0,0.0,EUR
2017-06-12,110.41000366210938,110.41000366210938,0.0,0.0,EUR
2017-06-13,110.1500015258789,110.1500015258789,0.0,0.0,EUR
2017-06-14,110.62999725341797,110.62999725341797,0.0,0.0,EUR
2017-06-15,109.87999725341797,109.87999725341797,0.0,0.0,EUR
2017-06-16,109.56999969482422,109.56999969482422,0.0,0.0,EUR
2017-06-19,109.25,109.25,0.0,0.0,EUR
2017-06-20,109.22000122070312,109.22000122070312,0.0,0.0,EUR
2017-06-21,109.20999908447266,109.20999908447266,0.0,0.0,EUR
2017-06-22,109.55000305175781,109.55000305175781,0.0,0.0,EUR
2017-06-23,109.61000061035156,109.61000061035156,0.0,0.0,EUR
2017-06-26,108.54000091552734,108.54000091552734,0.0,0.0,EUR
2017-06-27,107.87999725341797,107.87999725341797,0.0,0.0,EUR
2017-06-28,107.56999969482422,107.56999969482422,0.0,0.0,EUR
2017-06-29,106.37999725341797,106.37999725341797,0.0,0.0,EUR
2017-06-30,106.45999908447266,106.45999908447266,0.0,0.0,EUR
2017-07-03,105.08000183105469,105.08000183105469,0.0,0.0,EUR
2017-07-04,105.30000305175781,105.30000305175781,0.0,0.0,EUR
2017-07-05,105.37000274658203,105.37000274658203,0.0,0.0,EUR
2017-07-06,104.80999755859375,104.80999755859375,0.0,0.0,EUR
2017-07-07,103.81999969482422,103.81999969482422,0.0,0.0,EUR
2017-07-10,104.1500015258789,104.1500015258789,0.0,0.0,EUR
2017-07-11,103.83999633789062,103.83999633789062,0.0,0.0,EUR
2017-07-12,104.44000244140625,104.44000244140625,0.0,0.0,EUR
2017-07-13,104.43000030517578,104.43000030517578,0.0,0.0,EUR
2017-07-14,104.7699966430664,104.7699966430664,0.0,0.0,EUR
2017-07-17,105.16999816894531,105.16999816894531,0.0,0.0,EUR
2017-07-18,104.80999755859375,104.80999755859375,0.0,0.0,EUR
2017-07-19,105.26000213623047,105.26000213623047,0.0,0.0,EUR
2017-07-20,104.58000183105469,104.58000183105469,0.0,0.0,EUR
2017-07-21,104.87999725341797,104.87999725341797,0.0,0.0,EUR
2017-07-24,105.38999938964844,105.38999938964844,0.0,0.0,EUR
2017-07-25,104.79000091552734,104.79000091552734,0.0,0.0,EUR
2017-07-26,104.80000305175781,104.80000305175781,0.0,0.0,EUR
2017-07-27,105.36000061035156,105.36000061035156,0.0,0.0,EUR
2017-07-28,105.5199966430664,105.5199966430664,0.0,0.0,EUR
2017-07-31,105.13999938964844,105.13999938964844,0.0,0.0,EUR
2017-08-01,105.36000061035156,105.36000061035156,0.0,0.0,EUR
2017-08-02,104.69999694824219,104.69999694824219,0.0,0.0,EUR
2017-08-03,104.29000091552734,104.29000091552734,0.0,0.0,EUR
2017-08-04,104.41000366210938,104.41000366210938,0.0,0.0,EUR
2017-08-07,104.25,104.25,0.0,0.0,EUR
2017-08-08,104.33000183105469,104.33000183105469,0.0,0.0,EUR
2017-08-09,105.98999786376953,105.98999786376953,0.0,0.0,EUR
2017-08-10,106.94999694824219,106.94999694824219,0.0,0.0,EUR
2017-08-11,106.61000061035156,106.61000061035156,0.0,0.0,EUR
2017-08-14,106.43000030517578,106.43000030517578,0.0,0.0,EUR
2017-08-16,106.26000213623047,106.26000213623047,0.0,0.0,EUR
2017-08-17,106.87999725341797,106.87999725341797,0.0,0.0,EUR
2017-08-18,107.4000015258789,107.4000015258789,0.0,0.0,EUR
2017-08-21,106.6500015258789,106.6500015258789,0.0,0.0,EUR
2017-08-22,106.87000274658203,106.87000274658203,0.0,0.0,EUR
2017-08-23,106.5,106.5,0.0,0.0,EUR
2017-08-24,106.58000183105469,106.58000183105469,0.0,0.0,EUR
2017-08-25,106.2300033569336,106.2300033569336,0.0,0.0,EUR
2017-08-28,106.61000061035156,106.61000061035156,0.0,0.0,EUR
2017-08-29,106.98999786376953,106.98999786376953,0.0,0.0,EUR
2017-08-30,107.27999877929688,107.27999877929688,0.0,0.0,EUR
2017-08-31,108.31999969482422,108.31999969482422,0.0,0.0,EUR
2017-09-01,108.73999786376953,108.73999786376953,0.0,0.0,EUR
2017-09-04,109.43000030517578,109.43000030517578,0.0,0.0,EUR
2017-09-05,109.55999755859375,109.55999755859375,0.0,0.0,EUR
2017-09-06,109.58999633789062,109.58999633789062,0.0,0.0,EUR
2017-09-07,109.45999908447266,109.45999908447266,0.0,0.0,EUR
2017-09-08,109.2699966430664,109.2699966430664,0.0,0.0,EUR
2017-09-11,108.73999786376953,108.73999786376953,0.0,0.0,EUR
2017-09-12,108.33000183105469,108.33000183105469,0.0,0.0,EUR
2017-09-13,108.48999786376953,108.48999786376953,0.0,0.0,EUR
2017-09-14,108.93000030517578,108.93000030517578,0.0,0.0,EUR
2017-09-15,107.9000015258789,107.9000015258789,0.0,0.0,EUR
2017-09-18,106.81999969482422,106.81999969482422,0.0,0.0,EUR
2017-09-19,106.70999908447266,106.70999908447266,0.0,0.0,EUR
2017-09-20,106.79000091552734,106.79000091552734,0.0,0.0,EUR
2017-09-21,105.73999786376953,105.73999786376953,0.0,0.0,EUR
2017-09-22,105.66999816894531,105.66999816894531,0.0,0.0,EUR
2017-09-25,107.4000015258789,107.4000015258789,0.0,0.0,EUR
2017-09-26,107.94000244140625,107.94000244140625,0.0,0.0,EUR
2017-09-27,106.87000274658203,106.87000274658203,0.0,0.0,EUR
2017-09-28,106.41999816894531,106.41999816894531,0.0,0.0,EUR
2017-09-29,106.12999725341797,106.12999725341797,0.0,0.0,EUR
2017-10-02,105.95999908447266,105.95999908447266,0.0,0.0,EUR
2017-10-03,105.7300033569336,105.7300033569336,0.0,0.0,EUR
2017-10-04,105.7699966430664,105.7699966430664,0.0,0.0,EUR
2017-10-05,106.20999908447266,106.20999908447266,0.0,0.0,EUR
2017-10-06,105.91000366210938,105.91000366210938,0.0,0.0,EUR
2017-10-09,106.56999969482422,106.56999969482422,0.0,0.0,EUR
2017-10-10,106.77999877929688,106.77999877929688,0.0,0.0,EUR
2017-10-11,106.13999938964844,106.13999938964844,0.0,0.0,EUR
2017-10-12,106.56999969482422,106.56999969482422,0.0,0.0,EUR
2017-10-13,107.18000030517578,107.18000030517578,0.0,0.0,EUR
2017-10-16,107.77999877929688,107.77999877929688,0.0,0.0,EUR
2017-10-17,106.66999816894531,106.66999816894531,0.0,0.0,EUR
2017-10-18,106.16999816894531,106.16999816894531,0.0,0.0,EUR
2017-10-19,106.2699966430664,106.2699966430664,0.0,0.0,EUR
2017-10-20,106.18000030517578,106.18000030517578,0.0,0.0,EUR
2017-10-23,105.88999938964844,105.88999938964844,0.0,0.0,EUR
2017-10-24,105.87999725341797,105.87999725341797,0.0,0.0,EUR
2017-10-25,105.5199966430664,105.5199966430664,0.0,0.0,EUR
2017-10-26,106.22000122070312,106.22000122070312,0.0,0.0,EUR
2017-10-27,107.0999984741211,107.0999984741211,0.0,0.0,EUR
2017-10-30,107.25,107.25,0.0,0.0,EUR
2017-10-31,106.44000244140625,106.44000244140625,0.0,0.0,EUR
2017-11-01,107.30000305175781,107.30000305175781,0.0,0.0,EUR
2017-11-02,106.80000305175781,106.80000305175781,0.0,0.0,EUR
2017-11-03,106.58999633789062,106.58999633789062,0.0,0.0,EUR
2017-11-06,107.51000213623047,107.51000213623047,0.0,0.0,EUR
2017-11-07,107.5,107.5,0.0,0.0,EUR
2017-11-08,108.38999938964844,108.38999938964844,0.0,0.0,EUR
2017-11-09,107.73999786376953,107.73999786376953,0.0,0.0,EUR
2017-11-10,106.87000274658203,106.87000274658203,0.0,0.0,EUR
2017-11-13,107.05999755859375,107.05999755859375,0.0,0.0,EUR
2017-11-14,106.1500015258789,106.1500015258789,0.0,0.0,EUR
2017-11-15,105.73999786376953,105.73999786376953,0.0,0.0,EUR
2017-11-16,106.12000274658203,106.12000274658203,0.0,0.0,EUR
2017-11-17,106.61000061035156,106.61000061035156,0.0,0.0,EUR
2017-11-20,106.69999694824219,106.69999694824219,0.0,0.0,EUR
2017-11-21,106.63999938964844,106.63999938964844,0.0,0.0,EUR
2017-11-22,106.86000061035156,106.86000061035156,0.0,0.0,EUR
2017-11-23,106.37999725341797,106.37999725341797,0.0,0.0,EUR
2017-11-24,105.26000213623047,105.26000213623047,0.0,0.0,EUR
2017-11-27,106.16999816894531,106.16999816894531,0.0,0.0,EUR
2017-11-28,106.37000274658203,106.37000274658203,0.0,0.0,EUR
2017-11-29,105.66999816894531,105.66999816894531,0.0,0.0,EUR
2017-11-30,104.70999908447266,104.70999908447266,0.0,0.0,EUR
2017-12-01,105.4000015258789,105.4000015258789,0.0,0.0,EUR
2017-12-04,104.91999816894531,104.91999816894531,0.0,0.0,EUR
2017-12-05,104.29000091552734,104.29000091552734,0.0,0.0,EUR
2017-12-06,104.6500015258789,104.6500015258789,0.0,0.0,EUR
2017-12-07,103.69999694824219,103.69999694824219,0.0,0.0,EUR
2017-12-08,103.5999984741211,103.5999984741211,0.0,0.0,EUR
2017-12-11,103.0199966430664,103.0199966430664,0.0,0.0,EUR
2017-12-12,102.97000122070312,102.97000122070312,0.0,0.0,EUR
2017-12-13,103.31999969482422,103.31999969482422,0.0,0.0,EUR
2017-12-14,103.9000015258789,103.9000015258789,0.0,0.0,EUR
2017-12-15,103.95999908447266,103.95999908447266,0.0,0.0,EUR
2017-12-18,104.44999694824219,104.44999694824219,0.0,0.0,EUR
2017-12-19,104.11000061035156,104.11000061035156,0.0,0.0,EUR
2017-12-20,103.93000030517578,103.93000030517578,0.0,0.0,EUR
2017-12-21,104.05000305175781,104.05000305175781,0.0,0.0,EUR
2017-12-22,104.9800033569336,104.9800033569336,0.0,0.0,EUR
2017-12-27,105.52999877929688,105.52999877929688,0.0,0.0,EUR
2017-12-28,105.68000030517578,105.68000030517578,0.0,0.0,EUR
2017-12-29,105.93000030517578,105.93000030517578,0.0,0.0,EUR
2018-01-02,106.30000305175781,106.30000305175781,0.0,0.0,EUR
2018-01-03,106.80000305175781,106.80000305175781,0.0,0.0,EUR
2018-01-04,106.62000274658203,106.62000274658203,0.0,0.0,EUR
2018-01-05,106.98999786376953,106.98999786376953,0.0,0.0,EUR
2018-01-08,107.30999755859375,107.30999755859375,0.0,0.0,EUR
2018-01-09,107.31999969482422,107.31999969482422,0.0,0.0,EUR
2018-01-10,107.44000244140625,107.44000244140625,0.0,0.0,EUR
2018-01-11,107.02999877929688,107.02999877929688,0.0,0.0,EUR
2018-01-12,106.86000061035156,106.86000061035156,0.0,0.0,EUR
2018-01-15,106.66999816894531,106.66999816894531,0.0,0.0,EUR
2018-01-16,106.44000244140625,106.44000244140625,0.0,0.0,EUR
2018-01-17,106.48999786376953,106.48999786376953,0.0,0.0,EUR
2018-01-18,106.06999969482422,106.06999969482422,0.0,0.0,EUR
2018-01-19,106.4000015258789,106.4000015258789,0.0,0.0,EUR
2018-01-22,106.20999908447266,106.20999908447266,0.0,0.0,EUR
2018-01-23,106.25,106.25,0.0,0.0,EUR
2018-01-24,106.5199966430664,106.5199966430664,0.0,0.0,EUR
2018-01-25,106.16000366210938,106.16000366210938,0.0,0.0,EUR
2018-01-26,106.25,106.25,0.0,0.0,EUR
2018-01-29,105.77999877929688,105.77999877929688,0.0,0.0,EUR
2018-01-30,105.44999694824219,105.44999694824219,0.0,0.0,EUR
2018-01-31,105.20999908447266,105.20999908447266,0.0,0.0,EUR
2018-02-01,104.97000122070312,104.97000122070312,0.0,0.0,EUR
2018-02-02,104.19000244140625,104.19000244140625,0.0,0.0,EUR
2018-02-05,104.93000030517578,104.93000030517578,0.0,0.0,EUR
2018-02-06,104.9800033569336,104.9800033569336,0.0,0.0,EUR
2018-02-07,104.83999633789062,104.83999633789062,0.0,0.0,EUR
2018-02-08,104.87999725341797,104.87999725341797,0.0,0.0,EUR
2018-02-09,104.80000305175781,104.80000305175781,0.0,0.0,EUR
2018-02-12,105.20999908447266,105.20999908447266,0.0,0.0,EUR
2018-02-13,104.76000213623047,104.76000213623047,0.0,0.0,EUR
2018-02-14,105.91999816894531,105.91999816894531,0.0,0.0,EUR
2018-02-15,105.58999633789062,105.58999633789062,0.0,0.0,EUR
2018-02-16,106.20999908447266,106.20999908447266,0.0,0.0,EUR
2018-02-19,105.97000122070312,105.97000122070312,0.0,0.0,EUR
2018-02-20,105.30999755859375,105.30999755859375,0.0,0.0,EUR
2018-02-21,105.29000091552734,105.29000091552734,0.0,0.0,EUR
2018-02-22,105.19999694824219,105.19999694824219,0.0,0.0,EUR
2018-02-23,105.38999938964844,105.38999938964844,0.0,0.0,EUR
2018-02-26,105.55000305175781,105.55000305175781,0.0,0.0,EUR
2018-02-27,105.0,105.0,0.0,0.0,EUR
2018-02-28,105.33999633789062,105.33999633789062,0.0,0.0,EUR
2018-03-01,104.58999633789062,104.58999633789062,0.0,0.0,EUR
2018-03-02,104.55999755859375,104.55999755859375,0.0,0.0,EUR
2018-03-05,104.44999694824219,104.44999694824219,0.0,0.0,EUR
2018-03-06,105.08999633789062,105.08999633789062,0.0,0.0,EUR
2018-03-07,104.19000244140625,104.19000244140625,0.0,0.0,EUR
2018-03-08,104.48999786376953,104.48999786376953,0.0,0.0,EUR
2018-03-09,104.61000061035156,104.61000061035156,0.0,0.0,EUR
2018-03-12,104.38999938964844,104.38999938964844,0.0,0.0,EUR
2018-03-13,104.30000305175781,104.30000305175781,0.0,0.0,EUR
2018-03-14,104.41000366210938,104.41000366210938,0.0,0.0,EUR
2018-03-15,104.25,104.25,0.0,0.0,EUR
2018-03-16,104.25,104.25,0.0,0.0,EUR
2018-03-19,104.26000213623047,104.26000213623047,0.0,0.0,EUR
2018-03-20,104.23999786376953,104.23999786376953,0.0,0.0,EUR
2018-03-21,105.26000213623047,105.26000213623047,0.0,0.0,EUR
2018-03-22,105.06999969482422,105.06999969482422,0.0,0.0,EUR
2018-03-23,106.41999816894531,106.41999816894531,0.0,0.0,EUR
2018-03-26,106.18000030517578,106.18000030517578,0.0,0.0,EUR
2018-03-27,105.55999755859375,105.55999755859375,0.0,0.0,EUR
2018-03-28,105.01000213623047,105.01000213623047,0.0,0.0,EUR
2018-03-29,104.8499984741211,104.8499984741211,0.0,0.0,EUR
2018-04-03,105.76000213623047,105.76000213623047,0.0,0.0,EUR
2018-04-04,105.86000061035156,105.86000061035156,0.0,0.0,EUR
2018-04-05,105.58000183105469,105.58000183105469,0.0,0.0,EUR
2018-04-06,105.86000061035156,105.86000061035156,0.0,0.0,EUR
2018-04-09,105.48999786376953,105.48999786376953,0.0,0.0,EUR
2018-04-10,105.68000030517578,105.68000030517578,0.0,0.0,EUR
2018-04-11,107.30000305175781,107.30000305175781,0.0,0.0,EUR
2018-04-12,105.86000061035156,105.86000061035156,0.0,0.0,EUR
2018-04-13,106.41000366210938,106.41000366210938,0.0,0.0,EUR
2018-04-16,106.29000091552734,106.29000091552734,0.0,0.0,EUR
2018-04-17,106.12999725341797,106.12999725341797,0.0,0.0,EUR
2018-04-18,106.41999816894531,106.41999816894531,0.0,0.0,EUR
2018-04-19,106.06999969482422,106.06999969482422,0.0,0.0,EUR
2018-04-20,106.30999755859375,106.30999755859375,0.0,0.0,EUR
2018-04-23,105.62000274658203,105.62000274658203,0.0,0.0,EUR
2018-04-24,106.0199966430664,106.0199966430664,0.0,0.0,EUR
2018-04-25,105.69000244140625,105.69000244140625,0.0,0.0,EUR
2018-04-26,106.05000305175781,106.05000305175781,0.0,0.0,EUR
2018-04-27,106.43000030517578,106.43000030517578,0.0,0.0,EUR
2018-04-30,106.04000091552734,106.04000091552734,0.0,0.0,EUR
2018-05-02,106.36000061035156,106.36000061035156,0.0,0.0,EUR
2018-05-03,107.08999633789062,107.08999633789062,0.0,0.0,EUR
2018-05-04,107.08000183105469,107.08000183105469,0.0,0.0,EUR
2018-05-07,107.48999786376953,107.48999786376953,0.0,0.0,EUR
2018-05-08,107.45999908447266,107.45999908447266,0.0,0.0,EUR
2018-05-09,108.0199966430664,108.0199966430664,0.0,0.0,EUR
2018-05-10,108.02999877929688,108.02999877929688,0.0,0.0,EUR
2018-05-11,107.8499984741211,107.8499984741211,0.0,0.0,EUR
2018-05-14,107.41000366210938,107.41000366210938,0.0,0.0,EUR
2018-05-15,106.36000061035156,106.36000061035156,0.0,0.0,EUR
2018-05-16,106.56999969482422,106.56999969482422,0.0,0.0,EUR
2018-05-17,106.5,106.5,0.0,0.0,EUR
2018-05-18,106.9800033569336,106.9800033569336,0.0,0.0,EUR
2018-05-21,106.83000183105469,106.83000183105469,0.0,0.0,EUR
2018-05-22,106.83000183105469,106.83000183105469,0.0,0.0,EUR
2018-05-23,107.69000244140625,107.69000244140625,0.0,0.0,EUR
2018-05-24,108.48999786376953,108.48999786376953,0.0,0.0,EUR
2018-05-25,108.94000244140625,108.94000244140625,0.0,0.0,EUR
2018-05-28,108.87999725341797,108.87999725341797,0.0,0.0,EUR
2018-05-29,109.83999633789062,109.83999633789062,0.0,0.0,EUR
2018-05-30,109.06999969482422,109.06999969482422,0.0,0.0,EUR
2018-05-31,108.87000274658203,108.87000274658203,0.0,0.0,EUR
2018-06-01,108.30999755859375,108.30999755859375,0.0,0.0,EUR
2018-06-04,107.83999633789062,107.83999633789062,0.0,0.0,EUR
2018-06-05,108.12000274658203,108.12000274658203,0.0,0.0,EUR
2018-06-06,107.58999633789062,107.58999633789062,0.0,0.0,EUR
2018-06-07,106.97000122070312,106.97000122070312,0.0,0.0,EUR
2018-06-08,107.5,107.5,0.0,0.0,EUR
2018-06-11,107.4000015258789,107.4000015258789,0.0,0.0,EUR
2018-06-12,107.33999633789062,107.33999633789062,0.0,0.0,EUR
2018-06-13,107.44999694824219,107.44999694824219,0.0,0.0,EUR
2018-06-14,109.23999786376953,109.23999786376953,0.0,0.0,EUR
2018-06-15,107.3499984741211,107.3499984741211,0.0,0.0,EUR
2018-06-18,107.30999755859375,107.30999755859375,0.0,0.0,EUR
2018-06-19,107.29000091552734,107.29000091552734,0.0,0.0,EUR
2018-06-20,107.18000030517578,107.18000030517578,0.0,0.0,EUR
2018-06-21,106.44999694824219,106.44999694824219,0.0,0.0,EUR
2018-06-22,106.30000305175781,106.30000305175781,0.0,0.0,EUR
2018-06-25,105.54000091552734,105.54000091552734,0.0,0.0,EUR
2018-06-26,105.25,105.25,0.0,0.0,EUR
2018-06-27,105.33000183105469,105.33000183105469,0.0,0.0,EUR
2018-06-28,105.1500015258789,105.1500015258789,0.0,0.0,EUR
2018-06-29,104.48999786376953,104.48999786376953,0.0,0.0,EUR
2018-07-02,104.55000305175781,104.55000305175781,0.0,0.0,EUR
2018-07-03,104.97000122070312,104.97000122070312,0.0,0.0,EUR
2018-07-04,105.13999938964844,105.13999938964844,0.0,0.0,EUR
2018-07-05,104.79000091552734,104.79000091552734,0.0,0.0,EUR
2018-07-06,103.94999694824219,103.94999694824219,0.0,0.0,EUR
2018-07-09,104.58999633789062,104.58999633789062,0.0,0.0,EUR
2018-07-10,104.2300033569336,104.2300033569336,0.0,0.0,EUR
2018-07-11,103.62999725341797,103.62999725341797,0.0,0.0,EUR
2018-07-12,104.04000091552734,104.04000091552734,0.0,0.0,EUR
2018-07-13,103.69999694824219,103.69999694824219,0.0,0.0,EUR
2018-07-16,103.0999984741211,103.0999984741211,0.0,0.0,EUR
2018-07-17,102.37999725341797,102.37999725341797,0.0,0.0,EUR
2018-07-18,102.55999755859375,102.55999755859375,0.0,0.0,EUR
2018-07-19,102.1500015258789,102.1500015258789,0.0,0.0,EUR
2018-07-20,102.22000122070312,102.22000122070312,0.0,0.0,EUR
2018-07-23,101.9000015258789,101.9000015258789,0.0,0.0,EUR
2018-07-24,102.12999725341797,102.12999725341797,0.0,0.0,EUR
2018-07-25,102.54000091552734,102.54000091552734,0.0,0.0,EUR
2018-07-26,102.5199966430664,102.5199966430664,0.0,0.0,EUR
2018-07-27,102.37000274658203,102.37000274658203,0.0,0.0,EUR
2018-07-30,101.80000305175781,101.80000305175781,0.0,0.0,EUR
2018-07-31,101.83999633789062,101.83999633789062,0.0,0.0,EUR
2018-08-01,101.68000030517578,101.68000030517578,0.0,0.0,EUR
2018-08-02,101.81999969482422,101.81999969482422,0.0,0.0,EUR
2018-08-03,102.4000015258789,102.4000015258789,0.0,0.0,EUR
2018-08-06,101.94000244140625,101.94000244140625,0.0,0.0,EUR
2018-08-07,101.79000091552734,101.79000091552734,0.0,0.0,EUR
2018-08-08,101.52999877929688,101.52999877929688,0.0,0.0,EUR
2018-08-09,102.19000244140625,102.19000244140625,0.0,0.0,EUR
2018-08-10,103.55999755859375,103.55999755859375,0.0,0.0,EUR
2018-08-13,102.06999969482422,102.06999969482422,0.0,0.0,EUR
2018-08-14,102.6500015258789,102.6500015258789,0.0,0.0,EUR
2018-08-16,100.8499984741211,100.8499984741211,0.0,0.0,EUR
2018-08-17,100.69999694824219,100.69999694824219,0.0,0.0,EUR
2018-08-20,101.0199966430664,101.0199966430664,0.0,0.0,EUR
2018-08-21,100.44999694824219,100.44999694824219,0.0,0.0,EUR
2018-08-22,100.36000061035156,100.36000061035156,0.0,0.0,EUR
2018-08-23,100.11000061035156,100.11000061035156,0.0,0.0,EUR
2018-08-24,101.11000061035156,101.11000061035156,0.0,0.0,EUR
2018-08-27,100.91999816894531,100.91999816894531,0.0,0.0,EUR
2018-08-28,100.51000213623047,100.51000213623047,0.0,0.0,EUR
2018-08-29,100.16999816894531,100.16999816894531,0.0,0.0,EUR
2018-08-30,100.27999877929688,100.27999877929688,0.0,0.0,EUR
2018-08-31,100.77999877929688,100.77999877929688,0.0,0.0,EUR
2018-09-03,100.6500015258789,100.6500015258789,0.0,0.0,EUR
2018-09-04,100.4000015258789,100.4000015258789,0.0,0.0,EUR
2018-09-05,100.37000274658203,100.37000274658203,0.0,0.0,EUR
2018-09-06,100.4800033569336,100.4800033569336,0.0,0.0,EUR
2018-09-07,100.70999908447266,100.70999908447266,0.0,0.0,EUR
2018-09-10,100.4000015258789,100.4000015258789,0.0,0.0,EUR
2018-09-11,100.30999755859375,100.30999755859375,0.0,0.0,EUR
2018-09-12,100.6500015258789,100.6500015258789,0.0,0.0,EUR
2018-09-13,100.33000183105469,100.33000183105469,0.0,0.0,EUR
2018-09-14,99.93000030517578,99.93000030517578,0.0,0.0,EUR
2018-09-17,100.20999908447266,100.20999908447266,0.0,0.0,EUR
2018-09-18,99.87999725341797,99.87999725341797,0.0,0.0,EUR
2018-09-19,100.37999725341797,100.37999725341797,0.0,0.0,EUR
2018-09-20,99.73999786376953,99.73999786376953,0.0,0.0,EUR
2018-09-21,99.19999694824219,99.19999694824219,0.0,0.0,EUR
2018-09-24,99.26000213623047,99.26000213623047,0.0,0.0,EUR
2018-09-25,99.4000015258789,99.4000015258789,0.0,0.0,EUR
2018-09-26,98.9800033569336,98.9800033569336,0.0,0.0,EUR
2018-09-27,98.66000366210938,98.66000366210938,0.0,0.0,EUR
2018-09-28,99.91000366210938,99.91000366210938,0.0,0.0,EUR
2018-10-01,99.94999694824219,99.94999694824219,0.0,0.0,EUR
2018-10-02,101.58999633789062,101.58999633789062,0.0,0.0,EUR
2018-10-03,101.20999908447266,101.20999908447266,0.0,0.0,EUR
2018-10-04,101.58999633789062,101.58999633789062,0.0,0.0,EUR
2018-10-05,101.63999938964844,101.63999938964844,0.0,0.0,EUR
2018-10-08,100.44999694824219,100.44999694824219,0.0,0.0,EUR
2018-10-09,100.83999633789062,100.83999633789062,0.0,0.0,EUR
2018-10-10,100.33000183105469,100.33000183105469,0.0,0.0,EUR
2018-10-11,102.41999816894531,102.41999816894531,0.0,0.0,EUR
2018-10-12,102.7300033569336,102.7300033569336,0.0,0.0,EUR
2018-10-15,103.0,103.0,0.0,0.0,EUR
2018-10-16,103.19000244140625,103.19000244140625,0.0,0.0,EUR
2018-10-17,103.5199966430664,103.5199966430664,0.0,0.0,EUR
2018-10-18,103.83999633789062,103.83999633789062,0.0,0.0,EUR
2018-10-19,103.94000244140625,103.94000244140625,0.0,0.0,EUR
2018-10-22,103.62999725341797,103.62999725341797,0.0,0.0,EUR
2018-10-23,104.51000213623047,104.51000213623047,0.0,0.0,EUR
2018-10-24,104.94999694824219,104.94999694824219,0.0,0.0,EUR
2018-10-25,105.20999908447266,105.20999908447266,0.0,0.0,EUR
2018-10-26,106.08999633789062,106.08999633789062,0.0,0.0,EUR
2018-10-29,105.12999725341797,105.12999725341797,0.0,0.0,EUR
2018-10-30,104.79000091552734,104.79000091552734,0.0,0.0,EUR
2018-10-31,104.5,104.5,0.0,0.0,EUR
2018-11-01,105.27999877929688,105.27999877929688,0.0,0.0,EUR
2018-11-02,105.30000305175781,105.30000305175781,0.0,0.0,EUR
2018-11-05,105.06999969482422,105.06999969482422,0.0,0.0,EUR
2018-11-06,104.62999725341797,104.62999725341797,0.0,0.0,EUR
2018-11-07,104.16000366210938,104.16000366210938,0.0,0.0,EUR
2018-11-08,104.37999725341797,104.37999725341797,0.0,0.0,EUR
2018-11-09,103.81999969482422,103.81999969482422,0.0,0.0,EUR
2018-11-12,104.16999816894531,104.16999816894531,0.0,0.0,EUR
2018-11-13,103.77999877929688,103.77999877929688,0.0,0.0,EUR
2018-11-14,103.41000366210938,103.41000366210938,0.0,0.0,EUR
2018-11-15,104.36000061035156,104.36000061035156,0.0,0.0,EUR
2018-11-16,104.19000244140625,104.19000244140625,0.0,0.0,EUR
2018-11-19,103.95999908447266,103.95999908447266,0.0,0.0,EUR
2018-11-20,104.4800033569336,104.4800033569336,0.0,0.0,EUR
2018-11-21,104.75,104.75,0.0,0.0,EUR
2018-11-22,104.7699966430664,104.7699966430664,0.0,0.0,EUR
2018-11-23,105.0199966430664,105.0199966430664,0.0,0.0,EUR
2018-11-26,104.94000244140625,104.94000244140625,0.0,0.0,EUR
2018-11-27,104.55999755859375,104.55999755859375,0.0,0.0,EUR
2018-11-28,104.66999816894531,104.66999816894531,0.0,0.0,EUR
2018-11-29,104.75,104.75,0.0,0.0,EUR
2018-11-30,104.81999969482422,104.81999969482422,0.0,0.0,EUR
2018-12-03,105.80999755859375,105.80999755859375,0.0,0.0,EUR
2018-12-04,106.16999816894531,106.16999816894531,0.0,0.0,EUR
2018-12-05,106.06999969482422,106.06999969482422,0.0,0.0,EUR
2018-12-06,106.2300033569336,106.2300033569336,0.0,0.0,EUR
2018-12-07,106.37999725341797,106.37999725341797,0.0,0.0,EUR
2018-12-10,106.70999908447266,106.70999908447266,0.0,0.0,EUR
2018-12-11,106.83000183105469,106.83000183105469,0.0,0.0,EUR
2018-12-12,106.68000030517578,106.68000030517578,0.0,0.0,EUR
2018-12-13,106.48999786376953,106.48999786376953,0.0,0.0,EUR
2018-12-14,106.7699966430664,106.7699966430664,0.0,0.0,EUR
2018-12-17,106.5999984741211,106.5999984741211,0.0,0.0,EUR
2018-12-18,106.86000061035156,106.86000061035156,0.0,0.0,EUR
2018-12-19,106.93000030517578,106.93000030517578,0.0,0.0,EUR
2018-12-20,107.22000122070312,107.22000122070312,0.0,0.0,EUR
2018-12-21,107.3499984741211,107.3499984741211,0.0,0.0,EUR
2018-12-27,108.5999984741211,108.5999984741211,0.0,0.0,EUR
2018-12-28,108.62999725341797,108.62999725341797,0.0,0.0,EUR
2019-01-02,110.2300033569336,110.2300033569336,0.0,0.0,EUR
2019-01-03,110.08999633789062,110.08999633789062,0.0,0.0,EUR
2019-01-04,109.51000213623047,109.51000213623047,0.0,0.0,EUR
2019-01-07,109.2699966430664,109.2699966430664,0.0,0.0,EUR
2019-01-08,109.16999816894531,109.16999816894531,0.0,0.0,EUR
2019-01-09,108.91999816894531,108.91999816894531,0.0,0.0,EUR
2019-01-10,108.8499984741211,108.8499984741211,0.0,0.0,EUR
2019-01-11,109.36000061035156,109.36000061035156,0.0,0.0,EUR
2019-01-14,109.38999938964844,109.38999938964844,0.0,0.0,EUR
2019-01-15,110.01000213623047,110.01000213623047,0.0,0.0,EUR
2019-01-16,110.4000015258789,110.4000015258789,0.0,0.0,EUR
2019-01-17,110.33000183105469,110.33000183105469,0.0,0.0,EUR
2019-01-18,109.83000183105469,109.83000183105469,0.0,0.0,EUR
2019-01-21,109.54000091552734,109.54000091552734,0.0,0.0,EUR
2019-01-22,109.69000244140625,109.69000244140625,0.0,0.0,EUR
2019-01-23,109.70999908447266,109.70999908447266,0.0,0.0,EUR
2019-01-24,109.9800033569336,109.9800033569336,0.0,0.0,EUR
2019-01-25,110.81999969482422,110.81999969482422,0.0,0.0,EUR
2019-01-28,110.73999786376953,110.73999786376953,0.0,0.0,EUR
2019-01-29,111.5,111.5,0.0,0.0,EUR
2019-01-30,111.69000244140625,111.69000244140625,0.0,0.0,EUR
2019-01-31,112.20999908447266,112.20999908447266,0.0,0.0,EUR
2019-02-01,111.6500015258789,111.6500015258789,0.0,0.0,EUR
2019-02-04,111.83999633789062,111.83999633789062,0.0,0.0,EUR
2019-02-05,112.05999755859375,112.05999755859375,0.0,0.0,EUR
2019-02-06,112.13999938964844,112.13999938964844,0.0,0.0,EUR
2019-02-07,112.13999938964844,112.13999938964844,0.0,0.0,EUR
2019-02-08,112.87000274658203,112.87000274658203,0.0,0.0,EUR
2019-02-11,112.8499984741211,112.8499984741211,0.0,0.0,EUR
2019-02-12,112.58000183105469,112.58000183105469,0.0,0.0,EUR
2019-02-13,113.19999694824219,113.19999694824219,0.0,0.0,EUR
2019-02-14,113.08000183105469,113.08000183105469,0.0,0.0,EUR
2019-02-15,113.52999877929688,113.52999877929688,0.0,0.0,EUR
2019-02-18,114.06999969482422,114.06999969482422,0.0,0.0,EUR
2019-02-19,114.80999755859375,114.80999755859375,0.0,0.0,EUR
2019-02-20,115.13999938964844,115.13999938964844,0.0,0.0,EUR
2019-02-21,114.26000213623047,114.26000213623047,0.0,0.0,EUR
2019-02-22,114.06999969482422,114.06999969482422,0.0,0.0,EUR
2019-02-25,113.73999786376953,113.73999786376953,0.0,0.0,EUR
2019-02-26,113.52999877929688,113.52999877929688,0.0,0.0,EUR
2019-02-27,112.9800033569336,112.9800033569336,0.0,0.0,EUR
2019-02-28,112.27999877929688,112.27999877929688,0.0,0.0,EUR
2019-03-01,111.33999633789062,111.33999633789062,0.0,0.0,EUR
2019-03-04,110.52999877929688,110.52999877929688,0.0,0.0,EUR
2019-03-05,110.51000213623047,110.51000213623047,0.0,0.0,EUR
2019-03-06,110.48999786376953,110.48999786376953,0.0,0.0,EUR
2019-03-07,111.3499984741211,111.3499984741211,0.0,0.0,EUR
2019-03-08,112.37000274658203,112.37000274658203,0.0,0.0,EUR
2019-03-11,111.88999938964844,111.88999938964844,0.0,0.0,EUR
2019-03-12,111.79000091552734,111.79000091552734,0.0,0.0,EUR
2019-03-13,112.4800033569336,112.4800033569336,0.0,0.0,EUR
2019-03-14,111.45999908447266,111.45999908447266,0.0,0.0,EUR
2019-03-15,111.80999755859375,111.80999755859375,0.0,0.0,EUR
2019-03-18,111.83999633789062,111.83999633789062,0.0,0.0,EUR
2019-03-19,111.98999786376953,111.98999786376953,0.0,0.0,EUR
2019-03-20,111.38999938964844,111.38999938964844,0.0,0.0,EUR
2019-03-21,111.73999786376953,111.73999786376953,0.0,0.0,EUR
2019-03-22,113.04000091552734,113.04000091552734,0.0,0.0,EUR
2019-03-25,113.55000305175781,113.55000305175781,0.0,0.0,EUR
2019-03-26,113.22000122070312,113.22000122070312,0.0,0.0,EUR
2019-03-27,113.20999908447266,113.20999908447266,0.0,0.0,EUR
2019-03-28,111.7300033569336,111.7300033569336,0.0,0.0,EUR
2019-03-29,112.18000030517578,112.18000030517578,0.0,0.0,EUR
2019-04-01,111.95999908447266,111.95999908447266,0.0,0.0,EUR
2019-04-02,112.22000122070312,112.22000122070312,0.0,0.0,EUR
2019-04-03,111.66999816894531,111.66999816894531,0.0,0.0,EUR
2019-04-04,111.62000274658203,111.62000274658203,0.0,0.0,EUR
2019-04-05,111.9800033569336,111.9800033569336,0.0,0.0,EUR
2019-04-08,112.05999755859375,112.05999755859375,0.0,0.0,EUR
2019-04-09,112.54000091552734,112.54000091552734,0.0,0.0,EUR
2019-04-10,113.0,113.0,0.0,0.0,EUR
2019-04-11,111.70999908447266,111.70999908447266,0.0,0.0,EUR
2019-04-12,111.02999877929688,111.02999877929688,0.0,0.0,EUR
2019-04-15,110.77999877929688,110.77999877929688,0.0,0.0,EUR
2019-04-16,109.73999786376953,109.73999786376953,0.0,0.0,EUR
2019-04-17,109.61000061035156,109.61000061035156,0.0,0.0,EUR
2019-04-18,110.23999786376953,110.23999786376953,0.0,0.0,EUR
2019-04-23,110.06999969482422,110.06999969482422,0.0,0.0,EUR
2019-04-24,110.79000091552734,110.79000091552734,0.0,0.0,EUR
2019-04-25,111.66000366210938,111.66000366210938,0.0,0.0,EUR
2019-04-26,112.08000183105469,112.08000183105469,0.0,0.0,EUR
2019-04-29,111.37999725341797,111.37999725341797,0.0,0.0,EUR
2019-04-30,111.38999938964844,111.38999938964844,0.0,0.0,EUR
2019-05-02,110.41000366210938,110.41000366210938,0.0,0.0,EUR
2019-05-03,111.29000091552734,111.29000091552734,0.0,0.0,EUR
2019-05-06,111.08000183105469,111.08000183105469,0.0,0.0,EUR
2019-05-07,111.55000305175781,111.55000305175781,0.0,0.0,EUR
2019-05-08,111.20999908447266,111.20999908447266,0.0,0.0,EUR
2019-05-09,111.29000091552734,111.29000091552734,0.0,0.0,EUR
2019-05-10,111.30000305175781,111.30000305175781,0.0,0.0,EUR
2019-05-13,112.4000015258789,112.4000015258789,0.0,0.0,EUR
2019-05-14,112.33999633789062,112.33999633789062,0.0,0.0,EUR
2019-05-15,112.38999938964844,112.38999938964844,0.0,0.0,EUR
2019-05-16,111.81999969482422,111.81999969482422,0.0,0.0,EUR
2019-05-17,111.0999984741211,111.0999984741211,0.0,0.0,EUR
2019-05-20,111.13999938964844,111.13999938964844,0.0,0.0,EUR
2019-05-21,110.88999938964844,110.88999938964844,0.0,0.0,EUR
2019-05-22,111.13999938964844,111.13999938964844,0.0,0.0,EUR
2019-05-23,111.93000030517578,111.93000030517578,0.0,0.0,EUR
2019-05-24,111.37999725341797,111.37999725341797,0.0,0.0,EUR
2019-05-27,111.58999633789062,111.58999633789062,0.0,0.0,EUR
2019-05-28,111.19999694824219,111.19999694824219,0.0,0.0,EUR
2019-05-29,111.86000061035156,111.86000061035156,0.0,0.0,EUR
2019-05-30,112.37999725341797,112.37999725341797,0.0,0.0,EUR
2019-05-31,113.41999816894531,113.41999816894531,0.0,0.0,EUR
2019-06-03,114.41000366210938,114.41000366210938,0.0,0.0,EUR
2019-06-04,114.19000244140625,114.19000244140625,0.0,0.0,EUR
2019-06-05,114.80999755859375,114.80999755859375,0.0,0.0,EUR
2019-06-06,115.01000213623047,115.01000213623047,0.0,0.0,EUR
2019-06-07,115.11000061035156,115.11000061035156,0.0,0.0,EUR
2019-06-10,114.12000274658203,114.12000274658203,0.0,0.0,EUR
2019-06-11,113.87000274658203,113.87000274658203,0.0,0.0,EUR
2019-06-12,114.61000061035156,114.61000061035156,0.0,0.0,EUR
2019-06-13,115.41999816894531,115.41999816894531,0.0,0.0,EUR
2019-06-14,116.87000274658203,116.87000274658203,0.0,0.0,EUR
2019-06-17,115.93000030517578,115.93000030517578,0.0,0.0,EUR
2019-06-18,117.02999877929688,117.02999877929688,0.0,0.0,EUR
2019-06-19,116.48999786376953,116.48999786376953,0.0,0.0,EUR
2019-06-20,119.4000015258789,119.4000015258789,0.0,0.0,EUR
2019-06-21,119.77999877929688,119.77999877929688,0.0,0.0,EUR
2019-06-24,120.80000305175781,120.80000305175781,0.0,0.0,EUR
2019-06-25,121.9000015258789,121.9000015258789,0.0,0.0,EUR
2019-06-26,120.55000305175781,120.55000305175781,0.0,0.0,EUR
2019-06-27,120.1500015258789,120.1500015258789,0.0,0.0,EUR
2019-06-28,120.44000244140625,120.44000244140625,0.0,0.0,EUR
2019-07-01,119.47000122070312,119.47000122070312,0.0,0.0,EUR
2019-07-02,120.33000183105469,120.33000183105469,0.0,0.0,EUR
2019-07-03,122.22000122070312,122.22000122070312,0.0,0.0,EUR
2019-07-04,121.87000274658203,121.87000274658203,0.0,0.0,EUR
2019-07-05,121.0,121.0,0.0,0.0,EUR
2019-07-08,121.08000183105469,121.08000183105469,0.0,0.0,EUR
2019-07-09,121.08999633789062,121.08999633789062,0.0,0.0,EUR
2019-07-10,121.56999969482422,121.56999969482422,0.0,0.0,EUR
2019-07-11,121.77999877929688,121.77999877929688,0.0,0.0,EUR
2019-07-12,121.58000183105469,121.58000183105469,0.0,0.0,EUR
2019-07-15,121.91000366210938,121.91000366210938,0.0,0.0,EUR
2019-07-16,122.12999725341797,122.12999725341797,0.0,0.0,EUR
2019-07-17,123.18000030517578,123.18000030517578,0.0,0.0,EUR
2019-07-18,123.33999633789062,123.33999633789062,0.0,0.0,EUR
2019-07-19,123.72000122070312,123.72000122070312,0.0,0.0,EUR
2019-07-22,123.55000305175781,123.55000305175781,0.0,0.0,EUR
2019-07-23,123.79000091552734,123.79000091552734,0.0,0.0,EUR
2019-07-24,124.11000061035156,124.11000061035156,0.0,0.0,EUR
2019-07-25,123.5199966430664,123.5199966430664,0.0,0.0,EUR
2019-07-26,123.98999786376953,123.98999786376953,0.0,0.0,EUR
2019-07-29,123.83000183105469,123.83000183105469,0.0,0.0,EUR
2019-07-30,124.45999908447266,124.45999908447266,0.0,0.0,EUR
2019-07-31,124.6500015258789,124.6500015258789,0.0,0.0,EUR
2019-08-01,124.38999938964844,124.38999938964844,0.0,0.0,EUR
2019-08-02,126.33000183105469,126.33000183105469,0.0,0.0,EUR
2019-08-05,126.80999755859375,126.80999755859375,0.0,0.0,EUR
2019-08-06,127.77999877929688,127.77999877929688,0.0,0.0,EUR
2019-08-07,130.36000061035156,130.36000061035156,0.0,0.0,EUR
2019-08-08,129.8000030517578,129.8000030517578,0.0,0.0,EUR
2019-08-09,130.39999389648438,130.39999389648438,0.0,0.0,EUR
2019-08-12,130.32000732421875,130.32000732421875,0.0,0.0,EUR
2019-08-13,130.47000122070312,130.47000122070312,0.0,0.0,EUR
2019-08-14,132.25999450683594,132.25999450683594,0.0,0.0,EUR
2019-08-16,132.1300048828125,132.1300048828125,0.0,0.0,EUR
2019-08-19,131.3800048828125,131.3800048828125,0.0,0.0,EUR
2019-08-20,131.60000610351562,131.60000610351562,0.0,0.0,EUR
2019-08-21,131.5800018310547,131.5800018310547,0.0,0.0,EUR
2019-08-22,131.4600067138672,131.4600067138672,0.0,0.0,EUR
2019-08-23,133.02999877929688,133.02999877929688,0.0,0.0,EUR
2019-08-26,133.92999267578125,133.92999267578125,0.0,0.0,EUR
2019-08-27,135.02999877929688,135.02999877929688,0.0,0.0,EUR
2019-08-28,134.69000244140625,134.69000244140625,0.0,0.0,EUR
2019-08-29,134.97000122070312,134.97000122070312,0.0,0.0,EUR
2019-08-30,135.1199951171875,135.1199951171875,0.0,0.0,EUR
2019-09-02,135.13999938964844,135.13999938964844,0.0,0.0,EUR
2019-09-03,136.9600067138672,136.9600067138672,0.0,0.0,EUR
2019-09-04,136.24000549316406,136.24000549316406,0.0,0.0,EUR
2019-09-05,133.7100067138672,133.7100067138672,0.0,0.0,EUR
2019-09-06,133.75999450683594,133.75999450683594,0.0,0.0,EUR
2019-09-09,131.75999450683594,131.75999450683594,0.0,0.0,EUR
2019-09-10,131.60000610351562,131.60000610351562,0.0,0.0,EUR
2019-09-11,132.05999755859375,132.05999755859375,0.0,0.0,EUR
2019-09-12,132.4499969482422,132.4499969482422,0.0,0.0,EUR
2019-09-13,131.00999450683594,131.00999450683594,0.0,0.0,EUR
2019-09-16,132.6199951171875,132.6199951171875,0.0,0.0,EUR
2019-09-17,132.02999877929688,132.02999877929688,0.0,0.0,EUR
2019-09-18,132.5399932861328,132.5399932861328,0.0,0.0,EUR
2019-09-19,131.60000610351562,131.60000610351562,0.0,0.0,EUR
2019-09-20,132.6300048828125,132.6300048828125,0.0,0.0,EUR
2019-09-23,134.52999877929688,134.52999877929688,0.0,0.0,EUR
2019-09-24,134.69000244140625,134.69000244140625,0.0,0.0,EUR
2019-09-25,134.32000732421875,134.32000732421875,0.0,0.0,EUR
2019-09-26,134.0500030517578,134.0500030517578,0.0,0.0,EUR
2019-09-27,132.35000610351562,132.35000610351562,0.0,0.0,EUR
2019-09-30,130.77000427246094,130.77000427246094,0.0,0.0,EUR
2019-10-01,131.77000427246094,131.77000427246094,0.0,0.0,EUR
2019-10-02,132.99000549316406,132.99000549316406,0.0,0.0,EUR
2019-10-03,133.41000366210938,133.41000366210938,0.0,0.0,EUR
2019-10-04,133.2100067138672,133.2100067138672,0.0,0.0,EUR
2019-10-07,132.6199951171875,132.6199951171875,0.0,0.0,EUR
2019-10-08,133.3699951171875,133.3699951171875,0.0,0.0,EUR
2019-10-09,133.39999389648438,133.39999389648438,0.0,0.0,EUR
2019-10-10,131.8800048828125,131.8800048828125,0.0,0.0,EUR
2019-10-11,129.99000549316406,129.99000549316406,0.0,0.0,EUR
2019-10-14,131.49000549316406,131.49000549316406,0.0,0.0,EUR
2019-10-15,130.3800048828125,130.3800048828125,0.0,0.0,EUR
2019-10-16,130.55999755859375,130.55999755859375,0.0,0.0,EUR
2019-10-17,130.4199981689453,130.4199981689453,0.0,0.0,EUR
2019-10-18,129.9600067138672,129.9600067138672,0.0,0.0,EUR
2019-10-21,129.3300018310547,129.3300018310547,0.0,0.0,EUR
2019-10-22,129.39999389648438,129.39999389648438,0.0,0.0,EUR
2019-10-23,130.4199981689453,130.4199981689453,0.0,0.0,EUR
2019-10-24,131.32000732421875,131.32000732421875,0.0,0.0,EUR
2019-10-25,132.0800018310547,132.0800018310547,0.0,0.0,EUR
2019-10-28,130.47000122070312,130.47000122070312,0.0,0.0,EUR
2019-10-29,130.11000061035156,130.11000061035156,0.0,0.0,EUR
2019-10-30,130.4499969482422,130.4499969482422,0.0,0.0,EUR
2019-10-31,131.63999938964844,131.63999938964844,0.0,0.0,EUR
2019-11-01,131.3000030517578,131.3000030517578,0.0,0.0,EUR
2019-11-04,131.24000549316406,131.24000549316406,0.0,0.0,EUR
2019-11-05,130.10000610351562,130.10000610351562,0.0,0.0,EUR
2019-11-06,130.5399932861328,130.5399932861328,0.0,0.0,EUR
2019-11-07,128.89999389648438,128.89999389648438,0.0,0.0,EUR
2019-11-08,129.25,129.25,0.0,0.0,EUR
2019-11-11,128.0,128.0,0.0,0.0,EUR
2019-11-12,127.98999786376953,127.98999786376953,0.0,0.0,EUR
2019-11-13,129.11000061035156,129.11000061035156,0.0,0.0,EUR
2019-11-14,129.77000427246094,129.77000427246094,0.0,0.0,EUR
2019-11-15,128.82000732421875,128.82000732421875,0.0,0.0,EUR
2019-11-18,128.89999389648438,128.89999389648438,0.0,0.0,EUR
2019-11-19,129.0399932861328,129.0399932861328,0.0,0.0,EUR
2019-11-20,128.77000427246094,128.77000427246094,0.0,0.0,EUR
2019-11-21,128.72000122070312,128.72000122070312,0.0,0.0,EUR
2019-11-22,128.92999267578125,128.92999267578125,0.0,0.0,EUR
2019-11-25,128.52999877929688,128.52999877929688,0.0,0.0,EUR
2019-11-26,128.6999969482422,128.6999969482422,0.0,0.0,EUR
2019-11-27,128.27000427246094,128.27000427246094,0.0,0.0,EUR
2019-11-28,128.4199981689453,128.4199981689453,0.0,0.0,EUR
2019-11-29,128.8699951171875,128.8699951171875,0.0,0.0,EUR
2019-12-02,128.1199951171875,128.1199951171875,0.0,0.0,EUR
2019-12-03,129.5800018310547,129.5800018310547,0.0,0.0,EUR
2019-12-04,129.00999450683594,129.00999450683594,0.0,0.0,EUR
2019-12-05,129.24000549316406,129.24000549316406,0.0,0.0,EUR
2019-12-06,128.2100067138672,128.2100067138672,0.0,0.0,EUR
2019-12-09,128.13999938964844,128.13999938964844,0.0,0.0,EUR
2019-12-10,128.02000427246094,128.02000427246094,0.0,0.0,EUR
2019-12-11,128.80999755859375,128.80999755859375,0.0,0.0,EUR
2019-12-12,128.1300048828125,128.1300048828125,0.0,0.0,EUR
2019-12-13,128.8000030517578,128.8000030517578,0.0,0.0,EUR
2019-12-16,128.44000244140625,128.44000244140625,0.0,0.0,EUR
2019-12-17,128.5,128.5,0.0,0.0,EUR
2019-12-18,128.7899932861328,128.7899932861328,0.0,0.0,EUR
2019-12-19,128.9499969482422,128.9499969482422,0.0,0.0,EUR
2019-12-20,129.39999389648438,129.39999389648438,0.0,0.0,EUR
2019-12-23,129.8000030517578,129.8000030517578,0.0,0.0,EUR
2019-12-27,131.5800018310547,131.5800018310547,0.0,0.0,EUR
2019-12-30,131.11000061035156,131.11000061035156,0.0,0.0,EUR
2020-01-02,132.50999450683594,132.50999450683594,0.0,0.0,EUR
2020-01-03,134.57000732421875,134.57000732421875,0.0,0.0,EUR
2020-01-06,135.50999450683594,135.50999450683594,0.0,0.0,EUR
2020-01-07,136.7100067138672,136.7100067138672,0.0,0.0,EUR
2020-01-08,136.67999267578125,136.67999267578125,0.0,0.0,EUR
2020-01-09,135.52000427246094,135.52000427246094,0.0,0.0,EUR
2020-01-10,136.13999938964844,136.13999938964844,0.0,0.0,EUR
2020-01-13,135.14999389648438,135.14999389648438,0.0,0.0,EUR
2020-01-14,134.5500030517578,134.5500030517578,0.0,0.0,EUR
2020-01-15,134.9199981689453,134.9199981689453,0.0,0.0,EUR
2020-01-16,135.0800018310547,135.0800018310547,0.0,0.0,EUR
2020-01-17,136.1999969482422,136.1999969482422,0.0,0.0,EUR
2020-01-20,136.64999389648438,136.64999389648438,0.0,0.0,EUR
2020-01-21,136.1300048828125,136.1300048828125,0.0,0.0,EUR
2020-01-22,136.2899932861328,136.2899932861328,0.0,0.0,EUR
2020-01-23,137.66000366210938,137.66000366210938,0.0,0.0,EUR
2020-01-24,138.35000610351562,138.35000610351562,0.0,0.0,EUR
2020-01-27,139.36000061035156,139.36000061035156,0.0,0.0,EUR
2020-01-28,138.39999389648438,138.39999389648438,0.0,0.0,EUR
2020-01-29,138.47999572753906,138.47999572753906,0.0,0.0,EUR
2020-01-30,139.24000549316406,139.24000549316406,0.0,0.0,EUR
2020-01-31,139.0,139.0,0.0,0.0,EUR
2020-02-03,138.36000061035156,138.36000061035156,0.0,0.0,EUR
2020-02-04,136.5800018310547,136.5800018310547,0.0,0.0,EUR
2020-02-05,137.47000122070312,137.47000122070312,0.0,0.0,EUR
2020-02-06,138.2100067138672,138.2100067138672,0.0,0.0,EUR
2020-02-07,138.75999450683594,138.75999450683594,0.0,0.0,EUR
2020-02-10,139.9199981689453,139.9199981689453,0.0,0.0,EUR
2020-02-11,139.02000427246094,139.02000427246094,0.0,0.0,EUR
2020-02-12,139.66000366210938,139.66000366210938,0.0,0.0,EUR
2020-02-13,140.83999633789062,140.83999633789062,0.0,0.0,EUR
2020-02-14,141.52999877929688,141.52999877929688,0.0,0.0,EUR
2020-02-17,141.64999389648438,141.64999389648438,0.0,0.0,EUR
2020-02-18,143.89999389648438,143.89999389648438,0.0,0.0,EUR
2020-02-19,144.22000122070312,144.22000122070312,0.0,0.0,EUR
2020-02-20,145.86000061035156,145.86000061035156,0.0,0.0,EUR
2020-02-21,146.74000549316406,146.74000549316406,0.0,0.0,EUR
2020-02-24,149.32000732421875,149.32000732421875,0.0,0.0,EUR
2020-02-25,147.02999877929688,147.02999877929688,0.0,0.0,EUR
2020-02-26,145.85000610351562,145.85000610351562,0.0,0.0,EUR
2020-02-27,145.74000549316406,145.74000549316406,0.0,0.0,EUR
2020-02-28,140.49000549316406,140.49000549316406,0.0,0.0,EUR
2020-03-02,138.63999938964844,138.63999938964844,0.0,0.0,EUR
2020-03-03,142.27999877929688,142.27999877929688,0.0,0.0,EUR
2020-03-04,143.0500030517578,143.0500030517578,0.0,0.0,EUR
2020-03-05,143.85000610351562,143.85000610351562,0.0,0.0,EUR
2020-03-06,143.02999877929688,143.02999877929688,0.0,0.0,EUR
2020-03-09,141.3300018310547,141.3300018310547,0.0,0.0,EUR
2020-03-10,141.69000244140625,141.69000244140625,0.0,0.0,EUR
2020-03-11,141.86000061035156,141.86000061035156,0.0,0.0,EUR
2020-03-12,137.8000030517578,137.8000030517578,0.0,0.0,EUR
2020-03-13,133.99000549316406,133.99000549316406,0.0,0.0,EUR
2020-03-16,130.89999389648438,130.89999389648438,0.0,0.0,EUR
2020-03-17,135.17999267578125,135.17999267578125,0.0,0.0,EUR
2020-03-18,132.9499969482422,132.9499969482422,0.0,0.0,EUR
2020-03-19,133.97000122070312,133.97000122070312,0.0,0.0,EUR
2020-03-20,134.6999969482422,134.6999969482422,0.0,0.0,EUR
2020-03-23,139.52999877929688,139.52999877929688,0.0,0.0,EUR
2020-03-24,146.57000732421875,146.57000732421875,0.0,0.0,EUR
2020-03-25,144.8300018310547,144.8300018310547,0.0,0.0,EUR
2020-03-26,143.50999450683594,143.50999450683594,0.0,0.0,EUR
2020-03-27,142.4600067138672,142.4600067138672,0.0,0.0,EUR
2020-03-30,142.25,142.25,0.0,0.0,EUR
2020-03-31,142.10000610351562,142.10000610351562,0.0,0.0,EUR
2020-04-01,140.7100067138672,140.7100067138672,0.0,0.0,EUR
2020-04-02,143.77000427246094,143.77000427246094,0.0,0.0,EUR
2020-04-03,145.17999267578125,145.17999267578125,0.0,0.0,EUR
2020-04-06,147.6999969482422,147.6999969482422,0.0,0.0,EUR
2020-04-07,147.75,147.75,0.0,0.0,EUR
2020-04-08,147.13999938964844,147.13999938964844,0.0,0.0,EUR
2020-04-09,148.9600067138672,148.9600067138672,0.0,0.0,EUR
2020-04-14,153.42999267578125,153.42999267578125,0.0,0.0,EUR
2020-04-15,152.83999633789062,152.83999633789062,0.0,0.0,EUR
2020-04-16,154.50999450683594,154.50999450683594,0.0,0.0,EUR
2020-04-17,151.0800018310547,151.0800018310547,0.0,0.0,EUR
2020-04-20,151.02999877929688,151.02999877929688,0.0,0.0,EUR
2020-04-21,149.80999755859375,149.80999755859375,0.0,0.0,EUR
2020-04-22,153.0800018310547,153.0800018310547,0.0,0.0,EUR
2020-04-23,155.22999572753906,155.22999572753906,0.0,0.0,EUR
2020-04-24,153.86000061035156,153.86000061035156,0.0,0.0,EUR
2020-04-27,153.3300018310547,153.3300018310547,0.0,0.0,EUR
2020-04-28,152.47000122070312,152.47000122070312,0.0,0.0,EUR
2020-04-29,152.17999267578125,152.17999267578125,0.0,0.0,EUR
2020-04-30,150.8800048828125,150.8800048828125,0.0,0.0,EUR
2020-05-04,151.5,151.5,0.0,0.0,EUR
2020-05-05,152.05999755859375,152.05999755859375,0.0,0.0,EUR
2020-05-06,151.5800018310547,151.5800018310547,0.0,0.0,EUR
2020-05-07,152.97999572753906,152.97999572753906,0.0,0.0,EUR
2020-05-08,153.00999450683594,153.00999450683594,0.0,0.0,EUR
2020-05-11,152.2899932861328,152.2899932861328,0.0,0.0,EUR
2020-05-12,152.57000732421875,152.57000732421875,0.0,0.0,EUR
2020-05-13,153.52000427246094,153.52000427246094,0.0,0.0,EUR
2020-05-14,155.52999877929688,155.52999877929688,0.0,0.0,EUR
2020-05-15,156.35000610351562,156.35000610351562,0.0,0.0,EUR
2020-05-18,154.57000732421875,154.57000732421875,0.0,0.0,EUR
2020-05-19,154.4600067138672,154.4600067138672,0.0,0.0,EUR
2020-05-20,154.30999755859375,154.30999755859375,0.0,0.0,EUR
2020-05-21,152.4600067138672,152.4600067138672,0.0,0.0,EUR
2020-05-22,154.16000366210938,154.16000366210938,0.0,0.0,EUR
2020-05-25,154.05999755859375,154.05999755859375,0.0,0.0,EUR
2020-05-26,151.22999572753906,151.22999572753906,0.0,0.0,EUR
2020-05-27,150.36000061035156,150.36000061035156,0.0,0.0,EUR
2020-05-28,150.9199981689453,150.9199981689453,0.0,0.0,EUR
2020-05-29,151.1699981689453,151.1699981689453,0.0,0.0,EUR
2020-06-01,151.7899932861328,151.7899932861328,0.0,0.0,EUR
2020-06-02,150.41000366210938,150.41000366210938,0.0,0.0,EUR
2020-06-03,146.41000366210938,146.41000366210938,0.0,0.0,EUR
2020-06-04,146.6999969482422,146.6999969482422,0.0,0.0,EUR
2020-06-05,143.83999633789062,143.83999633789062,0.0,0.0,EUR
2020-06-08,145.24000549316406,145.24000549316406,0.0,0.0,EUR
2020-06-09,146.6699981689453,146.6699981689453,0.0,0.0,EUR
2020-06-10,146.69000244140625,146.69000244140625,0.0,0.0,EUR
2020-06-11,148.5,148.5,0.0,0.0,EUR
2020-06-12,149.3300018310547,149.3300018310547,0.0,0.0,EUR
2020-06-15,148.2100067138672,148.2100067138672,0.0,0.0,EUR
2020-06-16,148.8300018310547,148.8300018310547,0.0,0.0,EUR
2020-06-17,149.00999450683594,149.00999450683594,0.0,0.0,EUR
2020-06-18,148.83999633789062,148.83999633789062,0.0,0.0,EUR
2020-06-19,150.82000732421875,150.82000732421875,0.0,0.0,EUR
2020-06-22,151.44000244140625,151.44000244140625,0.0,0.0,EUR
2020-06-23,151.27999877929688,151.27999877929688,0.0,0.0,EUR
2020-06-24,152.07000732421875,152.07000732421875,0.0,0.0,EUR
2020-06-25,151.9499969482422,151.9499969482422,0.0,0.0,EUR
2020-06-26,152.47000122070312,152.47000122070312,0.0,0.0,EUR
2020-06-29,152.77000427246094,152.77000427246094,0.0,0.0,EUR
2020-06-30,153.75,153.75,0.0,0.0,EUR
2020-07-01,151.77999877929688,151.77999877929688,0.0,0.0,EUR
2020-07-02,153.2899932861328,153.2899932861328,0.0,0.0,EUR
2020-07-03,153.0500030517578,153.0500030517578,0.0,0.0,EUR
2020-07-06,152.94000244140625,152.94000244140625,0.0,0.0,EUR
2020-07-07,153.99000549316406,153.99000549316406,0.0,0.0,EUR
2020-07-08,154.89999389648438,154.89999389648438,0.0,0.0,EUR
2020-07-09,154.5399932861328,154.5399932861328,0.0,0.0,EUR
2020-07-10,154.17999267578125,154.17999267578125,0.0,0.0,EUR
2020-07-13,154.10000610351562,154.10000610351562,0.0,0.0,EUR
2020-07-14,153.82000732421875,153.82000732421875,0.0,0.0,EUR
2020-07-15,153.58999633789062,153.58999633789062,0.0,0.0,EUR
2020-07-16,153.1300048828125,153.1300048828125,0.0,0.0,EUR
2020-07-17,153.47000122070312,153.47000122070312,0.0,0.0,EUR
2020-07-20,153.86000061035156,153.86000061035156,0.0,0.0,EUR
2020-07-21,155.27999877929688,155.27999877929688,0.0,0.0,EUR
2020-07-22,155.69000244140625,155.69000244140625,0.0,0.0,EUR
2020-07-23,158.41000366210938,158.41000366210938,0.0,0.0,EUR
2020-07-24,158.30999755859375,158.30999755859375,0.0,0.0,EUR
2020-07-27,159.75,159.75,0.0,0.0,EUR
2020-07-28,161.61000061035156,161.61000061035156,0.0,0.0,EUR
2020-07-29,161.14999389648438,161.14999389648438,0.0,0.0,EUR
2020-07-30,160.08999633789062,160.08999633789062,0.0,0.0,EUR
2020-07-31,161.97000122070312,161.97000122070312,0.0,0.0,EUR
2020-08-03,162.85000610351562,162.85000610351562,0.0,0.0,EUR
2020-08-04,164.27000427246094,164.27000427246094,0.0,0.0,EUR
2020-08-05,166.74000549316406,166.74000549316406,0.0,0.0,EUR
2020-08-06,167.8699951171875,167.8699951171875,0.0,0.0,EUR
2020-08-07,167.30999755859375,167.30999755859375,0.0,0.0,EUR
2020-08-10,167.5399932861328,167.5399932861328,0.0,0.0,EUR
2020-08-11,160.08999633789062,160.08999633789062,0.0,0.0,EUR
2020-08-12,159.3000030517578,159.3000030517578,0.0,0.0,EUR
2020-08-13,159.64999389648438,159.64999389648438,0.0,0.0,EUR
2020-08-14,159.38999938964844,159.38999938964844,0.0,0.0,EUR
2020-08-17,162.16000366210938,162.16000366210938,0.0,0.0,EUR
2020-08-18,162.60000610351562,162.60000610351562,0.0,0.0,EUR
2020-08-19,159.52000427246094,159.52000427246094,0.0,0.0,EUR
2020-08-20,159.33999633789062,159.33999633789062,0.0,0.0,EUR
2020-08-21,159.80999755859375,159.80999755859375,0.0,0.0,EUR
2020-08-24,158.4600067138672,158.4600067138672,0.0,0.0,EUR
2020-08-25,157.25,157.25,0.0,0.0,EUR
2020-08-26,159.4600067138672,159.4600067138672,0.0,0.0,EUR
2020-08-27,157.58999633789062,157.58999633789062,0.0,0.0,EUR
2020-08-28,160.35000610351562,160.35000610351562,0.0,0.0,EUR
2020-08-31,159.5800018310547,159.5800018310547,0.0,0.0,EUR
2020-09-01,160.1699981689453,160.1699981689453,0.0,0.0,EUR
2020-09-02,158.80999755859375,158.80999755859375,0.0,0.0,EUR
2020-09-03,157.80999755859375,157.80999755859375,0.0,0.0,EUR
2020-09-04,157.9199981689453,157.9199981689453,0.0,0.0,EUR
2020-09-07,158.1699981689453,158.1699981689453,0.0,0.0,EUR
2020-09-08,158.4600067138672,158.4600067138672,0.0,0.0,EUR
2020-09-09,159.5500030517578,159.5500030517578,0.0,0.0,EUR
2020-09-10,159.91000366210938,159.91000366210938,0.0,0.0,EUR
2020-09-11,159.6199951171875,159.6199951171875,0.0,0.0,EUR
2020-09-14,160.07000732421875,160.07000732421875,0.0,0.0,EUR
2020-09-15,159.6699981689453,159.6699981689453,0.0,0.0,EUR
2020-09-16,161.1999969482422,161.1999969482422,0.0,0.0,EUR
2020-09-17,159.5399932861328,159.5399932861328,0.0,0.0,EUR
2020-09-18,159.61000061035156,159.61000061035156,0.0,0.0,EUR
2020-09-21,156.42999267578125,156.42999267578125,0.0,0.0,EUR
2020-09-22,157.3000030517578,157.3000030517578,0.0,0.0,EUR
2020-09-23,154.94000244140625,154.94000244140625,0.0,0.0,EUR
2020-09-24,155.24000549316406,155.24000549316406,0.0,0.0,EUR
2020-09-25,155.44000244140625,155.44000244140625,0.0,0.0,EUR
2020-09-28,155.72999572753906,155.72999572753906,0.0,0.0,EUR
2020-09-29,156.22999572753906,156.22999572753906,0.0,0.0,EUR
2020-09-30,156.83999633789062,156.83999633789062,0.0,0.0,EUR
2020-10-01,157.52999877929688,157.52999877929688,0.0,0.0,EUR
2020-10-02,157.75,157.75,0.0,0.0,EUR
2020-10-05,157.5,157.5,0.0,0.0,EUR
2020-10-06,157.10000610351562,157.10000610351562,0.0,0.0,EUR
2020-10-07,155.5,155.5,0.0,0.0,EUR
2020-10-08,155.75,155.75,0.0,0.0,EUR
2020-10-09,158.0,158.0,0.0,0.0,EUR
2020-10-12,157.63999938964844,157.63999938964844,0.0,0.0,EUR
2020-10-13,156.0800018310547,156.0800018310547,0.0,0.0,EUR
2020-10-14,157.4499969482422,157.4499969482422,0.0,0.0,EUR
2020-10-15,157.6999969482422,157.6999969482422,0.0,0.0,EUR
2020-10-16,157.05999755859375,157.05999755859375,0.0,0.0,EUR
2020-10-19,156.8000030517578,156.8000030517578,0.0,0.0,EUR
2020-10-20,156.52000427246094,156.52000427246094,0.0,0.0,EUR
2020-10-21,157.1199951171875,157.1199951171875,0.0,0.0,EUR
2020-10-22,155.77999877929688,155.77999877929688,0.0,0.0,EUR
2020-10-23,155.3699951171875,155.3699951171875,0.0,0.0,EUR
2020-10-26,156.17999267578125,156.17999267578125,0.0,0.0,EUR
2020-10-27,156.30999755859375,156.30999755859375,0.0,0.0,EUR
2020-10-28,155.1300048828125,155.1300048828125,0.0,0.0,EUR
2020-10-29,155.27999877929688,155.27999877929688,0.0,0.0,EUR
2020-10-30,156.55999755859375,156.55999755859375,0.0,0.0,EUR
2020-11-02,157.55999755859375,157.55999755859375,0.0,0.0,EUR
2020-11-03,157.47000122070312,157.47000122070312,0.0,0.0,EUR
2020-11-04,157.25999450683594,157.25999450683594,0.0,0.0,EUR
2020-11-05,159.50999450683594,159.50999450683594,0.0,0.0,EUR
2020-11-06,159.14999389648438,159.14999389648438,0.0,0.0,EUR
2020-11-09,152.0,152.0,0.0,0.0,EUR
2020-11-10,154.4199981689453,154.4199981689453,0.0,0.0,EUR
2020-11-11,153.5399932861328,153.5399932861328,0.0,0.0,EUR
2020-11-12,154.2100067138672,154.2100067138672,0.0,0.0,EUR
2020-11-13,155.02999877929688,155.02999877929688,0.0,0.0,EUR
2020-11-16,154.85000610351562,154.85000610351562,0.0,0.0,EUR
2020-11-17,154.07000732421875,154.07000732421875,0.0,0.0,EUR
2020-11-18,153.47000122070312,153.47000122070312,0.0,0.0,EUR
2020-11-19,152.17999267578125,152.17999267578125,0.0,0.0,EUR
2020-11-20,153.0800018310547,153.0800018310547,0.0,0.0,EUR
2020-11-23,150.27999877929688,150.27999877929688,0.0,0.0,EUR
2020-11-24,147.1699981689453,147.1699981689453,0.0,0.0,EUR
2020-11-25,147.39999389648438,147.39999389648438,0.0,0.0,EUR
2020-11-26,147.27000427246094,147.27000427246094,0.0,0.0,EUR
2020-11-27,144.67999267578125,144.67999267578125,0.0,0.0,EUR
2020-11-30,144.30999755859375,144.30999755859375,0.0,0.0,EUR
2020-12-01,145.49000549316406,145.49000549316406,0.0,0.0,EUR
2020-12-02,146.47999572753906,146.47999572753906,0.0,0.0,EUR
2020-12-03,145.86000061035156,145.86000061035156,0.0,0.0,EUR
2020-12-04,146.38999938964844,146.38999938964844,0.0,0.0,EUR
2020-12-07,148.8800048828125,148.8800048828125,0.0,0.0,EUR
2020-12-08,149.5800018310547,149.5800018310547,0.0,0.0,EUR
2020-12-09,148.35000610351562,148.35000610351562,0.0,0.0,EUR
2020-12-10,146.8300018310547,146.8300018310547,0.0,0.0,EUR
2020-12-11,147.52000427246094,147.52000427246094,0.0,0.0,EUR
2020-12-14,145.64999389648438,145.64999389648438,0.0,0.0,EUR
2020-12-15,147.17999267578125,147.17999267578125,0.0,0.0,EUR
2020-12-16,147.7100067138672,147.7100067138672,0.0,0.0,EUR
2020-12-17,149.41000366210938,149.41000366210938,0.0,0.0,EUR
2020-12-18,149.14999389648438,149.14999389648438,0.0,0.0,EUR
2020-12-21,148.97000122070312,148.97000122070312,0.0,0.0,EUR
2020-12-22,148.5399932861328,148.5399932861328,0.0,0.0,EUR
2020-12-23,148.72000122070312,148.72000122070312,0.0,0.0,EUR
2020-12-28,149.10000610351562,149.10000610351562,0.0,0.0,EUR
2020-12-29,148.92999267578125,148.92999267578125,0.0,0.0,EUR
2020-12-30,148.6999969482422,148.6999969482422,0.0,0.0,EUR
2021-01-04,153.33999633789062,153.33999633789062,0.0,0.0,EUR
2021-01-05,153.6199951171875,153.6199951171875,0.0,0.0,EUR
2021-01-06,150.3800048828125,150.3800048828125,0.0,0.0,EUR
2021-01-07,151.0800018310547,151.0800018310547,0.0,0.0,EUR
2021-01-08,147.02999877929688,147.02999877929688,0.0,0.0,EUR
2021-01-11,147.19000244140625,147.19000244140625,0.0,0.0,EUR
2021-01-12,146.9499969482422,146.9499969482422,0.0,0.0,EUR
2021-01-13,148.08999633789062,148.08999633789062,0.0,0.0,EUR
2021-01-14,147.30999755859375,147.30999755859375,0.0,0.0,EUR
2021-01-15,146.39999389648438,146.39999389648438,0.0,0.0,EUR
2021-01-18,147.4499969482422,147.4499969482422,0.0,0.0,EUR
2021-01-19,147.2899932861328,147.2899932861328,0.0,0.0,EUR
2021-01-20,149.3000030517578,149.3000030517578,0.0,0.0,EUR
2021-01-21,148.72999572753906,148.72999572753906,0.0,0.0,EUR
2021-01-22,147.47999572753906,147.47999572753906,0.0,0.0,EUR
2021-01-25,147.86000061035156,147.86000061035156,0.0,0.0,EUR
2021-01-26,147.6999969482422,147.6999969482422,0.0,0.0,EUR
2021-01-27,147.94000244140625,147.94000244140625,0.0,0.0,EUR
2021-01-28,148.1199951171875,148.1199951171875,0.0,0.0,EUR
2021-01-29,148.17999267578125,148.17999267578125,0.0,0.0,EUR
2021-02-01,149.35000610351562,149.35000610351562,0.0,0.0,EUR
2021-02-02,147.94000244140625,147.94000244140625,0.0,0.0,EUR
2021-02-03,147.8699951171875,147.8699951171875,0.0,0.0,EUR
2021-02-04,144.69000244140625,144.69000244140625,0.0,0.0,EUR
2021-02-05,145.69000244140625,145.69000244140625,0.0,0.0,EUR
2021-02-08,147.60000610351562,147.60000610351562,0.0,0.0,EUR
2021-02-09,147.1999969482422,147.1999969482422,0.0,0.0,EUR
2021-02-10,146.85000610351562,146.85000610351562,0.0,0.0,EUR
2021-02-11,146.66000366210938,146.66000366210938,0.0,0.0,EUR
2021-02-12,146.02000427246094,146.02000427246094,0.0,0.0,EUR
2021-02-15,145.25,145.25,0.0,0.0,EUR
2021-02-16,144.25999450683594,144.25999450683594,0.0,0.0,EUR
2021-02-17,142.8300018310547,142.8300018310547,0.0,0.0,EUR
2021-02-18,142.49000549316406,142.49000549316406,0.0,0.0,EUR
2021-02-19,142.52999877929688,142.52999877929688,0.0,0.0,EUR
2021-02-22,144.3000030517578,144.3000030517578,0.0,0.0,EUR
2021-02-23,143.75999450683594,143.75999450683594,0.0,0.0,EUR
2021-02-24,143.5399932861328,143.5399932861328,0.0,0.0,EUR
2021-02-25,140.91000366210938,140.91000366210938,0.0,0.0,EUR
2021-02-26,137.89999389648438,137.89999389648438,0.0,0.0,EUR
2021-03-01,139.4499969482422,139.4499969482422,0.0,0.0,EUR
2021-03-02,138.61000061035156,138.61000061035156,0.0,0.0,EUR
2021-03-03,138.1300048828125,138.1300048828125,0.0,0.0,EUR
2021-03-04,138.0500030517578,138.0500030517578,0.0,0.0,EUR
2021-03-05,137.9199981689453,137.9199981689453,0.0,0.0,EUR
2021-03-08,137.19000244140625,137.19000244140625,0.0,0.0,EUR
2021-03-09,139.74000549316406,139.74000549316406,0.0,0.0,EUR
2021-03-10,139.7899932861328,139.7899932861328,0.0,0.0,EUR
2021-03-11,139.5500030517578,139.5500030517578,0.0,0.0,EUR
2021-03-12,138.85000610351562,138.85000610351562,0.0,0.0,EUR
2021-03-15,140.3300018310547,140.3300018310547,0.0,0.0,EUR
2021-03-16,140.75,140.75,0.0,0.0,EUR
2021-03-17,140.6199951171875,140.6199951171875,0.0,0.0,EUR
2021-03-18,140.74000549316406,140.74000549316406,0.0,0.0,EUR
2021-03-19,141.5399932861328,141.5399932861328,0.0,0.0,EUR
2021-03-22,141.14999389648438,141.14999389648438,0.0,0.0,EUR
2021-03-23,140.97000122070312,140.97000122070312,0.0,0.0,EUR
2021-03-24,142.08999633789062,142.08999633789062,0.0,0.0,EUR
2021-03-25,142.38999938964844,142.38999938964844,0.0,0.0,EUR
2021-03-26,142.3300018310547,142.3300018310547,0.0,0.0,EUR
2021-03-29,140.82000732421875,140.82000732421875,0.0,0.0,EUR
2021-03-30,139.0500030517578,139.0500030517578,0.0,0.0,EUR
2021-03-31,140.6199951171875,140.6199951171875,0.0,0.0,EUR
2021-04-01,142.2100067138672,142.2100067138672,0.0,0.0,EUR
2021-04-06,142.6699981689453,142.6699981689453,0.0,0.0,EUR
2021-04-07,141.72000122070312,141.72000122070312,0.0,0.0,EUR
2021-04-08,142.77000427246094,142.77000427246094,0.0,0.0,EUR
2021-04-09,142.05999755859375,142.05999755859375,0.0,0.0,EUR
2021-04-12,141.0,141.0,0.0,0.0,EUR
2021-04-13,141.52999877929688,141.52999877929688,0.0,0.0,EUR
2021-04-14,140.32000732421875,140.32000732421875,0.0,0.0,EUR
2021-04-15,143.0399932861328,143.0399932861328,0.0,0.0,EUR
2021-04-16,143.69000244140625,143.69000244140625,0.0,0.0,EUR
2021-04-19,142.77000427246094,142.77000427246094,0.0,0.0,EUR
2021-04-20,142.75999450683594,142.75999450683594,0.0,0.0,EUR
2021-04-21,144.35000610351562,144.35000610351562,0.0,0.0,EUR
2021-04-22,143.52999877929688,143.52999877929688,0.0,0.0,EUR
2021-04-23,142.6199951171875,142.6199951171875,0.0,0.0,EUR
2021-04-26,142.57000732421875,142.57000732421875,0.0,0.0,EUR
2021-04-27,142.5800018310547,142.5800018310547,0.0,0.0,EUR
2021-04-28,142.0500030517578,142.0500030517578,0.0,0.0,EUR
2021-04-29,141.3000030517578,141.3000030517578,0.0,0.0,EUR
2021-04-30,142.2899932861328,142.2899932861328,0.0,0.0,EUR
2021-05-03,143.80999755859375,143.80999755859375,0.0,0.0,EUR
2021-05-04,143.77000427246094,143.77000427246094,0.0,0.0,EUR
2021-05-05,143.80999755859375,143.80999755859375,0.0,0.0,EUR
2021-05-06,145.99000549316406,145.99000549316406,0.0,0.0,EUR
2021-05-07,146.10000610351562,146.10000610351562,0.0,0.0,EUR
2021-05-10,146.47999572753906,146.47999572753906,0.0,0.0,EUR
2021-05-11,145.74000549316406,145.74000549316406,0.0,0.0,EUR
2021-05-12,146.0399932861328,146.0399932861328,0.0,0.0,EUR
2021-05-13,146.24000549316406,146.24000549316406,0.0,0.0,EUR
2021-05-14,146.69000244140625,146.69000244140625,0.0,0.0,EUR
2021-05-17,148.67999267578125,148.67999267578125,0.0,0.0,EUR
2021-05-18,148.19000244140625,148.19000244140625,0.0,0.0,EUR
2021-05-19,149.24000549316406,149.24000549316406,0.0,0.0,EUR
2021-05-20,148.9499969482422,148.9499969482422,0.0,0.0,EUR
2021-05-21,148.9499969482422,148.9499969482422,0.0,0.0,EUR
2021-05-24,149.32000732421875,149.32000732421875,0.0,0.0,EUR
2021-05-25,149.72999572753906,149.72999572753906,0.0,0.0,EUR
2021-05-26,150.92999267578125,150.92999267578125,0.0,0.0,EUR
2021-05-27,150.25999450683594,150.25999450683594,0.0,0.0,EUR
2021-05-28,150.3699951171875,150.3699951171875,0.0,0.0,EUR
2021-05-31,150.86000061035156,150.86000061035156,0.0,0.0,EUR
2021-06-01,150.10000610351562,150.10000610351562,0.0,0.0,EUR
2021-06-02,150.9199981689453,150.9199981689453,0.0,0.0,EUR
2021-06-03,149.13999938964844,149.13999938964844,0.0,0.0,EUR
2021-06-04,150.69000244140625,150.69000244140625,0.0,0.0,EUR
2021-06-07,150.32000732421875,150.32000732421875,0.0,0.0,EUR
2021-06-08,150.47999572753906,150.47999572753906,0.0,0.0,EUR
2021-06-09,150.22999572753906,150.22999572753906,0.0,0.0,EUR
2021-06-10,150.5399932861328,150.5399932861328,0.0,0.0,EUR
2021-06-11,150.16000366210938,150.16000366210938,0.0,0.0,EUR
2021-06-14,148.77999877929688,148.77999877929688,0.0,0.0,EUR
2021-06-15,148.50999450683594,148.50999450683594,0.0,0.0,EUR
2021-06-16,148.33999633789062,148.33999633789062,0.0,0.0,EUR
2021-06-17,143.8699951171875,143.8699951171875,0.0,0.0,EUR
2021-06-18,145.0399932861328,145.0399932861328,0.0,0.0,EUR
2021-06-21,145.02999877929688,145.02999877929688,0.0,0.0,EUR
2021-06-22,144.5399932861328,144.5399932861328,0.0,0.0,EUR
2021-06-23,144.8000030517578,144.8000030517578,0.0,0.0,EUR
2021-06-24,144.32000732421875,144.32000732421875,0.0,0.0,EUR
2021-06-25,144.3000030517578,144.3000030517578,0.0,0.0,EUR
2021-06-28,144.36000061035156,144.36000061035156,0.0,0.0,EUR
2021-06-29,143.14999389648438,143.14999389648438,0.0,0.0,EUR
2021-06-30,144.05999755859375,144.05999755859375,0.0,0.0,EUR
2021-07-01,144.52000427246094,144.52000427246094,0.0,0.0,EUR
2021-07-02,145.75,145.75,0.0,0.0,EUR
2021-07-05,146.17999267578125,146.17999267578125,0.0,0.0,EUR
2021-07-06,147.60000610351562,147.60000610351562,0.0,0.0,EUR
2021-07-07,147.8000030517578,147.8000030517578,0.0,0.0,EUR
2021-07-08,146.8800048828125,146.8800048828125,0.0,0.0,EUR
2021-07-09,147.7100067138672,147.7100067138672,0.0,0.0,EUR
2021-07-12,147.3000030517578,147.3000030517578,0.0,0.0,EUR
2021-07-13,148.49000549316406,148.49000549316406,0.0,0.0,EUR
2021-07-14,149.25999450683594,149.25999450683594,0.0,0.0,EUR
2021-07-15,149.49000549316406,149.49000549316406,0.0,0.0,EUR
2021-07-16,148.49000549316406,148.49000549316406,0.0,0.0,EUR
2021-07-19,148.1699981689453,148.1699981689453,0.0,0.0,EUR
2021-07-20,148.7899932861328,148.7899932861328,0.0,0.0,EUR
2021-07-21,148.08999633789062,148.08999633789062,0.0,0.0,EUR
2021-07-22,148.61000061035156,148.61000061035156,0.0,0.0,EUR
2021-07-23,148.24000549316406,148.24000549316406,0.0,0.0,EUR
2021-07-26,147.41000366210938,147.41000366210938,0.0,0.0,EUR
2021-07-27,147.38999938964844,147.38999938964844,0.0,0.0,EUR
2021-07-28,147.57000732421875,147.57000732421875,0.0,0.0,EUR
2021-07-29,149.0,149.0,0.0,0.0,EUR
2021-07-30,148.80999755859375,148.80999755859375,0.0,0.0,EUR
2021-08-02,147.8300018310547,147.8300018310547,0.0,0.0,EUR
2021-08-03,147.69000244140625,147.69000244140625,0.0,0.0,EUR
2021-08-04,147.77000427246094,147.77000427246094,0.0,0.0,EUR
2021-08-05,147.3699951171875,147.3699951171875,0.0,0.0,EUR
2021-08-06,144.86000061035156,144.86000061035156,0.0,0.0,EUR
2021-08-09,142.4199981689453,142.4199981689453,0.0,0.0,EUR
2021-08-10,142.6300048828125,142.6300048828125,0.0,0.0,EUR
2021-08-11,144.25,144.25,0.0,0.0,EUR
2021-08-12,144.36000061035156,144.36000061035156,0.0,0.0,EUR
2021-08-13,145.6300048828125,145.6300048828125,0.0,0.0,EUR
2021-08-16,146.75999450683594,146.75999450683594,0.0,0.0,EUR
2021-08-17,147.25999450683594,147.25999450683594,0.0,0.0,EUR
2021-08-18,147.25999450683594,147.25999450683594,0.0,0.0,EUR
2021-08-19,147.5399932861328,147.5399932861328,0.0,0.0,EUR
2021-08-20,147.80999755859375,147.80999755859375,0.0,0.0,EUR
2021-08-23,148.8800048828125,148.8800048828125,0.0,0.0,EUR
2021-08-24,148.85000610351562,148.85000610351562,0.0,0.0,EUR
2021-08-25,147.1300048828125,147.1300048828125,0.0,0.0,EUR
2021-08-26,147.69000244140625,147.69000244140625,0.0,0.0,EUR
2021-08-27,148.41000366210938,148.41000366210938,0.0,0.0,EUR
2021-08-30,148.58999633789062,148.58999633789062,0.0,0.0,EUR
2021-08-31,148.11000061035156,148.11000061035156,0.0,0.0,EUR
2021-09-01,148.10000610351562,148.10000610351562,0.0,0.0,EUR
2021-09-02,147.8699951171875,147.8699951171875,0.0,0.0,EUR
2021-09-03,149.22000122070312,149.22000122070312,0.0,0.0,EUR
2021-09-06,148.69000244140625,148.69000244140625,0.0,0.0,EUR
2021-09-07,146.72999572753906,146.72999572753906,0.0,0.0,EUR
2021-09-08,146.72000122070312,146.72000122070312,0.0,0.0,EUR
2021-09-09,146.6999969482422,146.6999969482422,0.0,0.0,EUR
2021-09-10,146.9499969482422,146.9499969482422,0.0,0.0,EUR
2021-09-13,147.0,147.0,0.0,0.0,EUR
2021-09-14,147.85000610351562,147.85000610351562,0.0,0.0,EUR
2021-09-15,146.77999877929688,146.77999877929688,0.0,0.0,EUR
2021-09-16,144.4600067138672,144.4600067138672,0.0,0.0,EUR
2021-09-17,144.5399932861328,144.5399932861328,0.0,0.0,EUR
2021-09-20,145.44000244140625,145.44000244140625,0.0,0.0,EUR
2021-09-21,147.0500030517578,147.0500030517578,0.0,0.0,EUR
2021-09-22,146.5500030517578,146.5500030517578,0.0,0.0,EUR
2021-09-23,144.16000366210938,144.16000366210938,0.0,0.0,EUR
2021-09-24,144.7899932861328,144.7899932861328,0.0,0.0,EUR
2021-09-27,144.99000549316406,144.99000549316406,0.0,0.0,EUR
2021-09-28,144.05999755859375,144.05999755859375,0.0,0.0,EUR
2021-09-29,144.25,144.25,0.0,0.0,EUR
2021-09-30,147.0399932861328,147.0399932861328,0.0,0.0,EUR
2021-10-01,146.80999755859375,146.80999755859375,0.0,0.0,EUR
2021-10-04,146.97000122070312,146.97000122070312,0.0,0.0,EUR
2021-10-05,146.47000122070312,146.47000122070312,0.0,0.0,EUR
2021-10-06,147.5,147.5,0.0,0.0,EUR
2021-10-07,147.08999633789062,147.08999633789062,0.0,0.0,EUR
2021-10-08,146.97000122070312,146.97000122070312,0.0,0.0,EUR
2021-10-11,146.97000122070312,146.97000122070312,0.0,0.0,EUR
2021-10-12,147.7899932861328,147.7899932861328,0.0,0.0,EUR
2021-10-13,149.83999633789062,149.83999633789062,0.0,0.0,EUR
2021-10-14,150.0500030517578,150.0500030517578,0.0,0.0,EUR
2021-10-15,147.8699951171875,147.8699951171875,0.0,0.0,EUR
2021-10-18,147.47999572753906,147.47999572753906,0.0,0.0,EUR
2021-10-19,147.30999755859375,147.30999755859375,0.0,0.0,EUR
2021-10-20,148.22999572753906,148.22999572753906,0.0,0.0,EUR
2021-10-21,148.0,148.0,0.0,0.0,EUR
2021-10-22,149.7100067138672,149.7100067138672,0.0,0.0,EUR
2021-10-25,150.61000061035156,150.61000061035156,0.0,0.0,EUR
2021-10-26,149.19000244140625,149.19000244140625,0.0,0.0,EUR
2021-10-27,149.57000732421875,149.57000732421875,0.0,0.0,EUR
2021-10-28,149.38999938964844,149.38999938964844,0.0,0.0,EUR
2021-10-29,148.80999755859375,148.80999755859375,0.0,0.0,EUR
2021-11-01,149.61000061035156,149.61000061035156,0.0,0.0,EUR
2021-11-02,149.3300018310547,149.3300018310547,0.0,0.0,EUR
2021-11-03,147.25999450683594,147.25999450683594,0.0,0.0,EUR
2021-11-04,150.2100067138672,150.2100067138672,0.0,0.0,EUR
2021-11-05,151.8300018310547,151.8300018310547,0.0,0.0,EUR
2021-11-08,152.22000122070312,152.22000122070312,0.0,0.0,EUR
2021-11-09,152.6199951171875,152.6199951171875,0.0,0.0,EUR
2021-11-10,155.94000244140625,155.94000244140625,0.0,0.0,EUR
2021-11-11,157.1199951171875,157.1199951171875,0.0,0.0,EUR
2021-11-12,157.33999633789062,157.33999633789062,0.0,0.0,EUR
2021-11-15,157.91000366210938,157.91000366210938,0.0,0.0,EUR
2021-11-16,158.27000427246094,158.27000427246094,0.0,0.0,EUR
2021-11-17,159.49000549316406,159.49000549316406,0.0,0.0,EUR
2021-11-18,158.74000549316406,158.74000549316406,0.0,0.0,EUR
2021-11-19,158.8800048828125,158.8800048828125,0.0,0.0,EUR
2021-11-22,155.97999572753906,155.97999572753906,0.0,0.0,EUR
2021-11-23,153.1999969482422,153.1999969482422,0.0,0.0,EUR
2021-11-24,154.6199951171875,154.6199951171875,0.0,0.0,EUR
2021-11-25,154.3699951171875,154.3699951171875,0.0,0.0,EUR
2021-11-26,153.5,153.5,0.0,0.0,EUR
2021-11-29,153.1999969482422,153.1999969482422,0.0,0.0,EUR
2021-11-30,152.3699951171875,152.3699951171875,0.0,0.0,EUR
2021-12-01,152.47000122070312,152.47000122070312,0.0,0.0,EUR
2021-12-02,151.10000610351562,151.10000610351562,0.0,0.0,EUR
2021-12-03,152.17999267578125,152.17999267578125,0.0,0.0,EUR
2021-12-06,152.69000244140625,152.69000244140625,0.0,0.0,EUR
2021-12-07,153.67999267578125,153.67999267578125,0.0,0.0,EUR
2021-12-08,152.1999969482422,152.1999969482422,0.0,0.0,EUR
2021-12-09,152.3800048828125,152.3800048828125,0.0,0.0,EUR
2021-12-10,152.64999389648438,152.64999389648438,0.0,0.0,EUR
2021-12-13,153.22000122070312,153.22000122070312,0.0,0.0,EUR
2021-12-14,152.22000122070312,152.22000122070312,0.0,0.0,EUR
2021-12-15,151.75,151.75,0.0,0.0,EUR
2021-12-16,153.77000427246094,153.77000427246094,0.0,0.0,EUR
2021-12-17,154.7100067138672,154.7100067138672,0.0,0.0,EUR
2021-12-20,153.58999633789062,153.58999633789062,0.0,0.0,EUR
2021-12-21,153.30999755859375,153.30999755859375,0.0,0.0,EUR
2021-12-22,153.63999938964844,153.63999938964844,0.0,0.0,EUR
2021-12-23,154.60000610351562,154.60000610351562,0.0,0.0,EUR
2021-12-27,154.77000427246094,154.77000427246094,0.0,0.0,EUR
2021-12-28,154.8000030517578,154.8000030517578,0.0,0.0,EUR
2021-12-29,153.7899932861328,153.7899932861328,0.0,0.0,EUR
2021-12-30,154.8000030517578,154.8000030517578,0.0,0.0,EUR
2022-01-03,154.1999969482422,154.1999969482422,0.0,0.0,EUR
2022-01-04,155.49000549316406,155.49000549316406,0.0,0.0,EUR
2022-01-05,155.69000244140625,155.69000244140625,0.0,0.0,EUR
2022-01-06,153.22000122070312,153.22000122070312,0.0,0.0,EUR
2022-01-07,152.67999267578125,152.67999267578125,0.0,0.0,EUR
2022-01-10,153.27000427246094,153.27000427246094,0.0,0.0,EUR
2022-01-11,154.57000732421875,154.57000732421875,0.0,0.0,EUR
2022-01-12,154.22999572753906,154.22999572753906,0.0,0.0,EUR
2022-01-13,153.2100067138672,153.2100067138672,0.0,0.0,EUR
2022-01-14,154.02999877929688,154.02999877929688,0.0,0.0,EUR
2022-01-17,154.25,154.25,0.0,0.0,EUR
2022-01-18,154.69000244140625,154.69000244140625,0.0,0.0,EUR
2022-01-19,156.75999450683594,156.75999450683594,0.0,0.0,EUR
2022-01-20,157.0,157.0,0.0,0.0,EUR
2022-01-21,156.38999938964844,156.38999938964844,0.0,0.0,EUR
2022-01-24,156.83999633789062,156.83999633789062,0.0,0.0,EUR
2022-01-25,158.3300018310547,158.3300018310547,0.0,0.0,EUR
2022-01-26,157.11000061035156,157.11000061035156,0.0,0.0,EUR
2022-01-27,155.75999450683594,155.75999450683594,0.0,0.0,EUR
2022-01-28,154.5500030517578,154.5500030517578,0.0,0.0,EUR
2022-01-31,155.05999755859375,155.05999755859375,0.0,0.0,EUR
2022-02-01,155.4199981689453,155.4199981689453,0.0,0.0,EUR
2022-02-02,154.85000610351562,154.85000610351562,0.0,0.0,EUR
2022-02-03,152.75,152.75,0.0,0.0,EUR
2022-02-04,152.47000122070312,152.47000122070312,0.0,0.0,EUR
2022-02-07,153.66000366210938,153.66000366210938,0.0,0.0,EUR
2022-02-08,154.66000366210938,154.66000366210938,0.0,0.0,EUR
2022-02-09,154.80999755859375,154.80999755859375,0.0,0.0,EUR
2022-02-10,154.86000061035156,154.86000061035156,0.0,0.0,EUR
2022-02-11,155.50999450683594,155.50999450683594,0.0,0.0,EUR
2022-02-14,159.4199981689453,159.4199981689453,0.0,0.0,EUR
2022-02-15,157.4199981689453,157.4199981689453,0.0,0.0,EUR
2022-02-16,158.5500030517578,158.5500030517578,0.0,0.0,EUR
2022-02-17,161.25999450683594,161.25999450683594,0.0,0.0,EUR
2022-02-18,161.52000427246094,161.52000427246094,0.0,0.0,EUR
2022-02-21,161.72999572753906,161.72999572753906,0.0,0.0,EUR
2022-02-22,162.16000366210938,162.16000366210938,0.0,0.0,EUR
2022-02-23,163.0,163.0,0.0,0.0,EUR
2022-02-24,166.7899932861328,166.7899932861328,0.0,0.0,EUR
2022-02-25,162.10000610351562,162.10000610351562,0.0,0.0,EUR
2022-02-28,163.47999572753906,163.47999572753906,0.0,0.0,EUR
2022-03-01,168.0,168.0,0.0,0.0,EUR
2022-03-02,166.9499969482422,166.9499969482422,0.0,0.0,EUR
2022-03-03,168.7100067138672,168.7100067138672,0.0,0.0,EUR
2022-03-04,173.58999633789062,173.58999633789062,0.0,0.0,EUR
2022-03-07,176.14999389648438,176.14999389648438,0.0,0.0,EUR
2022-03-08,183.0399932861328,183.0399932861328,0.0,0.0,EUR
2022-03-09,174.5,174.5,0.0,0.0,EUR
2022-03-10,174.8699951171875,174.8699951171875,0.0,0.0,EUR
2022-03-11,175.3000030517578,175.3000030517578,0.0,0.0,EUR
2022-03-14,172.1999969482422,172.1999969482422,0.0,0.0,EUR
2022-03-15,169.97999572753906,169.97999572753906,0.0,0.0,EUR
2022-03-16,167.5500030517578,167.5500030517578,0.0,0.0,EUR
2022-03-17,168.99000549316406,168.99000549316406,0.0,0.0,EUR
2022-03-18,168.47999572753906,168.47999572753906,0.0,0.0,EUR
2022-03-21,169.49000549316406,169.49000549316406,0.0,0.0,EUR
2022-03-22,168.6999969482422,168.6999969482422,0.0,0.0,EUR
2022-03-23,169.91000366210938,169.91000366210938,0.0,0.0,EUR
2022-03-24,172.75,172.75,0.0,0.0,EUR
2022-03-25,172.1199951171875,172.1199951171875,0.0,0.0,EUR
2022-03-28,170.61000061035156,170.61000061035156,0.0,0.0,EUR
2022-03-29,166.4499969482422,166.4499969482422,0.0,0.0,EUR
2022-03-30,167.60000610351562,167.60000610351562,0.0,0.0,EUR
2022-03-31,169.36000061035156,169.36000061035156,0.0,0.0,EUR
2022-04-01,168.8300018310547,168.8300018310547,0.0,0.0,EUR
2022-04-04,169.82000732421875,169.82000732421875,0.0,0.0,EUR
2022-04-05,170.42999267578125,170.42999267578125,0.0,0.0,EUR
2022-04-06,170.7899932861328,170.7899932861328,0.0,0.0,EUR
2022-04-07,171.30999755859375,171.30999755859375,0.0,0.0,EUR
2022-04-08,173.00999450683594,173.00999450683594,0.0,0.0,EUR
2022-04-11,173.38999938964844,173.38999938964844,0.0,0.0,EUR
2022-04-12,175.7100067138672,175.7100067138672,0.0,0.0,EUR
2022-04-13,176.0800018310547,176.0800018310547,0.0,0.0,EUR
2022-04-14,175.9600067138672,175.9600067138672,0.0,0.0,EUR
2022-04-19,175.02000427246094,175.02000427246094,0.0,0.0,EUR
2022-04-20,174.02000427246094,174.02000427246094,0.0,0.0,EUR
2022-04-21,172.91000366210938,172.91000366210938,0.0,0.0,EUR
2022-04-22,173.1199951171875,173.1199951171875,0.0,0.0,EUR
2022-04-25,171.02000427246094,171.02000427246094,0.0,0.0,EUR
2022-04-26,172.5,172.5,0.0,0.0,EUR
2022-04-27,172.69000244140625,172.69000244140625,0.0,0.0,EUR
2022-04-28,173.6300048828125,173.6300048828125,0.0,0.0,EUR
2022-04-29,174.92999267578125,174.92999267578125,0.0,0.0,EUR
2022-05-02,171.44000244140625,171.44000244140625,0.0,0.0,EUR
2022-05-03,171.83999633789062,171.83999633789062,0.0,0.0,EUR
2022-05-04,170.99000549316406,170.99000549316406,0.0,0.0,EUR
2022-05-05,173.08999633789062,173.08999633789062,0.0,0.0,EUR
2022-05-06,172.69000244140625,172.69000244140625,0.0,0.0,EUR
2022-05-09,170.47999572753906,170.47999572753906,0.0,0.0,EUR
2022-05-10,169.3699951171875,169.3699951171875,0.0,0.0,EUR
2022-05-11,169.91000366210938,169.91000366210938,0.0,0.0,EUR
2022-05-12,170.61000061035156,170.61000061035156,0.0,0.0,EUR
2022-05-13,168.22000122070312,168.22000122070312,0.0,0.0,EUR
2022-05-16,168.3300018310547,168.3300018310547,0.0,0.0,EUR
2022-05-17,167.16000366210938,167.16000366210938,0.0,0.0,EUR
2022-05-18,167.3800048828125,167.3800048828125,0.0,0.0,EUR
2022-05-19,168.77999877929688,168.77999877929688,0.0,0.0,EUR
2022-05-20,169.1300048828125,169.1300048828125,0.0,0.0,EUR
2022-05-23,167.77999877929688,167.77999877929688,0.0,0.0,EUR
2022-05-24,168.1999969482422,168.1999969482422,0.0,0.0,EUR
2022-05-25,167.4600067138672,167.4600067138672,0.0,0.0,EUR
2022-05-26,166.3300018310547,166.3300018310547,0.0,0.0,EUR
2022-05-27,167.36000061035156,167.36000061035156,0.0,0.0,EUR
2022-05-30,166.5500030517578,166.5500030517578,0.0,0.0,EUR
2022-05-31,165.99000549316406,165.99000549316406,0.0,0.0,EUR
2022-06-01,167.39999389648438,167.39999389648438,0.0,0.0,EUR
2022-06-02,168.3300018310547,168.3300018310547,0.0,0.0,EUR
2022-06-03,167.10000610351562,167.10000610351562,0.0,0.0,EUR
2022-06-06,166.75,166.75,0.0,0.0,EUR
2022-06-07,167.2899932861328,167.2899932861328,0.0,0.0,EUR
2022-06-08,167.35000610351562,167.35000610351562,0.0,0.0,EUR
2022-06-09,167.19000244140625,167.19000244140625,0.0,0.0,EUR
2022-06-10,171.33999633789062,171.33999633789062,0.0,0.0,EUR
2022-06-13,169.2899932861328,169.2899932861328,0.0,0.0,EUR
2022-06-14,168.24000549316406,168.24000549316406,0.0,0.0,EUR
2022-06-15,169.1699981689453,169.1699981689453,0.0,0.0,EUR
2022-06-16,169.52000427246094,169.52000427246094,0.0,0.0,EUR
2022-06-17,170.22000122070312,170.22000122070312,0.0,0.0,EUR
2022-06-20,168.72999572753906,168.72999572753906,0.0,0.0,EUR
2022-06-21,168.4199981689453,168.4199981689453,0.0,0.0,EUR
2022-06-22,167.9600067138672,167.9600067138672,0.0,0.0,EUR
2022-06-23,168.80999755859375,168.80999755859375,0.0,0.0,EUR
2022-06-24,167.7100067138672,167.7100067138672,0.0,0.0,EUR
2022-06-27,165.9199981689453,165.9199981689453,0.0,0.0,EUR
2022-06-28,167.05999755859375,167.05999755859375,0.0,0.0,EUR
2022-06-29,167.6999969482422,167.6999969482422,0.0,0.0,EUR
2022-06-30,167.0800018310547,167.0800018310547,0.0,0.0,EUR
2022-07-01,167.6199951171875,167.6199951171875,0.0,0.0,EUR
2022-07-04,167.49000549316406,167.49000549316406,0.0,0.0,EUR
2022-07-05,166.52999877929688,166.52999877929688,0.0,0.0,EUR
2022-07-06,165.2899932861328,165.2899932861328,0.0,0.0,EUR
2022-07-07,165.66000366210938,165.66000366210938,0.0,0.0,EUR
2022-07-08,165.64999389648438,165.64999389648438,0.0,0.0,EUR
2022-07-11,166.57000732421875,166.57000732421875,0.0,0.0,EUR
2022-07-12,166.39999389648438,166.39999389648438,0.0,0.0,EUR
2022-07-13,166.66000366210938,166.66000366210938,0.0,0.0,EUR
2022-07-14,164.64999389648438,164.64999389648438,0.0,0.0,EUR
2022-07-15,163.41000366210938,163.41000366210938,0.0,0.0,EUR
2022-07-18,162.69000244140625,162.69000244140625,0.0,0.0,EUR
2022-07-19,161.92999267578125,161.92999267578125,0.0,0.0,EUR
2022-07-20,161.7100067138672,161.7100067138672,0.0,0.0,EUR
2022-07-21,162.2899932861328,162.2899932861328,0.0,0.0,EUR
2022-07-22,163.67999267578125,163.67999267578125,0.0,0.0,EUR
2022-07-25,162.47999572753906,162.47999572753906,0.0,0.0,EUR
2022-07-26,163.99000549316406,163.99000549316406,0.0,0.0,EUR
2022-07-27,164.02000427246094,164.02000427246094,0.0,0.0,EUR
2022-07-28,167.00999450683594,167.00999450683594,0.0,0.0,EUR
2022-07-29,167.2899932861328,167.2899932861328,0.0,0.0,EUR
2022-08-01,166.55999755859375,166.55999755859375,0.0,0.0,EUR
2022-08-02,168.6199951171875,168.6199951171875,0.0,0.0,EUR
2022-08-03,167.67999267578125,167.67999267578125,0.0,0.0,EUR
2022-08-04,168.89999389648438,168.89999389648438,0.0,0.0,EUR
2022-08-05,168.97000122070312,168.97000122070312,0.0,0.0,EUR
2022-08-08,169.13999938964844,169.13999938964844,0.0,0.0,EUR
2022-08-09,169.44000244140625,169.44000244140625,0.0,0.0,EUR
2022-08-10,168.0,168.0,0.0,0.0,EUR
2022-08-11,167.3300018310547,167.3300018310547,0.0,0.0,EUR
2022-08-12,169.25,169.25,0.0,0.0,EUR
2022-08-16,168.5399932861328,168.5399932861328,0.0,0.0,EUR
2022-08-17,167.6199951171875,167.6199951171875,0.0,0.0,EUR
2022-08-18,168.0500030517578,168.0500030517578,0.0,0.0,EUR
2022-08-19,168.27999877929688,168.27999877929688,0.0,0.0,EUR
2022-08-22,168.77999877929688,168.77999877929688,0.0,0.0,EUR
2022-08-23,169.38999938964844,169.38999938964844,0.0,0.0,EUR
2022-08-24,169.94000244140625,169.94000244140625,0.0,0.0,EUR
2022-08-25,170.30999755859375,170.30999755859375,0.0,0.0,EUR
2022-08-26,167.80999755859375,167.80999755859375,0.0,0.0,EUR
2022-08-29,168.3000030517578,168.3000030517578,0.0,0.0,EUR
2022-08-30,166.38999938964844,166.38999938964844,0.0,0.0,EUR
2022-08-31,165.2100067138672,165.2100067138672,0.0,0.0,EUR
2022-09-01,164.69000244140625,164.69000244140625,0.0,0.0,EUR
2022-09-02,165.22999572753906,165.22999572753906,0.0,0.0,EUR
2022-09-05,166.66000366210938,166.66000366210938,0.0,0.0,EUR
2022-09-06,166.16000366210938,166.16000366210938,0.0,0.0,EUR
2022-09-07,166.2100067138672,166.2100067138672,0.0,0.0,EUR
2022-09-08,165.77000427246094,165.77000427246094,0.0,0.0,EUR
2022-09-09,165.27000427246094,165.27000427246094,0.0,0.0,EUR
2022-09-12,165.1999969482422,165.1999969482422,0.0,0.0,EUR
2022-09-13,165.1999969482422,165.1999969482422,0.0,0.0,EUR
2022-09-14,165.1999969482422,165.1999969482422,0.0,0.0,EUR
2022-09-15,165.1999969482422,165.1999969482422,0.0,0.0,EUR
2022-09-16,165.1999969482422,165.1999969482422,0.0,0.0,EUR
2022-09-19,165.1999969482422,165.1999969482422,0.0,0.0,EUR
2022-09-20,165.1999969482422,165.1999969482422,0.0,0.0,EUR
2022-09-21,163.16000366210938,163.16000366210938,0.0,0.0,EUR
2022-09-22,164.39999389648438,164.39999389648438,0.0,0.0,EUR
2022-09-23,163.6300048828125,163.6300048828125,0.0,0.0,EUR
2022-09-26,164.25,164.25,0.0,0.0,EUR
2022-09-27,164.3000030517578,164.3000030517578,0.0,0.0,EUR
2022-09-28,165.7899932861328,165.7899932861328,0.0,0.0,EUR
2022-09-29,163.8699951171875,163.8699951171875,0.0,0.0,EUR
2022-09-30,165.0399932861328,165.0399932861328,0.0,0.0,EUR
2022-10-03,166.07000732421875,166.07000732421875,0.0,0.0,EUR
2022-10-04,167.22999572753906,167.22999572753906,0.0,0.0,EUR
2022-10-05,167.47999572753906,167.47999572753906,0.0,0.0,EUR
2022-10-06,168.42999267578125,168.42999267578125,0.0,0.0,EUR
2022-10-07,167.9499969482422,167.9499969482422,0.0,0.0,EUR
2022-10-10,166.4600067138672,166.4600067138672,0.0,0.0,EUR
2022-10-11,166.24000549316406,166.24000549316406,0.0,0.0,EUR
2022-10-12,166.1999969482422,166.1999969482422,0.0,0.0,EUR
2022-10-13,164.17999267578125,164.17999267578125,0.0,0.0,EUR
2022-10-14,163.32000732421875,163.32000732421875,0.0,0.0,EUR
2022-10-17,163.61000061035156,163.61000061035156,0.0,0.0,EUR
2022-10-18,162.10000610351562,162.10000610351562,0.0,0.0,EUR
2022-10-19,161.24000549316406,161.24000549316406,0.0,0.0,EUR
2022-10-20,161.44000244140625,161.44000244140625,0.0,0.0,EUR
2022-10-21,161.99000549316406,161.99000549316406,0.0,0.0,EUR
2022-10-24,161.3000030517578,161.3000030517578,0.0,0.0,EUR
2022-10-25,160.5,160.5,0.0,0.0,EUR
2022-10-26,160.38999938964844,160.38999938964844,0.0,0.0,EUR
2022-10-27,160.75,160.75,0.0,0.0,EUR
2022-10-28,159.47000122070312,159.47000122070312,0.0,0.0,EUR
2022-10-31,160.14999389648438,160.14999389648438,0.0,0.0,EUR
2022-11-01,161.08999633789062,161.08999633789062,0.0,0.0,EUR
2022-11-02,161.32000732421875,161.32000732421875,0.0,0.0,EUR
2022-11-03,161.14999389648438,161.14999389648438,0.0,0.0,EUR
2022-11-04,163.11000061035156,163.11000061035156,0.0,0.0,EUR
2022-11-07,162.22000122070312,162.22000122070312,0.0,0.0,EUR
2022-11-08,164.4499969482422,164.4499969482422,0.0,0.0,EUR
2022-11-09,164.74000549316406,164.74000549316406,0.0,0.0,EUR
2022-11-10,166.22000122070312,166.22000122070312,0.0,0.0,EUR
2022-11-11,164.8000030517578,164.8000030517578,0.0,0.0,EUR
2022-11-14,165.22000122070312,165.22000122070312,0.0,0.0,EUR
2022-11-15,164.75999450683594,164.75999450683594,0.0,0.0,EUR
2022-11-16,165.08999633789062,165.08999633789062,0.0,0.0,EUR
2022-11-17,164.61000061035156,164.61000061035156,0.0,0.0,EUR
2022-11-18,163.8800048828125,163.8800048828125,0.0,0.0,EUR
2022-11-21,163.5500030517578,163.5500030517578,0.0,0.0,EUR
2022-11-22,163.72999572753906,163.72999572753906,0.0,0.0,EUR
2022-11-23,162.52000427246094,162.52000427246094,0.0,0.0,EUR
2022-11-24,163.13999938964844,163.13999938964844,0.0,0.0,EUR
2022-11-25,162.66000366210938,162.66000366210938,0.0,0.0,EUR
2022-11-28,162.27000427246094,162.27000427246094,0.0,0.0,EUR
2022-11-29,163.5500030517578,163.5500030517578,0.0,0.0,EUR
2022-11-30,164.25999450683594,164.25999450683594,0.0,0.0,EUR
2022-12-01,165.6699981689453,165.6699981689453,0.0,0.0,EUR
2022-12-02,164.92999267578125,164.92999267578125,0.0,0.0,EUR
2022-12-05,163.27999877929688,163.27999877929688,0.0,0.0,EUR
2022-12-06,163.07000732421875,163.07000732421875,0.0,0.0,EUR
2022-12-07,163.8699951171875,163.8699951171875,0.0,0.0,EUR
2022-12-08,163.75999450683594,163.75999450683594,0.0,0.0,EUR
2022-12-09,165.19000244140625,165.19000244140625,0.0,0.0,EUR
2022-12-12,163.61000061035156,163.61000061035156,0.0,0.0,EUR
2022-12-13,164.4199981689453,164.4199981689453,0.0,0.0,EUR
2022-12-14,164.25,164.25,0.0,0.0,EUR
2022-12-15,161.22000122070312,161.22000122070312,0.0,0.0,EUR
2022-12-16,163.02999877929688,163.02999877929688,0.0,0.0,EUR
2022-12-19,162.83999633789062,162.83999633789062,0.0,0.0,EUR
2022-12-20,165.0399932861328,165.0399932861328,0.0,0.0,EUR
2022-12-21,165.5,165.5,0.0,0.0,EUR
2022-12-22,163.80999755859375,163.80999755859375,0.0,0.0,EUR
2022-12-23,163.97999572753906,163.97999572753906,0.0,0.0,EUR
2022-12-27,165.11000061035156,165.11000061035156,0.0,0.0,EUR
2022-12-28,163.8800048828125,163.8800048828125,0.0,0.0,EUR
2022-12-29,164.1999969482422,164.1999969482422,0.0,0.0,EUR
2022-12-30,164.1699981689453,164.1699981689453,0.0,0.0,EUR
2023-01-02,165.47000122070312,165.47000122070312,0.0,0.0,EUR
2023-01-03,167.58999633789062,167.58999633789062,0.0,0.0,EUR
2023-01-04,169.11000061035156,169.11000061035156,0.0,0.0,EUR
2023-01-05,168.00999450683594,168.00999450683594,0.0,0.0,EUR
2023-01-06,169.5,169.5,0.0,0.0,EUR
2023-01-09,168.69000244140625,168.69000244140625,0.0,0.0,EUR
2023-01-10,168.77999877929688,168.77999877929688,0.0,0.0,EUR
2023-01-11,168.02999877929688,168.02999877929688,0.0,0.0,EUR
2023-01-12,169.05999755859375,169.05999755859375,0.0,0.0,EUR
2023-01-13,170.85000610351562,170.85000610351562,0.0,0.0,EUR
2023-01-16,170.97000122070312,170.97000122070312,0.0,0.0,EUR
2023-01-17,171.07000732421875,171.07000732421875,0.0,0.0,EUR
2023-01-18,170.4600067138672,170.4600067138672,0.0,0.0,EUR
2023-01-19,171.8300018310547,171.8300018310547,0.0,0.0,EUR
2023-01-20,171.58999633789062,171.58999633789062,0.0,0.0,EUR
2023-01-23,170.9199981689453,170.9199981689453,0.0,0.0,EUR
2023-01-24,171.85000610351562,171.85000610351562,0.0,0.0,EUR
2023-01-25,171.55999755859375,171.55999755859375,0.0,0.0,EUR
2023-01-26,171.25,171.25,0.0,0.0,EUR
2023-01-27,171.85000610351562,171.85000610351562,0.0,0.0,EUR
2023-01-30,171.05999755859375,171.05999755859375,0.0,0.0,EUR
2023-01-31,171.47999572753906,171.47999572753906,0.0,0.0,EUR
2023-02-01,170.64999389648438,170.64999389648438,0.0,0.0,EUR
2023-02-02,169.74000549316406,169.74000549316406,0.0,0.0,EUR
2023-02-03,166.27999877929688,166.27999877929688,0.0,0.0,EUR
2023-02-06,168.22000122070312,168.22000122070312,0.0,0.0,EUR
2023-02-07,169.60000610351562,169.60000610351562,0.0,0.0,EUR
2023-02-08,168.85000610351562,168.85000610351562,0.0,0.0,EUR
2023-02-09,168.3000030517578,168.3000030517578,0.0,0.0,EUR
2023-02-10,168.16000366210938,168.16000366210938,0.0,0.0,EUR
2023-02-13,167.10000610351562,167.10000610351562,0.0,0.0,EUR
2023-02-14,166.5500030517578,166.5500030517578,0.0,0.0,EUR
2023-02-15,165.9199981689453,165.9199981689453,0.0,0.0,EUR
2023-02-16,166.16000366210938,166.16000366210938,0.0,0.0,EUR
2023-02-17,166.32000732421875,166.32000732421875,0.0,0.0,EUR
2023-02-20,166.66000366210938,166.66000366210938,0.0,0.0,EUR
2023-02-21,166.22999572753906,166.22999572753906,0.0,0.0,EUR
2023-02-22,166.77000427246094,166.77000427246094,0.0,0.0,EUR
2023-02-23,166.08999633789062,166.08999633789062,0.0,0.0,EUR
2023-02-24,165.9600067138672,165.9600067138672,0.0,0.0,EUR
2023-02-27,165.4199981689453,165.4199981689453,0.0,0.0,EUR
2023-02-28,166.30999755859375,166.30999755859375,0.0,0.0,EUR
2023-03-01,166.19000244140625,166.19000244140625,0.0,0.0,EUR
2023-03-02,167.38999938964844,167.38999938964844,0.0,0.0,EUR
2023-03-03,168.1300048828125,168.1300048828125,0.0,0.0,EUR
2023-03-06,167.38999938964844,167.38999938964844,0.0,0.0,EUR
2023-03-07,166.07000732421875,166.07000732421875,0.0,0.0,EUR
2023-03-08,166.41000366210938,166.41000366210938,0.0,0.0,EUR
2023-03-09,166.94000244140625,166.94000244140625,0.0,0.0,EUR
2023-03-10,168.10000610351562,168.10000610351562,0.0,0.0,EUR
2023-03-13,171.38999938964844,171.38999938964844,0.0,0.0,EUR
2023-03-14,171.6199951171875,171.6199951171875,0.0,0.0,EUR
2023-03-15,177.10000610351562,177.10000610351562,0.0,0.0,EUR
2023-03-16,174.61000061035156,174.61000061035156,0.0,0.0,EUR
2023-03-17,177.1699981689453,177.1699981689453,0.0,0.0,EUR
2023-03-20,178.02000427246094,178.02000427246094,0.0,0.0,EUR
2023-03-21,174.1699981689453,174.1699981689453,0.0,0.0,EUR
2023-03-22,174.3699951171875,174.3699951171875,0.0,0.0,EUR
2023-03-23,176.72000122070312,176.72000122070312,0.0,0.0,EUR
2023-03-24,178.22999572753906,178.22999572753906,0.0,0.0,EUR
2023-03-27,175.2100067138672,175.2100067138672,0.0,0.0,EUR
2023-03-28,175.36000061035156,175.36000061035156,0.0,0.0,EUR
2023-03-29,175.32000732421875,175.32000732421875,0.0,0.0,EUR
2023-03-30,174.7899932861328,174.7899932861328,0.0,0.0,EUR
2023-03-31,175.91000366210938,175.91000366210938,0.0,0.0,EUR
2023-04-03,176.5,176.5,0.0,0.0,EUR
2023-04-04,177.89999389648438,177.89999389648438,0.0,0.0,EUR
2023-04-05,178.6300048828125,178.6300048828125,0.0,0.0,EUR
2023-04-06,177.77000427246094,177.77000427246094,0.0,0.0,EUR
2023-04-11,177.32000732421875,177.32000732421875,0.0,0.0,EUR
2023-04-12,176.6999969482422,176.6999969482422,0.0,0.0,EUR
2023-04-13,178.2100067138672,178.2100067138672,0.0,0.0,EUR
2023-04-14,175.67999267578125,175.67999267578125,0.0,0.0,EUR
2023-04-17,176.02999877929688,176.02999877929688,0.0,0.0,EUR
2023-04-18,177.05999755859375,177.05999755859375,0.0,0.0,EUR
2023-04-19,175.63999938964844,175.63999938964844,0.0,0.0,EUR
2023-04-20,176.36000061035156,176.36000061035156,0.0,0.0,EUR
2023-04-21,173.89999389648438,173.89999389648438,0.0,0.0,EUR
2023-04-24,173.44000244140625,173.44000244140625,0.0,0.0,EUR
2023-04-25,174.8300018310547,174.8300018310547,0.0,0.0,EUR
2023-04-26,174.50999450683594,174.50999450683594,0.0,0.0,EUR
2023-04-27,173.91000366210938,173.91000366210938,0.0,0.0,EUR
2023-04-28,174.10000610351562,174.10000610351562,0.0,0.0,EUR
2023-05-02,176.86000061035156,176.86000061035156,0.0,0.0,EUR
2023-05-03,176.94000244140625,176.94000244140625,0.0,0.0,EUR
2023-05-04,179.91000366210938,179.91000366210938,0.0,0.0,EUR
2023-05-05,176.24000549316406,176.24000549316406,0.0,0.0,EUR
2023-05-08,177.7100067138672,177.7100067138672,0.0,0.0,EUR
2023-05-09,178.47999572753906,178.47999572753906,0.0,0.0,EUR
2023-05-10,178.08999633789062,178.08999633789062,0.0,0.0,EUR
2023-05-11,178.52999877929688,178.52999877929688,0.0,0.0,EUR
2023-05-12,178.80999755859375,178.80999755859375,0.0,0.0,EUR
2023-05-15,179.0800018310547,179.0800018310547,0.0,0.0,EUR
2023-05-16,177.88999938964844,177.88999938964844,0.0,0.0,EUR
2023-05-17,176.6699981689453,176.6699981689453,0.0,0.0,EUR
2023-05-18,175.22999572753906,175.22999572753906,0.0,0.0,EUR
2023-05-19,176.38999938964844,176.38999938964844,0.0,0.0,EUR
2023-05-22,176.25999450683594,176.25999450683594,0.0,0.0,EUR
2023-05-23,176.19000244140625,176.19000244140625,0.0,0.0,EUR
2023-05-24,176.8300018310547,176.8300018310547,0.0,0.0,EUR
2023-05-25,175.2899932861328,175.2899932861328,0.0,0.0,EUR
2023-05-26,175.1999969482422,175.1999969482422,0.0,0.0,EUR
2023-05-29,175.47000122070312,175.47000122070312,0.0,0.0,EUR
2023-05-30,176.57000732421875,176.57000732421875,0.0,0.0,EUR
2023-05-31,178.74000549316406,178.74000549316406,0.0,0.0,EUR
2023-06-01,178.74000549316406,178.74000549316406,0.0,0.0,EUR
2023-06-02,176.6999969482422,176.6999969482422,0.0,0.0,EUR
2023-06-05,176.49000549316406,176.49000549316406,0.0,0.0,EUR
2023-06-06,177.07000732421875,177.07000732421875,0.0,0.0,EUR
2023-06-07,176.17999267578125,176.17999267578125,0.0,0.0,EUR
2023-06-08,176.1699981689453,176.1699981689453,0.0,0.0,EUR
2023-06-09,176.27000427246094,176.27000427246094,0.0,0.0,EUR
2023-06-12,175.77000427246094,175.77000427246094,0.0,0.0,EUR
2023-06-13,174.00999450683594,174.00999450683594,0.0,0.0,EUR
2023-06-14,174.27000427246094,174.27000427246094,0.0,0.0,EUR
2023-06-15,172.83999633789062,172.83999633789062,0.0,0.0,EUR
2023-06-16,173.14999389648438,173.14999389648438,0.0,0.0,EUR
2023-06-19,172.5500030517578,172.5500030517578,0.0,0.0,EUR
2023-06-20,171.2899932861328,171.2899932861328,0.0,0.0,EUR
2023-06-21,170.27000427246094,170.27000427246094,0.0,0.0,EUR
2023-06-22,168.6199951171875,168.6199951171875,0.0,0.0,EUR
2023-06-23,170.5,170.5,0.0,0.0,EUR
2023-06-26,170.5500030517578,170.5500030517578,0.0,0.0,EUR
2023-06-27,168.80999755859375,168.80999755859375,0.0,0.0,EUR
2023-06-28,169.19000244140625,169.19000244140625,0.0,0.0,EUR
2023-06-29,169.4499969482422,169.4499969482422,0.0,0.0,EUR
2023-06-30,169.63999938964844,169.63999938964844,0.0,0.0,EUR
2023-07-03,170.5,170.5,0.0,0.0,EUR
2023-07-04,170.75,170.75,0.0,0.0,EUR
2023-07-05,170.80999755859375,170.80999755859375,0.0,0.0,EUR
2023-07-06,169.60000610351562,169.60000610351562,0.0,0.0,EUR
2023-07-07,170.16000366210938,170.16000366210938,0.0,0.0,EUR
2023-07-10,169.0500030517578,169.0500030517578,0.0,0.0,EUR
2023-07-11,169.75999450683594,169.75999450683594,0.0,0.0,EUR
2023-07-12,169.6699981689453,169.6699981689453,0.0,0.0,EUR
2023-07-13,169.1699981689453,169.1699981689453,0.0,0.0,EUR
2023-07-14,168.19000244140625,168.19000244140625,0.0,0.0,EUR
2023-07-17,167.77999877929688,167.77999877929688,0.0,0.0,EUR
2023-07-18,170.39999389648438,170.39999389648438,0.0,0.0,EUR
2023-07-19,170.3800048828125,170.3800048828125,0.0,0.0,EUR
2023-07-20,170.6300048828125,170.6300048828125,0.0,0.0,EUR
2023-07-21,170.27000427246094,170.27000427246094,0.0,0.0,EUR
2023-07-24,170.9199981689453,170.9199981689453,0.0,0.0,EUR
2023-07-25,171.6199951171875,171.6199951171875,0.0,0.0,EUR
2023-07-26,172.0500030517578,172.0500030517578,0.0,0.0,EUR
2023-07-27,170.82000732421875,170.82000732421875,0.0,0.0,EUR
2023-07-28,171.77999877929688,171.77999877929688,0.0,0.0,EUR
2023-07-31,172.57000732421875,172.57000732421875,0.0,0.0,EUR
2023-08-01,171.2899932861328,171.2899932861328,0.0,0.0,EUR
2023-08-02,170.6300048828125,170.6300048828125,0.0,0.0,EUR
2023-08-03,170.83999633789062,170.83999633789062,0.0,0.0,EUR
2023-08-04,169.75,169.75,0.0,0.0,EUR
2023-08-07,169.52999877929688,169.52999877929688,0.0,0.0,EUR
2023-08-08,169.80999755859375,169.80999755859375,0.0,0.0,EUR
2023-08-09,168.55999755859375,168.55999755859375,0.0,0.0,EUR
2023-08-10,167.8699951171875,167.8699951171875,0.0,0.0,EUR
2023-08-11,168.9600067138672,168.9600067138672,0.0,0.0,EUR
2023-08-14,168.8699951171875,168.8699951171875,0.0,0.0,EUR
2023-08-16,168.47000122070312,168.47000122070312,0.0,0.0,EUR
2023-08-17,168.13999938964844,168.13999938964844,0.0,0.0,EUR
2023-08-18,168.0,168.0,0.0,0.0,EUR
2023-08-21,167.39999389648438,167.39999389648438,0.0,0.0,EUR
2023-08-22,168.77999877929688,168.77999877929688,0.0,0.0,EUR
2023-08-23,170.4499969482422,170.4499969482422,0.0,0.0,EUR
2023-08-24,171.22999572753906,171.22999572753906,0.0,0.0,EUR
2023-08-25,170.69000244140625,170.69000244140625,0.0,0.0,EUR
2023-08-28,171.74000549316406,171.74000549316406,0.0,0.0,EUR
2023-08-29,172.25999450683594,172.25999450683594,0.0,0.0,EUR
2023-08-30,171.80999755859375,171.80999755859375,0.0,0.0,EUR
2023-08-31,172.77999877929688,172.77999877929688,0.0,0.0,EUR
2023-09-01,173.3000030517578,173.3000030517578,0.0,0.0,EUR
2023-09-04,173.47000122070312,173.47000122070312,0.0,0.0,EUR
2023-09-05,173.60000610351562,173.60000610351562,0.0,0.0,EUR
2023-09-06,172.69000244140625,172.69000244140625,0.0,0.0,EUR
2023-09-07,173.07000732421875,173.07000732421875,0.0,0.0,EUR
2023-09-08,173.10000610351562,173.10000610351562,0.0,0.0,EUR
2023-09-11,172.72999572753906,172.72999572753906,0.0,0.0,EUR
2023-09-12,172.00999450683594,172.00999450683594,0.0,0.0,EUR
2023-09-13,171.72000122070312,171.72000122070312,0.0,0.0,EUR
2023-09-14,172.72999572753906,172.72999572753906,0.0,0.0,EUR
2023-09-15,174.22000122070312,174.22000122070312,0.0,0.0,EUR
2023-09-18,174.08999633789062,174.08999633789062,0.0,0.0,EUR
2023-09-19,174.75,174.75,0.0,0.0,EUR
2023-09-20,175.14999389648438,175.14999389648438,0.0,0.0,EUR
2023-09-21,173.67999267578125,173.67999267578125,0.0,0.0,EUR
2023-09-22,174.58999633789062,174.58999633789062,0.0,0.0,EUR
2023-09-25,174.94000244140625,174.94000244140625,0.0,0.0,EUR
2023-09-26,173.75999450683594,173.75999450683594,0.0,0.0,EUR
2023-09-27,172.5500030517578,172.5500030517578,0.0,0.0,EUR
2023-09-28,169.92999267578125,169.92999267578125,0.0,0.0,EUR
2023-09-29,169.05999755859375,169.05999755859375,0.0,0.0,EUR
2023-10-02,168.41000366210938,168.41000366210938,0.0,0.0,EUR
2023-10-03,168.39999389648438,168.39999389648438,0.0,0.0,EUR
2023-10-04,167.47000122070312,167.47000122070312,0.0,0.0,EUR
2023-10-05,166.47999572753906,166.47999572753906,0.0,0.0,EUR
2023-10-06,167.19000244140625,167.19000244140625,0.0,0.0,EUR
2023-10-09,169.49000549316406,169.49000549316406,0.0,0.0,EUR
2023-10-10,169.1699981689453,169.1699981689453,0.0,0.0,EUR
2023-10-11,170.1999969482422,170.1999969482422,0.0,0.0,EUR
2023-10-12,171.3000030517578,171.3000030517578,0.0,0.0,EUR
2023-10-13,176.6699981689453,176.6699981689453,0.0,0.0,EUR
2023-10-16,175.9199981689453,175.9199981689453,0.0,0.0,EUR
2023-10-17,175.58999633789062,175.58999633789062,0.0,0.0,EUR
2023-10-18,178.14999389648438,178.14999389648438,0.0,0.0,EUR
2023-10-19,178.55999755859375,178.55999755859375,0.0,0.0,EUR
2023-10-20,181.7899932861328,181.7899932861328,0.0,0.0,EUR
2023-10-23,179.5,179.5,0.0,0.0,EUR
2023-10-24,178.9600067138672,178.9600067138672,0.0,0.0,EUR
2023-10-25,180.1699981689453,180.1699981689453,0.0,0.0,EUR
2023-10-26,181.36000061035156,181.36000061035156,0.0,0.0,EUR
2023-10-27,180.35000610351562,180.35000610351562,0.0,0.0,EUR
2023-10-30,181.9199981689453,181.9199981689453,0.0,0.0,EUR
2023-10-31,182.0,182.0,0.0,0.0,EUR
2023-11-01,181.1300048828125,181.1300048828125,0.0,0.0,EUR
2023-11-02,180.24000549316406,180.24000549316406,0.0,0.0,EUR
2023-11-03,179.14999389648438,179.14999389648438,0.0,0.0,EUR
2023-11-06,178.1300048828125,178.1300048828125,0.0,0.0,EUR
2023-11-07,177.52000427246094,177.52000427246094,0.0,0.0,EUR
2023-11-08,176.36000061035156,176.36000061035156,0.0,0.0,EUR
2023-11-09,176.91000366210938,176.91000366210938,0.0,0.0,EUR
2023-11-10,175.33999633789062,175.33999633789062,0.0,0.0,EUR
2023-11-13,175.4600067138672,175.4600067138672,0.0,0.0,EUR
2023-11-14,174.6999969482422,174.6999969482422,0.0,0.0,EUR
2023-11-15,174.38999938964844,174.38999938964844,0.0,0.0,EUR
2023-11-16,176.33999633789062,176.33999633789062,0.0,0.0,EUR
2023-11-17,175.8800048828125,175.8800048828125,0.0,0.0,EUR
2023-11-20,174.13999938964844,174.13999938964844,0.0,0.0,EUR
2023-11-21,176.55999755859375,176.55999755859375,0.0,0.0,EUR
2023-11-22,177.0,177.0,0.0,0.0,EUR
2023-11-23,176.2899932861328,176.2899932861328,0.0,0.0,EUR
2023-11-24,176.57000732421875,176.57000732421875,0.0,0.0,EUR
2023-11-27,177.3800048828125,177.3800048828125,0.0,0.0,EUR
2023-11-28,178.8699951171875,178.8699951171875,0.0,0.0,EUR
2023-11-29,179.60000610351562,179.60000610351562,0.0,0.0,EUR
2023-11-30,180.47000122070312,180.47000122070312,0.0,0.0,EUR
2023-12-01,182.6199951171875,182.6199951171875,0.0,0.0,EUR
2023-12-04,180.66000366210938,180.66000366210938,0.0,0.0,EUR
2023-12-05,180.0500030517578,180.0500030517578,0.0,0.0,EUR
2023-12-06,181.25,181.25,0.0,0.0,EUR
2023-12-07,181.36000061035156,181.36000061035156,0.0,0.0,EUR
2023-12-08,180.00999450683594,180.00999450683594,0.0,0.0,EUR
2023-12-11,177.85000610351562,177.85000610351562,0.0,0.0,EUR
2023-12-12,177.3000030517578,177.3000030517578,0.0,0.0,EUR
2023-12-13,177.22000122070312,177.22000122070312,0.0,0.0,EUR
2023-12-14,179.05999755859375,179.05999755859375,0.0,0.0,EUR
2023-12-15,180.0,180.0,0.0,0.0,EUR
2023-12-18,178.8699951171875,178.8699951171875,0.0,0.0,EUR
2023-12-19,179.8000030517578,179.8000030517578,0.0,0.0,EUR
2023-12-20,178.97999572753906,178.97999572753906,0.0,0.0,EUR
2023-12-21,179.52000427246094,179.52000427246094,0.0,0.0,EUR
2023-12-22,180.44000244140625,180.44000244140625,0.0,0.0,EUR
2023-12-27,180.5500030517578,180.5500030517578,0.0,0.0,EUR
2023-12-28,180.82000732421875,180.82000732421875,0.0,0.0,EUR
2023-12-29,180.4199981689453,180.4199981689453,0.0,0.0,EUR
2024-01-02,181.9199981689453,181.9199981689453,0.0,0.0,EUR
2024-01-03,179.8800048828125,179.8800048828125,0.0,0.0,EUR
2024-01-04,180.10000610351562,180.10000610351562,0.0,0.0,EUR
2024-01-05,180.58999633789062,180.58999633789062,0.0,0.0,EUR
2024-01-08,178.86000061035156,178.86000061035156,0.0,0.0,EUR
2024-01-09,179.2100067138672,179.2100067138672,0.0,0.0,EUR
2024-01-10,178.41000366210938,178.41000366210938,0.0,0.0,EUR
2024-01-11,178.05999755859375,178.05999755859375,0.0,0.0,EUR
2024-01-12,180.67999267578125,180.67999267578125,0.0,0.0,EUR
2024-01-15,180.97000122070312,180.97000122070312,0.0,0.0,EUR
2024-01-16,180.52000427246094,180.52000427246094,0.0,0.0,EUR
2024-01-17,178.63999938964844,178.63999938964844,0.0,0.0,EUR
2024-01-18,179.0800018310547,179.0800018310547,0.0,0.0,EUR
2024-01-19,179.52999877929688,179.52999877929688,0.0,0.0,EUR
2024-01-22,179.3300018310547,179.3300018310547,0.0,0.0,EUR
2024-01-23,180.27999877929688,180.27999877929688,0.0,0.0,EUR
2024-01-24,178.42999267578125,178.42999267578125,0.0,0.0,EUR
2024-01-25,179.52000427246094,179.52000427246094,0.0,0.0,EUR
2024-01-26,179.19000244140625,179.19000244140625,0.0,0.0,EUR
2024-01-29,180.97999572753906,180.97999572753906,0.0,0.0,EUR
2024-01-30,180.97000122070312,180.97000122070312,0.0,0.0,EUR
2024-01-31,182.4199981689453,182.4199981689453,0.0,0.0,EUR
2024-02-01,183.19000244140625,183.19000244140625,0.0,0.0,EUR
2024-02-02,181.91000366210938,181.91000366210938,0.0,0.0,EUR
2024-02-05,181.72000122070312,181.72000122070312,0.0,0.0,EUR
2024-02-06,182.8699951171875,182.8699951171875,0.0,0.0,EUR
2024-02-07,182.83999633789062,182.83999633789062,0.0,0.0,EUR
2024-02-08,181.89999389648438,181.89999389648438,0.0,0.0,EUR
2024-02-09,180.9600067138672,180.9600067138672,0.0,0.0,EUR
2024-02-12,180.33999633789062,180.33999633789062,0.0,0.0,EUR
2024-02-13,179.55999755859375,179.55999755859375,0.0,0.0,EUR
2024-02-14,179.0500030517578,179.0500030517578,0.0,0.0,EUR
2024-02-15,179.3800048828125,179.3800048828125,0.0,0.0,EUR
2024-02-16,180.0,180.0,0.0,0.0,EUR
2024-02-19,180.8000030517578,180.8000030517578,0.0,0.0,EUR
2024-02-20,181.05999755859375,181.05999755859375,0.0,0.0,EUR
2024-02-21,180.64999389648438,180.64999389648438,0.0,0.0,EUR
2024-02-22,180.39999389648438,180.39999389648438,0.0,0.0,EUR
2024-02-23,181.2899932861328,181.2899932861328,0.0,0.0,EUR
2024-02-26,180.3300018310547,180.3300018310547,0.0,0.0,EUR
2024-02-27,180.85000610351562,180.85000610351562,0.0,0.0,EUR
2024-02-28,180.97999572753906,180.97999572753906,0.0,0.0,EUR
2024-02-29,182.42999267578125,182.42999267578125,0.0,0.0,EUR
2024-03-01,185.00999450683594,185.00999450683594,0.0,0.0,EUR
2024-03-04,188.24000549316406,188.24000549316406,0.0,0.0,EUR
2024-03-05,188.88999938964844,188.88999938964844,0.0,0.0,EUR
2024-03-06,189.8000030517578,189.8000030517578,0.0,0.0,EUR
2024-03-07,190.14999389648438,190.14999389648438,0.0,0.0,EUR
2024-03-08,191.80999755859375,191.80999755859375,0.0,0.0,EUR
2024-03-11,192.60000610351562,192.60000610351562,0.0,0.0,EUR
2024-03-12,191.30999755859375,191.30999755859375,0.0,0.0,EUR
2024-03-13,191.5399932861328,191.5399932861328,0.0,0.0,EUR
2024-03-14,191.4499969482422,191.4499969482422,0.0,0.0,EUR
2024-03-15,191.6300048828125,191.6300048828125,0.0,0.0,EUR
2024-03-18,191.5500030517578,191.5500030517578,0.0,0.0,EUR
2024-03-19,191.22000122070312,191.22000122070312,0.0,0.0,EUR
2024-03-20,191.5399932861328,191.5399932861328,0.0,0.0,EUR
2024-03-21,193.44000244140625,193.44000244140625,0.0,0.0,EUR
2024-03-22,193.2899932861328,193.2899932861328,0.0,0.0,EUR
2024-03-25,193.72999572753906,193.72999572753906,0.0,0.0,EUR
2024-03-26,193.9600067138672,193.9600067138672,0.0,0.0,EUR
2024-03-27,195.5,195.5,0.0,0.0,EUR
2024-03-28,198.25999450683594,198.25999450683594,0.0,0.0,EUR
2024-04-02,201.64999389648438,201.64999389648438,0.0,0.0,EUR
2024-04-03,203.61000061035156,203.61000061035156,0.0,0.0,EUR
2024-04-04,203.4199981689453,203.4199981689453,0.0,0.0,EUR
2024-04-05,207.0800018310547,207.0800018310547,0.0,0.0,EUR
2024-04-08,207.07000732421875,207.07000732421875,0.0,0.0,EUR
2024-04-09,208.6999969482422,208.6999969482422,0.0,0.0,EUR
2024-04-10,210.0800018310547,210.0800018310547,0.0,0.0,EUR
2024-04-11,210.6699981689453,210.6699981689453,0.0,0.0,EUR
2024-04-12,217.0500030517578,217.0500030517578,0.0,0.0,EUR
2024-04-15,212.99000549316406,212.99000549316406,0.0,0.0,EUR
2024-04-16,216.4199981689453,216.4199981689453,0.0,0.0,EUR
2024-04-17,216.22000122070312,216.22000122070312,0.0,0.0,EUR
2024-04-18,215.5800018310547,215.5800018310547,0.0,0.0,EUR
2024-04-19,216.3699951171875,216.3699951171875,0.0,0.0,EUR
2024-04-22,211.5500030517578,211.5500030517578,0.0,0.0,EUR
2024-04-23,209.4199981689453,209.4199981689453,0.0,0.0,EUR
2024-04-24,210.13999938964844,210.13999938964844,0.0,0.0,EUR
2024-04-25,209.9499969482422,209.9499969482422,0.0,0.0,EUR
2024-04-26,210.6699981689453,210.6699981689453,0.0,0.0,EUR
2024-04-29,210.41000366210938,210.41000366210938,0.0,0.0,EUR
2024-04-30,207.3800048828125,207.3800048828125,0.0,0.0,EUR
2024-05-02,207.22000122070312,207.22000122070312,0.0,0.0,EUR
2024-05-03,205.36000061035156,205.36000061035156,0.0,0.0,EUR
2024-05-06,207.8300018310547,207.8300018310547,0.0,0.0,EUR
2024-05-07,207.27999877929688,207.27999877929688,0.0,0.0,EUR
2024-05-08,208.14999389648438,208.14999389648438,0.0,0.0,EUR
2024-05-09,208.85000610351562,208.85000610351562,0.0,0.0,EUR
2024-05-10,211.74000549316406,211.74000549316406,0.0,0.0,EUR
2024-05-13,208.6300048828125,208.6300048828125,0.0,0.0,EUR
2024-05-14,209.8699951171875,209.8699951171875,0.0,0.0,EUR
2024-05-15,211.44000244140625,211.44000244140625,0.0,0.0,EUR
2024-05-16,211.49000549316406,211.49000549316406,0.0,0.0,EUR
2024-05-17,213.5500030517578,213.5500030517578,0.0,0.0,EUR
2024-05-20,215.24000549316406,215.24000549316406,0.0,0.0,EUR
2024-05-21,215.85000610351562,215.85000610351562,0.0,0.0,EUR
2024-05-22,212.72000122070312,212.72000122070312,0.0,0.0,EUR
2024-05-23,209.0,209.0,0.0,0.0,EUR
2024-05-24,207.47999572753906,207.47999572753906,0.0,0.0,EUR
2024-05-27,209.25999450683594,209.25999450683594,0.0,0.0,EUR
2024-05-28,208.94000244140625,208.94000244140625,0.0,0.0,EUR
2024-05-29,208.67999267578125,208.67999267578125,0.0,0.0,EUR
2024-05-30,208.36000061035156,208.36000061035156,0.0,0.0,EUR
2024-05-31,207.0500030517578,207.0500030517578,0.0,0.0,EUR
2024-06-03,207.72999572753906,207.72999572753906,0.0,0.0,EUR
2024-06-04,206.17999267578125,206.17999267578125,0.0,0.0,EUR
2024-06-05,208.6999969482422,208.6999969482422,0.0,0.0,EUR
2024-06-06,210.38999938964844,210.38999938964844,0.0,0.0,EUR
2024-06-07,206.27999877929688,206.27999877929688,0.0,0.0,EUR
2024-06-10,206.88999938964844,206.88999938964844,0.0,0.0,EUR
2024-06-11,207.77999877929688,207.77999877929688,0.0,0.0,EUR
2024-06-12,207.49000549316406,207.49000549316406,0.0,0.0,EUR
2024-06-13,206.9499969482422,206.9499969482422,0.0,0.0,EUR
2024-06-14,209.75999450683594,209.75999450683594,0.0,0.0,EUR
2024-06-17,208.63999938964844,208.63999938964844,0.0,0.0,EUR
2024-06-18,208.6300048828125,208.6300048828125,0.0,0.0,EUR
2024-06-19,209.0,209.0,0.0,0.0,EUR
2024-06-20,211.8300018310547,211.8300018310547,0.0,0.0,EUR
2024-06-21,210.0,210.0,0.0,0.0,EUR
2024-06-24,209.5500030517578,209.5500030517578,0.0,0.0,EUR
2024-06-25,208.89999389648438,208.89999389648438,0.0,0.0,EUR
2024-06-26,207.74000549316406,207.74000549316406,0.0,0.0,EUR
2024-06-27,209.69000244140625,209.69000244140625,0.0,0.0,EUR
2024-06-28,209.44000244140625,209.44000244140625,0.0,0.0,EUR
2024-07-01,209.3000030517578,209.3000030517578,0.0,0.0,EUR
2024-07-02,209.0800018310547,209.0800018310547,0.0,0.0,EUR
2024-07-03,210.94000244140625,210.94000244140625,0.0,0.0,EUR
2024-07-04,210.19000244140625,210.19000244140625,0.0,0.0,EUR
2024-07-05,212.47999572753906,212.47999572753906,0.0,0.0,EUR
2024-07-08,210.77999877929688,210.77999877929688,0.0,0.0,EUR
2024-07-09,210.19000244140625,210.19000244140625,0.0,0.0,EUR
2024-07-10,211.91000366210938,211.91000366210938,0.0,0.0,EUR
2024-07-11,214.88999938964844,214.88999938964844,0.0,0.0,EUR
2024-07-12,213.11000061035156,213.11000061035156,0.0,0.0,EUR
2024-07-15,215.0500030517578,215.0500030517578,0.0,0.0,EUR
2024-07-16,217.99000549316406,217.99000549316406,0.0,0.0,EUR
2024-07-17,217.22999572753906,217.22999572753906,0.0,0.0,EUR
2024-07-18,217.8800048828125,217.8800048828125,0.0,0.0,EUR
2024-07-19,213.0,213.0,0.0,0.0,EUR
2024-07-22,211.67999267578125,211.67999267578125,0.0,0.0,EUR
2024-07-23,213.57000732421875,213.57000732421875,0.0,0.0,EUR
2024-07-24,215.60000610351562,215.60000610351562,0.0,0.0,EUR
2024-07-25,210.08999633789062,210.08999633789062,0.0,0.0,EUR
2024-07-26,211.80999755859375,211.80999755859375,0.0,0.0,EUR
2024-07-29,211.55999755859375,211.55999755859375,0.0,0.0,EUR
2024-07-30,212.97000122070312,212.97000122070312,0.0,0.0,EUR
2024-07-31,215.69000244140625,215.69000244140625,0.0,0.0,EUR
2024-08-01,218.9199981689453,218.9199981689453,0.0,0.0,EUR
2024-08-02,214.0399932861328,214.0399932861328,0.0,0.0,EUR
2024-08-05,211.8699951171875,211.8699951171875,0.0,0.0,EUR
2024-08-06,210.55999755859375,210.55999755859375,0.0,0.0,EUR
2024-08-07,211.64999389648438,211.64999389648438,0.0,0.0,EUR
2024-08-08,213.9499969482422,213.9499969482422,0.0,0.0,EUR
2024-08-09,214.4499969482422,214.4499969482422,0.0,0.0,EUR
2024-08-12,217.0399932861328,217.0399932861328,0.0,0.0,EUR
2024-08-13,217.52999877929688,217.52999877929688,0.0,0.0,EUR
2024-08-14,214.05999755859375,214.05999755859375,0.0,0.0,EUR
2024-08-16,218.0800018310547,218.0800018310547,0.0,0.0,EUR
2024-08-19,218.07000732421875,218.07000732421875,0.0,0.0,EUR
2024-08-20,217.9499969482422,217.9499969482422,0.0,0.0,EUR
2024-08-21,217.0800018310547,217.0800018310547,0.0,0.0,EUR
2024-08-22,215.0,215.0,0.0,0.0,EUR
2024-08-23,216.94000244140625,216.94000244140625,0.0,0.0,EUR
2024-08-26,216.86000061035156,216.86000061035156,0.0,0.0,EUR
2024-08-27,217.33999633789062,217.33999633789062,0.0,0.0,EUR
2024-08-28,217.36000061035156,217.36000061035156,0.0,0.0,EUR
2024-08-29,219.3000030517578,219.3000030517578,0.0,0.0,EUR
2024-08-30,218.30999755859375,218.30999755859375,0.0,0.0,EUR
2024-09-02,217.97999572753906,217.97999572753906,0.0,0.0,EUR
2024-09-03,216.6999969482422,216.6999969482422,0.0,0.0,EUR
2024-09-04,217.3699951171875,217.3699951171875,0.0,0.0,EUR
2024-09-05,218.3699951171875,218.3699951171875,0.0,0.0,EUR
2024-09-06,218.3800048828125,218.3800048828125,0.0,0.0,EUR
2024-09-09,218.17999267578125,218.17999267578125,0.0,0.0,EUR
2024-09-10,219.8699951171875,219.8699951171875,0.0,0.0,EUR
2024-09-11,220.00999450683594,220.00999450683594,0.0,0.0,EUR
2024-09-12,223.08999633789062,223.08999633789062,0.0,0.0,EUR
2024-09-13,224.3800048828125,224.3800048828125,0.0,0.0,EUR
2024-09-16,223.72000122070312,223.72000122070312,0.0,0.0,EUR
2024-09-17,222.49000549316406,222.49000549316406,0.0,0.0,EUR
2024-09-18,223.2100067138672,223.2100067138672,0.0,0.0,EUR
2024-09-19,223.64999389648438,223.64999389648438,0.0,0.0,EUR
2024-09-20,226.57000732421875,226.57000732421875,0.0,0.0,EUR
2024-09-23,227.74000549316406,227.74000549316406,0.0,0.0,EUR
2024-09-24,228.6199951171875,228.6199951171875,0.0,0.0,EUR
2024-09-25,229.42999267578125,229.42999267578125,0.0,0.0,EUR
2024-09-26,230.5500030517578,230.5500030517578,0.0,0.0,EUR
2024-09-27,229.00999450683594,229.00999450683594,0.0,0.0,EUR
2024-09-30,227.63999938964844,227.63999938964844,0.0,0.0,EUR
2024-10-01,232.14999389648438,232.14999389648438,0.0,0.0,EUR
2024-10-02,231.13999938964844,231.13999938964844,0.0,0.0,EUR
2024-10-03,232.22999572753906,232.22999572753906,0.0,0.0,EUR
2024-10-04,233.97000122070312,233.97000122070312,0.0,0.0,EUR
2024-10-07,232.72999572753906,232.72999572753906,0.0,0.0,EUR
2024-10-08,229.50999450683594,229.50999450683594,0.0,0.0,EUR
2024-10-09,230.0399932861328,230.0399932861328,0.0,0.0,EUR
2024-10-10,231.57000732421875,231.57000732421875,0.0,0.0,EUR
2024-10-11,234.02999877929688,234.02999877929688,0.0,0.0,EUR
2024-10-14,233.82000732421875,233.82000732421875,0.0,0.0,EUR
2024-10-15,235.4199981689453,235.4199981689453,0.0,0.0,EUR
2024-10-16,237.00999450683594,237.00999450683594,0.0,0.0,EUR
2024-10-17,239.9499969482422,239.9499969482422,0.0,0.0,EUR
2024-10-18,241.10000610351562,241.10000610351562,0.0,0.0,EUR
2024-10-21,242.44000244140625,242.44000244140625,0.0,0.0,EUR
2024-10-22,244.44000244140625,244.44000244140625,0.0,0.0,EUR
2024-10-23,242.99000549316406,242.99000549316406,0.0,0.0,EUR
2024-10-24,243.91000366210938,243.91000366210938,0.0,0.0,EUR
2024-10-25,244.08999633789062,244.08999633789062,0.0,0.0,EUR
2024-10-28,244.74000549316406,244.74000549316406,0.0,0.0,EUR
2024-10-29,247.0,247.0,0.0,0.0,EUR
2024-10-30,247.19000244140625,247.19000244140625,0.0,0.0,EUR
2024-10-31,243.38999938964844,243.38999938964844,0.0,0.0,EUR
2024-11-01,243.97000122070312,243.97000122070312,0.0,0.0,EUR
2024-11-04,242.24000549316406,242.24000549316406,0.0,0.0,EUR
2024-11-05,241.75999450683594,241.75999450683594,0.0,0.0,EUR
2024-11-06,239.97999572753906,239.97999572753906,0.0,0.0,EUR
2024-11-07,240.72000122070312,240.72000122070312,0.0,0.0,EUR
2024-11-08,241.61000061035156,241.61000061035156,0.0,0.0,EUR
2024-11-11,236.86000061035156,236.86000061035156,0.0,0.0,EUR
2024-11-12,236.3300018310547,236.3300018310547,0.0,0.0,EUR
2024-11-13,236.0,236.0,0.0,0.0,EUR
2024-11-14,234.97999572753906,234.97999572753906,0.0,0.0,EUR
2024-11-15,234.30999755859375,234.30999755859375,0.0,0.0,EUR
2024-11-18,238.07000732421875,238.07000732421875,0.0,0.0,EUR
2024-11-19,239.0,239.0,0.0,0.0,EUR
2024-11-20,243.1300048828125,243.1300048828125,0.0,0.0,EUR
2024-11-21,245.24000549316406,245.24000549316406,0.0,0.0,EUR
2024-11-22,250.72000122070312,250.72000122070312,0.0,0.0,EUR
2024-11-25,242.38999938964844,242.38999938964844,0.0,0.0,EUR
2024-11-26,241.75,241.75,0.0,0.0,EUR
2024-11-27,240.94000244140625,240.94000244140625,0.0,0.0,EUR
2024-11-28,241.38999938964844,241.38999938964844,0.0,0.0,EUR
2024-11-29,243.0399932861328,243.0399932861328,0.0,0.0,EUR
2024-12-02,242.72000122070312,242.72000122070312,0.0,0.0,EUR
2024-12-03,242.52000427246094,242.52000427246094,0.0,0.0,EUR
2024-12-04,242.6999969482422,242.6999969482422,0.0,0.0,EUR
2024-12-05,240.4199981689453,240.4199981689453,0.0,0.0,EUR
2024-12-06,240.7899932861328,240.7899932861328,0.0,0.0,EUR
2024-12-09,243.00999450683594,243.00999450683594,0.0,0.0,EUR
2024-12-10,246.52000427246094,246.52000427246094,0.0,0.0,EUR
2024-12-11,249.05999755859375,249.05999755859375,0.0,0.0,EUR
2024-12-12,246.24000549316406,246.24000549316406,0.0,0.0,EUR
2024-12-13,244.33999633789062,244.33999633789062,0.0,0.0,EUR
2024-12-16,243.35000610351562,243.35000610351562,0.0,0.0,EUR
2024-12-17,242.22999572753906,242.22999572753906,0.0,0.0,EUR
2024-12-18,242.63999938964844,242.63999938964844,0.0,0.0,EUR
2024-12-19,240.66000366210938,240.66000366210938,0.0,0.0,EUR
2024-12-20,242.8300018310547,242.8300018310547,0.0,0.0,EUR
2024-12-23,241.91000366210938,241.91000366210938,0.0,0.0,EUR
2024-12-27,242.25,242.25,0.0,0.0,EUR
2024-12-30,241.1300048828125,241.1300048828125,0.0,0.0,EUR
2025-01-02,249.55999755859375,249.55999755859375,0.0,0.0,EUR
2025-01-03,247.17999267578125,247.17999267578125,0.0,0.0,EUR
2025-01-06,244.77000427246094,244.77000427246094,0.0,0.0,EUR
2025-01-07,246.47000122070312,246.47000122070312,0.0,0.0,EUR
2025-01-08,249.38999938964844,249.38999938964844,0.0,0.0,EUR
2025-01-09,250.1199951171875,250.1199951171875,0.0,0.0,EUR
2025-01-10,253.4199981689453,253.4199981689453,0.0,0.0,EUR
2025-01-13,251.72999572753906,251.72999572753906,0.0,0.0,EUR
2025-01-14,250.19000244140625,250.19000244140625,0.0,0.0,EUR
2025-01-15,251.74000549316406,251.74000549316406,0.0,0.0,EUR
2025-01-16,254.39999389648438,254.39999389648438,0.0,0.0,EUR
2025-01-17,254.0800018310547,254.0800018310547,0.0,0.0,EUR
2025-01-20,250.5,250.5,0.0,0.0,EUR
2025-01-21,253.6300048828125,253.6300048828125,0.0,0.0,EUR
2025-01-22,255.1300048828125,255.1300048828125,0.0,0.0,EUR
2025-01-23,254.7899932861328,254.7899932861328,0.0,0.0,EUR
2025-01-24,254.4499969482422,254.4499969482422,0.0,0.0,EUR
2025-01-27,251.50999450683594,251.50999450683594,0.0,0.0,EUR
2025-01-28,254.82000732421875,254.82000732421875,0.0,0.0,EUR
2025-01-29,254.5500030517578,254.5500030517578,0.0,0.0,EUR
2025-01-30,258.4200134277344,258.4200134277344,0.0,0.0,EUR
2025-01-31,260.20001220703125,260.20001220703125,0.0,0.0,EUR
2025-02-03,263.79998779296875,263.79998779296875,0.0,0.0,EUR
2025-02-04,263.9800109863281,263.9800109863281,0.0,0.0,EUR
2025-02-05,265.5400085449219,265.5400085449219,0.0,0.0,EUR
2025-02-06,264.7900085449219,264.7900085449219,0.0,0.0,EUR
2025-02-07,267.25,267.25,0.0,0.0,EUR
2025-02-10,271.4599914550781,271.4599914550781,0.0,0.0,EUR
2025-02-11,270.7099914550781,270.7099914550781,0.0,0.0,EUR
2025-02-12,269.239990234375,269.239990234375,0.0,0.0,EUR
2025-02-13,269.3999938964844,269.3999938964844,0.0,0.0,EUR
2025-02-14,265.4700012207031,265.4700012207031,0.0,0.0,EUR
2025-02-17,266.3800048828125,266.3800048828125,0.0,0.0,EUR
2025-02-18,269.75,269.75,0.0,0.0,EUR
2025-02-19,270.7099914550781,270.7099914550781,0.0,0.0,EUR
2025-02-20,271.05999755859375,271.05999755859375,0.0,0.0,EUR
2025-02-21,270.6499938964844,270.6499938964844,0.0,0.0,EUR
2025-02-24,270.7099914550781,270.7099914550781,0.0,0.0,EUR
2025-02-25,265.80999755859375,265.80999755859375,0.0,0.0,EUR
2025-02-26,266.9599914550781,266.9599914550781,0.0,0.0,EUR
2025-02-27,265.8999938964844,265.8999938964844,0.0,0.0,EUR
2025-02-28,263.739990234375,263.739990234375,0.0,0.0,EUR
2025-03-03,265.260009765625,265.260009765625,0.0,0.0,EUR
2025-03-04,266.3299865722656,266.3299865722656,0.0,0.0,EUR
2025-03-05,262.0299987792969,262.0299987792969,0.0,0.0,EUR
2025-03-06,259.3800048828125,259.3800048828125,0.0,0.0,EUR
2025-03-07,258.67999267578125,258.67999267578125,0.0,0.0,EUR
2025-03-10,257.989990234375,257.989990234375,0.0,0.0,EUR
2025-03-11,257.2099914550781,257.2099914550781,0.0,0.0,EUR
2025-03-12,259.3699951171875,259.3699951171875,0.0,0.0,EUR
2025-03-13,264.3599853515625,264.3599853515625,0.0,0.0,EUR
2025-03-14,264.4100036621094,264.4100036621094,0.0,0.0,EUR
2025-03-17,264.3800048828125,264.3800048828125,0.0,0.0,EUR
2025-03-18,267.4800109863281,267.4800109863281,0.0,0.0,EUR
2025-03-19,268.7799987792969,268.7799987792969,0.0,0.0,EUR
2025-03-20,269.6099853515625,269.6099853515625,0.0,0.0,EUR
2025-03-21,268.6099853515625,268.6099853515625,0.0,0.0,EUR
2025-03-24,268.7699890136719,268.7699890136719,0.0,0.0,EUR
2025-03-25,269.67999267578125,269.67999267578125,0.0,0.0,EUR
2025-03-26,269.5799865722656,269.5799865722656,0.0,0.0,EUR
2025-03-27,272.5199890136719,272.5199890136719,0.0,0.0,EUR
2025-03-28,274.4200134277344,274.4200134277344,0.0,0.0,EUR
2025-03-31,278.32000732421875,278.32000732421875,0.0,0.0,EUR
2025-04-01,278.94000244140625,278.94000244140625,0.0,0.0,EUR
2025-04-02,277.739990234375,277.739990234375,0.0,0.0,EUR
2025-04-03,270.92999267578125,270.92999267578125,0.0,0.0,EUR
2025-04-04,264.989990234375,264.989990234375,0.0,0.0,EUR
2025-04-07,263.25,263.25,0.0,0.0,EUR
2025-04-08,265.5,265.5,0.0,0.0,EUR
2025-04-09,268.5799865722656,268.5799865722656,0.0,0.0,EUR
2025-04-10,272.5799865722656,272.5799865722656,0.0,0.0,EUR
2025-04-11,275.1300048828125,275.1300048828125,0.0,0.0,EUR
2025-04-14,271.9200134277344,271.9200134277344,0.0,0.0,EUR
2025-04-15,274.7799987792969,274.7799987792969,0.0,0.0,EUR
2025-04-16,281.1499938964844,281.1499938964844,0.0,0.0,EUR
2025-04-17,279.2200012207031,279.2200012207031,0.0,0.0,EUR
2025-04-22,287.010009765625,287.010009765625,0.0,0.0,EUR
2025-04-23,277.260009765625,277.260009765625,0.0,0.0,EUR
2025-04-24,282.1499938964844,282.1499938964844,0.0,0.0,EUR
2025-04-25,277.3299865722656,277.3299865722656,0.0,0.0,EUR
2025-04-28,281.6400146484375,281.6400146484375,0.0,0.0,EUR
2025-04-29,279.9100036621094,279.9100036621094,0.0,0.0,EUR
2025-04-30,280.9599914550781,280.9599914550781,0.0,0.0,EUR
2025-05-02,275.3800048828125,275.3800048828125,0.0,0.0,EUR
2025-05-05,281.8299865722656,281.8299865722656,0.0,0.0,EUR
2025-05-06,288.6300048828125,288.6300048828125,0.0,0.0,EUR
2025-05-07,287.54998779296875,287.54998779296875,0.0,0.0,EUR
2025-05-08,285.69000244140625,285.69000244140625,0.0,0.0,EUR
2025-05-09,285.8500061035156,285.8500061035156,0.0,0.0,EUR
2025-05-12,280.6099853515625,280.6099853515625,0.0,0.0,EUR
2025-05-13,280.25,280.25,0.0,0.0,EUR
2025-05-14,273.9599914550781,273.9599914550781,0.0,0.0,EUR
2025-05-15,277.1099853515625,277.1099853515625,0.0,0.0,EUR
2025-05-16,274.9200134277344,274.9200134277344,0.0,0.0,EUR
2025-05-19,276.7300109863281,276.7300109863281,0.0,0.0,EUR
2025-05-20,280.6000061035156,280.6000061035156,0.0,0.0,EUR
2025-05-21,281.3299865722656,281.3299865722656,0.0,0.0,EUR
2025-05-22,281.1400146484375,281.1400146484375,0.0,0.0,EUR
2025-05-23,285.4100036621094,285.4100036621094,0.0,0.0,EUR
2025-05-26,282.739990234375,282.739990234375,0.0,0.0,EUR
2025-05-27,279.9700012207031,279.9700012207031,0.0,0.0,EUR
2025-05-28,281.04998779296875,281.04998779296875,0.0,0.0,EUR
2025-05-29,281.1600036621094,281.1600036621094,0.0,0.0,EUR
2025-05-30,279.1400146484375,279.1400146484375,0.0,0.0,EUR
2025-06-02,284.5,284.5,0.0,0.0,EUR
2025-06-03,283.6000061035156,283.6000061035156,0.0,0.0,EUR
2025-06-04,284.45001220703125,284.45001220703125,0.0,0.0,EUR
2025-06-05,282.6600036621094,282.6600036621094,0.0,0.0,EUR
2025-06-06,281.760009765625,281.760009765625,0.0,0.0,EUR
2025-06-09,280.9700012207031,280.9700012207031,0.0,0.0,EUR
2025-06-10,280.6300048828125,280.6300048828125,0.0,0.0,EUR
2025-06-11,279.8999938964844,279.8999938964844,0.0,0.0,EUR
2025-06-12,282.0199890136719,282.0199890136719,0.0,0.0,EUR
2025-06-13,285.2300109863281,285.2300109863281,0.0,0.0,EUR
2025-06-16,283.20001220703125,283.20001220703125,0.0,0.0,EUR
2025-06-17,282.70001220703125,282.70001220703125,0.0,0.0,EUR
2025-06-18,283.2799987792969,283.2799987792969,0.0,0.0,EUR
2025-06-19,282.9100036621094,282.9100036621094,0.0,0.0,EUR
2025-06-20,281.42999267578125,281.42999267578125,0.0,0.0,EUR
2025-06-23,282.57000732421875,282.57000732421875,0.0,0.0,EUR
2025-06-24,274.69000244140625,274.69000244140625,0.0,0.0,EUR
2025-06-25,275.3500061035156,275.3500061035156,0.0,0.0,EUR
2025-06-26,273.3500061035156,273.3500061035156,0.0,0.0,EUR
2025-06-27,268.9700012207031,268.9700012207031,0.0,0.0,EUR
2025-06-30,269.5899963378906,269.5899963378906,0.0,0.0,EUR
2025-07-01,273.3599853515625,273.3599853515625,0.0,0.0,EUR
2025-07-02,273.2699890136719,273.2699890136719,0.0,0.0,EUR
2025-07-03,272.6199951171875,272.6199951171875,0.0,0.0,EUR
2025-07-04,272.44000244140625,272.44000244140625,0.0,0.0,EUR
2025-07-07,272.57000732421875,272.57000732421875,0.0,0.0,EUR
2025-07-08,271.17999267578125,271.17999267578125,0.0,0.0,EUR
2025-07-09,272.2799987792969,272.2799987792969,0.0,0.0,EUR
2025-07-10,273.760009765625,273.760009765625,0.0,0.0,EUR
2025-07-11,276.95001220703125,276.95001220703125,0.0,0.0,EUR
2025-07-14,275.8800048828125,275.8800048828125,0.0,0.0,EUR
2025-07-15,276.6099853515625,276.6099853515625,0.0,0.0,EUR
2025-07-16,277.67999267578125,277.67999267578125,0.0,0.0,EUR
2025-07-17,277.2099914550781,277.2099914550781,0.0,0.0,EUR
2025-07-18,277.17999267578125,277.17999267578125,0.0,0.0,EUR
2025-07-21,279.6099853515625,279.6099853515625,0.0,0.0,EUR
2025-07-22,281.1300048828125,281.1300048828125,0.0,0.0,EUR
2025-07-23,280.5199890136719,280.5199890136719,0.0,0.0,EUR
2025-07-24,275.9599914550781,275.9599914550781,0.0,0.0,EUR
2025-07-25,273.3299865722656,273.3299865722656,0.0,0.0,EUR
2025-07-28,274.9200134277344,274.9200134277344,0.0,0.0,EUR
2025-07-29,277.6499938964844,277.6499938964844,0.0,0.0,EUR
2025-07-30,276.2200012207031,276.2200012207031,0.0,0.0,EUR
2025-07-31,277.6099853515625,277.6099853515625,0.0,0.0,EUR
2025-08-01,279.4200134277344,279.4200134277344,0.0,0.0,EUR
2025-08-04,280.9100036621094,280.9100036621094,0.0,0.0,EUR
2025-08-05,281.42999267578125,281.42999267578125,0.0,0.0,EUR
2025-08-06,279.3699951171875,279.3699951171875,0.0,0.0,EUR
2025-08-07,280.32000732421875,280.32000732421875,0.0,0.0,EUR
2025-08-08,280.260009765625,280.260009765625,0.0,0.0,EUR
2025-08-11,278.2099914550781,278.2099914550781,0.0,0.0,EUR
2025-08-12,276.54998779296875,276.54998779296875,0.0,0.0,EUR
2025-08-13,275.69000244140625,275.69000244140625,0.0,0.0,EUR
2025-08-14,276.1099853515625,276.1099853515625,0.0,0.0,EUR
2025-08-18,275.1099853515625,275.1099853515625,0.0,0.0,EUR
2025-08-19,274.55999755859375,274.55999755859375,0.0,0.0,EUR
2025-08-20,276.010009765625,276.010009765625,0.0,0.0,EUR
2025-08-21,277.2200012207031,277.2200012207031,0.0,0.0,EUR
2025-08-22,277.6099853515625,277.6099853515625,0.0,0.0,EUR
2025-08-25,278.1199951171875,278.1199951171875,0.0,0.0,EUR
2025-08-26,279.4700012207031,279.4700012207031,0.0,0.0,EUR
2025-08-27,281.0899963378906,281.0899963378906,0.0,0.0,EUR
2025-08-28,281.2300109863281,281.2300109863281,0.0,0.0,EUR
2025-08-29,283.5899963378906,283.5899963378906,0.0,0.0,EUR
2025-09-01,286.1499938964844,286.1499938964844,0.0,0.0,EUR
2025-09-02,290.3999938964844,290.3999938964844,0.0,0.0,EUR
2025-09-03,293.9599914550781,293.9599914550781,0.0,0.0,EUR
2025-09-04,293.20001220703125,293.20001220703125,0.0,0.0,EUR
2025-09-05,294.239990234375,294.239990234375,0.0,0.0,EUR
2025-09-08,298.1000061035156,298.1000061035156,0.0,0.0,EUR
2025-09-09,298.8999938964844,298.8999938964844,0.0,0.0,EUR
2025-09-10,299.5199890136719,299.5199890136719,0.0,0.0,EUR
2025-09-11,298.25,298.25,0.0,0.0,EUR
2025-09-12,299.55999755859375,299.55999755859375,0.0,0.0,EUR
2025-09-15,300.0899963378906,300.0899963378906,0.0,0.0,EUR
2025-09-16,299.32000732421875,299.32000732421875,0.0,0.0,EUR
2025-09-17,299.5799865722656,299.5799865722656,0.0,0.0,EUR
2025-09-18,297.510009765625,297.510009765625,0.0,0.0,EUR
2025-09-19,300.9700012207031,300.9700012207031,0.0,0.0,EUR
2025-09-22,305.20001220703125,305.20001220703125,0.0,0.0,EUR
2025-09-23,308.7699890136719,308.7699890136719,0.0,0.0,EUR
2025-09-24,307.3399963378906,307.3399963378906,0.0,0.0,EUR
2025-09-25,307.9100036621094,307.9100036621094,0.0,0.0,EUR
2025-09-26,311.1199951171875,311.1199951171875,0.0,0.0,EUR
2025-09-29,314.05999755859375,314.05999755859375,0.0,0.0,EUR
2025-09-30,315.0899963378906,315.0899963378906,0.0,0.0,EUR
2025-10-01,317.1499938964844,317.1499938964844,0.0,0.0,EUR
2025-10-02,315.17999267578125,315.17999267578125,0.0,0.0,EUR
2025-10-03,318.5799865722656,318.5799865722656,0.0,0.0,EUR
2025-10-06,325.010009765625,325.010009765625,0.0,0.0,EUR
2025-10-07,328.69000244140625,328.69000244140625,0.0,0.0,EUR
2025-10-08,335.1700134277344,335.1700134277344,0.0,0.0,EUR
2025-10-09,334.0799865722656,334.0799865722656,0.0,0.0,EUR
2025-10-10,332.29998779296875,332.29998779296875,0.0,0.0,EUR
2025-10-13,340.8900146484375,340.8900146484375,0.0,0.0,EUR
2025-10-14,343.80999755859375,343.80999755859375,0.0,0.0,EUR
2025-10-15,346.3800048828125,346.3800048828125,0.0,0.0,EUR
2025-10-16,352.3500061035156,352.3500061035156,0.0,0.0,EUR
2025-10-17,351.30999755859375,351.30999755859375,0.0,0.0,EUR
2025-10-20,359.17999267578125,359.17999267578125,0.0,0.0,EUR
2025-10-21,342.0,342.0,0.0,0.0,EUR
2025-10-22,334.3599853515625,334.3599853515625,0.0,0.0,EUR
2025-10-23,343.55999755859375,343.55999755859375,0.0,0.0,EUR
2025-10-27,330.010009765625,330.010009765625,0.0,0.0,EUR
2025-10-28,327.0,327.0,0.0,0.0,EUR
2025-10-29,330.0299987792969,330.0299987792969,0.0,0.0,EUR
2025-10-30,332.80999755859375,332.80999755859375,0.0,0.0,EUR
2025-10-31,332.4800109863281,332.4800109863281,0.0,0.0,EUR
2025-11-03,333.8800048828125,333.8800048828125,0.0,0.0,EUR
2025-11-04,332.69000244140625,332.69000244140625,0.0,0.0,EUR
2025-11-05,333.7799987792969,333.7799987792969,0.0,0.0,EUR
2025-11-06,331.95001220703125,331.95001220703125,0.0,0.0,EUR
2025-11-07,333.95001220703125,333.95001220703125,0.0,0.0,EUR
2025-11-10,341.239990234375,341.239990234375,0.0,0.0,EUR
2025-11-11,341.260009765625,341.260009765625,0.0,0.0,EUR
2025-11-12,348.2699890136719,348.2699890136719,0.0,0.0,EUR
2025-11-13,347.7900085449219,347.7900085449219,0.0,0.0,EUR
2025-11-14,339.55999755859375,339.55999755859375,0.0,0.0,EUR
2025-11-17,337.94000244140625,337.94000244140625,0.0,0.0,EUR
2025-11-18,337.70001220703125,337.70001220703125,0.0,0.0,EUR
2025-11-19,340.3399963378906,340.3399963378906,0.0,0.0,EUR
2025-11-20,339.42999267578125,339.42999267578125,0.0,0.0,EUR
2025-11-21,341.0,341.0,0.0,0.0,EUR
2025-11-24,342.2699890136719,342.2699890136719,0.0,0.0,EUR
2025-11-25,344.6199951171875,344.6199951171875,0.0,0.0,EUR
2025-11-26,345.6199951171875,345.6199951171875,0.0,0.0,EUR
2025-11-27,344.9599914550781,344.9599914550781,0.0,0.0,EUR
2025-11-28,349.4800109863281,349.4800109863281,0.0,0.0,EUR
2025-12-01,350.5,350.5,0.0,0.0,EUR
2025-12-02,346.95001220703125,346.95001220703125,0.0,0.0,EUR
2025-12-03,348.67999267578125,348.67999267578125,0.0,0.0,EUR
2025-12-04,348.07000732421875,348.07000732421875,0.0,0.0,EUR
2025-12-05,348.69000244140625,348.69000244140625,0.0,0.0,EUR
2025-12-08,347.44000244140625,347.44000244140625,0.0,0.0,EUR
2025-12-09,349.07000732421875,349.07000732421875,0.0,0.0,EUR
2025-12-10,347.2099914550781,347.2099914550781,0.0,0.0,EUR
2025-12-11,348.95001220703125,348.95001220703125,0.0,0.0,EUR
2025-12-12,351.260009765625,351.260009765625,0.0,0.0,EUR
2025-12-15,351.57000732421875,351.57000732421875,0.0,0.0,EUR
2025-12-16,351.8299865722656,351.8299865722656,0.0,0.0,EUR
2025-12-17,354.2699890136719,354.2699890136719,0.0,0.0,EUR
2025-12-18,358.2699890136719,358.2699890136719,0.0,0.0,EUR
2025-12-19,357.0899963378906,357.0899963378906,0.0,0.0,EUR
2025-12-22,363.29998779296875,363.29998779296875,0.0,0.0,EUR
2025-12-23,364.6300048828125,364.6300048828125,0.0,0.0,EUR
2025-12-29,355.20001220703125,355.20001220703125,0.0,0.0,EUR
2025-12-30,357.2900085449219,357.2900085449219,0.0,0.0,EUR
2026-01-02,353.79998779296875,353.79998779296875,0.0,0.0,EUR
2026-01-05,365.1300048828125,365.1300048828125,0.0,0.0,EUR
2026-01-06,369.5,369.5,0.0,0.0,EUR
2026-01-07,367.6700134277344,367.6700134277344,0.0,0.0,EUR
2026-01-08,368.42999267578125,368.42999267578125,0.0,0.0,EUR
2026-01-09,372.5799865722656,372.5799865722656,0.0,0.0,EUR
2026-01-12,380.8299865722656,380.8299865722656,0.0,0.0,EUR
2026-01-13,380.5799865722656,380.5799865722656,0.0,0.0,EUR
2026-01-14,381.55999755859375,381.55999755859375,0.0,0.0,EUR
2026-01-15,382.4700012207031,382.4700012207031,0.0,0.0,EUR
2026-01-16,381.1000061035156,381.1000061035156,0.0,0.0,EUR
2026-01-19,386.0299987792969,386.0299987792969,0.0,0.0,EUR
2026-01-20,389.2900085449219,389.2900085449219,0.0,0.0,EUR
2026-01-21,398.3299865722656,398.3299865722656,0.0,0.0,EUR
2026-01-22,399.739990234375,399.739990234375,0.0,0.0,EUR
2026-01-23,407.6300048828125,407.6300048828125,0.0,0.0,EUR
2026-01-26,411.4100036621094,411.4100036621094,0.0,0.0,EUR
2026-01-27,409.20001220703125,409.20001220703125,0.0,0.0,EUR
2026-01-28,425.8699951171875,425.8699951171875,0.0,0.0,EUR
2026-01-29,425.67999267578125,425.67999267578125,0.0,0.0,EUR
2026-01-30,403.8299865722656,403.8299865722656,0.0,0.0,EUR
2026-02-02,379.9100036621094,379.9100036621094,0.0,0.0,EUR
2026-02-03,405.3599853515625,405.3599853515625,0.0,0.0,EUR
2026-02-04,401.739990234375,401.739990234375,0.0,0.0,EUR
2026-02-05,396.07000732421875,396.07000732421875,0.0,0.0,EUR
2026-02-06,401.8999938964844,401.8999938964844,0.0,0.0,EUR
2026-02-09,410.3299865722656,410.3299865722656,0.0,0.0,EUR
2026-02-10,405.8599853515625,405.8599853515625,0.0,0.0,EUR
2026-02-11,411.44000244140625,411.44000244140625,0.0,0.0,EUR
2026-02-12,400.2200012207031,400.2200012207031,0.0,0.0,EUR
2026-02-13,406.80999755859375,406.80999755859375,0.0,0.0,EUR
2026-02-16,405.1199951171875,405.1199951171875,0.0,0.0,EUR
2026-02-17,396.9800109863281,396.9800109863281,0.0,0.0,EUR
2026-02-18,407.3699951171875,407.3699951171875,0.0,0.0,EUR
2026-02-19,409.0899963378906,409.0899963378906,0.0,0.0,EUR
2026-02-20,413.9800109863281,413.9800109863281,0.0,0.0,EUR
2026-02-23,424.9200134277344,424.9200134277344,0.0,0.0,EUR
2026-02-24,419.54998779296875,419.54998779296875,0.0,0.0,EUR
2026-02-25,424.54998779296875,424.54998779296875,0.0,0.0,EUR
2026-02-26,422.9200134277344,422.9200134277344,0.0,0.0,EUR
2026-02-27,425.94000244140625,425.94000244140625,0.0,0.0,EUR
2026-03-02,436.3900146484375,436.3900146484375,0.0,0.0,EUR
2026-03-03,425.1400146484375,425.1400146484375,0.0,0.0,EUR
2026-03-04,426.0899963378906,426.0899963378906,0.0,0.0,EUR
2026-03-05,421.1600036621094,421.1600036621094,0.0,0.0,EUR
2026-03-09,423.54998779296875,423.54998779296875,0.0,0.0,EUR
2026-03-10,432.19000244140625,432.19000244140625,0.0,0.0,EUR
2026-03-11,429.79998779296875,429.79998779296875,0.0,0.0,EUR
2026-03-12,428.69000244140625,428.69000244140625,0.0,0.0,EUR
2026-03-13,424.57000732421875,424.57000732421875,0.0,0.0,EUR
2026-03-16,417.0199890136719,417.0199890136719,0.0,0.0,EUR
2026-03-17,417.5,417.5,0.0,0.0,EUR
2026-03-18,407.57000732421875,407.57000732421875,0.0,0.0,EUR
2026-03-19,382.80999755859375,382.80999755859375,0.0,0.0,EUR
2026-03-20,381.6300048828125,381.6300048828125,0.0,0.0,EUR
2026-03-23,363.5,363.5,0.0,0.0,EUR
2026-03-24,366.92999267578125,366.92999267578125,0.0,0.0,EUR
2026-03-25,378.5299987792969,378.5299987792969,0.0,0.0,EUR
2026-03-26,366.4800109863281,366.4800109863281,0.0,0.0,EUR
2026-03-27,377.489990234375,377.489990234375,0.0,0.0,EUR
2026-03-30,381.760009765625,381.760009765625,0.0,0.0,EUR
2026-03-31,385.67999267578125,385.67999267578125,0.0,0.0,EUR
2026-04-01,396.1199951171875,396.1199951171875,0.0,0.0,EUR
2026-04-02,389.3500061035156,389.3500061035156,0.0,0.0,EUR
2026-04-07,386.3399963378906,386.3399963378906,0.0,0.0,EUR
2026-04-08,391.5299987792969,391.5299987792969,0.0,0.0,EUR
2026-04-09,393.9599914550781,393.9599914550781,0.0,0.0,EUR
2026-04-10,391.70001220703125,391.70001220703125,0.0,0.0,EUR
2026-04-13,387.30999755859375,387.30999755859375,0.0,0.0,EUR
2026-04-14,391.79998779296875,391.79998779296875,0.0,0.0,EUR
2026-04-15,391.2300109863281,391.2300109863281,0.0,0.0,EUR
2026-04-16,392.3999938964844,392.3999938964844,0.0,0.0,EUR
2026-04-17,396.7099914550781,396.7099914550781,0.0,0.0,EUR
2026-04-20,392.3599853515625,392.3599853515625,0.0,0.0,EUR
2026-04-21,388.54998779296875,388.54998779296875,0.0,0.0,EUR
2026-04-22,388.5299987792969,388.5299987792969,0.0,0.0,EUR
2026-04-23,388.9200134277344,388.9200134277344,0.0,0.0,EUR
2026-04-24,387.8999938964844,387.8999938964844,0.0,0.0,EUR
2026-04-27,383.7099914550781,383.7099914550781,0.0,0.0,EUR
2026-04-28,375.7300109863281,375.7300109863281,0.0,0.0,EUR
2026-04-29,374.0400085449219,374.0400085449219,0.0,0.0,EUR
2026-04-30,379.3399963378906,379.3399963378906,0.0,0.0,EUR
2026-05-04,372.70001220703125,372.70001220703125,0.0,0.0,EUR
2026-05-05,376.4100036621094,376.4100036621094,0.0,0.0,EUR
2026-05-06,384.1600036621094,384.1600036621094,0.0,0.0,EUR
2026-05-07,387.9200134277344,387.9200134277344,0.0,0.0,EUR
2026-05-08,385.2099914550781,385.2099914550781,0.0,0.0,EUR
2026-05-11,386.54998779296875,386.54998779296875,0.0,0.0,EUR
2026-05-12,382.510009765625,382.510009765625,0.0,0.0,EUR
2026-05-13,385.760009765625,385.760009765625,0.0,0.0,EUR
2026-05-14,386.3800048828125,386.3800048828125,0.0,0.0,EUR
2026-05-15,376.1199951171875,376.1199951171875,0.0,0.0,EUR
2026-05-18,375.260009765625,375.260009765625,0.0,0.0,EUR
2026-05-19,373.4800109863281,373.4800109863281,0.0,0.0,EUR
2026-05-20,375.2799987792969,375.2799987792969,0.0,0.0,EUR
2026-05-21,374.3399963378906,374.3399963378906,0.0,0.0,EUR
2026-05-22,374.7900085449219,374.7900085449219,0.0,0.0,EUR
2026-05-25,377.8999938964844,377.8999938964844,0.0,0.0,EUR
2026-05-26,373.0799865722656,373.0799865722656,0.0,0.0,EUR
2026-05-27,367.05999755859375,367.05999755859375,0.0,0.0,EUR
2026-05-28,369.9599914550781,369.9599914550781,0.0,0.0,EUR
2026-05-29,377.20001220703125,377.20001220703125,0.0,0.0,EUR
2026-06-01,370.0,370.0,0.0,0.0,EUR
2026-06-02,372.5899963378906,372.5899963378906,0.0,0.0,EUR
2026-06-03,368.1700134277344,368.1700134277344,0.0,0.0,EUR
2026-06-04,370.1499938964844,370.1499938964844,0.0,0.0,EUR
2026-06-05,362.44000244140625,362.44000244140625,0.0,0.0,EUR
2026-06-08,361.3900146484375,361.3900146484375,0.0,0.0,EUR
2026-06-09,355.7900085449219,355.7900085449219,0.0,0.0,EUR
2026-06-10,343.7099914550781,343.7099914550781,0.0,0.0,EUR
2026-06-11,340.82000732421875,340.82000732421875,0.0,0.0,EUR
2026-06-12,350.5199890136719,350.5199890136719,0.0,0.0,EUR
2026-06-15,361.0400085449219,361.0400085449219,0.0,0.0,EUR
2026-06-16,358.6400146484375,358.6400146484375,0.0,0.0,EUR
2026-06-17,361.7099914550781,361.7099914550781,0.0,0.0,EUR
2026-06-18,354.7900085449219,354.7900085449219,0.0,0.0,EUR
2026-06-19,348.2300109863281,348.2300109863281,0.0,0.0,EUR
2026-06-22,352.29998779296875,352.29998779296875,0.0,0.0,EUR
2026-06-23,349.3599853515625,349.3599853515625,0.0,0.0,EUR
2026-06-24,339.6499938964844,339.6499938964844,0.0,0.0,EUR
2026-06-25,339.9800109863281,339.9800109863281,0.0,0.0,EUR
2026-06-26,344.2799987792969,344.2799987792969,0.0,0.0,EUR
2026-06-29,338.67999267578125,338.67999267578125,0.0,0.0,EUR
2026-06-30,339.489990234375,339.489990234375,0.0,0.0,EUR
2026-07-01,344.75,344.75,0.0,0.0,EUR
2026-07-02,347.0400085449219,347.0400085449219,0.0,0.0,EUR
2026-07-03,350.4700012207031,350.4700012207031,0.0,0.0,EUR
2026-07-06,349.69000244140625,349.69000244140625,0.0,0.0,EUR
2026-07-07,348.8299865722656,348.8299865722656,0.0,0.0,EUR
2026-07-08,339.7799987792969,339.7799987792969,0.0,0.0,EUR
2026-07-09,347.30999755859375,347.30999755859375,0.0,0.0,EUR
2026-07-10,345.19000244140625,345.19000244140625,0.0,0.0,EUR
2026-07-13,339.04998779296875,339.04998779296875,0.0,0.0,EUR
2026-07-14,343.2799987792969,343.2799987792969,0.0,0.0,EUR
2026-07-15,340.42999267578125,340.42999267578125,0.0,0.0,EUR
2026-07-16,337.6199951171875,337.6199951171875,0.0,0.0,EUR
2026-07-17,337.2300109863281,337.2300109863281,0.0,0.0,EUR
2026-07-20,338.3500061035156,338.3500061035156,0.0,0.0,EUR
2026-07-21,344.0199890136719,344.0199890136719,0.0,0.0,EUR
2026-07-22,350.42999267578125,350.42999267578125,0.0,0.0,EUR
2026-07-23,342.32000732421875,342.32000732421875,0.0,0.0,EUR
2026-07-24,344.25,344.25,0.0,0.0,EUR
2026-07-27,344.510009765625,344.510009765625,0.0,0.0,EUR
2026-07-28,340.6300048828125,340.6300048828125,0.0,0.0,EUR
2026-07-29,339.0299987792969,339.0299987792969,0.0,0.0,EUR
2026-07-30,342.3699951171875,342.3699951171875,0.0,0.0,EUR
2026-07-31,337.75,337.75,0.0,0.0,EUR
2026-08-03,337.2799987792969,337.2799987792969,0.0,0.0,EUR
2026-08-04,340.6400146484375,340.6400146484375,0.0,0.0,EUR
2026-08-05,354.4800109863281,354.4800109863281,0.0,0.0,EUR
2026-08-06,354.7699890136719,354.7699890136719,0.0,0.0,EUR
2026-08-07,362.1700134277344,362.1700134277344,0.0,0.0,EUR
2026-08-10,362.1499938964844,362.1499938964844,0.0,0.0,EUR
2026-08-11,364.9700012207031,364.9700012207031,0.0,0.0,EUR
2026-08-12,368.3399963378906,368.3399963378906,0.0,0.0,EUR
2026-08-13,363.6600036621094,363.6600036621094,0.0,0.0,EUR
2026-08-14,364.44000244140625,364.44000244140625,0.0,0.0,EUR
2026-08-17,367.2900085449219,367.2900085449219,0.0,0.0,EUR
2026-08-18,362.2099914550781,362.2099914550781,0.0,0.0,EUR
2026-08-19,369.8999938964844,369.8999938964844,0.0,0.0,EUR
2026-08-20,,,0.0,0.0,EUR
