date,close,adj close,dividends,stock splits,currency
2015-02-18,30.086200714111328,30.086200714111328,0.0,0.0,EUR
2015-02-19,30.08180046081543,30.08180046081543,0.0,0.0,EUR
2015-02-20,26.479999542236328,26.479999542236328,0.0,0.0,EUR
2015-02-23,26.559999465942383,26.559999465942383,0.0,0.0,EUR
2015-02-24,26.700000762939453,26.700000762939453,0.0,0.0,EUR
2015-02-25,26.690000534057617,26.690000534057617,0.0,0.0,EUR
2015-02-26,27.040000915527344,27.040000915527344,0.0,0.0,EUR
2015-02-27,26.959999084472656,26.959999084472656,0.0,0.0,EUR
2015-03-02,27.100000381469727,27.100000381469727,0.0,0.0,EUR
2015-03-03,26.899999618530273,26.899999618530273,0.0,0.0,EUR
2015-03-04,27.1200008392334,27.1200008392334,0.0,0.0,EUR
2015-03-05,27.25,27.25,0.0,0.0,EUR
2015-03-06,27.389999389648438,27.389999389648438,0.0,0.0,EUR
2015-03-09,27.389999389648438,27.389999389648438,0.0,0.0,EUR
2015-03-10,27.389999389648438,27.389999389648438,0.0,0.0,EUR
2015-03-11,27.75,27.75,0.0,0.0,EUR
2015-03-12,28.09000015258789,28.09000015258789,0.0,0.0,EUR
2015-03-13,28.1299991607666,28.1299991607666,0.0,0.0,EUR
2015-03-16,28.149999618530273,28.149999618530273,0.0,0.0,EUR
2015-03-17,28.18000030517578,28.18000030517578,0.0,0.0,EUR
2015-03-18,28.209999084472656,28.209999084472656,0.0,0.0,EUR
2015-03-19,28.329999923706055,28.329999923706055,0.0,0.0,EUR
2015-03-20,28.149999618530273,28.149999618530273,0.0,0.0,EUR
2015-03-23,28.059999465942383,28.059999465942383,0.0,0.0,EUR
2015-03-24,28.0,28.0,0.0,0.0,EUR
2015-03-25,27.579999923706055,27.579999923706055,0.0,0.0,EUR
2015-03-26,27.450000762939453,27.450000762939453,0.0,0.0,EUR
2015-03-27,27.510000228881836,27.510000228881836,0.0,0.0,EUR
2015-03-30,28.09000015258789,28.09000015258789,0.0,0.0,EUR
2015-03-31,28.290000915527344,28.290000915527344,0.0,0.0,EUR
2015-04-01,28.18000030517578,28.18000030517578,0.0,0.0,EUR
2015-04-02,28.149999618530273,28.149999618530273,0.0,0.0,EUR
2015-04-07,28.299999237060547,28.299999237060547,0.0,0.0,EUR
2015-04-08,28.299999237060547,28.299999237060547,0.0,0.0,EUR
2015-04-09,28.5,28.5,0.0,0.0,EUR
2015-04-10,28.950000762939453,28.950000762939453,0.0,0.0,EUR
2015-04-13,29.030000686645508,29.030000686645508,0.0,0.0,EUR
2015-04-14,28.700000762939453,28.700000762939453,0.0,0.0,EUR
2015-04-15,29.09000015258789,29.09000015258789,0.0,0.0,EUR
2015-04-16,28.729999542236328,28.729999542236328,0.0,0.0,EUR
2015-04-17,28.239999771118164,28.239999771118164,0.0,0.0,EUR
2015-04-20,28.540000915527344,28.540000915527344,0.0,0.0,EUR
2015-04-21,28.459999084472656,28.459999084472656,0.0,0.0,EUR
2015-04-22,28.479999542236328,28.479999542236328,0.0,0.0,EUR
2015-04-23,28.3700008392334,28.3700008392334,0.0,0.0,EUR
2015-04-24,28.280000686645508,28.280000686645508,0.0,0.0,EUR
2015-04-27,28.190000534057617,28.190000534057617,0.0,0.0,EUR
2015-04-28,27.889999389648438,27.889999389648438,0.0,0.0,EUR
2015-04-29,27.360000610351562,27.360000610351562,0.0,0.0,EUR
2015-04-30,27.020000457763672,27.020000457763672,0.0,0.0,EUR
2015-05-04,27.209999084472656,27.209999084472656,0.0,0.0,EUR
2015-05-05,26.829999923706055,26.829999923706055,0.0,0.0,EUR
2015-05-06,26.350000381469727,26.350000381469727,0.0,0.0,EUR
2015-05-07,26.559999465942383,26.559999465942383,0.0,0.0,EUR
2015-05-08,26.979999542236328,26.979999542236328,0.0,0.0,EUR
2015-05-11,27.209999084472656,27.209999084472656,0.0,0.0,EUR
2015-05-12,26.829999923706055,26.829999923706055,0.0,0.0,EUR
2015-05-13,26.600000381469727,26.600000381469727,0.0,0.0,EUR
2015-05-14,26.75,26.75,0.0,0.0,EUR
2015-05-15,26.610000610351562,26.610000610351562,0.0,0.0,EUR
2015-05-18,26.93000030517578,26.93000030517578,0.0,0.0,EUR
2015-05-19,27.489999771118164,27.489999771118164,0.0,0.0,EUR
2015-05-20,27.6200008392334,27.6200008392334,0.0,0.0,EUR
2015-05-21,27.649999618530273,27.649999618530273,0.0,0.0,EUR
2015-05-22,27.700000762939453,27.700000762939453,0.0,0.0,EUR
2015-05-26,27.809999465942383,27.809999465942383,0.0,0.0,EUR
2015-05-27,27.899999618530273,27.899999618530273,0.0,0.0,EUR
2015-05-28,27.93000030517578,27.93000030517578,0.0,0.0,EUR
2015-05-29,27.56999969482422,27.56999969482422,0.0,0.0,EUR
2015-06-01,27.799999237060547,27.799999237060547,0.0,0.0,EUR
2015-06-02,27.40999984741211,27.40999984741211,0.0,0.0,EUR
2015-06-03,27.290000915527344,27.290000915527344,0.0,0.0,EUR
2015-06-04,27.059999465942383,27.059999465942383,0.0,0.0,EUR
2015-06-05,27.31999969482422,27.31999969482422,0.0,0.0,EUR
2015-06-08,27.1200008392334,27.1200008392334,0.0,0.0,EUR
2015-06-09,26.959999084472656,26.959999084472656,0.0,0.0,EUR
2015-06-10,27.200000762939453,27.200000762939453,0.0,0.0,EUR
2015-06-11,27.290000915527344,27.290000915527344,0.0,0.0,EUR
2015-06-12,27.190000534057617,27.190000534057617,0.0,0.0,EUR
2015-06-15,27.079999923706055,27.079999923706055,0.0,0.0,EUR
2015-06-16,27.190000534057617,27.190000534057617,0.0,0.0,EUR
2015-06-17,27.200000762939453,27.200000762939453,0.0,0.0,EUR
2015-06-18,27.030000686645508,27.030000686645508,0.0,0.0,EUR
2015-06-19,27.190000534057617,27.190000534057617,0.0,0.0,EUR
2015-06-22,27.149999618530273,27.149999618530273,0.0,0.0,EUR
2015-06-23,27.639999389648438,27.639999389648438,0.0,0.0,EUR
2015-06-24,27.6200008392334,27.6200008392334,0.0,0.0,EUR
2015-06-25,27.450000762939453,27.450000762939453,0.0,0.0,EUR
2015-06-26,27.459999084472656,27.459999084472656,0.0,0.0,EUR
2015-06-29,27.049999237060547,27.049999237060547,0.0,0.0,EUR
2015-06-30,26.780000686645508,26.780000686645508,0.0,0.0,EUR
2015-07-01,27.079999923706055,27.079999923706055,0.0,0.0,EUR
2015-07-02,26.899999618530273,26.899999618530273,0.0,0.0,EUR
2015-07-03,26.81999969482422,26.81999969482422,0.0,0.0,EUR
2015-07-06,26.829999923706055,26.829999923706055,0.0,0.0,EUR
2015-07-07,26.65999984741211,26.65999984741211,0.0,0.0,EUR
2015-07-08,26.56999969482422,26.56999969482422,0.0,0.0,EUR
2015-07-09,26.709999084472656,26.709999084472656,0.0,0.0,EUR
2015-07-10,26.579999923706055,26.579999923706055,0.0,0.0,EUR
2015-07-13,27.1200008392334,27.1200008392334,0.0,0.0,EUR
2015-07-14,27.290000915527344,27.290000915527344,0.0,0.0,EUR
2015-07-15,27.309999465942383,27.309999465942383,0.0,0.0,EUR
2015-07-16,27.510000228881836,27.510000228881836,0.0,0.0,EUR
2015-07-17,27.350000381469727,27.350000381469727,0.0,0.0,EUR
2015-07-20,27.200000762939453,27.200000762939453,0.0,0.0,EUR
2015-07-21,26.889999389648438,26.889999389648438,0.0,0.0,EUR
2015-07-22,26.90999984741211,26.90999984741211,0.0,0.0,EUR
2015-07-23,26.649999618530273,26.649999618530273,0.0,0.0,EUR
2015-07-24,26.360000610351562,26.360000610351562,0.0,0.0,EUR
2015-07-27,25.6299991607666,25.6299991607666,0.0,0.0,EUR
2015-07-28,25.889999389648438,25.889999389648438,0.0,0.0,EUR
2015-07-29,26.309999465942383,26.309999465942383,0.0,0.0,EUR
2015-07-30,26.600000381469727,26.600000381469727,0.0,0.0,EUR
2015-07-31,26.520000457763672,26.520000457763672,0.0,0.0,EUR
2015-08-03,26.59000015258789,26.59000015258789,0.0,0.0,EUR
2015-08-04,26.469999313354492,26.469999313354492,0.0,0.0,EUR
2015-08-05,26.790000915527344,26.790000915527344,0.0,0.0,EUR
2015-08-06,26.260000228881836,26.260000228881836,0.0,0.0,EUR
2015-08-07,26.1200008392334,26.1200008392334,0.0,0.0,EUR
2015-08-10,26.350000381469727,26.350000381469727,0.0,0.0,EUR
2015-08-11,26.059999465942383,26.059999465942383,0.0,0.0,EUR
2015-08-12,25.440000534057617,25.440000534057617,0.0,0.0,EUR
2015-08-13,25.760000228881836,25.760000228881836,0.0,0.0,EUR
2015-08-14,25.860000610351562,25.860000610351562,0.0,0.0,EUR
2015-08-17,26.200000762939453,26.200000762939453,0.0,0.0,EUR
2015-08-18,26.290000915527344,26.290000915527344,0.0,0.0,EUR
2015-08-19,25.780000686645508,25.780000686645508,0.0,0.0,EUR
2015-08-20,25.31999969482422,25.31999969482422,0.0,0.0,EUR
2015-08-21,24.290000915527344,24.290000915527344,0.0,0.0,EUR
2015-08-24,23.06999969482422,23.06999969482422,0.0,0.0,EUR
2015-08-25,23.530000686645508,23.530000686645508,0.0,0.0,EUR
2015-08-26,23.110000610351562,23.110000610351562,0.0,0.0,EUR
2015-08-27,24.299999237060547,24.299999237060547,0.0,0.0,EUR
2015-08-28,24.809999465942383,24.809999465942383,0.0,0.0,EUR
2015-08-31,24.75,24.75,0.0,0.0,EUR
2015-09-01,24.200000762939453,24.200000762939453,0.0,0.0,EUR
2015-09-02,24.030000686645508,24.030000686645508,0.0,0.0,EUR
2015-09-03,24.809999465942383,24.809999465942383,0.0,0.0,EUR
2015-09-04,24.3700008392334,24.3700008392334,0.0,0.0,EUR
2015-09-07,24.389999389648438,24.389999389648438,0.0,0.0,EUR
2015-09-08,24.6200008392334,24.6200008392334,0.0,0.0,EUR
2015-09-09,24.81999969482422,24.81999969482422,0.0,0.0,EUR
2015-09-10,24.3700008392334,24.3700008392334,0.0,0.0,EUR
2015-09-11,24.040000915527344,24.040000915527344,0.0,0.0,EUR
2015-09-14,24.110000610351562,24.110000610351562,0.0,0.0,EUR
2015-09-15,24.3799991607666,24.3799991607666,0.0,0.0,EUR
2015-09-16,24.65999984741211,24.65999984741211,0.0,0.0,EUR
2015-09-17,24.799999237060547,24.799999237060547,0.0,0.0,EUR
2015-09-18,24.239999771118164,24.239999771118164,0.0,0.0,EUR
2015-09-21,24.700000762939453,24.700000762939453,0.0,0.0,EUR
2015-09-22,24.260000228881836,24.260000228881836,0.0,0.0,EUR
2015-09-23,24.18000030517578,24.18000030517578,0.0,0.0,EUR
2015-09-24,23.639999389648438,23.639999389648438,0.0,0.0,EUR
2015-09-25,24.1200008392334,24.1200008392334,0.0,0.0,EUR
2015-09-28,23.520000457763672,23.520000457763672,0.0,0.0,EUR
2015-09-29,23.139999389648438,23.139999389648438,0.0,0.0,EUR
2015-09-30,23.520000457763672,23.520000457763672,0.0,0.0,EUR
2015-10-01,23.420000076293945,23.420000076293945,0.0,0.0,EUR
2015-10-02,23.229999542236328,23.229999542236328,0.0,0.0,EUR
2015-10-05,24.31999969482422,24.31999969482422,0.0,0.0,EUR
2015-10-06,24.440000534057617,24.440000534057617,0.0,0.0,EUR
2015-10-07,24.5,24.5,0.0,0.0,EUR
2015-10-08,24.850000381469727,24.850000381469727,0.0,0.0,EUR
2015-10-09,24.8799991607666,24.8799991607666,0.0,0.0,EUR
2015-10-12,24.760000228881836,24.760000228881836,0.0,0.0,EUR
2015-10-13,24.799999237060547,24.799999237060547,0.0,0.0,EUR
2015-10-14,24.18000030517578,24.18000030517578,0.0,0.0,EUR
2015-10-15,24.190000534057617,24.190000534057617,0.0,0.0,EUR
2015-10-16,24.600000381469727,24.600000381469727,0.0,0.0,EUR
2015-10-19,24.729999542236328,24.729999542236328,0.0,0.0,EUR
2015-10-20,24.739999771118164,24.739999771118164,0.0,0.0,EUR
2015-10-21,24.709999084472656,24.709999084472656,0.0,0.0,EUR
2015-10-22,25.020000457763672,25.020000457763672,0.0,0.0,EUR
2015-10-23,25.31999969482422,25.31999969482422,0.0,0.0,EUR
2015-10-26,25.299999237060547,25.299999237060547,0.0,0.0,EUR
2015-10-27,24.90999984741211,24.90999984741211,0.0,0.0,EUR
2015-10-28,25.329999923706055,25.329999923706055,0.0,0.0,EUR
2015-10-29,25.6299991607666,25.6299991607666,0.0,0.0,EUR
2015-10-30,25.440000534057617,25.440000534057617,0.0,0.0,EUR
2015-11-02,25.56999969482422,25.56999969482422,0.0,0.0,EUR
2015-11-03,26.079999923706055,26.079999923706055,0.0,0.0,EUR
2015-11-04,26.18000030517578,26.18000030517578,0.0,0.0,EUR
2015-11-05,26.200000762939453,26.200000762939453,0.0,0.0,EUR
2015-11-06,26.549999237060547,26.549999237060547,0.0,0.0,EUR
2015-11-09,26.270000457763672,26.270000457763672,0.0,0.0,EUR
2015-11-10,26.420000076293945,26.420000076293945,0.0,0.0,EUR
2015-11-11,26.309999465942383,26.309999465942383,0.0,0.0,EUR
2015-11-12,25.860000610351562,25.860000610351562,0.0,0.0,EUR
2015-11-13,25.639999389648438,25.639999389648438,0.0,0.0,EUR
2015-11-16,25.520000457763672,25.520000457763672,0.0,0.0,EUR
2015-11-17,26.200000762939453,26.200000762939453,0.0,0.0,EUR
2015-11-18,26.15999984741211,26.15999984741211,0.0,0.0,EUR
2015-11-19,25.959999084472656,25.959999084472656,0.0,0.0,EUR
2015-11-20,26.389999389648438,26.389999389648438,0.0,0.0,EUR
2015-11-23,26.6200008392334,26.6200008392334,0.0,0.0,EUR
2015-11-24,26.489999771118164,26.489999771118164,0.0,0.0,EUR
2015-11-25,26.829999923706055,26.829999923706055,0.0,0.0,EUR
2015-11-26,26.989999771118164,26.989999771118164,0.0,0.0,EUR
2015-11-27,26.979999542236328,26.979999542236328,0.0,0.0,EUR
2015-11-30,27.049999237060547,27.049999237060547,0.0,0.0,EUR
2015-12-01,26.84000015258789,26.84000015258789,0.0,0.0,EUR
2015-12-02,26.93000030517578,26.93000030517578,0.0,0.0,EUR
2015-12-03,25.809999465942383,25.809999465942383,0.0,0.0,EUR
2015-12-04,25.649999618530273,25.649999618530273,0.0,0.0,EUR
2015-12-07,25.34000015258789,25.34000015258789,0.0,0.0,EUR
2015-12-08,24.90999984741211,24.90999984741211,0.0,0.0,EUR
2015-12-09,24.809999465942383,24.809999465942383,0.0,0.0,EUR
2015-12-10,24.729999542236328,24.729999542236328,0.0,0.0,EUR
2015-12-11,24.260000228881836,24.260000228881836,0.0,0.0,EUR
2015-12-14,23.65999984741211,23.65999984741211,0.0,0.0,EUR
2015-12-15,24.280000686645508,24.280000686645508,0.0,0.0,EUR
2015-12-16,24.399999618530273,24.399999618530273,0.0,0.0,EUR
2015-12-17,24.649999618530273,24.649999618530273,0.0,0.0,EUR
2015-12-18,24.3799991607666,24.3799991607666,0.0,0.0,EUR
2015-12-21,24.020000457763672,24.020000457763672,0.0,0.0,EUR
2015-12-22,24.229999542236328,24.229999542236328,0.0,0.0,EUR
2015-12-23,24.969999313354492,24.969999313354492,0.0,0.0,EUR
2015-12-28,24.469999313354492,24.469999313354492,0.0,0.0,EUR
2015-12-29,25.0,25.0,0.0,0.0,EUR
2015-12-30,24.920000076293945,24.920000076293945,0.0,0.0,EUR
2016-01-04,24.229999542236328,24.229999542236328,0.0,0.0,EUR
2016-01-05,24.549999237060547,24.549999237060547,0.0,0.0,EUR
2016-01-06,24.260000228881836,24.260000228881836,0.0,0.0,EUR
2016-01-07,23.520000457763672,23.520000457763672,0.0,0.0,EUR
2016-01-08,22.829999923706055,22.829999923706055,0.0,0.0,EUR
2016-01-11,22.649999618530273,22.649999618530273,0.0,0.0,EUR
2016-01-12,22.540000915527344,22.540000915527344,0.0,0.0,EUR
2016-01-13,22.579999923706055,22.579999923706055,0.0,0.0,EUR
2016-01-14,21.969999313354492,21.969999313354492,0.0,0.0,EUR
2016-01-15,21.440000534057617,21.440000534057617,0.0,0.0,EUR
2016-01-18,21.760000228881836,21.760000228881836,0.0,0.0,EUR
2016-01-19,21.68000030517578,21.68000030517578,0.0,0.0,EUR
2016-01-20,20.84000015258789,20.84000015258789,0.0,0.0,EUR
2016-01-21,21.709999084472656,21.709999084472656,0.0,0.0,EUR
2016-01-22,22.0,22.0,0.0,0.0,EUR
2016-01-25,21.790000915527344,21.790000915527344,0.0,0.0,EUR
2016-01-26,21.889999389648438,21.889999389648438,0.0,0.0,EUR
2016-01-27,22.15999984741211,22.15999984741211,0.0,0.0,EUR
2016-01-28,21.790000915527344,21.790000915527344,0.0,0.0,EUR
2016-01-29,22.450000762939453,22.450000762939453,0.0,0.0,EUR
2016-02-01,22.549999237060547,22.549999237060547,0.0,0.0,EUR
2016-02-02,22.139999389648438,22.139999389648438,0.0,0.0,EUR
2016-02-03,21.59000015258789,21.59000015258789,0.0,0.0,EUR
2016-02-04,21.84000015258789,21.84000015258789,0.0,0.0,EUR
2016-02-05,21.6200008392334,21.6200008392334,0.0,0.0,EUR
2016-02-08,20.8799991607666,20.8799991607666,0.0,0.0,EUR
2016-02-09,20.549999237060547,20.549999237060547,0.0,0.0,EUR
2016-02-10,20.829999923706055,20.829999923706055,0.0,0.0,EUR
2016-02-11,20.030000686645508,20.030000686645508,0.0,0.0,EUR
2016-02-12,20.81999969482422,20.81999969482422,0.0,0.0,EUR
2016-02-15,21.219999313354492,21.219999313354492,0.0,0.0,EUR
2016-02-16,21.270000457763672,21.270000457763672,0.0,0.0,EUR
2016-02-17,21.90999984741211,21.90999984741211,0.0,0.0,EUR
2016-02-18,21.8700008392334,21.8700008392334,0.0,0.0,EUR
2016-02-19,21.809999465942383,21.809999465942383,0.0,0.0,EUR
2016-02-22,22.360000610351562,22.360000610351562,0.0,0.0,EUR
2016-02-23,22.200000762939453,22.200000762939453,0.0,0.0,EUR
2016-02-24,21.8799991607666,21.8799991607666,0.0,0.0,EUR
2016-02-25,22.31999969482422,22.31999969482422,0.0,0.0,EUR
2016-02-26,22.93000030517578,22.93000030517578,0.0,0.0,EUR
2016-02-29,23.329999923706055,23.329999923706055,0.0,0.0,EUR
2016-03-01,23.440000534057617,23.440000534057617,0.0,0.0,EUR
2016-03-02,23.770000457763672,23.770000457763672,0.0,0.0,EUR
2016-03-03,24.06999969482422,24.06999969482422,0.0,0.0,EUR
2016-03-04,24.520000457763672,24.520000457763672,0.0,0.0,EUR
2016-03-07,24.68000030517578,24.68000030517578,0.0,0.0,EUR
2016-03-08,24.049999237060547,24.049999237060547,0.0,0.0,EUR
2016-03-09,24.110000610351562,24.110000610351562,0.0,0.0,EUR
2016-03-10,23.489999771118164,23.489999771118164,0.0,0.0,EUR
2016-03-11,24.229999542236328,24.229999542236328,0.0,0.0,EUR
2016-03-14,24.15999984741211,24.15999984741211,0.0,0.0,EUR
2016-03-15,23.899999618530273,23.899999618530273,0.0,0.0,EUR
2016-03-16,24.149999618530273,24.149999618530273,0.0,0.0,EUR
2016-03-17,24.139999389648438,24.139999389648438,0.0,0.0,EUR
2016-03-18,24.479999542236328,24.479999542236328,0.0,0.0,EUR
2016-03-21,24.440000534057617,24.440000534057617,0.0,0.0,EUR
2016-03-22,24.540000915527344,24.540000915527344,0.0,0.0,EUR
2016-03-23,24.299999237060547,24.299999237060547,0.0,0.0,EUR
2016-03-24,23.959999084472656,23.959999084472656,0.0,0.0,EUR
2016-03-29,24.149999618530273,24.149999618530273,0.0,0.0,EUR
2016-03-30,24.329999923706055,24.329999923706055,0.0,0.0,EUR
2016-03-31,24.239999771118164,24.239999771118164,0.0,0.0,EUR
2016-04-01,24.200000762939453,24.200000762939453,0.0,0.0,EUR
2016-04-04,24.149999618530273,24.149999618530273,0.0,0.0,EUR
2016-04-05,23.8799991607666,23.8799991607666,0.0,0.0,EUR
2016-04-06,23.8700008392334,23.8700008392334,0.0,0.0,EUR
2016-04-07,23.700000762939453,23.700000762939453,0.0,0.0,EUR
2016-04-08,23.809999465942383,23.809999465942383,0.0,0.0,EUR
2016-04-11,23.829999923706055,23.829999923706055,0.0,0.0,EUR
2016-04-12,24.260000228881836,24.260000228881836,0.0,0.0,EUR
2016-04-13,24.969999313354492,24.969999313354492,0.0,0.0,EUR
2016-04-14,25.110000610351562,25.110000610351562,0.0,0.0,EUR
2016-04-15,24.989999771118164,24.989999771118164,0.0,0.0,EUR
2016-04-18,24.979999542236328,24.979999542236328,0.0,0.0,EUR
2016-04-19,25.170000076293945,25.170000076293945,0.0,0.0,EUR
2016-04-20,25.31999969482422,25.31999969482422,0.0,0.0,EUR
2016-04-21,25.389999389648438,25.389999389648438,0.0,0.0,EUR
2016-04-22,25.559999465942383,25.559999465942383,0.0,0.0,EUR
2016-04-25,25.270000457763672,25.270000457763672,0.0,0.0,EUR
2016-04-26,25.389999389648438,25.389999389648438,0.0,0.0,EUR
2016-04-27,25.6299991607666,25.6299991607666,0.0,0.0,EUR
2016-04-28,25.739999771118164,25.739999771118164,0.0,0.0,EUR
2016-04-29,24.81999969482422,24.81999969482422,0.0,0.0,EUR
2016-05-02,24.93000030517578,24.93000030517578,0.0,0.0,EUR
2016-05-03,24.399999618530273,24.399999618530273,0.0,0.0,EUR
2016-05-04,24.399999618530273,24.399999618530273,0.0,0.0,EUR
2016-05-05,24.68000030517578,24.68000030517578,0.0,0.0,EUR
2016-05-06,24.56999969482422,24.56999969482422,0.0,0.0,EUR
2016-05-09,24.399999618530273,24.399999618530273,0.0,0.0,EUR
2016-05-10,24.649999618530273,24.649999618530273,0.0,0.0,EUR
2016-05-11,24.68000030517578,24.68000030517578,0.0,0.0,EUR
2016-05-12,24.3799991607666,24.3799991607666,0.0,0.0,EUR
2016-05-13,24.639999389648438,24.639999389648438,0.0,0.0,EUR
2016-05-17,24.68000030517578,24.68000030517578,0.0,0.0,EUR
2016-05-18,24.520000457763672,24.520000457763672,0.0,0.0,EUR
2016-05-19,24.200000762939453,24.200000762939453,0.0,0.0,EUR
2016-05-20,24.739999771118164,24.739999771118164,0.0,0.0,EUR
2016-05-23,24.700000762939453,24.700000762939453,0.0,0.0,EUR
2016-05-24,25.1200008392334,25.1200008392334,0.0,0.0,EUR
2016-05-25,25.420000076293945,25.420000076293945,0.0,0.0,EUR
2016-05-26,25.350000381469727,25.350000381469727,0.0,0.0,EUR
2016-05-27,25.559999465942383,25.559999465942383,0.0,0.0,EUR
2016-05-30,25.700000762939453,25.700000762939453,0.0,0.0,EUR
2016-05-31,25.739999771118164,25.739999771118164,0.0,0.0,EUR
2016-06-01,25.56999969482422,25.56999969482422,0.0,0.0,EUR
2016-06-02,25.770000457763672,25.770000457763672,0.0,0.0,EUR
2016-06-03,25.239999771118164,25.239999771118164,0.0,0.0,EUR
2016-06-06,25.600000381469727,25.600000381469727,0.0,0.0,EUR
2016-06-07,25.950000762939453,25.950000762939453,0.0,0.0,EUR
2016-06-08,25.860000610351562,25.860000610351562,0.0,0.0,EUR
2016-06-09,25.790000915527344,25.790000915527344,0.0,0.0,EUR
2016-06-10,25.6299991607666,25.6299991607666,0.0,0.0,EUR
2016-06-13,25.3799991607666,25.3799991607666,0.0,0.0,EUR
2016-06-14,25.09000015258789,25.09000015258789,0.0,0.0,EUR
2016-06-15,25.399999618530273,25.399999618530273,0.0,0.0,EUR
2016-06-16,25.15999984741211,25.15999984741211,0.0,0.0,EUR
2016-06-17,25.290000915527344,25.290000915527344,0.0,0.0,EUR
2016-06-20,25.770000457763672,25.770000457763672,0.0,0.0,EUR
2016-06-21,25.549999237060547,25.549999237060547,0.0,0.0,EUR
2016-06-22,25.579999923706055,25.579999923706055,0.0,0.0,EUR
2016-06-23,25.649999618530273,25.649999618530273,0.0,0.0,EUR
2016-06-24,25.34000015258789,25.34000015258789,0.0,0.0,EUR
2016-06-27,24.469999313354492,24.469999313354492,0.0,0.0,EUR
2016-06-28,24.549999237060547,24.549999237060547,0.0,0.0,EUR
2016-06-29,25.09000015258789,25.09000015258789,0.0,0.0,EUR
2016-06-30,25.290000915527344,25.290000915527344,0.0,0.0,EUR
2016-07-01,25.6200008392334,25.6200008392334,0.0,0.0,EUR
2016-07-04,25.670000076293945,25.670000076293945,0.0,0.0,EUR
2016-07-05,25.190000534057617,25.190000534057617,0.0,0.0,EUR
2016-07-06,25.25,25.25,0.0,0.0,EUR
2016-07-07,25.59000015258789,25.59000015258789,0.0,0.0,EUR
2016-07-08,26.06999969482422,26.06999969482422,0.0,0.0,EUR
2016-07-11,26.420000076293945,26.420000076293945,0.0,0.0,EUR
2016-07-12,26.809999465942383,26.809999465942383,0.0,0.0,EUR
2016-07-13,26.5,26.5,0.0,0.0,EUR
2016-07-14,26.760000228881836,26.760000228881836,0.0,0.0,EUR
2016-07-15,26.829999923706055,26.829999923706055,0.0,0.0,EUR
2016-07-18,26.790000915527344,26.790000915527344,0.0,0.0,EUR
2016-07-19,26.959999084472656,26.959999084472656,0.0,0.0,EUR
2016-07-20,27.059999465942383,27.059999465942383,0.0,0.0,EUR
2016-07-21,27.1200008392334,27.1200008392334,0.0,0.0,EUR
2016-07-22,27.09000015258789,27.09000015258789,0.0,0.0,EUR
2016-07-25,27.040000915527344,27.040000915527344,0.0,0.0,EUR
2016-07-26,27.1299991607666,27.1299991607666,0.0,0.0,EUR
2016-07-27,27.139999389648438,27.139999389648438,0.0,0.0,EUR
2016-07-28,26.809999465942383,26.809999465942383,0.0,0.0,EUR
2016-07-29,26.760000228881836,26.760000228881836,0.0,0.0,EUR
2016-08-01,26.709999084472656,26.709999084472656,0.0,0.0,EUR
2016-08-02,26.139999389648438,26.139999389648438,0.0,0.0,EUR
2016-08-03,26.3799991607666,26.3799991607666,0.0,0.0,EUR
2016-08-04,26.6299991607666,26.6299991607666,0.0,0.0,EUR
2016-08-05,27.15999984741211,27.15999984741211,0.0,0.0,EUR
2016-08-08,27.290000915527344,27.290000915527344,0.0,0.0,EUR
2016-08-09,27.1299991607666,27.1299991607666,0.0,0.0,EUR
2016-08-10,26.690000534057617,26.690000534057617,0.0,0.0,EUR
2016-08-11,26.829999923706055,26.829999923706055,0.0,0.0,EUR
2016-08-12,26.799999237060547,26.799999237060547,0.0,0.0,EUR
2016-08-15,27.0,27.0,0.0,0.0,EUR
2016-08-16,26.65999984741211,26.65999984741211,0.0,0.0,EUR
2016-08-17,26.43000030517578,26.43000030517578,0.0,0.0,EUR
2016-08-18,26.649999618530273,26.649999618530273,0.0,0.0,EUR
2016-08-19,26.6299991607666,26.6299991607666,0.0,0.0,EUR
2016-08-22,26.479999542236328,26.479999542236328,0.0,0.0,EUR
2016-08-23,26.850000381469727,26.850000381469727,0.0,0.0,EUR
2016-08-24,26.8799991607666,26.8799991607666,0.0,0.0,EUR
2016-08-25,26.799999237060547,26.799999237060547,0.0,0.0,EUR
2016-08-26,26.93000030517578,26.93000030517578,0.0,0.0,EUR
2016-08-29,27.1299991607666,27.1299991607666,0.0,0.0,EUR
2016-08-30,27.15999984741211,27.15999984741211,0.0,0.0,EUR
2016-08-31,26.93000030517578,26.93000030517578,0.0,0.0,EUR
2016-09-01,26.760000228881836,26.760000228881836,0.0,0.0,EUR
2016-09-02,27.200000762939453,27.200000762939453,0.0,0.0,EUR
2016-09-05,27.239999771118164,27.239999771118164,0.0,0.0,EUR
2016-09-06,27.0,27.0,0.0,0.0,EUR
2016-09-07,27.110000610351562,27.110000610351562,0.0,0.0,EUR
2016-09-08,27.149999618530273,27.149999618530273,0.0,0.0,EUR
2016-09-09,26.809999465942383,26.809999465942383,0.0,0.0,EUR
2016-09-12,26.489999771118164,26.489999771118164,0.0,0.0,EUR
2016-09-13,26.06999969482422,26.06999969482422,0.0,0.0,EUR
2016-09-14,26.0,26.0,0.0,0.0,EUR
2016-09-15,26.31999969482422,26.31999969482422,0.0,0.0,EUR
2016-09-16,26.389999389648438,26.389999389648438,0.0,0.0,EUR
2016-09-19,26.719999313354492,26.719999313354492,0.0,0.0,EUR
2016-09-20,26.540000915527344,26.540000915527344,0.0,0.0,EUR
2016-09-21,26.600000381469727,26.600000381469727,0.0,0.0,EUR
2016-09-22,26.90999984741211,26.90999984741211,0.0,0.0,EUR
2016-09-23,27.020000457763672,27.020000457763672,0.0,0.0,EUR
2016-09-26,26.610000610351562,26.610000610351562,0.0,0.0,EUR
2016-09-27,26.600000381469727,26.600000381469727,0.0,0.0,EUR
2016-09-28,26.6299991607666,26.6299991607666,0.0,0.0,EUR
2016-09-29,27.0,27.0,0.0,0.0,EUR
2016-09-30,27.020000457763672,27.020000457763672,0.0,0.0,EUR
2016-10-04,27.100000381469727,27.100000381469727,0.0,0.0,EUR
2016-10-05,27.15999984741211,27.15999984741211,0.0,0.0,EUR
2016-10-06,27.0,27.0,0.0,0.0,EUR
2016-10-07,27.0,27.0,0.0,0.0,EUR
2016-10-10,27.31999969482422,27.31999969482422,0.0,0.0,EUR
2016-10-11,27.06999969482422,27.06999969482422,0.0,0.0,EUR
2016-10-12,27.309999465942383,27.309999465942383,0.0,0.0,EUR
2016-10-13,26.860000610351562,26.860000610351562,0.0,0.0,EUR
2016-10-14,27.020000457763672,27.020000457763672,0.0,0.0,EUR
2016-10-17,26.940000534057617,26.940000534057617,0.0,0.0,EUR
2016-10-18,27.09000015258789,27.09000015258789,0.0,0.0,EUR
2016-10-19,27.3799991607666,27.3799991607666,0.0,0.0,EUR
2016-10-20,27.290000915527344,27.290000915527344,0.0,0.0,EUR
2016-10-21,27.469999313354492,27.469999313354492,0.0,0.0,EUR
2016-10-24,27.549999237060547,27.549999237060547,0.0,0.0,EUR
2016-10-25,27.31999969482422,27.31999969482422,0.0,0.0,EUR
2016-10-26,27.219999313354492,27.219999313354492,0.0,0.0,EUR
2016-10-27,26.850000381469727,26.850000381469727,0.0,0.0,EUR
2016-10-28,26.889999389648438,26.889999389648438,0.0,0.0,EUR
2016-10-31,26.6299991607666,26.6299991607666,0.0,0.0,EUR
2016-11-01,26.190000534057617,26.190000534057617,0.0,0.0,EUR
2016-11-02,25.84000015258789,25.84000015258789,0.0,0.0,EUR
2016-11-03,25.81999969482422,25.81999969482422,0.0,0.0,EUR
2016-11-04,26.030000686645508,26.030000686645508,0.0,0.0,EUR
2016-11-07,26.549999237060547,26.549999237060547,0.0,0.0,EUR
2016-11-08,26.520000457763672,26.520000457763672,0.0,0.0,EUR
2016-11-09,27.40999984741211,27.40999984741211,0.0,0.0,EUR
2016-11-10,28.09000015258789,28.09000015258789,0.0,0.0,EUR
2016-11-11,28.31999969482422,28.31999969482422,0.0,0.0,EUR
2016-11-14,29.479999542236328,29.479999542236328,0.0,0.0,EUR
2016-11-15,29.459999084472656,29.459999084472656,0.0,0.0,EUR
2016-11-16,29.760000228881836,29.760000228881836,0.0,0.0,EUR
2016-11-17,30.0,30.0,0.0,0.0,EUR
2016-11-18,30.25,30.25,0.0,0.0,EUR
2016-11-21,30.329999923706055,30.329999923706055,0.0,0.0,EUR
2016-11-22,30.520000457763672,30.520000457763672,0.0,0.0,EUR
2016-11-23,30.959999084472656,30.959999084472656,0.0,0.0,EUR
2016-11-24,31.170000076293945,31.170000076293945,0.0,0.0,EUR
2016-11-25,31.020000457763672,31.020000457763672,0.0,0.0,EUR
2016-11-28,30.850000381469727,30.850000381469727,0.0,0.0,EUR
2016-11-29,30.670000076293945,30.670000076293945,0.0,0.0,EUR
2016-11-30,31.010000228881836,31.010000228881836,0.0,0.0,EUR
2016-12-01,31.010000228881836,31.010000228881836,0.0,0.0,EUR
2016-12-02,30.760000228881836,30.760000228881836,0.0,0.0,EUR
2016-12-05,30.969999313354492,30.969999313354492,0.0,0.0,EUR
2016-12-06,31.010000228881836,31.010000228881836,0.0,0.0,EUR
2016-12-07,31.479999542236328,31.479999542236328,0.0,0.0,EUR
2016-12-08,32.349998474121094,32.349998474121094,0.0,0.0,EUR
2016-12-09,32.77000045776367,32.77000045776367,0.0,0.0,EUR
2016-12-12,32.5099983215332,32.5099983215332,0.0,0.0,EUR
2016-12-13,32.060001373291016,32.060001373291016,0.0,0.0,EUR
2016-12-14,31.940000534057617,31.940000534057617,0.0,0.0,EUR
2016-12-15,32.72999954223633,32.72999954223633,0.0,0.0,EUR
2016-12-16,32.63999938964844,32.63999938964844,0.0,0.0,EUR
2016-12-19,32.540000915527344,32.540000915527344,0.0,0.0,EUR
2016-12-20,33.060001373291016,33.060001373291016,0.0,0.0,EUR
2016-12-21,32.900001525878906,32.900001525878906,0.0,0.0,EUR
2016-12-22,32.4900016784668,32.4900016784668,0.0,0.0,EUR
2016-12-23,32.560001373291016,32.560001373291016,0.0,0.0,EUR
2016-12-27,32.7400016784668,32.7400016784668,0.0,0.0,EUR
2016-12-28,32.77000045776367,32.77000045776367,0.0,0.0,EUR
2016-12-29,32.29999923706055,32.29999923706055,0.0,0.0,EUR
2016-12-30,32.22999954223633,32.22999954223633,0.0,0.0,EUR
2017-01-02,32.470001220703125,32.470001220703125,0.0,0.0,EUR
2017-01-03,32.439998626708984,32.439998626708984,0.0,0.0,EUR
2017-01-04,32.88999938964844,32.88999938964844,0.0,0.0,EUR
2017-01-05,32.2400016784668,32.2400016784668,0.0,0.0,EUR
2017-01-06,32.40999984741211,32.40999984741211,0.0,0.0,EUR
2017-01-09,32.099998474121094,32.099998474121094,0.0,0.0,EUR
2017-01-10,32.22999954223633,32.22999954223633,0.0,0.0,EUR
2017-01-11,32.4900016784668,32.4900016784668,0.0,0.0,EUR
2017-01-12,31.600000381469727,31.600000381469727,0.0,0.0,EUR
2017-01-13,32.220001220703125,32.220001220703125,0.0,0.0,EUR
2017-01-16,32.130001068115234,32.130001068115234,0.0,0.0,EUR
2017-01-17,31.690000534057617,31.690000534057617,0.0,0.0,EUR
2017-01-18,31.709999084472656,31.709999084472656,0.0,0.0,EUR
2017-01-19,31.639999389648438,31.639999389648438,0.0,0.0,EUR
2017-01-20,31.690000534057617,31.690000534057617,0.0,0.0,EUR
2017-01-23,31.270000457763672,31.270000457763672,0.0,0.0,EUR
2017-01-24,31.56999969482422,31.56999969482422,0.0,0.0,EUR
2017-01-25,32.09000015258789,32.09000015258789,0.0,0.0,EUR
2017-01-26,32.279998779296875,32.279998779296875,0.0,0.0,EUR
2017-01-27,31.920000076293945,31.920000076293945,0.0,0.0,EUR
2017-01-30,31.360000610351562,31.360000610351562,0.0,0.0,EUR
2017-01-31,31.059999465942383,31.059999465942383,0.0,0.0,EUR
2017-02-01,31.420000076293945,31.420000076293945,0.0,0.0,EUR
2017-02-02,31.299999237060547,31.299999237060547,0.0,0.0,EUR
2017-02-03,31.649999618530273,31.649999618530273,0.0,0.0,EUR
2017-02-06,31.690000534057617,31.690000534057617,0.0,0.0,EUR
2017-02-07,31.65999984741211,31.65999984741211,0.0,0.0,EUR
2017-02-08,31.34000015258789,31.34000015258789,0.0,0.0,EUR
2017-02-09,31.979999542236328,31.979999542236328,0.0,0.0,EUR
2017-02-10,32.18000030517578,32.18000030517578,0.0,0.0,EUR
2017-02-13,32.52000045776367,32.52000045776367,0.0,0.0,EUR
2017-02-14,32.630001068115234,32.630001068115234,0.0,0.0,EUR
2017-02-15,32.68000030517578,32.68000030517578,0.0,0.0,EUR
2017-02-16,32.310001373291016,32.310001373291016,0.0,0.0,EUR
2017-02-17,32.34000015258789,32.34000015258789,0.0,0.0,EUR
2017-02-20,32.52000045776367,32.52000045776367,0.0,0.0,EUR
2017-02-21,32.900001525878906,32.900001525878906,0.0,0.0,EUR
2017-02-22,32.91999816894531,32.91999816894531,0.0,0.0,EUR
2017-02-23,32.54999923706055,32.54999923706055,0.0,0.0,EUR
2017-02-24,32.5,32.5,0.0,0.0,EUR
2017-02-27,32.58000183105469,32.58000183105469,0.0,0.0,EUR
2017-02-28,32.45000076293945,32.45000076293945,0.0,0.0,EUR
2017-03-01,32.970001220703125,32.970001220703125,0.0,0.0,EUR
2017-03-02,32.81999969482422,32.81999969482422,0.0,0.0,EUR
2017-03-03,32.52000045776367,32.52000045776367,0.0,0.0,EUR
2017-03-06,32.18000030517578,32.18000030517578,0.0,0.0,EUR
2017-03-07,32.099998474121094,32.099998474121094,0.0,0.0,EUR
2017-03-08,31.989999771118164,31.989999771118164,0.0,0.0,EUR
2017-03-09,31.770000457763672,31.770000457763672,0.0,0.0,EUR
2017-03-10,31.350000381469727,31.350000381469727,0.0,0.0,EUR
2017-03-13,31.489999771118164,31.489999771118164,0.0,0.0,EUR
2017-03-14,31.270000457763672,31.270000457763672,0.0,0.0,EUR
2017-03-15,31.719999313354492,31.719999313354492,0.0,0.0,EUR
2017-03-16,31.670000076293945,31.670000076293945,0.0,0.0,EUR
2017-03-17,31.579999923706055,31.579999923706055,0.0,0.0,EUR
2017-03-20,31.469999313354492,31.469999313354492,0.0,0.0,EUR
2017-03-21,30.600000381469727,30.600000381469727,0.0,0.0,EUR
2017-03-22,30.290000915527344,30.290000915527344,0.0,0.0,EUR
2017-03-23,30.799999237060547,30.799999237060547,0.0,0.0,EUR
2017-03-24,30.6299991607666,30.6299991607666,0.0,0.0,EUR
2017-03-27,30.200000762939453,30.200000762939453,0.0,0.0,EUR
2017-03-28,30.549999237060547,30.549999237060547,0.0,0.0,EUR
2017-03-29,31.1200008392334,31.1200008392334,0.0,0.0,EUR
2017-03-30,31.469999313354492,31.469999313354492,0.0,0.0,EUR
2017-03-31,31.68000030517578,31.68000030517578,0.0,0.0,EUR
2017-04-03,31.3700008392334,31.3700008392334,0.0,0.0,EUR
2017-04-04,31.43000030517578,31.43000030517578,0.0,0.0,EUR
2017-04-05,31.469999313354492,31.469999313354492,0.0,0.0,EUR
2017-04-06,31.40999984741211,31.40999984741211,0.0,0.0,EUR
2017-04-07,31.5,31.5,0.0,0.0,EUR
2017-04-10,31.65999984741211,31.65999984741211,0.0,0.0,EUR
2017-04-11,31.579999923706055,31.579999923706055,0.0,0.0,EUR
2017-04-12,31.440000534057617,31.440000534057617,0.0,0.0,EUR
2017-04-13,31.25,31.25,0.0,0.0,EUR
2017-04-18,30.90999984741211,30.90999984741211,0.0,0.0,EUR
2017-04-19,31.309999465942383,31.309999465942383,0.0,0.0,EUR
2017-04-20,31.149999618530273,31.149999618530273,0.0,0.0,EUR
2017-04-21,31.34000015258789,31.34000015258789,0.0,0.0,EUR
2017-04-24,31.239999771118164,31.239999771118164,0.0,0.0,EUR
2017-04-25,31.31999969482422,31.31999969482422,0.0,0.0,EUR
2017-04-26,31.790000915527344,31.790000915527344,0.0,0.0,EUR
2017-04-27,31.459999084472656,31.459999084472656,0.0,0.0,EUR
2017-04-28,31.139999389648438,31.139999389648438,0.0,0.0,EUR
2017-05-02,31.059999465942383,31.059999465942383,0.0,0.0,EUR
2017-05-03,30.81999969482422,30.81999969482422,0.0,0.0,EUR
2017-05-04,30.600000381469727,30.600000381469727,0.0,0.0,EUR
2017-05-05,30.65999984741211,30.65999984741211,0.0,0.0,EUR
2017-05-08,30.75,30.75,0.0,0.0,EUR
2017-05-09,30.8799991607666,30.8799991607666,0.0,0.0,EUR
2017-05-10,31.0,31.0,0.0,0.0,EUR
2017-05-11,30.920000076293945,30.920000076293945,0.0,0.0,EUR
2017-05-12,30.520000457763672,30.520000457763672,0.0,0.0,EUR
2017-05-15,30.639999389648438,30.639999389648438,0.0,0.0,EUR
2017-05-16,30.139999389648438,30.139999389648438,0.0,0.0,EUR
2017-05-17,29.540000915527344,29.540000915527344,0.0,0.0,EUR
2017-05-18,29.420000076293945,29.420000076293945,0.0,0.0,EUR
2017-05-19,29.399999618530273,29.399999618530273,0.0,0.0,EUR
2017-05-22,29.530000686645508,29.530000686645508,0.0,0.0,EUR
2017-05-23,29.600000381469727,29.600000381469727,0.0,0.0,EUR
2017-05-24,29.780000686645508,29.780000686645508,0.0,0.0,EUR
2017-05-25,29.68000030517578,29.68000030517578,0.0,0.0,EUR
2017-05-26,29.56999969482422,29.56999969482422,0.0,0.0,EUR
2017-05-29,29.6299991607666,29.6299991607666,0.0,0.0,EUR
2017-05-30,29.420000076293945,29.420000076293945,0.0,0.0,EUR
2017-05-31,28.989999771118164,28.989999771118164,0.0,0.0,EUR
2017-06-01,29.530000686645508,29.530000686645508,0.0,0.0,EUR
2017-06-02,29.729999542236328,29.729999542236328,0.0,0.0,EUR
2017-06-05,33.295631408691406,33.295631408691406,0.0,0.0,EUR
2017-06-06,29.309999465942383,29.309999465942383,0.0,0.0,EUR
2017-06-07,29.510000228881836,29.510000228881836,0.0,0.0,EUR
2017-06-08,29.729999542236328,29.729999542236328,0.0,0.0,EUR
2017-06-09,30.219999313354492,30.219999313354492,0.0,0.0,EUR
2017-06-12,30.170000076293945,30.170000076293945,0.0,0.0,EUR
2017-06-13,30.350000381469727,30.350000381469727,0.0,0.0,EUR
2017-06-14,29.90999984741211,29.90999984741211,0.0,0.0,EUR
2017-06-15,30.079999923706055,30.079999923706055,0.0,0.0,EUR
2017-06-16,29.75,29.75,0.0,0.0,EUR
2017-06-19,30.049999237060547,30.049999237060547,0.0,0.0,EUR
2017-06-20,29.920000076293945,29.920000076293945,0.0,0.0,EUR
2017-06-21,29.719999313354492,29.719999313354492,0.0,0.0,EUR
2017-06-22,29.56999969482422,29.56999969482422,0.0,0.0,EUR
2017-06-23,29.670000076293945,29.670000076293945,0.0,0.0,EUR
2017-06-26,29.81999969482422,29.81999969482422,0.0,0.0,EUR
2017-06-27,29.790000915527344,29.790000915527344,0.0,0.0,EUR
2017-06-28,29.81999969482422,29.81999969482422,0.0,0.0,EUR
2017-06-29,29.420000076293945,29.420000076293945,0.0,0.0,EUR
2017-06-30,29.479999542236328,29.479999542236328,0.0,0.0,EUR
2017-07-03,29.90999984741211,29.90999984741211,0.0,0.0,EUR
2017-07-04,29.920000076293945,29.920000076293945,0.0,0.0,EUR
2017-07-05,29.690000534057617,29.690000534057617,0.0,0.0,EUR
2017-07-06,29.360000610351562,29.360000610351562,0.0,0.0,EUR
2017-07-07,29.280000686645508,29.280000686645508,0.0,0.0,EUR
2017-07-10,29.309999465942383,29.309999465942383,0.0,0.0,EUR
2017-07-11,29.149999618530273,29.149999618530273,0.0,0.0,EUR
2017-07-12,29.540000915527344,29.540000915527344,0.0,0.0,EUR
2017-07-13,29.579999923706055,29.579999923706055,0.0,0.0,EUR
2017-07-14,29.579999923706055,29.579999923706055,0.0,0.0,EUR
2017-07-17,29.700000762939453,29.700000762939453,0.0,0.0,EUR
2017-07-18,29.700000762939453,29.700000762939453,0.0,0.0,EUR
2017-07-19,29.700000762939453,29.700000762939453,0.0,0.0,EUR
2017-07-20,29.389999389648438,29.389999389648438,0.0,0.0,EUR
2017-07-21,29.31999969482422,29.31999969482422,0.0,0.0,EUR
2017-07-24,29.260000228881836,29.260000228881836,0.0,0.0,EUR
2017-07-25,29.649999618530273,29.649999618530273,0.0,0.0,EUR
2017-07-26,29.549999237060547,29.549999237060547,0.0,0.0,EUR
2017-07-27,29.3799991607666,29.3799991607666,0.0,0.0,EUR
2017-07-28,28.950000762939453,28.950000762939453,0.0,0.0,EUR
2017-07-31,28.75,28.75,0.0,0.0,EUR
2017-08-01,28.799999237060547,28.799999237060547,0.0,0.0,EUR
2017-08-02,28.459999084472656,28.459999084472656,0.0,0.0,EUR
2017-08-03,28.389999389648438,28.389999389648438,0.0,0.0,EUR
2017-08-04,28.729999542236328,28.729999542236328,0.0,0.0,EUR
2017-08-07,28.600000381469727,28.600000381469727,0.0,0.0,EUR
2017-08-08,28.959999084472656,28.959999084472656,0.0,0.0,EUR
2017-08-09,28.420000076293945,28.420000076293945,0.0,0.0,EUR
2017-08-10,28.100000381469727,28.100000381469727,0.0,0.0,EUR
2017-08-11,27.770000457763672,27.770000457763672,0.0,0.0,EUR
2017-08-14,28.219999313354492,28.219999313354492,0.0,0.0,EUR
2017-08-15,28.209999084472656,28.209999084472656,0.0,0.0,EUR
2017-08-16,28.270000457763672,28.270000457763672,0.0,0.0,EUR
2017-08-17,28.030000686645508,28.030000686645508,0.0,0.0,EUR
2017-08-18,27.65999984741211,27.65999984741211,0.0,0.0,EUR
2017-08-21,27.389999389648438,27.389999389648438,0.0,0.0,EUR
2017-08-22,27.65999984741211,27.65999984741211,0.0,0.0,EUR
2017-08-23,27.690000534057617,27.690000534057617,0.0,0.0,EUR
2017-08-24,27.739999771118164,27.739999771118164,0.0,0.0,EUR
2017-08-25,27.600000381469727,27.600000381469727,0.0,0.0,EUR
2017-08-28,27.389999389648438,27.389999389648438,0.0,0.0,EUR
2017-08-29,27.1299991607666,27.1299991607666,0.0,0.0,EUR
2017-08-30,27.690000534057617,27.690000534057617,0.0,0.0,EUR
2017-08-31,27.989999771118164,27.989999771118164,0.0,0.0,EUR
2017-09-01,28.18000030517578,28.18000030517578,0.0,0.0,EUR
2017-09-04,28.200000762939453,28.200000762939453,0.0,0.0,EUR
2017-09-05,27.959999084472656,27.959999084472656,0.0,0.0,EUR
2017-09-06,27.790000915527344,27.790000915527344,0.0,0.0,EUR
2017-09-07,27.40999984741211,27.40999984741211,0.0,0.0,EUR
2017-09-08,27.530000686645508,27.530000686645508,0.0,0.0,EUR
2017-09-11,27.989999771118164,27.989999771118164,0.0,0.0,EUR
2017-09-12,28.190000534057617,28.190000534057617,0.0,0.0,EUR
2017-09-13,28.549999237060547,28.549999237060547,0.0,0.0,EUR
2017-09-14,28.540000915527344,28.540000915527344,0.0,0.0,EUR
2017-09-15,28.3700008392334,28.3700008392334,0.0,0.0,EUR
2017-09-18,28.59000015258789,28.59000015258789,0.0,0.0,EUR
2017-09-19,28.559999465942383,28.559999465942383,0.0,0.0,EUR
2017-09-20,28.649999618530273,28.649999618530273,0.0,0.0,EUR
2017-09-21,28.649999618530273,28.649999618530273,0.0,0.0,EUR
2017-09-22,28.81999969482422,28.81999969482422,0.0,0.0,EUR
2017-09-25,29.149999618530273,29.149999618530273,0.0,0.0,EUR
2017-09-26,29.520000457763672,29.520000457763672,0.0,0.0,EUR
2017-09-27,29.6200008392334,29.6200008392334,0.0,0.0,EUR
2017-09-28,29.6200008392334,29.6200008392334,0.0,0.0,EUR
2017-09-29,29.950000762939453,29.950000762939453,0.0,0.0,EUR
2017-10-02,30.219999313354492,30.219999313354492,0.0,0.0,EUR
2017-10-03,30.219999313354492,30.219999313354492,0.0,0.0,EUR
2017-10-04,30.479999542236328,30.479999542236328,0.0,0.0,EUR
2017-10-05,30.600000381469727,30.600000381469727,0.0,0.0,EUR
2017-10-06,30.450000762939453,30.450000762939453,0.0,0.0,EUR
2017-10-09,30.350000381469727,30.350000381469727,0.0,0.0,EUR
2017-10-10,30.209999084472656,30.209999084472656,0.0,0.0,EUR
2017-10-11,30.06999969482422,30.06999969482422,0.0,0.0,EUR
2017-10-12,29.989999771118164,29.989999771118164,0.0,0.0,EUR
2017-10-13,30.059999465942383,30.059999465942383,0.0,0.0,EUR
2017-10-16,30.100000381469727,30.100000381469727,0.0,0.0,EUR
2017-10-17,30.209999084472656,30.209999084472656,0.0,0.0,EUR
2017-10-18,30.15999984741211,30.15999984741211,0.0,0.0,EUR
2017-10-19,30.15999984741211,30.15999984741211,0.0,0.0,EUR
2017-10-20,30.15999984741211,30.15999984741211,0.0,0.0,EUR
2017-10-23,30.329999923706055,30.329999923706055,0.0,0.0,EUR
2017-10-24,30.260000228881836,30.260000228881836,0.0,0.0,EUR
2017-10-25,29.860000610351562,29.860000610351562,0.0,0.0,EUR
2017-10-26,29.860000610351562,29.860000610351562,0.0,0.0,EUR
2017-10-27,30.65999984741211,30.65999984741211,0.0,0.0,EUR
2017-10-30,30.389999389648438,30.389999389648438,0.0,0.0,EUR
2017-10-31,30.389999389648438,30.389999389648438,0.0,0.0,EUR
2017-11-01,30.479999542236328,30.479999542236328,0.0,0.0,EUR
2017-11-02,30.5,30.5,0.0,0.0,EUR
2017-11-03,30.520000457763672,30.520000457763672,0.0,0.0,EUR
2017-11-06,30.68000030517578,30.68000030517578,0.0,0.0,EUR
2017-11-07,30.530000686645508,30.530000686645508,0.0,0.0,EUR
2017-11-08,30.110000610351562,30.110000610351562,0.0,0.0,EUR
2017-11-09,30.110000610351562,30.110000610351562,0.0,0.0,EUR
2017-11-10,30.09000015258789,30.09000015258789,0.0,0.0,EUR
2017-11-13,29.959999084472656,29.959999084472656,0.0,0.0,EUR
2017-11-14,29.59000015258789,29.59000015258789,0.0,0.0,EUR
2017-11-15,29.5,29.5,0.0,0.0,EUR
2017-11-16,29.81999969482422,29.81999969482422,0.0,0.0,EUR
2017-11-17,29.899999618530273,29.899999618530273,0.0,0.0,EUR
2017-11-20,30.079999923706055,30.079999923706055,0.0,0.0,EUR
2017-11-21,30.459999084472656,30.459999084472656,0.0,0.0,EUR
2017-11-22,30.450000762939453,30.450000762939453,0.0,0.0,EUR
2017-11-23,30.229999542236328,30.229999542236328,0.0,0.0,EUR
2017-11-24,29.93000030517578,29.93000030517578,0.0,0.0,EUR
2017-11-27,29.920000076293945,29.920000076293945,0.0,0.0,EUR
2017-11-28,29.920000076293945,29.920000076293945,0.0,0.0,EUR
2017-11-29,30.84000015258789,30.84000015258789,0.0,0.0,EUR
2017-11-30,30.780000686645508,30.780000686645508,0.0,0.0,EUR
2017-12-01,30.049999237060547,30.049999237060547,0.0,0.0,EUR
2017-12-04,31.204999923706055,31.204999923706055,0.0,0.0,EUR
2017-12-05,30.8700008392334,30.8700008392334,0.0,0.0,EUR
2017-12-06,30.68000030517578,30.68000030517578,0.0,0.0,EUR
2017-12-07,30.825000762939453,30.825000762939453,0.0,0.0,EUR
2017-12-08,30.954999923706055,30.954999923706055,0.0,0.0,EUR
2017-12-11,30.889999389648438,30.889999389648438,0.0,0.0,EUR
2017-12-12,31.149999618530273,31.149999618530273,0.0,0.0,EUR
2017-12-13,30.959999084472656,30.959999084472656,0.0,0.0,EUR
2017-12-14,30.739999771118164,30.739999771118164,0.0,0.0,EUR
2017-12-15,30.924999237060547,30.924999237060547,0.0,0.0,EUR
2017-12-18,31.219999313354492,31.219999313354492,0.0,0.0,EUR
2017-12-19,31.190000534057617,31.190000534057617,0.0,0.0,EUR
2017-12-20,30.950000762939453,30.950000762939453,0.0,0.0,EUR
2017-12-21,31.1200008392334,31.1200008392334,0.0,0.0,EUR
2017-12-22,31.1299991607666,31.1299991607666,0.0,0.0,EUR
2017-12-27,31.170000076293945,31.170000076293945,0.0,0.0,EUR
2017-12-28,30.920000076293945,30.920000076293945,0.0,0.0,EUR
2017-12-29,31.020000457763672,31.020000457763672,0.0,0.0,EUR
2018-01-02,30.799999237060547,30.799999237060547,0.0,0.0,EUR
2018-01-03,30.989999771118164,30.989999771118164,0.0,0.0,EUR
2018-01-04,30.8799991607666,30.8799991607666,0.0,0.0,EUR
2018-01-05,31.065000534057617,31.065000534057617,0.0,0.0,EUR
2018-01-08,31.204999923706055,31.204999923706055,0.0,0.0,EUR
2018-01-09,31.475000381469727,31.475000381469727,0.0,0.0,EUR
2018-01-10,31.270000457763672,31.270000457763672,0.0,0.0,EUR
2018-01-11,31.489999771118164,31.489999771118164,0.0,0.0,EUR
2018-01-12,31.59000015258789,31.59000015258789,0.0,0.0,EUR
2018-01-15,31.239999771118164,31.239999771118164,0.0,0.0,EUR
2018-01-16,31.364999771118164,31.364999771118164,0.0,0.0,EUR
2018-01-17,31.059999465942383,31.059999465942383,0.0,0.0,EUR
2018-01-18,30.915000915527344,30.915000915527344,0.0,0.0,EUR
2018-01-19,31.110000610351562,31.110000610351562,0.0,0.0,EUR
2018-01-22,31.184999465942383,31.184999465942383,0.0,0.0,EUR
2018-01-23,31.260000228881836,31.260000228881836,0.0,0.0,EUR
2018-01-24,31.010000228881836,31.010000228881836,0.0,0.0,EUR
2018-01-25,30.6200008392334,30.6200008392334,0.0,0.0,EUR
2018-01-26,30.80500030517578,30.80500030517578,0.0,0.0,EUR
2018-01-29,30.940000534057617,30.940000534057617,0.0,0.0,EUR
2018-01-30,30.43000030517578,30.43000030517578,0.0,0.0,EUR
2018-01-31,30.225000381469727,30.225000381469727,0.0,0.0,EUR
2018-02-01,29.985000610351562,29.985000610351562,0.0,0.0,EUR
2018-02-02,29.729999542236328,29.729999542236328,0.0,0.0,EUR
2018-02-05,29.385000228881836,29.385000228881836,0.0,0.0,EUR
2018-02-06,28.3700008392334,28.3700008392334,0.0,0.0,EUR
2018-02-07,29.139999389648438,29.139999389648438,0.0,0.0,EUR
2018-02-08,28.834999084472656,28.834999084472656,0.0,0.0,EUR
2018-02-09,28.229999542236328,28.229999542236328,0.0,0.0,EUR
2018-02-12,28.420000076293945,28.420000076293945,0.0,0.0,EUR
2018-02-13,28.350000381469727,28.350000381469727,0.0,0.0,EUR
2018-02-14,28.594999313354492,28.594999313354492,0.0,0.0,EUR
2018-02-15,28.770000457763672,28.770000457763672,0.0,0.0,EUR
2018-02-16,29.31999969482422,29.31999969482422,0.0,0.0,EUR
2018-02-19,29.2450008392334,29.2450008392334,0.0,0.0,EUR
2018-02-20,29.43000030517578,29.43000030517578,0.0,0.0,EUR
2018-02-21,29.600000381469727,29.600000381469727,0.0,0.0,EUR
2018-02-22,29.514999389648438,29.514999389648438,0.0,0.0,EUR
2018-02-23,29.399999618530273,29.399999618530273,0.0,0.0,EUR
2018-02-26,29.540000915527344,29.540000915527344,0.0,0.0,EUR
2018-02-27,29.774999618530273,29.774999618530273,0.0,0.0,EUR
2018-02-28,29.385000228881836,29.385000228881836,0.0,0.0,EUR
2018-03-01,29.219999313354492,29.219999313354492,0.0,0.0,EUR
2018-03-02,28.729999542236328,28.729999542236328,0.0,0.0,EUR
2018-03-05,29.219999313354492,29.219999313354492,0.0,0.0,EUR
2018-03-06,29.155000686645508,29.155000686645508,0.0,0.0,EUR
2018-03-07,29.53499984741211,29.53499984741211,0.0,0.0,EUR
2018-03-08,29.540000915527344,29.540000915527344,0.0,0.0,EUR
2018-03-09,29.950000762939453,29.950000762939453,0.0,0.0,EUR
2018-03-12,30.125,30.125,0.0,0.0,EUR
2018-03-13,29.860000610351562,29.860000610351562,0.0,0.0,EUR
2018-03-14,29.69499969482422,29.69499969482422,0.0,0.0,EUR
2018-03-15,29.690000534057617,29.690000534057617,0.0,0.0,EUR
2018-03-16,30.030000686645508,30.030000686645508,0.0,0.0,EUR
2018-03-19,29.4950008392334,29.4950008392334,0.0,0.0,EUR
2018-03-20,29.704999923706055,29.704999923706055,0.0,0.0,EUR
2018-03-21,29.93000030517578,29.93000030517578,0.0,0.0,EUR
2018-03-22,29.545000076293945,29.545000076293945,0.0,0.0,EUR
2018-03-23,28.84000015258789,28.84000015258789,0.0,0.0,EUR
2018-03-26,28.3799991607666,28.3799991607666,0.0,0.0,EUR
2018-03-27,28.799999237060547,28.799999237060547,0.0,0.0,EUR
2018-03-28,28.614999771118164,28.614999771118164,0.0,0.0,EUR
2018-03-29,28.614999771118164,28.614999771118164,0.0,0.0,EUR
2018-04-03,28.770000457763672,28.770000457763672,0.0,0.0,EUR
2018-04-04,28.920000076293945,28.920000076293945,0.0,0.0,EUR
2018-04-05,29.68000030517578,29.68000030517578,0.0,0.0,EUR
2018-04-06,29.229999542236328,29.229999542236328,0.0,0.0,EUR
2018-04-09,29.145000457763672,29.145000457763672,0.0,0.0,EUR
2018-04-10,29.30500030517578,29.30500030517578,0.0,0.0,EUR
2018-04-11,29.25,29.25,0.0,0.0,EUR
2018-04-12,29.510000228881836,29.510000228881836,0.0,0.0,EUR
2018-04-13,29.459999084472656,29.459999084472656,0.0,0.0,EUR
2018-04-16,29.540000915527344,29.540000915527344,0.0,0.0,EUR
2018-04-17,29.90999984741211,29.90999984741211,0.0,0.0,EUR
2018-04-18,29.90999984741211,29.90999984741211,0.0,0.0,EUR
2018-04-19,29.875,29.875,0.0,0.0,EUR
2018-04-20,29.875,29.875,0.0,0.0,EUR
2018-04-23,30.024999618530273,30.024999618530273,0.0,0.0,EUR
2018-04-24,30.165000915527344,30.165000915527344,0.0,0.0,EUR
2018-04-25,29.954999923706055,29.954999923706055,0.0,0.0,EUR
2018-04-26,30.18000030517578,30.18000030517578,0.0,0.0,EUR
2018-04-27,30.145000457763672,30.145000457763672,0.0,0.0,EUR
2018-04-30,30.239999771118164,30.239999771118164,0.0,0.0,EUR
2018-05-02,30.454999923706055,30.454999923706055,0.0,0.0,EUR
2018-05-03,30.1299991607666,30.1299991607666,0.0,0.0,EUR
2018-05-04,30.68000030517578,30.68000030517578,0.0,0.0,EUR
2018-05-07,30.954999923706055,30.954999923706055,0.0,0.0,EUR
2018-05-08,31.09000015258789,31.09000015258789,0.0,0.0,EUR
2018-05-09,31.09000015258789,31.09000015258789,0.0,0.0,EUR
2018-05-10,31.46500015258789,31.46500015258789,0.0,0.0,EUR
2018-05-11,31.450000762939453,31.450000762939453,0.0,0.0,EUR
2018-05-14,31.354999542236328,31.354999542236328,0.0,0.0,EUR
2018-05-15,31.635000228881836,31.635000228881836,0.0,0.0,EUR
2018-05-16,31.985000610351562,31.985000610351562,0.0,0.0,EUR
2018-05-17,32.310001373291016,32.310001373291016,0.0,0.0,EUR
2018-05-18,32.310001373291016,32.310001373291016,0.0,0.0,EUR
2018-05-21,32.310001373291016,32.310001373291016,0.0,0.0,EUR
2018-05-22,32.654998779296875,32.654998779296875,0.0,0.0,EUR
2018-05-23,32.45500183105469,32.45500183105469,0.0,0.0,EUR
2018-05-24,32.3650016784668,32.3650016784668,0.0,0.0,EUR
2018-05-25,32.51499938964844,32.51499938964844,0.0,0.0,EUR
2018-05-28,32.529998779296875,32.529998779296875,0.0,0.0,EUR
2018-05-29,32.775001525878906,32.775001525878906,0.0,0.0,EUR
2018-05-30,32.95000076293945,32.95000076293945,0.0,0.0,EUR
2018-05-31,32.7400016784668,32.7400016784668,0.0,0.0,EUR
2018-06-01,32.80500030517578,32.80500030517578,0.0,0.0,EUR
2018-06-04,32.79999923706055,32.79999923706055,0.0,0.0,EUR
2018-06-05,32.90999984741211,32.90999984741211,0.0,0.0,EUR
2018-06-06,32.939998626708984,32.939998626708984,0.0,0.0,EUR
2018-06-07,32.98500061035156,32.98500061035156,0.0,0.0,EUR
2018-06-08,33.14500045776367,33.14500045776367,0.0,0.0,EUR
2018-06-11,33.25,33.25,0.0,0.0,EUR
2018-06-12,33.380001068115234,33.380001068115234,0.0,0.0,EUR
2018-06-13,33.35499954223633,33.35499954223633,0.0,0.0,EUR
2018-06-14,33.494998931884766,33.494998931884766,0.0,0.0,EUR
2018-06-15,33.52000045776367,33.52000045776367,0.0,0.0,EUR
2018-06-18,33.775001525878906,33.775001525878906,0.0,0.0,EUR
2018-06-19,33.71500015258789,33.71500015258789,0.0,0.0,EUR
2018-06-20,34.099998474121094,34.099998474121094,0.0,0.0,EUR
2018-06-21,33.93000030517578,33.93000030517578,0.0,0.0,EUR
2018-06-22,33.85499954223633,33.85499954223633,0.0,0.0,EUR
2018-06-25,33.029998779296875,33.029998779296875,0.0,0.0,EUR
2018-06-26,33.17499923706055,33.17499923706055,0.0,0.0,EUR
2018-06-27,33.540000915527344,33.540000915527344,0.0,0.0,EUR
2018-06-28,33.11000061035156,33.11000061035156,0.0,0.0,EUR
2018-06-29,33.18000030517578,33.18000030517578,0.0,0.0,EUR
2018-07-02,32.900001525878906,32.900001525878906,0.0,0.0,EUR
2018-07-03,33.28499984741211,33.28499984741211,0.0,0.0,EUR
2018-07-04,33.2599983215332,33.2599983215332,0.0,0.0,EUR
2018-07-05,33.099998474121094,33.099998474121094,0.0,0.0,EUR
2018-07-06,33.314998626708984,33.314998626708984,0.0,0.0,EUR
2018-07-09,33.665000915527344,33.665000915527344,0.0,0.0,EUR
2018-07-10,33.724998474121094,33.724998474121094,0.0,0.0,EUR
2018-07-11,33.48500061035156,33.48500061035156,0.0,0.0,EUR
2018-07-12,33.334999084472656,33.334999084472656,0.0,0.0,EUR
2018-07-13,33.685001373291016,33.685001373291016,0.0,0.0,EUR
2018-07-16,33.279998779296875,33.279998779296875,0.0,0.0,EUR
2018-07-17,33.42499923706055,33.42499923706055,0.0,0.0,EUR
2018-07-18,33.619998931884766,33.619998931884766,0.0,0.0,EUR
2018-07-19,33.880001068115234,33.880001068115234,0.0,0.0,EUR
2018-07-20,33.56999969482422,33.56999969482422,0.0,0.0,EUR
2018-07-23,33.525001525878906,33.525001525878906,0.0,0.0,EUR
2018-07-24,33.47999954223633,33.47999954223633,0.0,0.0,EUR
2018-07-25,33.244998931884766,33.244998931884766,0.0,0.0,EUR
2018-07-26,33.244998931884766,33.244998931884766,0.0,0.0,EUR
2018-07-27,33.43000030517578,33.43000030517578,0.0,0.0,EUR
2018-07-30,33.310001373291016,33.310001373291016,0.0,0.0,EUR
2018-07-31,33.39500045776367,33.39500045776367,0.0,0.0,EUR
2018-08-01,33.3849983215332,33.3849983215332,0.0,0.0,EUR
2018-08-02,33.6349983215332,33.6349983215332,0.0,0.0,EUR
2018-08-03,33.81999969482422,33.81999969482422,0.0,0.0,EUR
2018-08-06,34.03499984741211,34.03499984741211,0.0,0.0,EUR
2018-08-07,34.2400016784668,34.2400016784668,0.0,0.0,EUR
2018-08-08,33.939998626708984,33.939998626708984,0.0,0.0,EUR
2018-08-09,34.154998779296875,34.154998779296875,0.0,0.0,EUR
2018-08-10,34.494998931884766,34.494998931884766,0.0,0.0,EUR
2018-08-13,34.34000015258789,34.34000015258789,0.0,0.0,EUR
2018-08-14,34.77000045776367,34.77000045776367,0.0,0.0,EUR
2018-08-15,34.474998474121094,34.474998474121094,0.0,0.0,EUR
2018-08-16,34.665000915527344,34.665000915527344,0.0,0.0,EUR
2018-08-17,34.54999923706055,34.54999923706055,0.0,0.0,EUR
2018-08-20,34.814998626708984,34.814998626708984,0.0,0.0,EUR
2018-08-21,34.845001220703125,34.845001220703125,0.0,0.0,EUR
2018-08-22,34.70000076293945,34.70000076293945,0.0,0.0,EUR
2018-08-23,34.57500076293945,34.57500076293945,0.0,0.0,EUR
2018-08-24,34.54499816894531,34.54499816894531,0.0,0.0,EUR
2018-08-27,34.595001220703125,34.595001220703125,0.0,0.0,EUR
2018-08-28,34.33000183105469,34.33000183105469,0.0,0.0,EUR
2018-08-29,34.38999938964844,34.38999938964844,0.0,0.0,EUR
2018-08-30,34.40999984741211,34.40999984741211,0.0,0.0,EUR
2018-08-31,34.494998931884766,34.494998931884766,0.0,0.0,EUR
2018-09-03,34.63999938964844,34.63999938964844,0.0,0.0,EUR
2018-09-04,34.53499984741211,34.53499984741211,0.0,0.0,EUR
2018-09-05,34.35499954223633,34.35499954223633,0.0,0.0,EUR
2018-09-06,34.279998779296875,34.279998779296875,0.0,0.0,EUR
2018-09-07,34.32500076293945,34.32500076293945,0.0,0.0,EUR
2018-09-10,34.27000045776367,34.27000045776367,0.0,0.0,EUR
2018-09-11,34.26499938964844,34.26499938964844,0.0,0.0,EUR
2018-09-12,34.1349983215332,34.1349983215332,0.0,0.0,EUR
2018-09-13,34.0099983215332,34.0099983215332,0.0,0.0,EUR
2018-09-14,34.244998931884766,34.244998931884766,0.0,0.0,EUR
2018-09-17,34.060001373291016,34.060001373291016,0.0,0.0,EUR
2018-09-18,34.0,34.0,0.0,0.0,EUR
2018-09-19,34.084999084472656,34.084999084472656,0.0,0.0,EUR
2018-09-20,33.900001525878906,33.900001525878906,0.0,0.0,EUR
2018-09-21,34.09000015258789,34.09000015258789,0.0,0.0,EUR
2018-09-24,33.6349983215332,33.6349983215332,0.0,0.0,EUR
2018-09-25,33.73500061035156,33.73500061035156,0.0,0.0,EUR
2018-09-26,33.64500045776367,33.64500045776367,0.0,0.0,EUR
2018-09-27,33.76499938964844,33.76499938964844,0.0,0.0,EUR
2018-09-28,33.875,33.875,0.0,0.0,EUR
2018-10-01,33.959999084472656,33.959999084472656,0.0,0.0,EUR
2018-10-02,33.6150016784668,33.6150016784668,0.0,0.0,EUR
2018-10-04,33.724998474121094,33.724998474121094,0.0,0.0,EUR
2018-10-05,33.33000183105469,33.33000183105469,0.0,0.0,EUR
2018-10-08,33.334999084472656,33.334999084472656,0.0,0.0,EUR
2018-10-09,33.4900016784668,33.4900016784668,0.0,0.0,EUR
2018-10-10,32.834999084472656,32.834999084472656,0.0,0.0,EUR
2018-10-11,32.040000915527344,32.040000915527344,0.0,0.0,EUR
2018-10-12,31.719999313354492,31.719999313354492,0.0,0.0,EUR
2018-10-15,31.700000762939453,31.700000762939453,0.0,0.0,EUR
2018-10-16,32.025001525878906,32.025001525878906,0.0,0.0,EUR
2018-10-17,32.154998779296875,32.154998779296875,0.0,0.0,EUR
2018-10-18,32.165000915527344,32.165000915527344,0.0,0.0,EUR
2018-10-19,31.915000915527344,31.915000915527344,0.0,0.0,EUR
2018-10-22,31.829999923706055,31.829999923706055,0.0,0.0,EUR
2018-10-23,31.165000915527344,31.165000915527344,0.0,0.0,EUR
2018-10-24,31.21500015258789,31.21500015258789,0.0,0.0,EUR
2018-10-25,31.15999984741211,31.15999984741211,0.0,0.0,EUR
2018-10-26,30.78499984741211,30.78499984741211,0.0,0.0,EUR
2018-10-29,31.135000228881836,31.135000228881836,0.0,0.0,EUR
2018-10-30,31.184999465942383,31.184999465942383,0.0,0.0,EUR
2018-10-31,31.75,31.75,0.0,0.0,EUR
2018-11-01,31.690000534057617,31.690000534057617,0.0,0.0,EUR
2018-11-02,31.80500030517578,31.80500030517578,0.0,0.0,EUR
2018-11-05,31.975000381469727,31.975000381469727,0.0,0.0,EUR
2018-11-06,32.029998779296875,32.029998779296875,0.0,0.0,EUR
2018-11-07,32.185001373291016,32.185001373291016,0.0,0.0,EUR
2018-11-08,32.560001373291016,32.560001373291016,0.0,0.0,EUR
2018-11-09,32.43000030517578,32.43000030517578,0.0,0.0,EUR
2018-11-12,32.220001220703125,32.220001220703125,0.0,0.0,EUR
2018-11-13,32.32500076293945,32.32500076293945,0.0,0.0,EUR
2018-11-14,31.854999542236328,31.854999542236328,0.0,0.0,EUR
2018-11-15,31.6299991607666,31.6299991607666,0.0,0.0,EUR
2018-11-16,31.489999771118164,31.489999771118164,0.0,0.0,EUR
2018-11-19,31.334999084472656,31.334999084472656,0.0,0.0,EUR
2018-11-20,30.875,30.875,0.0,0.0,EUR
2018-11-21,31.225000381469727,31.225000381469727,0.0,0.0,EUR
2018-11-22,30.764999389648438,30.764999389648438,0.0,0.0,EUR
2018-11-23,31.295000076293945,31.295000076293945,0.0,0.0,EUR
2018-11-26,31.3700008392334,31.3700008392334,0.0,0.0,EUR
2018-11-27,31.475000381469727,31.475000381469727,0.0,0.0,EUR
2018-11-28,31.485000610351562,31.485000610351562,0.0,0.0,EUR
2018-11-29,31.635000228881836,31.635000228881836,0.0,0.0,EUR
2018-11-30,31.795000076293945,31.795000076293945,0.0,0.0,EUR
2018-12-03,31.860000610351562,31.860000610351562,0.0,0.0,EUR
2018-12-04,31.469999313354492,31.469999313354492,0.0,0.0,EUR
2018-12-05,30.94499969482422,30.94499969482422,0.0,0.0,EUR
2018-12-06,30.0,30.0,0.0,0.0,EUR
2018-12-07,30.399999618530273,30.399999618530273,0.0,0.0,EUR
2018-12-10,29.530000686645508,29.530000686645508,0.0,0.0,EUR
2018-12-11,30.079999923706055,30.079999923706055,0.0,0.0,EUR
2018-12-12,30.094999313354492,30.094999313354492,0.0,0.0,EUR
2018-12-13,29.760000228881836,29.760000228881836,0.0,0.0,EUR
2018-12-14,29.59000015258789,29.59000015258789,0.0,0.0,EUR
2018-12-17,29.139999389648438,29.139999389648438,0.0,0.0,EUR
2018-12-18,28.59000015258789,28.59000015258789,0.0,0.0,EUR
2018-12-19,28.299999237060547,28.299999237060547,0.0,0.0,EUR
2018-12-20,27.325000762939453,27.325000762939453,0.0,0.0,EUR
2018-12-21,27.264999389648438,27.264999389648438,0.0,0.0,EUR
2018-12-27,26.979999542236328,26.979999542236328,0.0,0.0,EUR
2018-12-28,27.364999771118164,27.364999771118164,0.0,0.0,EUR
2019-01-02,27.96500015258789,27.96500015258789,0.0,0.0,EUR
2019-01-03,27.84000015258789,27.84000015258789,0.0,0.0,EUR
2019-01-04,28.274999618530273,28.274999618530273,0.0,0.0,EUR
2019-01-07,28.729999542236328,28.729999542236328,0.0,0.0,EUR
2019-01-08,28.9950008392334,28.9950008392334,0.0,0.0,EUR
2019-01-09,29.31999969482422,29.31999969482422,0.0,0.0,EUR
2019-01-10,29.489999771118164,29.489999771118164,0.0,0.0,EUR
2019-01-11,29.625,29.625,0.0,0.0,EUR
2019-01-14,29.639999389648438,29.639999389648438,0.0,0.0,EUR
2019-01-15,29.829999923706055,29.829999923706055,0.0,0.0,EUR
2019-01-16,30.204999923706055,30.204999923706055,0.0,0.0,EUR
2019-01-17,30.309999465942383,30.309999465942383,0.0,0.0,EUR
2019-01-18,30.864999771118164,30.864999771118164,0.0,0.0,EUR
2019-01-21,30.75,30.75,0.0,0.0,EUR
2019-01-22,30.594999313354492,30.594999313354492,0.0,0.0,EUR
2019-01-23,30.25,30.25,0.0,0.0,EUR
2019-01-24,30.545000076293945,30.545000076293945,0.0,0.0,EUR
2019-01-25,30.760000228881836,30.760000228881836,0.0,0.0,EUR
2019-01-28,30.55500030517578,30.55500030517578,0.0,0.0,EUR
2019-01-29,30.604999542236328,30.604999542236328,0.0,0.0,EUR
2019-01-30,30.704999923706055,30.704999923706055,0.0,0.0,EUR
2019-01-31,30.854999542236328,30.854999542236328,0.0,0.0,EUR
2019-02-01,30.889999389648438,30.889999389648438,0.0,0.0,EUR
2019-02-04,31.18000030517578,31.18000030517578,0.0,0.0,EUR
2019-02-05,31.450000762939453,31.450000762939453,0.0,0.0,EUR
2019-02-06,31.510000228881836,31.510000228881836,0.0,0.0,EUR
2019-02-07,31.084999084472656,31.084999084472656,0.0,0.0,EUR
2019-02-08,31.139999389648438,31.139999389648438,0.0,0.0,EUR
2019-02-11,31.530000686645508,31.530000686645508,0.0,0.0,EUR
2019-02-12,31.979999542236328,31.979999542236328,0.0,0.0,EUR
2019-02-13,32.08000183105469,32.08000183105469,0.0,0.0,EUR
2019-02-14,32.19499969482422,32.19499969482422,0.0,0.0,EUR
2019-02-15,32.70000076293945,32.70000076293945,0.0,0.0,EUR
2019-02-18,32.60499954223633,32.60499954223633,0.0,0.0,EUR
2019-02-19,32.630001068115234,32.630001068115234,0.0,0.0,EUR
2019-02-20,32.69499969482422,32.69499969482422,0.0,0.0,EUR
2019-02-21,32.7599983215332,32.7599983215332,0.0,0.0,EUR
2019-02-22,32.94499969482422,32.94499969482422,0.0,0.0,EUR
2019-02-25,33.029998779296875,33.029998779296875,0.0,0.0,EUR
2019-02-26,32.70000076293945,32.70000076293945,0.0,0.0,EUR
2019-02-27,32.4900016784668,32.4900016784668,0.0,0.0,EUR
2019-02-28,32.5099983215332,32.5099983215332,0.0,0.0,EUR
2019-03-01,32.5,32.5,0.0,0.0,EUR
2019-03-04,32.69499969482422,32.69499969482422,0.0,0.0,EUR
2019-03-05,32.654998779296875,32.654998779296875,0.0,0.0,EUR
2019-03-06,32.30500030517578,32.30500030517578,0.0,0.0,EUR
2019-03-07,32.099998474121094,32.099998474121094,0.0,0.0,EUR
2019-03-08,31.655000686645508,31.655000686645508,0.0,0.0,EUR
2019-03-11,32.060001373291016,32.060001373291016,0.0,0.0,EUR
2019-03-12,32.11000061035156,32.11000061035156,0.0,0.0,EUR
2019-03-13,32.165000915527344,32.165000915527344,0.0,0.0,EUR
2019-03-14,32.095001220703125,32.095001220703125,0.0,0.0,EUR
2019-03-15,32.13999938964844,32.13999938964844,0.0,0.0,EUR
2019-03-18,32.029998779296875,32.029998779296875,0.0,0.0,EUR
2019-03-19,32.2400016784668,32.2400016784668,0.0,0.0,EUR
2019-03-20,31.5,31.5,0.0,0.0,EUR
2019-03-21,31.989999771118164,31.989999771118164,0.0,0.0,EUR
2019-03-22,31.18000030517578,31.18000030517578,0.0,0.0,EUR
2019-03-25,31.1299991607666,31.1299991607666,0.0,0.0,EUR
2019-03-26,31.5049991607666,31.5049991607666,0.0,0.0,EUR
2019-03-27,31.600000381469727,31.600000381469727,0.0,0.0,EUR
2019-03-28,31.7450008392334,31.7450008392334,0.0,0.0,EUR
2019-03-29,32.0099983215332,32.0099983215332,0.0,0.0,EUR
2019-04-01,32.375,32.375,0.0,0.0,EUR
2019-04-02,32.52000045776367,32.52000045776367,0.0,0.0,EUR
2019-04-03,32.584999084472656,32.584999084472656,0.0,0.0,EUR
2019-04-04,32.75,32.75,0.0,0.0,EUR
2019-04-05,33.060001373291016,33.060001373291016,0.0,0.0,EUR
2019-04-08,32.970001220703125,32.970001220703125,0.0,0.0,EUR
2019-04-09,32.70500183105469,32.70500183105469,0.0,0.0,EUR
2019-04-10,32.72999954223633,32.72999954223633,0.0,0.0,EUR
2019-04-11,32.94499969482422,32.94499969482422,0.0,0.0,EUR
2019-04-12,32.92499923706055,32.92499923706055,0.0,0.0,EUR
2019-04-15,32.994998931884766,32.994998931884766,0.0,0.0,EUR
2019-04-16,32.959999084472656,32.959999084472656,0.0,0.0,EUR
2019-04-17,32.88999938964844,32.88999938964844,0.0,0.0,EUR
2019-04-18,32.97999954223633,32.97999954223633,0.0,0.0,EUR
2019-04-23,33.290000915527344,33.290000915527344,0.0,0.0,EUR
2019-04-24,33.525001525878906,33.525001525878906,0.0,0.0,EUR
2019-04-25,33.34000015258789,33.34000015258789,0.0,0.0,EUR
2019-04-26,33.380001068115234,33.380001068115234,0.0,0.0,EUR
2019-04-29,33.6150016784668,33.6150016784668,0.0,0.0,EUR
2019-04-30,33.21500015258789,33.21500015258789,0.0,0.0,EUR
2019-05-02,32.834999084472656,32.834999084472656,0.0,0.0,EUR
2019-05-03,33.345001220703125,33.345001220703125,0.0,0.0,EUR
2019-05-06,33.43000030517578,33.43000030517578,0.0,0.0,EUR
2019-05-07,33.095001220703125,33.095001220703125,0.0,0.0,EUR
2019-05-08,32.8650016784668,32.8650016784668,0.0,0.0,EUR
2019-05-09,32.185001373291016,32.185001373291016,0.0,0.0,EUR
2019-05-10,32.06999969482422,32.06999969482422,0.0,0.0,EUR
2019-05-13,31.655000686645508,31.655000686645508,0.0,0.0,EUR
2019-05-14,31.989999771118164,31.989999771118164,0.0,0.0,EUR
2019-05-15,32.01499938964844,32.01499938964844,0.0,0.0,EUR
2019-05-16,32.44499969482422,32.44499969482422,0.0,0.0,EUR
2019-05-17,32.189998626708984,32.189998626708984,0.0,0.0,EUR
2019-05-20,31.674999237060547,31.674999237060547,0.0,0.0,EUR
2019-05-21,32.0099983215332,32.0099983215332,0.0,0.0,EUR
2019-05-22,31.704999923706055,31.704999923706055,0.0,0.0,EUR
2019-05-23,31.135000228881836,31.135000228881836,0.0,0.0,EUR
2019-05-24,30.93000030517578,30.93000030517578,0.0,0.0,EUR
2019-05-27,31.100000381469727,31.100000381469727,0.0,0.0,EUR
2019-05-28,31.059999465942383,31.059999465942383,0.0,0.0,EUR
2019-05-29,30.655000686645508,30.655000686645508,0.0,0.0,EUR
2019-05-30,30.670000076293945,30.670000076293945,0.0,0.0,EUR
2019-05-31,30.225000381469727,30.225000381469727,0.0,0.0,EUR
2019-06-03,30.1299991607666,30.1299991607666,0.0,0.0,EUR
2019-06-04,30.799999237060547,30.799999237060547,0.0,0.0,EUR
2019-06-05,30.795000076293945,30.795000076293945,0.0,0.0,EUR
2019-06-06,30.5049991607666,30.5049991607666,0.0,0.0,EUR
2019-06-07,30.614999771118164,30.614999771118164,0.0,0.0,EUR
2019-06-11,31.024999618530273,31.024999618530273,0.0,0.0,EUR
2019-06-12,30.704999923706055,30.704999923706055,0.0,0.0,EUR
2019-06-13,30.9950008392334,30.9950008392334,0.0,0.0,EUR
2019-06-14,31.094999313354492,31.094999313354492,0.0,0.0,EUR
2019-06-17,31.09000015258789,31.09000015258789,0.0,0.0,EUR
2019-06-18,31.639999389648438,31.639999389648438,0.0,0.0,EUR
2019-06-19,31.524999618530273,31.524999618530273,0.0,0.0,EUR
2019-06-20,31.4950008392334,31.4950008392334,0.0,0.0,EUR
2019-06-21,31.405000686645508,31.405000686645508,0.0,0.0,EUR
2019-06-24,30.989999771118164,30.989999771118164,0.0,0.0,EUR
2019-06-25,30.780000686645508,30.780000686645508,0.0,0.0,EUR
2019-06-26,30.834999084472656,30.834999084472656,0.0,0.0,EUR
2019-06-27,30.979999542236328,30.979999542236328,0.0,0.0,EUR
2019-06-28,31.565000534057617,31.565000534057617,0.0,0.0,EUR
2019-07-01,31.954999923706055,31.954999923706055,0.0,0.0,EUR
2019-07-02,31.729999542236328,31.729999542236328,0.0,0.0,EUR
2019-07-03,32.03499984741211,32.03499984741211,0.0,0.0,EUR
2019-07-04,32.14500045776367,32.14500045776367,0.0,0.0,EUR
2019-07-05,32.165000915527344,32.165000915527344,0.0,0.0,EUR
2019-07-08,32.150001525878906,32.150001525878906,0.0,0.0,EUR
2019-07-09,31.875,31.875,0.0,0.0,EUR
2019-07-10,31.854999542236328,31.854999542236328,0.0,0.0,EUR
2019-07-11,31.690000534057617,31.690000534057617,0.0,0.0,EUR
2019-07-12,32.060001373291016,32.060001373291016,0.0,0.0,EUR
2019-07-15,31.795000076293945,31.795000076293945,0.0,0.0,EUR
2019-07-16,32.150001525878906,32.150001525878906,0.0,0.0,EUR
2019-07-17,31.815000534057617,31.815000534057617,0.0,0.0,EUR
2019-07-18,31.559999465942383,31.559999465942383,0.0,0.0,EUR
2019-07-19,31.790000915527344,31.790000915527344,0.0,0.0,EUR
2019-07-22,31.59000015258789,31.59000015258789,0.0,0.0,EUR
2019-07-23,31.875,31.875,0.0,0.0,EUR
2019-07-24,32.29499816894531,32.29499816894531,0.0,0.0,EUR
2019-07-25,32.400001525878906,32.400001525878906,0.0,0.0,EUR
2019-07-26,32.54999923706055,32.54999923706055,0.0,0.0,EUR
2019-07-29,32.44499969482422,32.44499969482422,0.0,0.0,EUR
2019-07-30,32.44499969482422,32.44499969482422,0.0,0.0,EUR
2019-07-31,32.9900016784668,32.9900016784668,0.0,0.0,EUR
2019-08-01,32.75,32.75,0.0,0.0,EUR
2019-08-02,31.329999923706055,31.329999923706055,0.0,0.0,EUR
2019-08-05,30.469999313354492,30.469999313354492,0.0,0.0,EUR
2019-08-06,30.21500015258789,30.21500015258789,0.0,0.0,EUR
2019-08-07,30.184999465942383,30.184999465942383,0.0,0.0,EUR
2019-08-08,30.969999313354492,30.969999313354492,0.0,0.0,EUR
2019-08-09,30.65999984741211,30.65999984741211,0.0,0.0,EUR
2019-08-12,30.260000228881836,30.260000228881836,0.0,0.0,EUR
2019-08-13,30.645000457763672,30.645000457763672,0.0,0.0,EUR
2019-08-14,29.950000762939453,29.950000762939453,0.0,0.0,EUR
2019-08-15,29.829999923706055,29.829999923706055,0.0,0.0,EUR
2019-08-16,30.375,30.375,0.0,0.0,EUR
2019-08-19,30.905000686645508,30.905000686645508,0.0,0.0,EUR
2019-08-20,30.674999237060547,30.674999237060547,0.0,0.0,EUR
2019-08-21,30.774999618530273,30.774999618530273,0.0,0.0,EUR
2019-08-22,30.80500030517578,30.80500030517578,0.0,0.0,EUR
2019-08-23,30.09000015258789,30.09000015258789,0.0,0.0,EUR
2019-08-26,29.985000610351562,29.985000610351562,0.0,0.0,EUR
2019-08-27,29.81999969482422,29.81999969482422,0.0,0.0,EUR
2019-08-28,30.05500030517578,30.05500030517578,0.0,0.0,EUR
2019-08-29,30.655000686645508,30.655000686645508,0.0,0.0,EUR
2019-08-30,30.84000015258789,30.84000015258789,0.0,0.0,EUR
2019-09-02,30.799999237060547,30.799999237060547,0.0,0.0,EUR
2019-09-03,30.479999542236328,30.479999542236328,0.0,0.0,EUR
2019-09-04,30.639999389648438,30.639999389648438,0.0,0.0,EUR
2019-09-05,31.3799991607666,31.3799991607666,0.0,0.0,EUR
2019-09-06,31.46500015258789,31.46500015258789,0.0,0.0,EUR
2019-09-09,31.790000915527344,31.790000915527344,0.0,0.0,EUR
2019-09-10,32.20000076293945,32.20000076293945,0.0,0.0,EUR
2019-09-11,32.90999984741211,32.90999984741211,0.0,0.0,EUR
2019-09-12,32.900001525878906,32.900001525878906,0.0,0.0,EUR
2019-09-13,33.04499816894531,33.04499816894531,0.0,0.0,EUR
2019-09-16,33.290000915527344,33.290000915527344,0.0,0.0,EUR
2019-09-17,32.869998931884766,32.869998931884766,0.0,0.0,EUR
2019-09-18,32.55500030517578,32.55500030517578,0.0,0.0,EUR
2019-09-19,32.88999938964844,32.88999938964844,0.0,0.0,EUR
2019-09-20,32.86000061035156,32.86000061035156,0.0,0.0,EUR
2019-09-23,32.70500183105469,32.70500183105469,0.0,0.0,EUR
2019-09-24,32.505001068115234,32.505001068115234,0.0,0.0,EUR
2019-09-25,32.685001373291016,32.685001373291016,0.0,0.0,EUR
2019-09-26,32.584999084472656,32.584999084472656,0.0,0.0,EUR
2019-09-27,32.73500061035156,32.73500061035156,0.0,0.0,EUR
2019-09-30,32.595001220703125,32.595001220703125,0.0,0.0,EUR
2019-10-01,32.505001068115234,32.505001068115234,0.0,0.0,EUR
2019-10-02,31.364999771118164,31.364999771118164,0.0,0.0,EUR
2019-10-04,31.485000610351562,31.485000610351562,0.0,0.0,EUR
2019-10-07,31.729999542236328,31.729999542236328,0.0,0.0,EUR
2019-10-08,31.239999771118164,31.239999771118164,0.0,0.0,EUR
2019-10-09,31.264999389648438,31.264999389648438,0.0,0.0,EUR
2019-10-10,31.514999389648438,31.514999389648438,0.0,0.0,EUR
2019-10-11,32.209999084472656,32.209999084472656,0.0,0.0,EUR
2019-10-14,31.854999542236328,31.854999542236328,0.0,0.0,EUR
2019-10-15,32.154998779296875,32.154998779296875,0.0,0.0,EUR
2019-10-16,32.20000076293945,32.20000076293945,0.0,0.0,EUR
2019-10-17,32.154998779296875,32.154998779296875,0.0,0.0,EUR
2019-10-18,32.08000183105469,32.08000183105469,0.0,0.0,EUR
2019-10-21,32.505001068115234,32.505001068115234,0.0,0.0,EUR
2019-10-22,32.435001373291016,32.435001373291016,0.0,0.0,EUR
2019-10-23,32.630001068115234,32.630001068115234,0.0,0.0,EUR
2019-10-24,32.709999084472656,32.709999084472656,0.0,0.0,EUR
2019-10-25,32.95500183105469,32.95500183105469,0.0,0.0,EUR
2019-10-28,33.18000030517578,33.18000030517578,0.0,0.0,EUR
2019-10-29,33.21500015258789,33.21500015258789,0.0,0.0,EUR
2019-10-30,32.82500076293945,32.82500076293945,0.0,0.0,EUR
2019-10-31,32.404998779296875,32.404998779296875,0.0,0.0,EUR
2019-11-01,33.02000045776367,33.02000045776367,0.0,0.0,EUR
2019-11-04,33.4900016784668,33.4900016784668,0.0,0.0,EUR
2019-11-05,34.01499938964844,34.01499938964844,0.0,0.0,EUR
2019-11-06,33.76499938964844,33.76499938964844,0.0,0.0,EUR
2019-11-07,34.060001373291016,34.060001373291016,0.0,0.0,EUR
2019-11-08,34.0099983215332,34.0099983215332,0.0,0.0,EUR
2019-11-11,33.77000045776367,33.77000045776367,0.0,0.0,EUR
2019-11-12,34.005001068115234,34.005001068115234,0.0,0.0,EUR
2019-11-13,33.779998779296875,33.779998779296875,0.0,0.0,EUR
2019-11-14,33.779998779296875,33.779998779296875,0.0,0.0,EUR
2019-11-15,33.79499816894531,33.79499816894531,0.0,0.0,EUR
2019-11-18,33.5,33.5,0.0,0.0,EUR
2019-11-19,33.540000915527344,33.540000915527344,0.0,0.0,EUR
2019-11-20,33.560001373291016,33.560001373291016,0.0,0.0,EUR
2019-11-21,33.119998931884766,33.119998931884766,0.0,0.0,EUR
2019-11-22,33.34000015258789,33.34000015258789,0.0,0.0,EUR
2019-11-25,33.959999084472656,33.959999084472656,0.0,0.0,EUR
2019-11-26,34.01499938964844,34.01499938964844,0.0,0.0,EUR
2019-11-27,34.18000030517578,34.18000030517578,0.0,0.0,EUR
2019-11-28,34.17499923706055,34.17499923706055,0.0,0.0,EUR
2019-11-29,34.08000183105469,34.08000183105469,0.0,0.0,EUR
2019-12-02,33.63999938964844,33.63999938964844,0.0,0.0,EUR
2019-12-03,33.119998931884766,33.119998931884766,0.0,0.0,EUR
2019-12-04,33.64500045776367,33.64500045776367,0.0,0.0,EUR
2019-12-05,33.54999923706055,33.54999923706055,0.0,0.0,EUR
2019-12-06,34.275001525878906,34.275001525878906,0.0,0.0,EUR
2019-12-09,34.244998931884766,34.244998931884766,0.0,0.0,EUR
2019-12-10,34.1150016784668,34.1150016784668,0.0,0.0,EUR
2019-12-11,33.994998931884766,33.994998931884766,0.0,0.0,EUR
2019-12-12,34.404998779296875,34.404998779296875,0.0,0.0,EUR
2019-12-13,34.1150016784668,34.1150016784668,0.0,0.0,EUR
2019-12-16,34.584999084472656,34.584999084472656,0.0,0.0,EUR
2019-12-17,34.33000183105469,34.33000183105469,0.0,0.0,EUR
2019-12-18,34.810001373291016,34.810001373291016,0.0,0.0,EUR
2019-12-19,35.02000045776367,35.02000045776367,0.0,0.0,EUR
2019-12-20,35.36000061035156,35.36000061035156,0.0,0.0,EUR
2019-12-23,35.10499954223633,35.10499954223633,0.0,0.0,EUR
2019-12-27,35.084999084472656,35.084999084472656,0.0,0.0,EUR
2019-12-30,34.8650016784668,34.8650016784668,0.0,0.0,EUR
2020-01-02,34.59000015258789,34.59000015258789,0.0,0.0,EUR
2020-01-03,34.64500045776367,34.64500045776367,0.0,0.0,EUR
2020-01-06,34.595001220703125,34.595001220703125,0.0,0.0,EUR
2020-01-07,34.73500061035156,34.73500061035156,0.0,0.0,EUR
2020-01-08,34.77000045776367,34.77000045776367,0.0,0.0,EUR
2020-01-09,34.685001373291016,34.685001373291016,0.0,0.0,EUR
2020-01-10,34.4900016784668,34.4900016784668,0.0,0.0,EUR
2020-01-13,34.529998779296875,34.529998779296875,0.0,0.0,EUR
2020-01-14,34.790000915527344,34.790000915527344,0.0,0.0,EUR
2020-01-15,34.8650016784668,34.8650016784668,0.0,0.0,EUR
2020-01-16,35.20500183105469,35.20500183105469,0.0,0.0,EUR
2020-01-17,35.255001068115234,35.255001068115234,0.0,0.0,EUR
2020-01-20,35.28499984741211,35.28499984741211,0.0,0.0,EUR
2020-01-21,34.849998474121094,34.849998474121094,0.0,0.0,EUR
2020-01-22,34.84000015258789,34.84000015258789,0.0,0.0,EUR
2020-01-23,34.709999084472656,34.709999084472656,0.0,0.0,EUR
2020-01-24,34.599998474121094,34.599998474121094,0.0,0.0,EUR
2020-01-27,33.92499923706055,33.92499923706055,0.0,0.0,EUR
2020-01-28,34.20500183105469,34.20500183105469,0.0,0.0,EUR
2020-01-29,34.20000076293945,34.20000076293945,0.0,0.0,EUR
2020-01-30,33.65999984741211,33.65999984741211,0.0,0.0,EUR
2020-01-31,33.189998626708984,33.189998626708984,0.0,0.0,EUR
2020-02-03,33.3849983215332,33.3849983215332,0.0,0.0,EUR
2020-02-04,33.96500015258789,33.96500015258789,0.0,0.0,EUR
2020-02-05,34.529998779296875,34.529998779296875,0.0,0.0,EUR
2020-02-06,34.63999938964844,34.63999938964844,0.0,0.0,EUR
2020-02-07,34.275001525878906,34.275001525878906,0.0,0.0,EUR
2020-02-10,34.2400016784668,34.2400016784668,0.0,0.0,EUR
2020-02-11,34.584999084472656,34.584999084472656,0.0,0.0,EUR
2020-02-12,34.88999938964844,34.88999938964844,0.0,0.0,EUR
2020-02-13,35.084999084472656,35.084999084472656,0.0,0.0,EUR
2020-02-14,35.099998474121094,35.099998474121094,0.0,0.0,EUR
2020-02-17,35.14500045776367,35.14500045776367,0.0,0.0,EUR
2020-02-18,34.849998474121094,34.849998474121094,0.0,0.0,EUR
2020-02-19,35.16999816894531,35.16999816894531,0.0,0.0,EUR
2020-02-20,35.20500183105469,35.20500183105469,0.0,0.0,EUR
2020-02-21,34.94499969482422,34.94499969482422,0.0,0.0,EUR
2020-02-24,33.775001525878906,33.775001525878906,0.0,0.0,EUR
2020-02-25,33.05500030517578,33.05500030517578,0.0,0.0,EUR
2020-02-26,32.404998779296875,32.404998779296875,0.0,0.0,EUR
2020-02-27,30.729999542236328,30.729999542236328,0.0,0.0,EUR
2020-02-28,29.625,29.625,0.0,0.0,EUR
2020-03-02,29.625,29.625,0.0,0.0,EUR
2020-03-03,29.735000610351562,29.735000610351562,0.0,0.0,EUR
2020-03-04,29.690000534057617,29.690000534057617,0.0,0.0,EUR
2020-03-05,29.260000228881836,29.260000228881836,0.0,0.0,EUR
2020-03-06,27.774999618530273,27.774999618530273,0.0,0.0,EUR
2020-03-09,25.170000076293945,25.170000076293945,0.0,0.0,EUR
2020-03-10,24.545000076293945,24.545000076293945,0.0,0.0,EUR
2020-03-11,24.424999237060547,24.424999237060547,0.0,0.0,EUR
2020-03-12,21.959999084472656,21.959999084472656,0.0,0.0,EUR
2020-03-13,21.924999237060547,21.924999237060547,0.0,0.0,EUR
2020-03-16,21.139999389648438,21.139999389648438,0.0,0.0,EUR
2020-03-17,21.075000762939453,21.075000762939453,0.0,0.0,EUR
2020-03-18,19.79199981689453,19.79199981689453,0.0,0.0,EUR
2020-03-19,20.045000076293945,20.045000076293945,0.0,0.0,EUR
2020-03-20,20.559999465942383,20.559999465942383,0.0,0.0,EUR
2020-03-23,19.079999923706055,19.079999923706055,0.0,0.0,EUR
2020-03-24,20.954999923706055,20.954999923706055,0.0,0.0,EUR
2020-03-25,21.635000228881836,21.635000228881836,0.0,0.0,EUR
2020-03-26,22.5,22.5,0.0,0.0,EUR
2020-03-27,21.274999618530273,21.274999618530273,0.0,0.0,EUR
2020-03-30,21.385000228881836,21.385000228881836,0.0,0.0,EUR
2020-03-31,21.8799991607666,21.8799991607666,0.0,0.0,EUR
2020-04-01,20.639999389648438,20.639999389648438,0.0,0.0,EUR
2020-04-02,20.690000534057617,20.690000534057617,0.0,0.0,EUR
2020-04-03,20.114999771118164,20.114999771118164,0.0,0.0,EUR
2020-04-06,21.209999084472656,21.209999084472656,0.0,0.0,EUR
2020-04-07,22.325000762939453,22.325000762939453,0.0,0.0,EUR
2020-04-08,22.684999465942383,22.684999465942383,0.0,0.0,EUR
2020-04-09,24.030000686645508,24.030000686645508,0.0,0.0,EUR
2020-04-14,23.53499984741211,23.53499984741211,0.0,0.0,EUR
2020-04-15,22.479999542236328,22.479999542236328,0.0,0.0,EUR
2020-04-16,22.329999923706055,22.329999923706055,0.0,0.0,EUR
2020-04-17,23.299999237060547,23.299999237060547,0.0,0.0,EUR
2020-04-20,23.334999084472656,23.334999084472656,0.0,0.0,EUR
2020-04-21,22.350000381469727,22.350000381469727,0.0,0.0,EUR
2020-04-22,22.84000015258789,22.84000015258789,0.0,0.0,EUR
2020-04-23,23.325000762939453,23.325000762939453,0.0,0.0,EUR
2020-04-24,23.059999465942383,23.059999465942383,0.0,0.0,EUR
2020-04-27,24.1299991607666,24.1299991607666,0.0,0.0,EUR
2020-04-28,25.135000228881836,25.135000228881836,0.0,0.0,EUR
2020-04-29,26.125,26.125,0.0,0.0,EUR
2020-04-30,25.325000762939453,25.325000762939453,0.0,0.0,EUR
2020-05-04,23.94499969482422,23.94499969482422,0.0,0.0,EUR
2020-05-05,24.979999542236328,24.979999542236328,0.0,0.0,EUR
2020-05-06,24.084999084472656,24.084999084472656,0.0,0.0,EUR
2020-05-07,24.594999313354492,24.594999313354492,0.0,0.0,EUR
2020-05-08,25.059999465942383,25.059999465942383,0.0,0.0,EUR
2020-05-11,24.864999771118164,24.864999771118164,0.0,0.0,EUR
2020-05-12,24.670000076293945,24.670000076293945,0.0,0.0,EUR
2020-05-13,23.104999542236328,23.104999542236328,0.0,0.0,EUR
2020-05-14,22.844999313354492,22.844999313354492,0.0,0.0,EUR
2020-05-15,23.434999465942383,23.434999465942383,0.0,0.0,EUR
2020-05-18,24.969999313354492,24.969999313354492,0.0,0.0,EUR
2020-05-19,25.165000915527344,25.165000915527344,0.0,0.0,EUR
2020-05-20,25.235000610351562,25.235000610351562,0.0,0.0,EUR
2020-05-21,25.209999084472656,25.209999084472656,0.0,0.0,EUR
2020-05-22,25.204999923706055,25.204999923706055,0.0,0.0,EUR
2020-05-25,25.885000228881836,25.885000228881836,0.0,0.0,EUR
2020-05-26,26.360000610351562,26.360000610351562,0.0,0.0,EUR
2020-05-27,26.844999313354492,26.844999313354492,0.0,0.0,EUR
2020-05-28,27.1299991607666,27.1299991607666,0.0,0.0,EUR
2020-05-29,25.96500015258789,25.96500015258789,0.0,0.0,EUR
2020-06-02,26.915000915527344,26.915000915527344,0.0,0.0,EUR
2020-06-03,28.084999084472656,28.084999084472656,0.0,0.0,EUR
2020-06-04,28.049999237060547,28.049999237060547,0.0,0.0,EUR
2020-06-05,30.454999923706055,30.454999923706055,0.0,0.0,EUR
2020-06-08,31.03499984741211,31.03499984741211,0.0,0.0,EUR
2020-06-09,30.030000686645508,30.030000686645508,0.0,0.0,EUR
2020-06-10,28.75,28.75,0.0,0.0,EUR
2020-06-11,26.395000457763672,26.395000457763672,0.0,0.0,EUR
2020-06-12,26.739999771118164,26.739999771118164,0.0,0.0,EUR
2020-06-15,26.655000686645508,26.655000686645508,0.0,0.0,EUR
2020-06-16,28.315000534057617,28.315000534057617,0.0,0.0,EUR
2020-06-17,27.764999389648438,27.764999389648438,0.0,0.0,EUR
2020-06-18,27.540000915527344,27.540000915527344,0.0,0.0,EUR
2020-06-19,27.690000534057617,27.690000534057617,0.0,0.0,EUR
2020-06-22,26.790000915527344,26.790000915527344,0.0,0.0,EUR
2020-06-23,26.895000457763672,26.895000457763672,0.0,0.0,EUR
2020-06-24,25.850000381469727,25.850000381469727,0.0,0.0,EUR
2020-06-25,25.809999465942383,25.809999465942383,0.0,0.0,EUR
2020-06-26,25.674999237060547,25.674999237060547,0.0,0.0,EUR
2020-06-29,26.344999313354492,26.344999313354492,0.0,0.0,EUR
2020-06-30,26.559999465942383,26.559999465942383,0.0,0.0,EUR
2020-07-01,26.30500030517578,26.30500030517578,0.0,0.0,EUR
2020-07-02,26.655000686645508,26.655000686645508,0.0,0.0,EUR
2020-07-03,26.2549991607666,26.2549991607666,0.0,0.0,EUR
2020-07-06,26.489999771118164,26.489999771118164,0.0,0.0,EUR
2020-07-07,26.2549991607666,26.2549991607666,0.0,0.0,EUR
2020-07-08,25.670000076293945,25.670000076293945,0.0,0.0,EUR
2020-07-09,25.100000381469727,25.100000381469727,0.0,0.0,EUR
2020-07-10,25.600000381469727,25.600000381469727,0.0,0.0,EUR
2020-07-13,25.864999771118164,25.864999771118164,0.0,0.0,EUR
2020-07-14,25.795000076293945,25.795000076293945,0.0,0.0,EUR
2020-07-15,26.780000686645508,26.780000686645508,0.0,0.0,EUR
2020-07-16,27.125,27.125,0.0,0.0,EUR
2020-07-17,26.905000686645508,26.905000686645508,0.0,0.0,EUR
2020-07-20,26.385000228881836,26.385000228881836,0.0,0.0,EUR
2020-07-21,27.09000015258789,27.09000015258789,0.0,0.0,EUR
2020-07-22,26.799999237060547,26.799999237060547,0.0,0.0,EUR
2020-07-23,27.05500030517578,27.05500030517578,0.0,0.0,EUR
2020-07-24,26.69499969482422,26.69499969482422,0.0,0.0,EUR
2020-07-27,26.155000686645508,26.155000686645508,0.0,0.0,EUR
2020-07-28,26.469999313354492,26.469999313354492,0.0,0.0,EUR
2020-07-29,26.549999237060547,26.549999237060547,0.0,0.0,EUR
2020-07-30,26.389999389648438,26.389999389648438,0.0,0.0,EUR
2020-07-31,25.780000686645508,25.780000686645508,0.0,0.0,EUR
2020-08-03,26.545000076293945,26.545000076293945,0.0,0.0,EUR
2020-08-04,26.655000686645508,26.655000686645508,0.0,0.0,EUR
2020-08-05,26.985000610351562,26.985000610351562,0.0,0.0,EUR
2020-08-06,27.114999771118164,27.114999771118164,0.0,0.0,EUR
2020-08-07,27.360000610351562,27.360000610351562,0.0,0.0,EUR
2020-08-10,28.610000610351562,28.610000610351562,0.0,0.0,EUR
2020-08-11,29.09000015258789,29.09000015258789,0.0,0.0,EUR
2020-08-12,28.71500015258789,28.71500015258789,0.0,0.0,EUR
2020-08-13,28.274999618530273,28.274999618530273,0.0,0.0,EUR
2020-08-14,28.385000228881836,28.385000228881836,0.0,0.0,EUR
2020-08-17,28.229999542236328,28.229999542236328,0.0,0.0,EUR
2020-08-18,27.7549991607666,27.7549991607666,0.0,0.0,EUR
2020-08-19,27.854999542236328,27.854999542236328,0.0,0.0,EUR
2020-08-20,27.530000686645508,27.530000686645508,0.0,0.0,EUR
2020-08-21,27.399999618530273,27.399999618530273,0.0,0.0,EUR
2020-08-24,27.969999313354492,27.969999313354492,0.0,0.0,EUR
2020-08-25,27.78499984741211,27.78499984741211,0.0,0.0,EUR
2020-08-26,27.700000762939453,27.700000762939453,0.0,0.0,EUR
2020-08-27,27.979999542236328,27.979999542236328,0.0,0.0,EUR
2020-08-28,27.844999313354492,27.844999313354492,0.0,0.0,EUR
2020-08-31,27.510000228881836,27.510000228881836,0.0,0.0,EUR
2020-09-01,27.670000076293945,27.670000076293945,0.0,0.0,EUR
2020-09-02,28.06999969482422,28.06999969482422,0.0,0.0,EUR
2020-09-03,27.735000610351562,27.735000610351562,0.0,0.0,EUR
2020-09-04,27.53499984741211,27.53499984741211,0.0,0.0,EUR
2020-09-07,28.045000076293945,28.045000076293945,0.0,0.0,EUR
2020-09-08,27.325000762939453,27.325000762939453,0.0,0.0,EUR
2020-09-09,27.18000030517578,27.18000030517578,0.0,0.0,EUR
2020-09-10,27.114999771118164,27.114999771118164,0.0,0.0,EUR
2020-09-11,26.84000015258789,26.84000015258789,0.0,0.0,EUR
2020-09-14,27.18000030517578,27.18000030517578,0.0,0.0,EUR
2020-09-15,27.489999771118164,27.489999771118164,0.0,0.0,EUR
2020-09-16,27.670000076293945,27.670000076293945,0.0,0.0,EUR
2020-09-17,27.549999237060547,27.549999237060547,0.0,0.0,EUR
2020-09-18,27.405000686645508,27.405000686645508,0.0,0.0,EUR
2020-09-21,26.139999389648438,26.139999389648438,0.0,0.0,EUR
2020-09-22,26.229999542236328,26.229999542236328,0.0,0.0,EUR
2020-09-23,26.459999084472656,26.459999084472656,0.0,0.0,EUR
2020-09-24,25.739999771118164,25.739999771118164,0.0,0.0,EUR
2020-09-25,25.969999313354492,25.969999313354492,0.0,0.0,EUR
2020-09-28,26.895000457763672,26.895000457763672,0.0,0.0,EUR
2020-09-29,26.235000610351562,26.235000610351562,0.0,0.0,EUR
2020-09-30,26.69499969482422,26.69499969482422,0.0,0.0,EUR
2020-10-01,26.600000381469727,26.600000381469727,0.0,0.0,EUR
2020-10-02,27.059999465942383,27.059999465942383,0.0,0.0,EUR
2020-10-05,27.770000457763672,27.770000457763672,0.0,0.0,EUR
2020-10-06,28.364999771118164,28.364999771118164,0.0,0.0,EUR
2020-10-07,28.329999923706055,28.329999923706055,0.0,0.0,EUR
2020-10-08,28.649999618530273,28.649999618530273,0.0,0.0,EUR
2020-10-09,28.739999771118164,28.739999771118164,0.0,0.0,EUR
2020-10-12,28.96500015258789,28.96500015258789,0.0,0.0,EUR
2020-10-13,28.684999465942383,28.684999465942383,0.0,0.0,EUR
2020-10-14,28.860000610351562,28.860000610351562,0.0,0.0,EUR
2020-10-15,28.739999771118164,28.739999771118164,0.0,0.0,EUR
2020-10-16,29.209999084472656,29.209999084472656,0.0,0.0,EUR
2020-10-19,29.010000228881836,29.010000228881836,0.0,0.0,EUR
2020-10-20,28.90999984741211,28.90999984741211,0.0,0.0,EUR
2020-10-21,28.575000762939453,28.575000762939453,0.0,0.0,EUR
2020-10-22,28.8799991607666,28.8799991607666,0.0,0.0,EUR
2020-10-23,29.3700008392334,29.3700008392334,0.0,0.0,EUR
2020-10-26,28.489999771118164,28.489999771118164,0.0,0.0,EUR
2020-10-27,28.219999313354492,28.219999313354492,0.0,0.0,EUR
2020-10-28,27.59000015258789,27.59000015258789,0.0,0.0,EUR
2020-10-29,27.7450008392334,27.7450008392334,0.0,0.0,EUR
2020-10-30,27.809999465942383,27.809999465942383,0.0,0.0,EUR
2020-11-02,28.530000686645508,28.530000686645508,0.0,0.0,EUR
2020-11-03,28.9950008392334,28.9950008392334,0.0,0.0,EUR
2020-11-04,28.954999923706055,28.954999923706055,0.0,0.0,EUR
2020-11-05,29.209999084472656,29.209999084472656,0.0,0.0,EUR
2020-11-06,28.889999389648438,28.889999389648438,0.0,0.0,EUR
2020-11-09,31.174999237060547,31.174999237060547,0.0,0.0,EUR
2020-11-10,31.549999237060547,31.549999237060547,0.0,0.0,EUR
2020-11-11,31.459999084472656,31.459999084472656,0.0,0.0,EUR
2020-11-12,30.9950008392334,30.9950008392334,0.0,0.0,EUR
2020-11-13,31.235000610351562,31.235000610351562,0.0,0.0,EUR
2020-11-16,32.55500030517578,32.55500030517578,0.0,0.0,EUR
2020-11-17,32.415000915527344,32.415000915527344,0.0,0.0,EUR
2020-11-18,33.029998779296875,33.029998779296875,0.0,0.0,EUR
2020-11-19,32.2400016784668,32.2400016784668,0.0,0.0,EUR
2020-11-20,32.39500045776367,32.39500045776367,0.0,0.0,EUR
2020-11-23,33.435001373291016,33.435001373291016,0.0,0.0,EUR
2020-11-24,34.51499938964844,34.51499938964844,0.0,0.0,EUR
2020-11-25,34.06999969482422,34.06999969482422,0.0,0.0,EUR
2020-11-26,33.959999084472656,33.959999084472656,0.0,0.0,EUR
2020-11-27,33.650001525878906,33.650001525878906,0.0,0.0,EUR
2020-11-30,33.27000045776367,33.27000045776367,0.0,0.0,EUR
2020-12-01,33.119998931884766,33.119998931884766,0.0,0.0,EUR
2020-12-02,33.2400016784668,33.2400016784668,0.0,0.0,EUR
2020-12-03,33.584999084472656,33.584999084472656,0.0,0.0,EUR
2020-12-04,34.244998931884766,34.244998931884766,0.0,0.0,EUR
2020-12-07,34.28499984741211,34.28499984741211,0.0,0.0,EUR
2020-12-08,34.349998474121094,34.349998474121094,0.0,0.0,EUR
2020-12-09,34.6150016784668,34.6150016784668,0.0,0.0,EUR
2020-12-10,34.52000045776367,34.52000045776367,0.0,0.0,EUR
2020-12-11,34.31999969482422,34.31999969482422,0.0,0.0,EUR
2020-12-14,34.27000045776367,34.27000045776367,0.0,0.0,EUR
2020-12-15,34.26499938964844,34.26499938964844,0.0,0.0,EUR
2020-12-16,34.560001373291016,34.560001373291016,0.0,0.0,EUR
2020-12-17,34.415000915527344,34.415000915527344,0.0,0.0,EUR
2020-12-18,34.54999923706055,34.54999923706055,0.0,0.0,EUR
2020-12-21,33.80500030517578,33.80500030517578,0.0,0.0,EUR
2020-12-22,34.13999938964844,34.13999938964844,0.0,0.0,EUR
2020-12-23,34.779998779296875,34.779998779296875,0.0,0.0,EUR
2020-12-28,34.900001525878906,34.900001525878906,0.0,0.0,EUR
2020-12-29,34.21500015258789,34.21500015258789,0.0,0.0,EUR
2020-12-30,34.220001220703125,34.220001220703125,0.0,0.0,EUR
2021-01-04,34.0,34.0,0.0,0.0,EUR
2021-01-05,34.67499923706055,34.67499923706055,0.0,0.0,EUR
2021-01-06,36.43000030517578,36.43000030517578,0.0,0.0,EUR
2021-01-07,36.82500076293945,36.82500076293945,0.0,0.0,EUR
2021-01-08,36.654998779296875,36.654998779296875,0.0,0.0,EUR
2021-01-11,36.900001525878906,36.900001525878906,0.0,0.0,EUR
2021-01-12,37.81999969482422,37.81999969482422,0.0,0.0,EUR
2021-01-13,37.505001068115234,37.505001068115234,0.0,0.0,EUR
2021-01-14,38.290000915527344,38.290000915527344,0.0,0.0,EUR
2021-01-15,37.81999969482422,37.81999969482422,0.0,0.0,EUR
2021-01-18,38.23500061035156,38.23500061035156,0.0,0.0,EUR
2021-01-19,38.13999938964844,38.13999938964844,0.0,0.0,EUR
2021-01-20,38.26499938964844,38.26499938964844,0.0,0.0,EUR
2021-01-21,37.83000183105469,37.83000183105469,0.0,0.0,EUR
2021-01-22,37.4900016784668,37.4900016784668,0.0,0.0,EUR
2021-01-25,37.80500030517578,37.80500030517578,0.0,0.0,EUR
2021-01-26,37.86000061035156,37.86000061035156,0.0,0.0,EUR
2021-01-27,38.45500183105469,38.45500183105469,0.0,0.0,EUR
2021-01-28,37.77000045776367,37.77000045776367,0.0,0.0,EUR
2021-01-29,37.60499954223633,37.60499954223633,0.0,0.0,EUR
2021-02-01,37.275001525878906,37.275001525878906,0.0,0.0,EUR
2021-02-02,38.060001373291016,38.060001373291016,0.0,0.0,EUR
2021-02-03,37.810001373291016,37.810001373291016,0.0,0.0,EUR
2021-02-04,38.90999984741211,38.90999984741211,0.0,0.0,EUR
2021-02-05,39.25,39.25,0.0,0.0,EUR
2021-02-08,39.67499923706055,39.67499923706055,0.0,0.0,EUR
2021-02-09,39.630001068115234,39.630001068115234,0.0,0.0,EUR
2021-02-10,39.81999969482422,39.81999969482422,0.0,0.0,EUR
2021-02-11,39.91999816894531,39.91999816894531,0.0,0.0,EUR
2021-02-12,39.88999938964844,39.88999938964844,0.0,0.0,EUR
2021-02-15,40.44499969482422,40.44499969482422,0.0,0.0,EUR
2021-02-16,40.275001525878906,40.275001525878906,0.0,0.0,EUR
2021-02-17,39.994998931884766,39.994998931884766,0.0,0.0,EUR
2021-02-18,39.5,39.5,0.0,0.0,EUR
2021-02-19,40.064998626708984,40.064998626708984,0.0,0.0,EUR
2021-02-22,40.80500030517578,40.80500030517578,0.0,0.0,EUR
2021-02-23,40.380001068115234,40.380001068115234,0.0,0.0,EUR
2021-02-24,41.76499938964844,41.76499938964844,0.0,0.0,EUR
2021-02-25,41.45500183105469,41.45500183105469,0.0,0.0,EUR
2021-02-26,40.8849983215332,40.8849983215332,0.0,0.0,EUR
2021-03-01,42.040000915527344,42.040000915527344,0.0,0.0,EUR
2021-03-02,41.720001220703125,41.720001220703125,0.0,0.0,EUR
2021-03-03,42.48500061035156,42.48500061035156,0.0,0.0,EUR
2021-03-04,42.095001220703125,42.095001220703125,0.0,0.0,EUR
2021-03-05,41.60499954223633,41.60499954223633,0.0,0.0,EUR
2021-03-08,44.22999954223633,44.22999954223633,0.0,0.0,EUR
2021-03-09,44.435001373291016,44.435001373291016,0.0,0.0,EUR
2021-03-10,45.08000183105469,45.08000183105469,0.0,0.0,EUR
2021-03-11,45.46500015258789,45.46500015258789,0.0,0.0,EUR
2021-03-12,45.95000076293945,45.95000076293945,0.0,0.0,EUR
2021-03-15,45.95500183105469,45.95500183105469,0.0,0.0,EUR
2021-03-16,45.61000061035156,45.61000061035156,0.0,0.0,EUR
2021-03-17,45.38999938964844,45.38999938964844,0.0,0.0,EUR
2021-03-18,46.10499954223633,46.10499954223633,0.0,0.0,EUR
2021-03-19,45.290000915527344,45.290000915527344,0.0,0.0,EUR
2021-03-22,43.94499969482422,43.94499969482422,0.0,0.0,EUR
2021-03-23,43.52000045776367,43.52000045776367,0.0,0.0,EUR
2021-03-24,43.57500076293945,43.57500076293945,0.0,0.0,EUR
2021-03-25,43.28499984741211,43.28499984741211,0.0,0.0,EUR
2021-03-26,44.64500045776367,44.64500045776367,0.0,0.0,EUR
2021-03-29,44.04499816894531,44.04499816894531,0.0,0.0,EUR
2021-03-30,44.599998474121094,44.599998474121094,0.0,0.0,EUR
2021-03-31,44.65999984741211,44.65999984741211,0.0,0.0,EUR
2021-04-01,44.80500030517578,44.80500030517578,0.0,0.0,EUR
2021-04-06,45.16999816894531,45.16999816894531,0.0,0.0,EUR
2021-04-07,44.439998626708984,44.439998626708984,0.0,0.0,EUR
2021-04-08,44.189998626708984,44.189998626708984,0.0,0.0,EUR
2021-04-09,44.58000183105469,44.58000183105469,0.0,0.0,EUR
2021-04-12,44.625,44.625,0.0,0.0,EUR
2021-04-13,44.154998779296875,44.154998779296875,0.0,0.0,EUR
2021-04-14,45.084999084472656,45.084999084472656,0.0,0.0,EUR
2021-04-15,44.494998931884766,44.494998931884766,0.0,0.0,EUR
2021-04-16,44.779998779296875,44.779998779296875,0.0,0.0,EUR
2021-04-19,44.31999969482422,44.31999969482422,0.0,0.0,EUR
2021-04-20,43.040000915527344,43.040000915527344,0.0,0.0,EUR
2021-04-21,43.6150016784668,43.6150016784668,0.0,0.0,EUR
2021-04-22,44.494998931884766,44.494998931884766,0.0,0.0,EUR
2021-04-23,44.52000045776367,44.52000045776367,0.0,0.0,EUR
2021-04-26,45.03499984741211,45.03499984741211,0.0,0.0,EUR
2021-04-27,45.125,45.125,0.0,0.0,EUR
2021-04-28,45.220001220703125,45.220001220703125,0.0,0.0,EUR
2021-04-29,45.28499984741211,45.28499984741211,0.0,0.0,EUR
2021-04-30,45.20500183105469,45.20500183105469,0.0,0.0,EUR
2021-05-03,45.43000030517578,45.43000030517578,0.0,0.0,EUR
2021-05-04,45.30500030517578,45.30500030517578,0.0,0.0,EUR
2021-05-05,46.005001068115234,46.005001068115234,0.0,0.0,EUR
2021-05-06,45.4900016784668,45.4900016784668,0.0,0.0,EUR
2021-05-07,45.875,45.875,0.0,0.0,EUR
2021-05-10,46.45500183105469,46.45500183105469,0.0,0.0,EUR
2021-05-11,44.939998626708984,44.939998626708984,0.0,0.0,EUR
2021-05-12,45.1349983215332,45.1349983215332,0.0,0.0,EUR
2021-05-13,44.65999984741211,44.65999984741211,0.0,0.0,EUR
2021-05-14,45.47999954223633,45.47999954223633,0.0,0.0,EUR
2021-05-17,45.810001373291016,45.810001373291016,0.0,0.0,EUR
2021-05-18,45.849998474121094,45.849998474121094,0.0,0.0,EUR
2021-05-19,44.32500076293945,44.32500076293945,0.0,0.0,EUR
2021-05-20,44.564998626708984,44.564998626708984,0.0,0.0,EUR
2021-05-21,45.19499969482422,45.19499969482422,0.0,0.0,EUR
2021-05-25,44.80500030517578,44.80500030517578,0.0,0.0,EUR
2021-05-26,45.150001525878906,45.150001525878906,0.0,0.0,EUR
2021-05-27,45.8849983215332,45.8849983215332,0.0,0.0,EUR
2021-05-28,45.88999938964844,45.88999938964844,0.0,0.0,EUR
2021-05-31,45.7400016784668,45.7400016784668,0.0,0.0,EUR
2021-06-01,46.35499954223633,46.35499954223633,0.0,0.0,EUR
2021-06-02,46.584999084472656,46.584999084472656,0.0,0.0,EUR
2021-06-03,46.665000915527344,46.665000915527344,0.0,0.0,EUR
2021-06-04,46.34000015258789,46.34000015258789,0.0,0.0,EUR
2021-06-07,46.67499923706055,46.67499923706055,0.0,0.0,EUR
2021-06-08,46.915000915527344,46.915000915527344,0.0,0.0,EUR
2021-06-09,47.060001373291016,47.060001373291016,0.0,0.0,EUR
2021-06-10,46.63999938964844,46.63999938964844,0.0,0.0,EUR
2021-06-11,47.02000045776367,47.02000045776367,0.0,0.0,EUR
2021-06-14,46.744998931884766,46.744998931884766,0.0,0.0,EUR
2021-06-15,46.369998931884766,46.369998931884766,0.0,0.0,EUR
2021-06-16,46.7400016784668,46.7400016784668,0.0,0.0,EUR
2021-06-17,46.404998779296875,46.404998779296875,0.0,0.0,EUR
2021-06-18,45.77000045776367,45.77000045776367,0.0,0.0,EUR
2021-06-21,46.13999938964844,46.13999938964844,0.0,0.0,EUR
2021-06-22,46.19499969482422,46.19499969482422,0.0,0.0,EUR
2021-06-23,46.349998474121094,46.349998474121094,0.0,0.0,EUR
2021-06-24,46.59000015258789,46.59000015258789,0.0,0.0,EUR
2021-06-25,47.130001068115234,47.130001068115234,0.0,0.0,EUR
2021-06-28,46.3849983215332,46.3849983215332,0.0,0.0,EUR
2021-06-29,46.689998626708984,46.689998626708984,0.0,0.0,EUR
2021-06-30,46.630001068115234,46.630001068115234,0.0,0.0,EUR
2021-07-01,47.20500183105469,47.20500183105469,0.0,0.0,EUR
2021-07-02,46.86000061035156,46.86000061035156,0.0,0.0,EUR
2021-07-05,46.89500045776367,46.89500045776367,0.0,0.0,EUR
2021-07-06,45.79999923706055,45.79999923706055,0.0,0.0,EUR
2021-07-07,46.07500076293945,46.07500076293945,0.0,0.0,EUR
2021-07-08,45.435001373291016,45.435001373291016,0.0,0.0,EUR
2021-07-09,46.05500030517578,46.05500030517578,0.0,0.0,EUR
2021-07-12,46.290000915527344,46.290000915527344,0.0,0.0,EUR
2021-07-13,45.8849983215332,45.8849983215332,0.0,0.0,EUR
2021-07-14,45.529998779296875,45.529998779296875,0.0,0.0,EUR
2021-07-15,45.3650016784668,45.3650016784668,0.0,0.0,EUR
2021-07-16,45.17499923706055,45.17499923706055,0.0,0.0,EUR
2021-07-19,43.845001220703125,43.845001220703125,0.0,0.0,EUR
2021-07-20,44.8849983215332,44.8849983215332,0.0,0.0,EUR
2021-07-21,45.525001525878906,45.525001525878906,0.0,0.0,EUR
2021-07-22,44.875,44.875,0.0,0.0,EUR
2021-07-23,45.209999084472656,45.209999084472656,0.0,0.0,EUR
2021-07-26,45.44499969482422,45.44499969482422,0.0,0.0,EUR
2021-07-27,44.92499923706055,44.92499923706055,0.0,0.0,EUR
2021-07-28,45.27000045776367,45.27000045776367,0.0,0.0,EUR
2021-07-29,45.939998626708984,45.939998626708984,0.0,0.0,EUR
2021-07-30,45.689998626708984,45.689998626708984,0.0,0.0,EUR
2021-08-02,45.650001525878906,45.650001525878906,0.0,0.0,EUR
2021-08-03,45.51499938964844,45.51499938964844,0.0,0.0,EUR
2021-08-04,45.380001068115234,45.380001068115234,0.0,0.0,EUR
2021-08-05,45.744998931884766,45.744998931884766,0.0,0.0,EUR
2021-08-06,46.505001068115234,46.505001068115234,0.0,0.0,EUR
2021-08-09,46.310001373291016,46.310001373291016,0.0,0.0,EUR
2021-08-10,46.880001068115234,46.880001068115234,0.0,0.0,EUR
2021-08-11,46.7599983215332,46.7599983215332,0.0,0.0,EUR
2021-08-12,46.88999938964844,46.88999938964844,0.0,0.0,EUR
2021-08-13,46.709999084472656,46.709999084472656,0.0,0.0,EUR
2021-08-16,46.474998474121094,46.474998474121094,0.0,0.0,EUR
2021-08-17,45.935001373291016,45.935001373291016,0.0,0.0,EUR
2021-08-18,46.19499969482422,46.19499969482422,0.0,0.0,EUR
2021-08-19,44.84000015258789,44.84000015258789,0.0,0.0,EUR
2021-08-20,45.45500183105469,45.45500183105469,0.0,0.0,EUR
2021-08-23,45.88999938964844,45.88999938964844,0.0,0.0,EUR
2021-08-24,46.369998931884766,46.369998931884766,0.0,0.0,EUR
2021-08-25,46.86000061035156,46.86000061035156,0.0,0.0,EUR
2021-08-26,46.41999816894531,46.41999816894531,0.0,0.0,EUR
2021-08-27,47.060001373291016,47.060001373291016,0.0,0.0,EUR
2021-08-30,46.994998931884766,46.994998931884766,0.0,0.0,EUR
2021-08-31,46.8849983215332,46.8849983215332,0.0,0.0,EUR
2021-09-01,46.595001220703125,46.595001220703125,0.0,0.0,EUR
2021-09-02,47.060001373291016,47.060001373291016,0.0,0.0,EUR
2021-09-03,46.45000076293945,46.45000076293945,0.0,0.0,EUR
2021-09-06,46.70000076293945,46.70000076293945,0.0,0.0,EUR
2021-09-07,46.69499969482422,46.69499969482422,0.0,0.0,EUR
2021-09-08,46.0099983215332,46.0099983215332,0.0,0.0,EUR
2021-09-09,46.26499938964844,46.26499938964844,0.0,0.0,EUR
2021-09-10,45.845001220703125,45.845001220703125,0.0,0.0,EUR
2021-09-13,46.0,46.0,0.0,0.0,EUR
2021-09-14,45.57500076293945,45.57500076293945,0.0,0.0,EUR
2021-09-15,45.779998779296875,45.779998779296875,0.0,0.0,EUR
2021-09-16,46.005001068115234,46.005001068115234,0.0,0.0,EUR
2021-09-17,45.95000076293945,45.95000076293945,0.0,0.0,EUR
2021-09-20,44.75,44.75,0.0,0.0,EUR
2021-09-21,45.040000915527344,45.040000915527344,0.0,0.0,EUR
2021-09-22,45.8849983215332,45.8849983215332,0.0,0.0,EUR
2021-09-23,46.529998779296875,46.529998779296875,0.0,0.0,EUR
2021-09-24,46.75,46.75,0.0,0.0,EUR
2021-09-27,47.814998626708984,47.814998626708984,0.0,0.0,EUR
2021-09-28,47.349998474121094,47.349998474121094,0.0,0.0,EUR
2021-09-29,47.525001525878906,47.525001525878906,0.0,0.0,EUR
2021-09-30,47.334999084472656,47.334999084472656,0.0,0.0,EUR
2021-10-01,47.34000015258789,47.34000015258789,0.0,0.0,EUR
2021-10-04,47.41999816894531,47.41999816894531,0.0,0.0,EUR
2021-10-05,47.95000076293945,47.95000076293945,0.0,0.0,EUR
2021-10-06,47.01499938964844,47.01499938964844,0.0,0.0,EUR
2021-10-07,48.525001525878906,48.525001525878906,0.0,0.0,EUR
2021-10-08,48.380001068115234,48.380001068115234,0.0,0.0,EUR
2021-10-11,48.529998779296875,48.529998779296875,0.0,0.0,EUR
2021-10-12,48.21500015258789,48.21500015258789,0.0,0.0,EUR
2021-10-13,47.93000030517578,47.93000030517578,0.0,0.0,EUR
2021-10-14,48.540000915527344,48.540000915527344,0.0,0.0,EUR
2021-10-15,49.1150016784668,49.1150016784668,0.0,0.0,EUR
2021-10-18,48.68000030517578,48.68000030517578,0.0,0.0,EUR
2021-10-19,48.599998474121094,48.599998474121094,0.0,0.0,EUR
2021-10-20,49.060001373291016,49.060001373291016,0.0,0.0,EUR
2021-10-21,48.904998779296875,48.904998779296875,0.0,0.0,EUR
2021-10-22,49.1150016784668,49.1150016784668,0.0,0.0,EUR
2021-10-25,49.720001220703125,49.720001220703125,0.0,0.0,EUR
2021-10-26,49.65999984741211,49.65999984741211,0.0,0.0,EUR
2021-10-27,48.72999954223633,48.72999954223633,0.0,0.0,EUR
2021-10-28,48.244998931884766,48.244998931884766,0.0,0.0,EUR
2021-10-29,49.08000183105469,49.08000183105469,0.0,0.0,EUR
2021-11-01,49.84000015258789,49.84000015258789,0.0,0.0,EUR
2021-11-02,49.98500061035156,49.98500061035156,0.0,0.0,EUR
2021-11-03,50.630001068115234,50.630001068115234,0.0,0.0,EUR
2021-11-04,50.70000076293945,50.70000076293945,0.0,0.0,EUR
2021-11-05,51.540000915527344,51.540000915527344,0.0,0.0,EUR
2021-11-08,51.65999984741211,51.65999984741211,0.0,0.0,EUR
2021-11-09,51.16999816894531,51.16999816894531,0.0,0.0,EUR
2021-11-10,51.54999923706055,51.54999923706055,0.0,0.0,EUR
2021-11-11,51.790000915527344,51.790000915527344,0.0,0.0,EUR
2021-11-12,51.77000045776367,51.77000045776367,0.0,0.0,EUR
2021-11-15,51.93000030517578,51.93000030517578,0.0,0.0,EUR
2021-11-16,52.22999954223633,52.22999954223633,0.0,0.0,EUR
2021-11-17,51.7400016784668,51.7400016784668,0.0,0.0,EUR
2021-11-18,51.470001220703125,51.470001220703125,0.0,0.0,EUR
2021-11-19,51.20000076293945,51.20000076293945,0.0,0.0,EUR
2021-11-22,52.18000030517578,52.18000030517578,0.0,0.0,EUR
2021-11-23,51.599998474121094,51.599998474121094,0.0,0.0,EUR
2021-11-24,52.09000015258789,52.09000015258789,0.0,0.0,EUR
2021-11-25,52.150001525878906,52.150001525878906,0.0,0.0,EUR
2021-11-26,49.064998626708984,49.064998626708984,0.0,0.0,EUR
2021-11-29,49.61000061035156,49.61000061035156,0.0,0.0,EUR
2021-11-30,48.619998931884766,48.619998931884766,0.0,0.0,EUR
2021-12-01,49.564998626708984,49.564998626708984,0.0,0.0,EUR
2021-12-02,48.564998626708984,48.564998626708984,0.0,0.0,EUR
2021-12-03,48.79999923706055,48.79999923706055,0.0,0.0,EUR
2021-12-06,49.814998626708984,49.814998626708984,0.0,0.0,EUR
2021-12-07,50.91999816894531,50.91999816894531,0.0,0.0,EUR
2021-12-08,50.380001068115234,50.380001068115234,0.0,0.0,EUR
2021-12-09,50.119998931884766,50.119998931884766,0.0,0.0,EUR
2021-12-10,49.525001525878906,49.525001525878906,0.0,0.0,EUR
2021-12-13,48.9900016784668,48.9900016784668,0.0,0.0,EUR
2021-12-14,49.290000915527344,49.290000915527344,0.0,0.0,EUR
2021-12-15,48.44499969482422,48.44499969482422,0.0,0.0,EUR
2021-12-16,49.69499969482422,49.69499969482422,0.0,0.0,EUR
2021-12-17,49.119998931884766,49.119998931884766,0.0,0.0,EUR
2021-12-20,47.10499954223633,47.10499954223633,0.0,0.0,EUR
2021-12-21,49.08000183105469,49.08000183105469,0.0,0.0,EUR
2021-12-22,49.439998626708984,49.439998626708984,0.0,0.0,EUR
2021-12-23,50.130001068115234,50.130001068115234,0.0,0.0,EUR
2021-12-27,50.27000045776367,50.27000045776367,0.0,0.0,EUR
2021-12-28,50.68000030517578,50.68000030517578,0.0,0.0,EUR
2021-12-29,50.619998931884766,50.619998931884766,0.0,0.0,EUR
2021-12-30,50.720001220703125,50.720001220703125,0.0,0.0,EUR
2022-01-03,51.099998474121094,51.099998474121094,0.0,0.0,EUR
2022-01-04,51.91999816894531,51.91999816894531,0.0,0.0,EUR
2022-01-05,52.09000015258789,52.09000015258789,0.0,0.0,EUR
2022-01-06,51.38999938964844,51.38999938964844,0.0,0.0,EUR
2022-01-07,51.22999954223633,51.22999954223633,0.0,0.0,EUR
2022-01-10,50.619998931884766,50.619998931884766,0.0,0.0,EUR
2022-01-11,50.93000030517578,50.93000030517578,0.0,0.0,EUR
2022-01-12,50.849998474121094,50.849998474121094,0.0,0.0,EUR
2022-01-13,51.439998626708984,51.439998626708984,0.0,0.0,EUR
2022-01-14,50.75,50.75,0.0,0.0,EUR
2022-01-17,51.45000076293945,51.45000076293945,0.0,0.0,EUR
2022-01-18,50.7599983215332,50.7599983215332,0.0,0.0,EUR
2022-01-19,49.939998626708984,49.939998626708984,0.0,0.0,EUR
2022-01-20,50.34000015258789,50.34000015258789,0.0,0.0,EUR
2022-01-21,48.845001220703125,48.845001220703125,0.0,0.0,EUR
2022-01-24,47.275001525878906,47.275001525878906,0.0,0.0,EUR
2022-01-25,47.939998626708984,47.939998626708984,0.0,0.0,EUR
2022-01-26,48.97999954223633,48.97999954223633,0.0,0.0,EUR
2022-01-27,48.810001373291016,48.810001373291016,0.0,0.0,EUR
2022-01-28,47.435001373291016,47.435001373291016,0.0,0.0,EUR
2022-01-31,48.2599983215332,48.2599983215332,0.0,0.0,EUR
2022-02-01,49.19499969482422,49.19499969482422,0.0,0.0,EUR
2022-02-02,48.779998779296875,48.779998779296875,0.0,0.0,EUR
2022-02-03,48.39500045776367,48.39500045776367,0.0,0.0,EUR
2022-02-04,47.525001525878906,47.525001525878906,0.0,0.0,EUR
2022-02-07,48.09000015258789,48.09000015258789,0.0,0.0,EUR
2022-02-08,48.869998931884766,48.869998931884766,0.0,0.0,EUR
2022-02-09,49.560001373291016,49.560001373291016,0.0,0.0,EUR
2022-02-10,49.63999938964844,49.63999938964844,0.0,0.0,EUR
2022-02-11,49.494998931884766,49.494998931884766,0.0,0.0,EUR
2022-02-14,49.2400016784668,49.2400016784668,0.0,0.0,EUR
2022-02-15,49.685001373291016,49.685001373291016,0.0,0.0,EUR
2022-02-16,49.95000076293945,49.95000076293945,0.0,0.0,EUR
2022-02-17,49.46500015258789,49.46500015258789,0.0,0.0,EUR
2022-02-18,49.064998626708984,49.064998626708984,0.0,0.0,EUR
2022-02-21,48.53499984741211,48.53499984741211,0.0,0.0,EUR
2022-02-22,48.84000015258789,48.84000015258789,0.0,0.0,EUR
2022-02-23,48.255001068115234,48.255001068115234,0.0,0.0,EUR
2022-02-24,47.625,47.625,0.0,0.0,EUR
2022-02-25,49.165000915527344,49.165000915527344,0.0,0.0,EUR
2022-02-28,49.97999954223633,49.97999954223633,0.0,0.0,EUR
2022-03-01,49.290000915527344,49.290000915527344,0.0,0.0,EUR
2022-03-02,50.40999984741211,50.40999984741211,0.0,0.0,EUR
2022-03-03,50.36000061035156,50.36000061035156,0.0,0.0,EUR
2022-03-04,49.98500061035156,49.98500061035156,0.0,0.0,EUR
2022-03-07,50.25,50.25,0.0,0.0,EUR
2022-03-08,49.36000061035156,49.36000061035156,0.0,0.0,EUR
2022-03-09,49.84000015258789,49.84000015258789,0.0,0.0,EUR
2022-03-10,49.380001068115234,49.380001068115234,0.0,0.0,EUR
2022-03-11,50.310001373291016,50.310001373291016,0.0,0.0,EUR
2022-03-14,49.6349983215332,49.6349983215332,0.0,0.0,EUR
2022-03-15,49.72999954223633,49.72999954223633,0.0,0.0,EUR
2022-03-16,50.72999954223633,50.72999954223633,0.0,0.0,EUR
2022-03-17,50.7400016784668,50.7400016784668,0.0,0.0,EUR
2022-03-18,50.970001220703125,50.970001220703125,0.0,0.0,EUR
2022-03-21,51.560001373291016,51.560001373291016,0.0,0.0,EUR
2022-03-22,51.66999816894531,51.66999816894531,0.0,0.0,EUR
2022-03-23,51.439998626708984,51.439998626708984,0.0,0.0,EUR
2022-03-24,51.34000015258789,51.34000015258789,0.0,0.0,EUR
2022-03-25,51.869998931884766,51.869998931884766,0.0,0.0,EUR
2022-03-28,51.529998779296875,51.529998779296875,0.0,0.0,EUR
2022-03-29,52.029998779296875,52.029998779296875,0.0,0.0,EUR
2022-03-30,51.68000030517578,51.68000030517578,0.0,0.0,EUR
2022-03-31,51.439998626708984,51.439998626708984,0.0,0.0,EUR
2022-04-01,51.369998931884766,51.369998931884766,0.0,0.0,EUR
2022-04-04,51.41999816894531,51.41999816894531,0.0,0.0,EUR
2022-04-05,51.43000030517578,51.43000030517578,0.0,0.0,EUR
2022-04-06,50.4900016784668,50.4900016784668,0.0,0.0,EUR
2022-04-07,49.83000183105469,49.83000183105469,0.0,0.0,EUR
2022-04-08,50.77000045776367,50.77000045776367,0.0,0.0,EUR
2022-04-11,50.540000915527344,50.540000915527344,0.0,0.0,EUR
2022-04-12,51.18000030517578,51.18000030517578,0.0,0.0,EUR
2022-04-13,51.029998779296875,51.029998779296875,0.0,0.0,EUR
2022-04-14,51.68000030517578,51.68000030517578,0.0,0.0,EUR
2022-04-19,52.33000183105469,52.33000183105469,0.0,0.0,EUR
2022-04-20,52.810001373291016,52.810001373291016,0.0,0.0,EUR
2022-04-21,52.540000915527344,52.540000915527344,0.0,0.0,EUR
2022-04-22,51.119998931884766,51.119998931884766,0.0,0.0,EUR
2022-04-25,49.935001373291016,49.935001373291016,0.0,0.0,EUR
2022-04-26,50.45000076293945,50.45000076293945,0.0,0.0,EUR
2022-04-27,50.61000061035156,50.61000061035156,0.0,0.0,EUR
2022-04-28,50.4900016784668,50.4900016784668,0.0,0.0,EUR
2022-04-29,51.220001220703125,51.220001220703125,0.0,0.0,EUR
2022-05-02,50.209999084472656,50.209999084472656,0.0,0.0,EUR
2022-05-03,51.040000915527344,51.040000915527344,0.0,0.0,EUR
2022-05-04,50.650001525878906,50.650001525878906,0.0,0.0,EUR
2022-05-05,50.79999923706055,50.79999923706055,0.0,0.0,EUR
2022-05-06,50.04999923706055,50.04999923706055,0.0,0.0,EUR
2022-05-09,48.875,48.875,0.0,0.0,EUR
2022-05-10,47.94499969482422,47.94499969482422,0.0,0.0,EUR
2022-05-11,48.91999816894531,48.91999816894531,0.0,0.0,EUR
2022-05-12,48.40999984741211,48.40999984741211,0.0,0.0,EUR
2022-05-13,49.65999984741211,49.65999984741211,0.0,0.0,EUR
2022-05-16,49.380001068115234,49.380001068115234,0.0,0.0,EUR
2022-05-17,50.099998474121094,50.099998474121094,0.0,0.0,EUR
2022-05-18,49.650001525878906,49.650001525878906,0.0,0.0,EUR
2022-05-19,48.55500030517578,48.55500030517578,0.0,0.0,EUR
2022-05-20,48.0099983215332,48.0099983215332,0.0,0.0,EUR
2022-05-23,48.654998779296875,48.654998779296875,0.0,0.0,EUR
2022-05-24,46.8849983215332,46.8849983215332,0.0,0.0,EUR
2022-05-25,48.61000061035156,48.61000061035156,0.0,0.0,EUR
2022-05-26,49.77000045776367,49.77000045776367,0.0,0.0,EUR
2022-05-27,50.560001373291016,50.560001373291016,0.0,0.0,EUR
2022-05-30,50.779998779296875,50.779998779296875,0.0,0.0,EUR
2022-05-31,50.15999984741211,50.15999984741211,0.0,0.0,EUR
2022-06-01,50.0,50.0,0.0,0.0,EUR
2022-06-02,50.54999923706055,50.54999923706055,0.0,0.0,EUR
2022-06-03,50.52000045776367,50.52000045776367,0.0,0.0,EUR
2022-06-06,51.09000015258789,51.09000015258789,0.0,0.0,EUR
2022-06-07,51.09000015258789,51.09000015258789,0.0,0.0,EUR
2022-06-08,51.18000030517578,51.18000030517578,0.0,0.0,EUR
2022-06-09,50.52000045776367,50.52000045776367,0.0,0.0,EUR
2022-06-10,49.10499954223633,49.10499954223633,0.0,0.0,EUR
2022-06-13,47.525001525878906,47.525001525878906,0.0,0.0,EUR
2022-06-14,47.26499938964844,47.26499938964844,0.0,0.0,EUR
2022-06-15,47.76499938964844,47.76499938964844,0.0,0.0,EUR
2022-06-16,45.32500076293945,45.32500076293945,0.0,0.0,EUR
2022-06-17,45.41999816894531,45.41999816894531,0.0,0.0,EUR
2022-06-20,45.744998931884766,45.744998931884766,0.0,0.0,EUR
2022-06-21,46.06999969482422,46.06999969482422,0.0,0.0,EUR
2022-06-22,45.6150016784668,45.6150016784668,0.0,0.0,EUR
2022-06-23,45.69499969482422,45.69499969482422,0.0,0.0,EUR
2022-06-24,47.30500030517578,47.30500030517578,0.0,0.0,EUR
2022-06-27,47.525001525878906,47.525001525878906,0.0,0.0,EUR
2022-06-28,47.53499984741211,47.53499984741211,0.0,0.0,EUR
2022-06-29,46.54999923706055,46.54999923706055,0.0,0.0,EUR
2022-06-30,46.125,46.125,0.0,0.0,EUR
2022-07-01,46.4900016784668,46.4900016784668,0.0,0.0,EUR
2022-07-04,46.744998931884766,46.744998931884766,0.0,0.0,EUR
2022-07-05,46.71500015258789,46.71500015258789,0.0,0.0,EUR
2022-07-06,47.28499984741211,47.28499984741211,0.0,0.0,EUR
2022-07-07,48.61000061035156,48.61000061035156,0.0,0.0,EUR
2022-07-08,48.720001220703125,48.720001220703125,0.0,0.0,EUR
2022-07-11,48.439998626708984,48.439998626708984,0.0,0.0,EUR
2022-07-12,48.849998474121094,48.849998474121094,0.0,0.0,EUR
2022-07-13,47.86000061035156,47.86000061035156,0.0,0.0,EUR
2022-07-14,47.29999923706055,47.29999923706055,0.0,0.0,EUR
2022-07-15,48.314998626708984,48.314998626708984,0.0,0.0,EUR
2022-07-18,49.005001068115234,49.005001068115234,0.0,0.0,EUR
2022-07-19,49.3650016784668,49.3650016784668,0.0,0.0,EUR
2022-07-20,50.06999969482422,50.06999969482422,0.0,0.0,EUR
2022-07-21,50.029998779296875,50.029998779296875,0.0,0.0,EUR
2022-07-22,50.290000915527344,50.290000915527344,0.0,0.0,EUR
2022-07-25,50.380001068115234,50.380001068115234,0.0,0.0,EUR
2022-07-26,50.40999984741211,50.40999984741211,0.0,0.0,EUR
2022-07-27,50.689998626708984,50.689998626708984,0.0,0.0,EUR
2022-07-28,51.40999984741211,51.40999984741211,0.0,0.0,EUR
2022-07-29,51.88999938964844,51.88999938964844,0.0,0.0,EUR
2022-08-01,51.79999923706055,51.79999923706055,0.0,0.0,EUR
2022-08-02,52.09000015258789,52.09000015258789,0.0,0.0,EUR
2022-08-03,52.47999954223633,52.47999954223633,0.0,0.0,EUR
2022-08-04,52.060001373291016,52.060001373291016,0.0,0.0,EUR
2022-08-05,52.2599983215332,52.2599983215332,0.0,0.0,EUR
2022-08-08,53.099998474121094,53.099998474121094,0.0,0.0,EUR
2022-08-09,52.189998626708984,52.189998626708984,0.0,0.0,EUR
2022-08-10,52.84000015258789,52.84000015258789,0.0,0.0,EUR
2022-08-11,53.560001373291016,53.560001373291016,0.0,0.0,EUR
2022-08-12,54.439998626708984,54.439998626708984,0.0,0.0,EUR
2022-08-15,54.77000045776367,54.77000045776367,0.0,0.0,EUR
2022-08-16,55.560001373291016,55.560001373291016,0.0,0.0,EUR
2022-08-17,54.779998779296875,54.779998779296875,0.0,0.0,EUR
2022-08-18,55.400001525878906,55.400001525878906,0.0,0.0,EUR
2022-08-19,54.810001373291016,54.810001373291016,0.0,0.0,EUR
2022-08-22,54.650001525878906,54.650001525878906,0.0,0.0,EUR
2022-08-23,54.310001373291016,54.310001373291016,0.0,0.0,EUR
2022-08-24,54.38999938964844,54.38999938964844,0.0,0.0,EUR
2022-08-25,54.88999938964844,54.88999938964844,0.0,0.0,EUR
2022-08-26,53.900001525878906,53.900001525878906,0.0,0.0,EUR
2022-08-29,53.16999816894531,53.16999816894531,0.0,0.0,EUR
2022-08-30,52.400001525878906,52.400001525878906,0.0,0.0,EUR
2022-08-31,51.83000183105469,51.83000183105469,0.0,0.0,EUR
2022-09-01,51.43000030517578,51.43000030517578,0.0,0.0,EUR
2022-09-02,51.880001068115234,51.880001068115234,0.0,0.0,EUR
2022-09-05,51.709999084472656,51.709999084472656,0.0,0.0,EUR
2022-09-06,51.189998626708984,51.189998626708984,0.0,0.0,EUR
2022-09-07,51.11000061035156,51.11000061035156,0.0,0.0,EUR
2022-09-08,52.0,52.0,0.0,0.0,EUR
2022-09-09,52.52000045776367,52.52000045776367,0.0,0.0,EUR
2022-09-12,52.83000183105469,52.83000183105469,0.0,0.0,EUR
2022-09-13,52.099998474121094,52.099998474121094,0.0,0.0,EUR
2022-09-14,51.349998474121094,51.349998474121094,0.0,0.0,EUR
2022-09-15,51.52000045776367,51.52000045776367,0.0,0.0,EUR
2022-09-16,50.33000183105469,50.33000183105469,0.0,0.0,EUR
2022-09-19,50.75,50.75,0.0,0.0,EUR
2022-09-20,50.5,50.5,0.0,0.0,EUR
2022-09-21,51.56999969482422,51.56999969482422,0.0,0.0,EUR
2022-09-22,49.849998474121094,49.849998474121094,0.0,0.0,EUR
2022-09-23,48.79499816894531,48.79499816894531,0.0,0.0,EUR
2022-09-26,49.14500045776367,49.14500045776367,0.0,0.0,EUR
2022-09-27,48.974998474121094,48.974998474121094,0.0,0.0,EUR
2022-09-28,49.51499938964844,49.51499938964844,0.0,0.0,EUR
2022-09-29,47.80500030517578,47.80500030517578,0.0,0.0,EUR
2022-09-30,48.45000076293945,48.45000076293945,0.0,0.0,EUR
2022-10-03,48.58000183105469,48.58000183105469,0.0,0.0,EUR
2022-10-04,49.85499954223633,49.85499954223633,0.0,0.0,EUR
2022-10-05,49.75,49.75,0.0,0.0,EUR
2022-10-06,50.27000045776367,50.27000045776367,0.0,0.0,EUR
2022-10-07,49.28499984741211,49.28499984741211,0.0,0.0,EUR
2022-10-10,49.529998779296875,49.529998779296875,0.0,0.0,EUR
2022-10-11,49.505001068115234,49.505001068115234,0.0,0.0,EUR
2022-10-12,49.18000030517578,49.18000030517578,0.0,0.0,EUR
2022-10-13,49.61000061035156,49.61000061035156,0.0,0.0,EUR
2022-10-14,49.73500061035156,49.73500061035156,0.0,0.0,EUR
2022-10-17,50.099998474121094,50.099998474121094,0.0,0.0,EUR
2022-10-18,50.40999984741211,50.40999984741211,0.0,0.0,EUR
2022-10-19,50.2400016784668,50.2400016784668,0.0,0.0,EUR
2022-10-20,50.16999816894531,50.16999816894531,0.0,0.0,EUR
2022-10-21,49.505001068115234,49.505001068115234,0.0,0.0,EUR
2022-10-24,50.130001068115234,50.130001068115234,0.0,0.0,EUR
2022-10-25,51.0,51.0,0.0,0.0,EUR
2022-10-26,51.34000015258789,51.34000015258789,0.0,0.0,EUR
2022-10-27,51.779998779296875,51.779998779296875,0.0,0.0,EUR
2022-10-28,51.939998626708984,51.939998626708984,0.0,0.0,EUR
2022-10-31,52.880001068115234,52.880001068115234,0.0,0.0,EUR
2022-11-01,53.27000045776367,53.27000045776367,0.0,0.0,EUR
2022-11-02,52.5099983215332,52.5099983215332,0.0,0.0,EUR
2022-11-03,52.040000915527344,52.040000915527344,0.0,0.0,EUR
2022-11-04,51.279998779296875,51.279998779296875,0.0,0.0,EUR
2022-11-07,51.650001525878906,51.650001525878906,0.0,0.0,EUR
2022-11-08,52.130001068115234,52.130001068115234,0.0,0.0,EUR
2022-11-09,51.220001220703125,51.220001220703125,0.0,0.0,EUR
2022-11-10,52.779998779296875,52.779998779296875,0.0,0.0,EUR
2022-11-11,52.27000045776367,52.27000045776367,0.0,0.0,EUR
2022-11-14,52.209999084472656,52.209999084472656,0.0,0.0,EUR
2022-11-15,52.68000030517578,52.68000030517578,0.0,0.0,EUR
2022-11-16,51.36000061035156,51.36000061035156,0.0,0.0,EUR
2022-11-17,50.86000061035156,50.86000061035156,0.0,0.0,EUR
2022-11-18,51.5099983215332,51.5099983215332,0.0,0.0,EUR
2022-11-21,51.7400016784668,51.7400016784668,0.0,0.0,EUR
2022-11-22,52.2400016784668,52.2400016784668,0.0,0.0,EUR
2022-11-23,52.31999969482422,52.31999969482422,0.0,0.0,EUR
2022-11-24,52.290000915527344,52.290000915527344,0.0,0.0,EUR
2022-11-25,52.45000076293945,52.45000076293945,0.0,0.0,EUR
2022-11-28,51.849998474121094,51.849998474121094,0.0,0.0,EUR
2022-11-29,51.75,51.75,0.0,0.0,EUR
2022-11-30,51.869998931884766,51.869998931884766,0.0,0.0,EUR
2022-12-01,52.27000045776367,52.27000045776367,0.0,0.0,EUR
2022-12-02,52.060001373291016,52.060001373291016,0.0,0.0,EUR
2022-12-05,51.029998779296875,51.029998779296875,0.0,0.0,EUR
2022-12-06,50.349998474121094,50.349998474121094,0.0,0.0,EUR
2022-12-07,50.349998474121094,50.349998474121094,0.0,0.0,EUR
2022-12-08,50.220001220703125,50.220001220703125,0.0,0.0,EUR
2022-12-09,50.119998931884766,50.119998931884766,0.0,0.0,EUR
2022-12-12,50.0099983215332,50.0099983215332,0.0,0.0,EUR
2022-12-13,50.33000183105469,50.33000183105469,0.0,0.0,EUR
2022-12-14,50.27000045776367,50.27000045776367,0.0,0.0,EUR
2022-12-15,48.48500061035156,48.48500061035156,0.0,0.0,EUR
2022-12-16,48.154998779296875,48.154998779296875,0.0,0.0,EUR
2022-12-19,47.875,47.875,0.0,0.0,EUR
2022-12-20,47.80500030517578,47.80500030517578,0.0,0.0,EUR
2022-12-21,48.869998931884766,48.869998931884766,0.0,0.0,EUR
2022-12-22,47.8849983215332,47.8849983215332,0.0,0.0,EUR
2022-12-23,48.165000915527344,48.165000915527344,0.0,0.0,EUR
2022-12-27,48.375,48.375,0.0,0.0,EUR
2022-12-28,47.915000915527344,47.915000915527344,0.0,0.0,EUR
2022-12-29,48.29499816894531,48.29499816894531,0.0,0.0,EUR
2022-12-30,47.97999954223633,47.97999954223633,0.0,0.0,EUR
2023-01-02,49.130001068115234,49.130001068115234,0.0,0.0,EUR
2023-01-03,48.654998779296875,48.654998779296875,0.0,0.0,EUR
2023-01-04,49.400001525878906,49.400001525878906,0.0,0.0,EUR
2023-01-05,49.125,49.125,0.0,0.0,EUR
2023-01-06,49.974998474121094,49.974998474121094,0.0,0.0,EUR
2023-01-09,49.959999084472656,49.959999084472656,0.0,0.0,EUR
2023-01-10,49.7599983215332,49.7599983215332,0.0,0.0,EUR
2023-01-11,50.5099983215332,50.5099983215332,0.0,0.0,EUR
2023-01-12,50.790000915527344,50.790000915527344,0.0,0.0,EUR
2023-01-13,51.09000015258789,51.09000015258789,0.0,0.0,EUR
2023-01-16,51.310001373291016,51.310001373291016,0.0,0.0,EUR
2023-01-17,51.2400016784668,51.2400016784668,0.0,0.0,EUR
2023-01-18,51.0099983215332,51.0099983215332,0.0,0.0,EUR
2023-01-19,49.790000915527344,49.790000915527344,0.0,0.0,EUR
2023-01-20,50.40999984741211,50.40999984741211,0.0,0.0,EUR
2023-01-23,51.310001373291016,51.310001373291016,0.0,0.0,EUR
2023-01-24,51.279998779296875,51.279998779296875,0.0,0.0,EUR
2023-01-25,50.75,50.75,0.0,0.0,EUR
2023-01-26,51.369998931884766,51.369998931884766,0.0,0.0,EUR
2023-01-27,51.90999984741211,51.90999984741211,0.0,0.0,EUR
2023-01-30,51.95000076293945,51.95000076293945,0.0,0.0,EUR
2023-01-31,52.400001525878906,52.400001525878906,0.0,0.0,EUR
2023-02-01,52.63999938964844,52.63999938964844,0.0,0.0,EUR
2023-02-02,54.59000015258789,54.59000015258789,0.0,0.0,EUR
2023-02-03,55.029998779296875,55.029998779296875,0.0,0.0,EUR
2023-02-06,54.38999938964844,54.38999938964844,0.0,0.0,EUR
2023-02-07,54.189998626708984,54.189998626708984,0.0,0.0,EUR
2023-02-08,53.959999084472656,53.959999084472656,0.0,0.0,EUR
2023-02-09,53.709999084472656,53.709999084472656,0.0,0.0,EUR
2023-02-10,53.400001525878906,53.400001525878906,0.0,0.0,EUR
2023-02-13,53.619998931884766,53.619998931884766,0.0,0.0,EUR
2023-02-14,53.4900016784668,53.4900016784668,0.0,0.0,EUR
2023-02-15,54.34000015258789,54.34000015258789,0.0,0.0,EUR
2023-02-16,54.59000015258789,54.59000015258789,0.0,0.0,EUR
2023-02-17,54.11000061035156,54.11000061035156,0.0,0.0,EUR
2023-02-20,54.08000183105469,54.08000183105469,0.0,0.0,EUR
2023-02-21,53.150001525878906,53.150001525878906,0.0,0.0,EUR
2023-02-22,53.27000045776367,53.27000045776367,0.0,0.0,EUR
2023-02-23,53.130001068115234,53.130001068115234,0.0,0.0,EUR
2023-02-24,53.060001373291016,53.060001373291016,0.0,0.0,EUR
2023-02-27,53.4900016784668,53.4900016784668,0.0,0.0,EUR
2023-02-28,53.47999954223633,53.47999954223633,0.0,0.0,EUR
2023-03-01,52.650001525878906,52.650001525878906,0.0,0.0,EUR
2023-03-02,52.83000183105469,52.83000183105469,0.0,0.0,EUR
2023-03-03,53.529998779296875,53.529998779296875,0.0,0.0,EUR
2023-03-06,53.22999954223633,53.22999954223633,0.0,0.0,EUR
2023-03-07,52.7400016784668,52.7400016784668,0.0,0.0,EUR
2023-03-08,52.5,52.5,0.0,0.0,EUR
2023-03-09,51.88999938964844,51.88999938964844,0.0,0.0,EUR
2023-03-10,50.20000076293945,50.20000076293945,0.0,0.0,EUR
2023-03-13,47.5,47.5,0.0,0.0,EUR
2023-03-14,48.70000076293945,48.70000076293945,0.0,0.0,EUR
2023-03-15,47.2400016784668,47.2400016784668,0.0,0.0,EUR
2023-03-16,47.8849983215332,47.8849983215332,0.0,0.0,EUR
2023-03-17,46.875,46.875,0.0,0.0,EUR
2023-03-20,47.07500076293945,47.07500076293945,0.0,0.0,EUR
2023-03-21,47.83000183105469,47.83000183105469,0.0,0.0,EUR
2023-03-22,47.45000076293945,47.45000076293945,0.0,0.0,EUR
2023-03-23,46.26499938964844,46.26499938964844,0.0,0.0,EUR
2023-03-24,46.15999984741211,46.15999984741211,0.0,0.0,EUR
2023-03-27,46.83000183105469,46.83000183105469,0.0,0.0,EUR
2023-03-28,46.970001220703125,46.970001220703125,0.0,0.0,EUR
2023-03-29,47.14500045776367,47.14500045776367,0.0,0.0,EUR
2023-03-30,47.439998626708984,47.439998626708984,0.0,0.0,EUR
2023-03-31,48.099998474121094,48.099998474121094,0.0,0.0,EUR
2023-04-03,47.915000915527344,47.915000915527344,0.0,0.0,EUR
2023-04-04,46.755001068115234,46.755001068115234,0.0,0.0,EUR
2023-04-05,46.54999923706055,46.54999923706055,0.0,0.0,EUR
2023-04-06,46.56999969482422,46.56999969482422,0.0,0.0,EUR
2023-04-11,47.650001525878906,47.650001525878906,0.0,0.0,EUR
2023-04-12,47.30500030517578,47.30500030517578,0.0,0.0,EUR
2023-04-13,46.92499923706055,46.92499923706055,0.0,0.0,EUR
2023-04-14,47.154998779296875,47.154998779296875,0.0,0.0,EUR
2023-04-17,47.540000915527344,47.540000915527344,0.0,0.0,EUR
2023-04-18,47.474998474121094,47.474998474121094,0.0,0.0,EUR
2023-04-19,47.349998474121094,47.349998474121094,0.0,0.0,EUR
2023-04-20,47.3650016784668,47.3650016784668,0.0,0.0,EUR
2023-04-21,47.14500045776367,47.14500045776367,0.0,0.0,EUR
2023-04-24,46.939998626708984,46.939998626708984,0.0,0.0,EUR
2023-04-25,46.63999938964844,46.63999938964844,0.0,0.0,EUR
2023-04-26,45.86000061035156,45.86000061035156,0.0,0.0,EUR
2023-04-27,45.8650016784668,45.8650016784668,0.0,0.0,EUR
2023-04-28,46.83000183105469,46.83000183105469,0.0,0.0,EUR
2023-05-02,45.3650016784668,45.3650016784668,0.0,0.0,EUR
2023-05-03,45.91999816894531,45.91999816894531,0.0,0.0,EUR
2023-05-04,44.625,44.625,0.0,0.0,EUR
2023-05-05,45.7400016784668,45.7400016784668,0.0,0.0,EUR
2023-05-08,45.79499816894531,45.79499816894531,0.0,0.0,EUR
2023-05-09,46.025001525878906,46.025001525878906,0.0,0.0,EUR
2023-05-10,45.970001220703125,45.970001220703125,0.0,0.0,EUR
2023-05-11,45.915000915527344,45.915000915527344,0.0,0.0,EUR
2023-05-12,46.005001068115234,46.005001068115234,0.0,0.0,EUR
2023-05-15,46.505001068115234,46.505001068115234,0.0,0.0,EUR
2023-05-16,46.224998474121094,46.224998474121094,0.0,0.0,EUR
2023-05-17,46.85499954223633,46.85499954223633,0.0,0.0,EUR
2023-05-18,47.73500061035156,47.73500061035156,0.0,0.0,EUR
2023-05-19,47.125,47.125,0.0,0.0,EUR
2023-05-22,47.52000045776367,47.52000045776367,0.0,0.0,EUR
2023-05-23,48.220001220703125,48.220001220703125,0.0,0.0,EUR
2023-05-24,47.029998779296875,47.029998779296875,0.0,0.0,EUR
2023-05-25,46.625,46.625,0.0,0.0,EUR
2023-05-26,47.27000045776367,47.27000045776367,0.0,0.0,EUR
2023-05-29,47.70000076293945,47.70000076293945,0.0,0.0,EUR
2023-05-30,47.275001525878906,47.275001525878906,0.0,0.0,EUR
2023-05-31,46.6150016784668,46.6150016784668,0.0,0.0,EUR
2023-06-01,47.10499954223633,47.10499954223633,0.0,0.0,EUR
2023-06-02,48.60499954223633,48.60499954223633,0.0,0.0,EUR
2023-06-05,48.56999969482422,48.56999969482422,0.0,0.0,EUR
2023-06-06,49.95000076293945,49.95000076293945,0.0,0.0,EUR
2023-06-07,50.9900016784668,50.9900016784668,0.0,0.0,EUR
2023-06-08,50.18000030517578,50.18000030517578,0.0,0.0,EUR
2023-06-09,50.099998474121094,50.099998474121094,0.0,0.0,EUR
2023-06-12,50.119998931884766,50.119998931884766,0.0,0.0,EUR
2023-06-13,50.79999923706055,50.79999923706055,0.0,0.0,EUR
2023-06-14,50.70000076293945,50.70000076293945,0.0,0.0,EUR
2023-06-15,49.8650016784668,49.8650016784668,0.0,0.0,EUR
2023-06-16,49.654998779296875,49.654998779296875,0.0,0.0,EUR
2023-06-19,49.71500015258789,49.71500015258789,0.0,0.0,EUR
2023-06-20,49.45000076293945,49.45000076293945,0.0,0.0,EUR
2023-06-21,49.275001525878906,49.275001525878906,0.0,0.0,EUR
2023-06-22,48.6349983215332,48.6349983215332,0.0,0.0,EUR
2023-06-23,48.54999923706055,48.54999923706055,0.0,0.0,EUR
2023-06-26,48.66999816894531,48.66999816894531,0.0,0.0,EUR
2023-06-27,49.224998474121094,49.224998474121094,0.0,0.0,EUR
2023-06-28,49.564998626708984,49.564998626708984,0.0,0.0,EUR
2023-06-29,50.33000183105469,50.33000183105469,0.0,0.0,EUR
2023-06-30,50.529998779296875,50.529998779296875,0.0,0.0,EUR
2023-07-03,50.959999084472656,50.959999084472656,0.0,0.0,EUR
2023-07-04,50.939998626708984,50.939998626708984,0.0,0.0,EUR
2023-07-05,50.880001068115234,50.880001068115234,0.0,0.0,EUR
2023-07-06,49.3650016784668,49.3650016784668,0.0,0.0,EUR
2023-07-07,50.40999984741211,50.40999984741211,0.0,0.0,EUR
2023-07-10,50.560001373291016,50.560001373291016,0.0,0.0,EUR
2023-07-11,51.029998779296875,51.029998779296875,0.0,0.0,EUR
2023-07-12,51.380001068115234,51.380001068115234,0.0,0.0,EUR
2023-07-13,51.130001068115234,51.130001068115234,0.0,0.0,EUR
2023-07-14,50.25,50.25,0.0,0.0,EUR
2023-07-17,50.650001525878906,50.650001525878906,0.0,0.0,EUR
2023-07-18,51.459999084472656,51.459999084472656,0.0,0.0,EUR
2023-07-19,52.09000015258789,52.09000015258789,0.0,0.0,EUR
2023-07-20,52.15999984741211,52.15999984741211,0.0,0.0,EUR
2023-07-21,52.2400016784668,52.2400016784668,0.0,0.0,EUR
2023-07-24,52.54999923706055,52.54999923706055,0.0,0.0,EUR
2023-07-25,52.900001525878906,52.900001525878906,0.0,0.0,EUR
2023-07-26,52.93000030517578,52.93000030517578,0.0,0.0,EUR
2023-07-27,53.470001220703125,53.470001220703125,0.0,0.0,EUR
2023-07-28,53.31999969482422,53.31999969482422,0.0,0.0,EUR
2023-07-31,53.599998474121094,53.599998474121094,0.0,0.0,EUR
2023-08-01,53.59000015258789,53.59000015258789,0.0,0.0,EUR
2023-08-02,53.220001220703125,53.220001220703125,0.0,0.0,EUR
2023-08-03,53.04999923706055,53.04999923706055,0.0,0.0,EUR
2023-08-04,53.209999084472656,53.209999084472656,0.0,0.0,EUR
2023-08-07,53.189998626708984,53.189998626708984,0.0,0.0,EUR
2023-08-08,52.63999938964844,52.63999938964844,0.0,0.0,EUR
2023-08-09,52.79999923706055,52.79999923706055,0.0,0.0,EUR
2023-08-10,52.81999969482422,52.81999969482422,0.0,0.0,EUR
2023-08-11,52.68000030517578,52.68000030517578,0.0,0.0,EUR
2023-08-14,52.65999984741211,52.65999984741211,0.0,0.0,EUR
2023-08-15,52.15999984741211,52.15999984741211,0.0,0.0,EUR
2023-08-16,51.939998626708984,51.939998626708984,0.0,0.0,EUR
2023-08-17,51.540000915527344,51.540000915527344,0.0,0.0,EUR
2023-08-18,51.369998931884766,51.369998931884766,0.0,0.0,EUR
2023-08-21,50.91999816894531,50.91999816894531,0.0,0.0,EUR
2023-08-22,51.0099983215332,51.0099983215332,0.0,0.0,EUR
2023-08-23,51.16999816894531,51.16999816894531,0.0,0.0,EUR
2023-08-24,51.20000076293945,51.20000076293945,0.0,0.0,EUR
2023-08-25,51.220001220703125,51.220001220703125,0.0,0.0,EUR
2023-08-28,51.7599983215332,51.7599983215332,0.0,0.0,EUR
2023-08-29,52.150001525878906,52.150001525878906,0.0,0.0,EUR
2023-08-30,52.119998931884766,52.119998931884766,0.0,0.0,EUR
2023-08-31,52.72999954223633,52.72999954223633,0.0,0.0,EUR
2023-09-01,53.439998626708984,53.439998626708984,0.0,0.0,EUR
2023-09-04,53.150001525878906,53.150001525878906,0.0,0.0,EUR
2023-09-05,52.81999969482422,52.81999969482422,0.0,0.0,EUR
2023-09-06,52.060001373291016,52.060001373291016,0.0,0.0,EUR
2023-09-07,51.72999954223633,51.72999954223633,0.0,0.0,EUR
2023-09-08,51.7400016784668,51.7400016784668,0.0,0.0,EUR
2023-09-11,51.56999969482422,51.56999969482422,0.0,0.0,EUR
2023-09-12,51.72999954223633,51.72999954223633,0.0,0.0,EUR
2023-09-13,51.400001525878906,51.400001525878906,0.0,0.0,EUR
2023-09-14,52.34000015258789,52.34000015258789,0.0,0.0,EUR
2023-09-15,52.04999923706055,52.04999923706055,0.0,0.0,EUR
2023-09-18,51.84000015258789,51.84000015258789,0.0,0.0,EUR
2023-09-19,51.59000015258789,51.59000015258789,0.0,0.0,EUR
2023-09-20,51.88999938964844,51.88999938964844,0.0,0.0,EUR
2023-09-21,50.90999984741211,50.90999984741211,0.0,0.0,EUR
2023-09-22,50.630001068115234,50.630001068115234,0.0,0.0,EUR
2023-09-25,50.95000076293945,50.95000076293945,0.0,0.0,EUR
2023-09-26,50.58000183105469,50.58000183105469,0.0,0.0,EUR
2023-09-27,50.90999984741211,50.90999984741211,0.0,0.0,EUR
2023-09-28,51.150001525878906,51.150001525878906,0.0,0.0,EUR
2023-09-29,51.349998474121094,51.349998474121094,0.0,0.0,EUR
2023-10-02,50.86000061035156,50.86000061035156,0.0,0.0,EUR
2023-10-03,49.7400016784668,49.7400016784668,0.0,0.0,EUR
2023-10-04,49.19499969482422,49.19499969482422,0.0,0.0,EUR
2023-10-05,49.20000076293945,49.20000076293945,0.0,0.0,EUR
2023-10-06,49.310001373291016,49.310001373291016,0.0,0.0,EUR
2023-10-09,49.834999084472656,49.834999084472656,0.0,0.0,EUR
2023-10-10,50.540000915527344,50.540000915527344,0.0,0.0,EUR
2023-10-11,50.22999954223633,50.22999954223633,0.0,0.0,EUR
2023-10-12,49.974998474121094,49.974998474121094,0.0,0.0,EUR
2023-10-13,49.724998474121094,49.724998474121094,0.0,0.0,EUR
2023-10-16,50.119998931884766,50.119998931884766,0.0,0.0,EUR
2023-10-17,50.86000061035156,50.86000061035156,0.0,0.0,EUR
2023-10-18,50.13999938964844,50.13999938964844,0.0,0.0,EUR
2023-10-19,49.58000183105469,49.58000183105469,0.0,0.0,EUR
2023-10-20,48.41999816894531,48.41999816894531,0.0,0.0,EUR
2023-10-23,48.16999816894531,48.16999816894531,0.0,0.0,EUR
2023-10-24,47.96500015258789,47.96500015258789,0.0,0.0,EUR
2023-10-25,47.494998931884766,47.494998931884766,0.0,0.0,EUR
2023-10-26,48.185001373291016,48.185001373291016,0.0,0.0,EUR
2023-10-27,47.435001373291016,47.435001373291016,0.0,0.0,EUR
2023-10-30,47.27000045776367,47.27000045776367,0.0,0.0,EUR
2023-10-31,47.88999938964844,47.88999938964844,0.0,0.0,EUR
2023-11-01,47.994998931884766,47.994998931884766,0.0,0.0,EUR
2023-11-02,48.900001525878906,48.900001525878906,0.0,0.0,EUR
2023-11-03,50.189998626708984,50.189998626708984,0.0,0.0,EUR
2023-11-06,49.459999084472656,49.459999084472656,0.0,0.0,EUR
2023-11-07,49.540000915527344,49.540000915527344,0.0,0.0,EUR
2023-11-08,48.994998931884766,48.994998931884766,0.0,0.0,EUR
2023-11-09,48.83000183105469,48.83000183105469,0.0,0.0,EUR
2023-11-10,48.45000076293945,48.45000076293945,0.0,0.0,EUR
2023-11-13,48.744998931884766,48.744998931884766,0.0,0.0,EUR
2023-11-14,50.58000183105469,50.58000183105469,0.0,0.0,EUR
2023-11-15,51.029998779296875,51.029998779296875,0.0,0.0,EUR
2023-11-16,49.90999984741211,49.90999984741211,0.0,0.0,EUR
2023-11-17,50.43000030517578,50.43000030517578,0.0,0.0,EUR
2023-11-20,50.400001525878906,50.400001525878906,0.0,0.0,EUR
2023-11-21,50.09000015258789,50.09000015258789,0.0,0.0,EUR
2023-11-22,50.560001373291016,50.560001373291016,0.0,0.0,EUR
2023-11-23,50.369998931884766,50.369998931884766,0.0,0.0,EUR
2023-11-24,50.400001525878906,50.400001525878906,0.0,0.0,EUR
2023-11-27,50.290000915527344,50.290000915527344,0.0,0.0,EUR
2023-11-28,50.150001525878906,50.150001525878906,0.0,0.0,EUR
2023-11-29,50.52000045776367,50.52000045776367,0.0,0.0,EUR
2023-11-30,50.880001068115234,50.880001068115234,0.0,0.0,EUR
2023-12-01,51.9900016784668,51.9900016784668,0.0,0.0,EUR
2023-12-04,51.9900016784668,51.9900016784668,0.0,0.0,EUR
2023-12-05,51.9900016784668,51.9900016784668,0.0,0.0,EUR
2023-12-06,51.9900016784668,51.9900016784668,0.0,0.0,EUR
2023-12-07,52.970001220703125,52.970001220703125,0.0,0.0,EUR
2023-12-08,53.56999969482422,53.56999969482422,0.0,0.0,EUR
2023-12-11,53.779998779296875,53.779998779296875,0.0,0.0,EUR
2023-12-12,53.40999984741211,53.40999984741211,0.0,0.0,EUR
2023-12-13,53.439998626708984,53.439998626708984,0.0,0.0,EUR
2023-12-14,56.119998931884766,56.119998931884766,0.0,0.0,EUR
2023-12-15,56.22999954223633,56.22999954223633,0.0,0.0,EUR
2023-12-18,56.02000045776367,56.02000045776367,0.0,0.0,EUR
2023-12-19,56.439998626708984,56.439998626708984,0.0,0.0,EUR
2023-12-20,57.040000915527344,57.040000915527344,0.0,0.0,EUR
2023-12-21,56.220001220703125,56.220001220703125,0.0,0.0,EUR
2023-12-22,56.77000045776367,56.77000045776367,0.0,0.0,EUR
2023-12-27,56.83000183105469,56.83000183105469,0.0,0.0,EUR
2023-12-28,56.93000030517578,56.93000030517578,0.0,0.0,EUR
2023-12-29,57.150001525878906,57.150001525878906,0.0,0.0,EUR
2024-01-02,57.04999923706055,57.04999923706055,0.0,0.0,EUR
2024-01-03,56.029998779296875,56.029998779296875,0.0,0.0,EUR
2024-01-04,55.380001068115234,55.380001068115234,0.0,0.0,EUR
2024-01-05,55.45000076293945,55.45000076293945,0.0,0.0,EUR
2024-01-08,55.540000915527344,55.540000915527344,0.0,0.0,EUR
2024-01-09,55.560001373291016,55.560001373291016,0.0,0.0,EUR
2024-01-10,55.29999923706055,55.29999923706055,0.0,0.0,EUR
2024-01-11,54.63999938964844,54.63999938964844,0.0,0.0,EUR
2024-01-12,54.88999938964844,54.88999938964844,0.0,0.0,EUR
2024-01-15,54.900001525878906,54.900001525878906,0.0,0.0,EUR
2024-01-16,54.81999969482422,54.81999969482422,0.0,0.0,EUR
2024-01-17,54.2599983215332,54.2599983215332,0.0,0.0,EUR
2024-01-18,54.31999969482422,54.31999969482422,0.0,0.0,EUR
2024-01-19,54.220001220703125,54.220001220703125,0.0,0.0,EUR
2024-01-22,55.7599983215332,55.7599983215332,0.0,0.0,EUR
2024-01-23,55.83000183105469,55.83000183105469,0.0,0.0,EUR
2024-01-24,55.869998931884766,55.869998931884766,0.0,0.0,EUR
2024-01-25,56.02000045776367,56.02000045776367,0.0,0.0,EUR
2024-01-26,56.2400016784668,56.2400016784668,0.0,0.0,EUR
2024-01-29,56.5,56.5,0.0,0.0,EUR
2024-01-30,56.66999816894531,56.66999816894531,0.0,0.0,EUR
2024-01-31,56.150001525878906,56.150001525878906,0.0,0.0,EUR
2024-02-01,54.86000061035156,54.86000061035156,0.0,0.0,EUR
2024-02-02,55.619998931884766,55.619998931884766,0.0,0.0,EUR
2024-02-05,54.970001220703125,54.970001220703125,0.0,0.0,EUR
2024-02-06,55.45000076293945,55.45000076293945,0.0,0.0,EUR
2024-02-07,55.02000045776367,55.02000045776367,0.0,0.0,EUR
2024-02-08,55.45000076293945,55.45000076293945,0.0,0.0,EUR
2024-02-09,55.599998474121094,55.599998474121094,0.0,0.0,EUR
2024-02-12,57.34000015258789,57.34000015258789,0.0,0.0,EUR
2024-02-13,56.04999923706055,56.04999923706055,0.0,0.0,EUR
2024-02-14,56.029998779296875,56.029998779296875,0.0,0.0,EUR
2024-02-15,57.040000915527344,57.040000915527344,0.0,0.0,EUR
2024-02-16,57.150001525878906,57.150001525878906,0.0,0.0,EUR
2024-02-19,56.529998779296875,56.529998779296875,0.0,0.0,EUR
2024-02-20,56.2400016784668,56.2400016784668,0.0,0.0,EUR
2024-02-21,55.939998626708984,55.939998626708984,0.0,0.0,EUR
2024-02-22,56.209999084472656,56.209999084472656,0.0,0.0,EUR
2024-02-23,56.41999816894531,56.41999816894531,0.0,0.0,EUR
2024-02-26,56.2400016784668,56.2400016784668,0.0,0.0,EUR
2024-02-27,56.720001220703125,56.720001220703125,0.0,0.0,EUR
2024-02-28,56.709999084472656,56.709999084472656,0.0,0.0,EUR
2024-02-29,56.91999816894531,56.91999816894531,0.0,0.0,EUR
2024-03-01,57.099998474121094,57.099998474121094,0.0,0.0,EUR
2024-03-04,57.29999923706055,57.29999923706055,0.0,0.0,EUR
2024-03-05,57.189998626708984,57.189998626708984,0.0,0.0,EUR
2024-03-06,56.90999984741211,56.90999984741211,0.0,0.0,EUR
2024-03-07,57.099998474121094,57.099998474121094,0.0,0.0,EUR
2024-03-08,57.310001373291016,57.310001373291016,0.0,0.0,EUR
2024-03-11,57.060001373291016,57.060001373291016,0.0,0.0,EUR
2024-03-12,56.88999938964844,56.88999938964844,0.0,0.0,EUR
2024-03-13,57.220001220703125,57.220001220703125,0.0,0.0,EUR
2024-03-14,56.41999816894531,56.41999816894531,0.0,0.0,EUR
2024-03-15,56.459999084472656,56.459999084472656,0.0,0.0,EUR
2024-03-18,56.68000030517578,56.68000030517578,0.0,0.0,EUR
2024-03-19,56.93000030517578,56.93000030517578,0.0,0.0,EUR
2024-03-20,57.04999923706055,57.04999923706055,0.0,0.0,EUR
2024-03-21,58.54999923706055,58.54999923706055,0.0,0.0,EUR
2024-03-22,58.2400016784668,58.2400016784668,0.0,0.0,EUR
2024-03-25,58.310001373291016,58.310001373291016,0.0,0.0,EUR
2024-03-26,58.20000076293945,58.20000076293945,0.0,0.0,EUR
2024-03-27,58.9900016784668,58.9900016784668,0.0,0.0,EUR
2024-03-28,59.91999816894531,59.91999816894531,0.0,0.0,EUR
2024-04-02,58.400001525878906,58.400001525878906,0.0,0.0,EUR
2024-04-03,58.45000076293945,58.45000076293945,0.0,0.0,EUR
2024-04-04,58.66999816894531,58.66999816894531,0.0,0.0,EUR
2024-04-05,57.90999984741211,57.90999984741211,0.0,0.0,EUR
2024-04-08,58.27000045776367,58.27000045776367,0.0,0.0,EUR
2024-04-09,58.220001220703125,58.220001220703125,0.0,0.0,EUR
2024-04-10,57.66999816894531,57.66999816894531,0.0,0.0,EUR
2024-04-11,57.38999938964844,57.38999938964844,0.0,0.0,EUR
2024-04-12,57.5,57.5,0.0,0.0,EUR
2024-04-15,57.08000183105469,57.08000183105469,0.0,0.0,EUR
2024-04-16,56.209999084472656,56.209999084472656,0.0,0.0,EUR
2024-04-17,55.939998626708984,55.939998626708984,0.0,0.0,EUR
2024-04-18,56.209999084472656,56.209999084472656,0.0,0.0,EUR
2024-04-19,56.099998474121094,56.099998474121094,0.0,0.0,EUR
2024-04-22,56.540000915527344,56.540000915527344,0.0,0.0,EUR
2024-04-23,57.45000076293945,57.45000076293945,0.0,0.0,EUR
2024-04-24,57.16999816894531,57.16999816894531,0.0,0.0,EUR
2024-04-25,56.439998626708984,56.439998626708984,0.0,0.0,EUR
2024-04-26,57.209999084472656,57.209999084472656,0.0,0.0,EUR
2024-04-29,57.36000061035156,57.36000061035156,0.0,0.0,EUR
2024-04-30,57.029998779296875,57.029998779296875,0.0,0.0,EUR
2024-05-02,57.040000915527344,57.040000915527344,0.0,0.0,EUR
2024-05-03,57.650001525878906,57.650001525878906,0.0,0.0,EUR
2024-05-06,58.22999954223633,58.22999954223633,0.0,0.0,EUR
2024-05-07,58.68000030517578,58.68000030517578,0.0,0.0,EUR
2024-05-08,58.29999923706055,58.29999923706055,0.0,0.0,EUR
2024-05-09,58.619998931884766,58.619998931884766,0.0,0.0,EUR
2024-05-10,58.720001220703125,58.720001220703125,0.0,0.0,EUR
2024-05-13,59.119998931884766,59.119998931884766,0.0,0.0,EUR
2024-05-14,59.36000061035156,59.36000061035156,0.0,0.0,EUR
2024-05-15,59.40999984741211,59.40999984741211,0.0,0.0,EUR
2024-05-16,59.15999984741211,59.15999984741211,0.0,0.0,EUR
2024-05-17,59.06999969482422,59.06999969482422,0.0,0.0,EUR
2024-05-20,59.380001068115234,59.380001068115234,0.0,0.0,EUR
2024-05-21,58.939998626708984,58.939998626708984,0.0,0.0,EUR
2024-05-22,58.810001373291016,58.810001373291016,0.0,0.0,EUR
2024-05-23,58.220001220703125,58.220001220703125,0.0,0.0,EUR
2024-05-24,58.04999923706055,58.04999923706055,0.0,0.0,EUR
2024-05-27,58.34000015258789,58.34000015258789,0.0,0.0,EUR
2024-05-28,58.0,58.0,0.0,0.0,EUR
2024-05-29,57.2599983215332,57.2599983215332,0.0,0.0,EUR
2024-05-30,57.83000183105469,57.83000183105469,0.0,0.0,EUR
2024-05-31,58.040000915527344,58.040000915527344,0.0,0.0,EUR
2024-06-03,58.15999984741211,58.15999984741211,0.0,0.0,EUR
2024-06-04,57.310001373291016,57.310001373291016,0.0,0.0,EUR
2024-06-05,57.56999969482422,57.56999969482422,0.0,0.0,EUR
2024-06-06,57.529998779296875,57.529998779296875,0.0,0.0,EUR
2024-06-07,57.369998931884766,57.369998931884766,0.0,0.0,EUR
2024-06-10,57.38999938964844,57.38999938964844,0.0,0.0,EUR
2024-06-11,57.25,57.25,0.0,0.0,EUR
2024-06-12,58.11000061035156,58.11000061035156,0.0,0.0,EUR
2024-06-13,57.18000030517578,57.18000030517578,0.0,0.0,EUR
2024-06-14,56.7400016784668,56.7400016784668,0.0,0.0,EUR
2024-06-17,56.52000045776367,56.52000045776367,0.0,0.0,EUR
2024-06-18,57.130001068115234,57.130001068115234,0.0,0.0,EUR
2024-06-19,56.84000015258789,56.84000015258789,0.0,0.0,EUR
2024-06-20,57.279998779296875,57.279998779296875,0.0,0.0,EUR
2024-06-21,57.25,57.25,0.0,0.0,EUR
2024-06-24,57.95000076293945,57.95000076293945,0.0,0.0,EUR
2024-06-25,57.040000915527344,57.040000915527344,0.0,0.0,EUR
2024-06-26,56.97999954223633,56.97999954223633,0.0,0.0,EUR
2024-06-27,56.91999816894531,56.91999816894531,0.0,0.0,EUR
2024-06-28,57.61000061035156,57.61000061035156,0.0,0.0,EUR
2024-07-01,56.97999954223633,56.97999954223633,0.0,0.0,EUR
2024-07-02,57.06999969482422,57.06999969482422,0.0,0.0,EUR
2024-07-03,56.97999954223633,56.97999954223633,0.0,0.0,EUR
2024-07-04,56.869998931884766,56.869998931884766,0.0,0.0,EUR
2024-07-05,56.20000076293945,56.20000076293945,0.0,0.0,EUR
2024-07-08,56.43000030517578,56.43000030517578,0.0,0.0,EUR
2024-07-09,56.209999084472656,56.209999084472656,0.0,0.0,EUR
2024-07-10,56.43000030517578,56.43000030517578,0.0,0.0,EUR
2024-07-11,58.369998931884766,58.369998931884766,0.0,0.0,EUR
2024-07-12,59.099998474121094,59.099998474121094,0.0,0.0,EUR
2024-07-15,59.75,59.75,0.0,0.0,EUR
2024-07-16,60.93000030517578,60.93000030517578,0.0,0.0,EUR
2024-07-17,61.33000183105469,61.33000183105469,0.0,0.0,EUR
2024-07-18,61.33000183105469,61.33000183105469,0.0,0.0,EUR
2024-07-19,59.93000030517578,59.93000030517578,0.0,0.0,EUR
2024-07-22,60.22999954223633,60.22999954223633,0.0,0.0,EUR
2024-07-23,61.36000061035156,61.36000061035156,0.0,0.0,EUR
2024-07-24,61.36000061035156,61.36000061035156,0.0,0.0,EUR
2024-07-25,61.43000030517578,61.43000030517578,0.0,0.0,EUR
2024-07-26,61.88999938964844,61.88999938964844,0.0,0.0,EUR
2024-07-29,62.13999938964844,62.13999938964844,0.0,0.0,EUR
2024-07-30,62.650001525878906,62.650001525878906,0.0,0.0,EUR
2024-07-31,63.27000045776367,63.27000045776367,0.0,0.0,EUR
2024-08-01,61.619998931884766,61.619998931884766,0.0,0.0,EUR
2024-08-02,58.47999954223633,58.47999954223633,0.0,0.0,EUR
2024-08-05,56.72999954223633,56.72999954223633,0.0,0.0,EUR
2024-08-06,57.63999938964844,57.63999938964844,0.0,0.0,EUR
2024-08-07,58.58000183105469,58.58000183105469,0.0,0.0,EUR
2024-08-08,58.29999923706055,58.29999923706055,0.0,0.0,EUR
2024-08-09,58.27000045776367,58.27000045776367,0.0,0.0,EUR
2024-08-12,57.68000030517578,57.68000030517578,0.0,0.0,EUR
2024-08-13,57.93000030517578,57.93000030517578,0.0,0.0,EUR
2024-08-14,58.16999816894531,58.16999816894531,0.0,0.0,EUR
2024-08-15,59.630001068115234,59.630001068115234,0.0,0.0,EUR
2024-08-16,59.56999969482422,59.56999969482422,0.0,0.0,EUR
2024-08-19,59.86000061035156,59.86000061035156,0.0,0.0,EUR
2024-08-20,59.029998779296875,59.029998779296875,0.0,0.0,EUR
2024-08-21,59.220001220703125,59.220001220703125,0.0,0.0,EUR
2024-08-22,59.47999954223633,59.47999954223633,0.0,0.0,EUR
2024-08-23,60.81999969482422,60.81999969482422,0.0,0.0,EUR
2024-08-26,60.77000045776367,60.77000045776367,0.0,0.0,EUR
2024-08-27,60.220001220703125,60.220001220703125,0.0,0.0,EUR
2024-08-28,60.29999923706055,60.29999923706055,0.0,0.0,EUR
2024-08-29,61.0099983215332,61.0099983215332,0.0,0.0,EUR
2024-08-30,60.83000183105469,60.83000183105469,0.0,0.0,EUR
2024-09-02,61.2599983215332,61.2599983215332,0.0,0.0,EUR
2024-09-03,60.400001525878906,60.400001525878906,0.0,0.0,EUR
2024-09-04,59.7599983215332,59.7599983215332,0.0,0.0,EUR
2024-09-05,59.099998474121094,59.099998474121094,0.0,0.0,EUR
2024-09-06,58.310001373291016,58.310001373291016,0.0,0.0,EUR
2024-09-09,58.63999938964844,58.63999938964844,0.0,0.0,EUR
2024-09-10,58.04999923706055,58.04999923706055,0.0,0.0,EUR
2024-09-11,57.5099983215332,57.5099983215332,0.0,0.0,EUR
2024-09-12,58.880001068115234,58.880001068115234,0.0,0.0,EUR
2024-09-13,59.9900016784668,59.9900016784668,0.0,0.0,EUR
2024-09-16,60.029998779296875,60.029998779296875,0.0,0.0,EUR
2024-09-17,61.40999984741211,61.40999984741211,0.0,0.0,EUR
2024-09-18,60.93000030517578,60.93000030517578,0.0,0.0,EUR
2024-09-19,61.79999923706055,61.79999923706055,0.0,0.0,EUR
2024-09-20,61.400001525878906,61.400001525878906,0.0,0.0,EUR
2024-09-23,61.34000015258789,61.34000015258789,0.0,0.0,EUR
2024-09-24,61.68000030517578,61.68000030517578,0.0,0.0,EUR
2024-09-25,61.08000183105469,61.08000183105469,0.0,0.0,EUR
2024-09-26,61.220001220703125,61.220001220703125,0.0,0.0,EUR
2024-09-27,62.209999084472656,62.209999084472656,0.0,0.0,EUR
2024-09-30,61.66999816894531,61.66999816894531,0.0,0.0,EUR
2024-10-01,61.52000045776367,61.52000045776367,0.0,0.0,EUR
2024-10-02,61.599998474121094,61.599998474121094,0.0,0.0,EUR
2024-10-03,61.25,61.25,0.0,0.0,EUR
2024-10-04,62.060001373291016,62.060001373291016,0.0,0.0,EUR
2024-10-07,61.7400016784668,61.7400016784668,0.0,0.0,EUR
2024-10-08,61.630001068115234,61.630001068115234,0.0,0.0,EUR
2024-10-09,62.36000061035156,62.36000061035156,0.0,0.0,EUR
2024-10-10,61.84000015258789,61.84000015258789,0.0,0.0,EUR
2024-10-11,62.7599983215332,62.7599983215332,0.0,0.0,EUR
2024-10-14,63.13999938964844,63.13999938964844,0.0,0.0,EUR
2024-10-15,64.06999969482422,64.06999969482422,0.0,0.0,EUR
2024-10-16,64.54000091552734,64.54000091552734,0.0,0.0,EUR
2024-10-17,64.56999969482422,64.56999969482422,0.0,0.0,EUR
2024-10-18,64.61000061035156,64.61000061035156,0.0,0.0,EUR
2024-10-21,63.689998626708984,63.689998626708984,0.0,0.0,EUR
2024-10-22,63.36000061035156,63.36000061035156,0.0,0.0,EUR
2024-10-23,63.27000045776367,63.27000045776367,0.0,0.0,EUR
2024-10-24,63.13999938964844,63.13999938964844,0.0,0.0,EUR
2024-10-25,63.040000915527344,63.040000915527344,0.0,0.0,EUR
2024-10-28,63.61000061035156,63.61000061035156,0.0,0.0,EUR
2024-10-29,63.40999984741211,63.40999984741211,0.0,0.0,EUR
2024-10-30,63.689998626708984,63.689998626708984,0.0,0.0,EUR
2024-10-31,62.939998626708984,62.939998626708984,0.0,0.0,EUR
2024-11-01,62.95000076293945,62.95000076293945,0.0,0.0,EUR
2024-11-04,62.93000030517578,62.93000030517578,0.0,0.0,EUR
2024-11-05,63.09000015258789,63.09000015258789,0.0,0.0,EUR
2024-11-06,67.63999938964844,67.63999938964844,0.0,0.0,EUR
2024-11-07,67.86000061035156,67.86000061035156,0.0,0.0,EUR
2024-11-08,68.12999725341797,68.12999725341797,0.0,0.0,EUR
2024-11-11,69.75,69.75,0.0,0.0,EUR
2024-11-12,69.25,69.25,0.0,0.0,EUR
2024-11-13,69.45999908447266,69.45999908447266,0.0,0.0,EUR
2024-11-14,68.52999877929688,68.52999877929688,0.0,0.0,EUR
2024-11-15,67.66000366210938,67.66000366210938,0.0,0.0,EUR
2024-11-18,67.9000015258789,67.9000015258789,0.0,0.0,EUR
2024-11-19,67.16999816894531,67.16999816894531,0.0,0.0,EUR
2024-11-20,67.5,67.5,0.0,0.0,EUR
2024-11-21,69.18000030517578,69.18000030517578,0.0,0.0,EUR
2024-11-22,70.83000183105469,70.83000183105469,0.0,0.0,EUR
2024-11-25,71.98999786376953,71.98999786376953,0.0,0.0,EUR
2024-11-26,71.0199966430664,71.0199966430664,0.0,0.0,EUR
2024-11-27,70.52999877929688,70.52999877929688,0.0,0.0,EUR
2024-11-28,70.9800033569336,70.9800033569336,0.0,0.0,EUR
2024-11-29,70.79000091552734,70.79000091552734,0.0,0.0,EUR
2024-12-02,71.04000091552734,71.04000091552734,0.0,0.0,EUR
2024-12-03,70.3499984741211,70.3499984741211,0.0,0.0,EUR
2024-12-04,70.41000366210938,70.41000366210938,0.0,0.0,EUR
2024-12-05,69.8499984741211,69.8499984741211,0.0,0.0,EUR
2024-12-06,69.25,69.25,0.0,0.0,EUR
2024-12-09,69.61000061035156,69.61000061035156,0.0,0.0,EUR
2024-12-10,69.69999694824219,69.69999694824219,0.0,0.0,EUR
2024-12-11,69.56999969482422,69.56999969482422,0.0,0.0,EUR
2024-12-12,69.37999725341797,69.37999725341797,0.0,0.0,EUR
2024-12-13,68.68000030517578,68.68000030517578,0.0,0.0,EUR
2024-12-16,68.5999984741211,68.5999984741211,0.0,0.0,EUR
2024-12-17,67.68000030517578,67.68000030517578,0.0,0.0,EUR
2024-12-18,67.87999725341797,67.87999725341797,0.0,0.0,EUR
2024-12-19,65.62000274658203,65.62000274658203,0.0,0.0,EUR
2024-12-20,65.98999786376953,65.98999786376953,0.0,0.0,EUR
2024-12-23,65.33000183105469,65.33000183105469,0.0,0.0,EUR
2024-12-27,65.69000244140625,65.69000244140625,0.0,0.0,EUR
2024-12-30,65.19000244140625,65.19000244140625,0.0,0.0,EUR
2025-01-02,67.05000305175781,67.05000305175781,0.0,0.0,EUR
2025-01-03,66.44000244140625,66.44000244140625,0.0,0.0,EUR
2025-01-06,67.18000030517578,67.18000030517578,0.0,0.0,EUR
2025-01-07,66.29000091552734,66.29000091552734,0.0,0.0,EUR
2025-01-08,66.23999786376953,66.23999786376953,0.0,0.0,EUR
2025-01-09,66.4800033569336,66.4800033569336,0.0,0.0,EUR
2025-01-10,65.62999725341797,65.62999725341797,0.0,0.0,EUR
2025-01-13,66.05999755859375,66.05999755859375,0.0,0.0,EUR
2025-01-14,66.48999786376953,66.48999786376953,0.0,0.0,EUR
2025-01-15,68.05999755859375,68.05999755859375,0.0,0.0,EUR
2025-01-16,68.1500015258789,68.1500015258789,0.0,0.0,EUR
2025-01-17,68.62000274658203,68.62000274658203,0.0,0.0,EUR
2025-01-20,68.52999877929688,68.52999877929688,0.0,0.0,EUR
2025-01-21,68.7699966430664,68.7699966430664,0.0,0.0,EUR
2025-01-22,68.48999786376953,68.48999786376953,0.0,0.0,EUR
2025-01-23,68.55000305175781,68.55000305175781,0.0,0.0,EUR
2025-01-24,68.11000061035156,68.11000061035156,0.0,0.0,EUR
2025-01-27,67.80000305175781,67.80000305175781,0.0,0.0,EUR
2025-01-28,67.97000122070312,67.97000122070312,0.0,0.0,EUR
2025-01-29,68.37000274658203,68.37000274658203,0.0,0.0,EUR
2025-01-30,68.80999755859375,68.80999755859375,0.0,0.0,EUR
2025-01-31,68.83000183105469,68.83000183105469,0.0,0.0,EUR
2025-02-03,68.0999984741211,68.0999984741211,0.0,0.0,EUR
2025-02-04,67.79000091552734,67.79000091552734,0.0,0.0,EUR
2025-02-05,67.9800033569336,67.9800033569336,0.0,0.0,EUR
2025-02-06,68.79000091552734,68.79000091552734,0.0,0.0,EUR
2025-02-07,67.91000366210938,67.91000366210938,0.0,0.0,EUR
2025-02-10,68.08000183105469,68.08000183105469,0.0,0.0,EUR
2025-02-11,67.97000122070312,67.97000122070312,0.0,0.0,EUR
2025-02-12,66.94000244140625,66.94000244140625,0.0,0.0,EUR
2025-02-13,66.95999908447266,66.95999908447266,0.0,0.0,EUR
2025-02-14,67.18000030517578,67.18000030517578,0.0,0.0,EUR
2025-02-17,67.31999969482422,67.31999969482422,0.0,0.0,EUR
2025-02-18,67.69000244140625,67.69000244140625,0.0,0.0,EUR
2025-02-19,67.81999969482422,67.81999969482422,0.0,0.0,EUR
2025-02-20,66.45999908447266,66.45999908447266,0.0,0.0,EUR
2025-02-21,66.3499984741211,66.3499984741211,0.0,0.0,EUR
2025-02-24,65.5,65.5,0.0,0.0,EUR
2025-02-25,64.62999725341797,64.62999725341797,0.0,0.0,EUR
2025-02-26,65.37999725341797,65.37999725341797,0.0,0.0,EUR
2025-02-27,65.5,65.5,0.0,0.0,EUR
2025-02-28,65.05999755859375,65.05999755859375,0.0,0.0,EUR
2025-03-03,64.5199966430664,64.5199966430664,0.0,0.0,EUR
2025-03-04,61.25,61.25,0.0,0.0,EUR
2025-03-05,60.06999969482422,60.06999969482422,0.0,0.0,EUR
2025-03-06,60.65999984741211,60.65999984741211,0.0,0.0,EUR
2025-03-07,59.529998779296875,59.529998779296875,0.0,0.0,EUR
2025-03-10,59.790000915527344,59.790000915527344,0.0,0.0,EUR
2025-03-11,58.130001068115234,58.130001068115234,0.0,0.0,EUR
2025-03-12,58.2599983215332,58.2599983215332,0.0,0.0,EUR
2025-03-13,57.84000015258789,57.84000015258789,0.0,0.0,EUR
2025-03-14,58.599998474121094,58.599998474121094,0.0,0.0,EUR
2025-03-17,59.41999816894531,59.41999816894531,0.0,0.0,EUR
2025-03-18,59.11000061035156,59.11000061035156,0.0,0.0,EUR
2025-03-19,59.900001525878906,59.900001525878906,0.0,0.0,EUR
2025-03-20,60.29999923706055,60.29999923706055,0.0,0.0,EUR
2025-03-21,59.709999084472656,59.709999084472656,0.0,0.0,EUR
2025-03-24,60.9900016784668,60.9900016784668,0.0,0.0,EUR
2025-03-25,61.13999938964844,61.13999938964844,0.0,0.0,EUR
2025-03-26,61.040000915527344,61.040000915527344,0.0,0.0,EUR
2025-03-27,60.560001373291016,60.560001373291016,0.0,0.0,EUR
2025-03-28,59.04999923706055,59.04999923706055,0.0,0.0,EUR
2025-03-31,59.060001373291016,59.060001373291016,0.0,0.0,EUR
2025-04-01,59.5,59.5,0.0,0.0,EUR
2025-04-02,59.599998474121094,59.599998474121094,0.0,0.0,EUR
2025-04-03,55.0,55.0,0.0,0.0,EUR
2025-04-04,52.20000076293945,52.20000076293945,0.0,0.0,EUR
2025-04-07,51.560001373291016,51.560001373291016,0.0,0.0,EUR
2025-04-08,52.779998779296875,52.779998779296875,0.0,0.0,EUR
2025-04-09,49.56999969482422,49.56999969482422,0.0,0.0,EUR
2025-04-10,50.959999084472656,50.959999084472656,0.0,0.0,EUR
2025-04-11,49.63999938964844,49.63999938964844,0.0,0.0,EUR
2025-04-14,51.33000183105469,51.33000183105469,0.0,0.0,EUR
2025-04-15,52.099998474121094,52.099998474121094,0.0,0.0,EUR
2025-04-16,51.869998931884766,51.869998931884766,0.0,0.0,EUR
2025-04-17,51.59000015258789,51.59000015258789,0.0,0.0,EUR
2025-04-22,51.29999923706055,51.29999923706055,0.0,0.0,EUR
2025-04-23,53.119998931884766,53.119998931884766,0.0,0.0,EUR
2025-04-24,53.38999938964844,53.38999938964844,0.0,0.0,EUR
2025-04-25,53.41999816894531,53.41999816894531,0.0,0.0,EUR
2025-04-28,53.68000030517578,53.68000030517578,0.0,0.0,EUR
2025-04-29,53.7599983215332,53.7599983215332,0.0,0.0,EUR
2025-04-30,53.720001220703125,53.720001220703125,0.0,0.0,EUR
2025-05-02,55.08000183105469,55.08000183105469,0.0,0.0,EUR
2025-05-05,55.5,55.5,0.0,0.0,EUR
2025-05-06,55.08000183105469,55.08000183105469,0.0,0.0,EUR
2025-05-07,55.099998474121094,55.099998474121094,0.0,0.0,EUR
2025-05-08,56.34000015258789,56.34000015258789,0.0,0.0,EUR
2025-05-09,56.470001220703125,56.470001220703125,0.0,0.0,EUR
2025-05-12,59.11000061035156,59.11000061035156,0.0,0.0,EUR
2025-05-13,59.5,59.5,0.0,0.0,EUR
2025-05-14,58.959999084472656,58.959999084472656,0.0,0.0,EUR
2025-05-15,58.88999938964844,58.88999938964844,0.0,0.0,EUR
2025-05-16,59.41999816894531,59.41999816894531,0.0,0.0,EUR
2025-05-19,58.619998931884766,58.619998931884766,0.0,0.0,EUR
2025-05-20,58.970001220703125,58.970001220703125,0.0,0.0,EUR
2025-05-21,57.56999969482422,57.56999969482422,0.0,0.0,EUR
2025-05-22,56.75,56.75,0.0,0.0,EUR
2025-05-23,56.27000045776367,56.27000045776367,0.0,0.0,EUR
2025-05-26,56.810001373291016,56.810001373291016,0.0,0.0,EUR
2025-05-27,57.59000015258789,57.59000015258789,0.0,0.0,EUR
2025-05-28,57.630001068115234,57.630001068115234,0.0,0.0,EUR
2025-05-29,57.029998779296875,57.029998779296875,0.0,0.0,EUR
2025-05-30,57.060001373291016,57.060001373291016,0.0,0.0,EUR
2025-06-02,56.220001220703125,56.220001220703125,0.0,0.0,EUR
2025-06-03,57.470001220703125,57.470001220703125,0.0,0.0,EUR
2025-06-04,57.22999954223633,57.22999954223633,0.0,0.0,EUR
2025-06-05,57.119998931884766,57.119998931884766,0.0,0.0,EUR
2025-06-06,57.86000061035156,57.86000061035156,0.0,0.0,EUR
2025-06-09,58.27000045776367,58.27000045776367,0.0,0.0,EUR
2025-06-10,59.08000183105469,59.08000183105469,0.0,0.0,EUR
2025-06-11,58.720001220703125,58.720001220703125,0.0,0.0,EUR
2025-06-12,57.540000915527344,57.540000915527344,0.0,0.0,EUR
2025-06-13,57.40999984741211,57.40999984741211,0.0,0.0,EUR
2025-06-16,57.5,57.5,0.0,0.0,EUR
2025-06-17,57.4900016784668,57.4900016784668,0.0,0.0,EUR
2025-06-18,57.75,57.75,0.0,0.0,EUR
2025-06-19,56.939998626708984,56.939998626708984,0.0,0.0,EUR
2025-06-20,57.650001525878906,57.650001525878906,0.0,0.0,EUR
2025-06-23,57.349998474121094,57.349998474121094,0.0,0.0,EUR
2025-06-24,58.09000015258789,58.09000015258789,0.0,0.0,EUR
2025-06-25,57.54999923706055,57.54999923706055,0.0,0.0,EUR
2025-06-26,57.709999084472656,57.709999084472656,0.0,0.0,EUR
2025-06-27,58.150001525878906,58.150001525878906,0.0,0.0,EUR
2025-06-30,57.79999923706055,57.79999923706055,0.0,0.0,EUR
2025-07-01,58.83000183105469,58.83000183105469,0.0,0.0,EUR
2025-07-02,59.41999816894531,59.41999816894531,0.0,0.0,EUR
2025-07-03,60.209999084472656,60.209999084472656,0.0,0.0,EUR
2025-07-04,59.52000045776367,59.52000045776367,0.0,0.0,EUR
2025-07-07,59.790000915527344,59.790000915527344,0.0,0.0,EUR
2025-07-08,60.369998931884766,60.369998931884766,0.0,0.0,EUR
2025-07-09,60.209999084472656,60.209999084472656,0.0,0.0,EUR
2025-07-10,61.459999084472656,61.459999084472656,0.0,0.0,EUR
2025-07-11,60.70000076293945,60.70000076293945,0.0,0.0,EUR
2025-07-14,60.439998626708984,60.439998626708984,0.0,0.0,EUR
2025-07-15,60.540000915527344,60.540000915527344,0.0,0.0,EUR
2025-07-16,58.619998931884766,58.619998931884766,0.0,0.0,EUR
2025-07-17,60.59000015258789,60.59000015258789,0.0,0.0,EUR
2025-07-18,60.18000030517578,60.18000030517578,0.0,0.0,EUR
2025-07-21,60.45000076293945,60.45000076293945,0.0,0.0,EUR
2025-07-22,60.560001373291016,60.560001373291016,0.0,0.0,EUR
2025-07-23,61.189998626708984,61.189998626708984,0.0,0.0,EUR
2025-07-24,60.72999954223633,60.72999954223633,0.0,0.0,EUR
2025-07-25,60.45000076293945,60.45000076293945,0.0,0.0,EUR
2025-07-28,61.40999984741211,61.40999984741211,0.0,0.0,EUR
2025-07-29,61.34000015258789,61.34000015258789,0.0,0.0,EUR
2025-07-30,61.58000183105469,61.58000183105469,0.0,0.0,EUR
2025-07-31,60.75,60.75,0.0,0.0,EUR
2025-08-01,58.5,58.5,0.0,0.0,EUR
2025-08-04,59.38999938964844,59.38999938964844,0.0,0.0,EUR
2025-08-05,59.290000915527344,59.290000915527344,0.0,0.0,EUR
2025-08-06,59.47999954223633,59.47999954223633,0.0,0.0,EUR
2025-08-07,58.93000030517578,58.93000030517578,0.0,0.0,EUR
2025-08-08,59.209999084472656,59.209999084472656,0.0,0.0,EUR
2025-08-11,59.29999923706055,59.29999923706055,0.0,0.0,EUR
2025-08-12,60.290000915527344,60.290000915527344,0.0,0.0,EUR
2025-08-13,61.22999954223633,61.22999954223633,0.0,0.0,EUR
2025-08-14,61.40999984741211,61.40999984741211,0.0,0.0,EUR
2025-08-15,61.0099983215332,61.0099983215332,0.0,0.0,EUR
2025-08-18,61.20000076293945,61.20000076293945,0.0,0.0,EUR
2025-08-19,61.619998931884766,61.619998931884766,0.0,0.0,EUR
2025-08-20,61.150001525878906,61.150001525878906,0.0,0.0,EUR
2025-08-21,61.310001373291016,61.310001373291016,0.0,0.0,EUR
2025-08-22,63.209999084472656,63.209999084472656,0.0,0.0,EUR
2025-08-25,63.2400016784668,63.2400016784668,0.0,0.0,EUR
2025-08-26,63.45000076293945,63.45000076293945,0.0,0.0,EUR
2025-08-27,63.97999954223633,63.97999954223633,0.0,0.0,EUR
2025-08-28,63.459999084472656,63.459999084472656,0.0,0.0,EUR
2025-08-29,63.38999938964844,63.38999938964844,0.0,0.0,EUR
2025-09-01,63.58000183105469,63.58000183105469,0.0,0.0,EUR
2025-09-02,62.939998626708984,62.939998626708984,0.0,0.0,EUR
2025-09-03,63.029998779296875,63.029998779296875,0.0,0.0,EUR
2025-09-04,63.88999938964844,63.88999938964844,0.0,0.0,EUR
2025-09-05,63.900001525878906,63.900001525878906,0.0,0.0,EUR
2025-09-08,63.959999084472656,63.959999084472656,0.0,0.0,EUR
2025-09-09,63.77000045776367,63.77000045776367,0.0,0.0,EUR
2025-09-10,63.5,63.5,0.0,0.0,EUR
2025-09-11,64.58999633789062,64.58999633789062,0.0,0.0,EUR
2025-09-12,64.36000061035156,64.36000061035156,0.0,0.0,EUR
2025-09-15,64.0999984741211,64.0999984741211,0.0,0.0,EUR
2025-09-16,63.279998779296875,63.279998779296875,0.0,0.0,EUR
2025-09-17,64.08999633789062,64.08999633789062,0.0,0.0,EUR
2025-09-18,64.5999984741211,64.5999984741211,0.0,0.0,EUR
2025-09-19,64.31999969482422,64.31999969482422,0.0,0.0,EUR
2025-09-22,64.16000366210938,64.16000366210938,0.0,0.0,EUR
2025-09-23,64.69000244140625,64.69000244140625,0.0,0.0,EUR
2025-09-24,64.43000030517578,64.43000030517578,0.0,0.0,EUR
2025-09-25,64.0,64.0,0.0,0.0,EUR
2025-09-26,64.30000305175781,64.30000305175781,0.0,0.0,EUR
2025-09-29,63.91999816894531,63.91999816894531,0.0,0.0,EUR
2025-09-30,63.630001068115234,63.630001068115234,0.0,0.0,EUR
2025-10-01,64.45999908447266,64.45999908447266,0.0,0.0,EUR
2025-10-02,64.4800033569336,64.4800033569336,0.0,0.0,EUR
2025-10-03,65.2300033569336,65.2300033569336,0.0,0.0,EUR
2025-10-06,65.66999816894531,65.66999816894531,0.0,0.0,EUR
2025-10-07,64.70999908447266,64.70999908447266,0.0,0.0,EUR
2025-10-08,65.4800033569336,65.4800033569336,0.0,0.0,EUR
2025-10-09,65.13999938964844,65.13999938964844,0.0,0.0,EUR
2025-10-10,63.08000183105469,63.08000183105469,0.0,0.0,EUR
2025-10-13,63.970001220703125,63.970001220703125,0.0,0.0,EUR
2025-10-14,64.08999633789062,64.08999633789062,0.0,0.0,EUR
2025-10-15,64.7699966430664,64.7699966430664,0.0,0.0,EUR
2025-10-16,64.22000122070312,64.22000122070312,0.0,0.0,EUR
2025-10-17,63.189998626708984,63.189998626708984,0.0,0.0,EUR
2025-10-20,64.38999938964844,64.38999938964844,0.0,0.0,EUR
2025-10-21,65.06999969482422,65.06999969482422,0.0,0.0,EUR
2025-10-22,64.75,64.75,0.0,0.0,EUR
2025-10-23,65.12000274658203,65.12000274658203,0.0,0.0,EUR
2025-10-27,65.87000274658203,65.87000274658203,0.0,0.0,EUR
2025-10-28,65.55000305175781,65.55000305175781,0.0,0.0,EUR
2025-10-29,65.73999786376953,65.73999786376953,0.0,0.0,EUR
2025-10-30,65.22000122070312,65.22000122070312,0.0,0.0,EUR
2025-10-31,64.73999786376953,64.73999786376953,0.0,0.0,EUR
2025-11-03,64.8499984741211,64.8499984741211,0.0,0.0,EUR
2025-11-04,64.76000213623047,64.76000213623047,0.0,0.0,EUR
2025-11-05,65.11000061035156,65.11000061035156,0.0,0.0,EUR
2025-11-06,64.41999816894531,64.41999816894531,0.0,0.0,EUR
2025-11-07,63.90999984741211,63.90999984741211,0.0,0.0,EUR
2025-11-10,65.55000305175781,65.55000305175781,0.0,0.0,EUR
2025-11-11,65.8499984741211,65.8499984741211,0.0,0.0,EUR
2025-11-12,66.2300033569336,66.2300033569336,0.0,0.0,EUR
2025-11-13,65.23999786376953,65.23999786376953,0.0,0.0,EUR
2025-11-14,64.77999877929688,64.77999877929688,0.0,0.0,EUR
2025-11-17,64.4000015258789,64.4000015258789,0.0,0.0,EUR
2025-11-18,63.41999816894531,63.41999816894531,0.0,0.0,EUR
2025-11-19,63.56999969482422,63.56999969482422,0.0,0.0,EUR
2025-11-20,63.66999816894531,63.66999816894531,0.0,0.0,EUR
2025-11-21,63.90999984741211,63.90999984741211,0.0,0.0,EUR
2025-11-24,64.91999816894531,64.91999816894531,0.0,0.0,EUR
2025-11-25,66.33999633789062,66.33999633789062,0.0,0.0,EUR
2025-11-26,66.86000061035156,66.86000061035156,0.0,0.0,EUR
2025-11-27,66.75,66.75,0.0,0.0,EUR
2025-11-28,66.95999908447266,66.95999908447266,0.0,0.0,EUR
2025-12-01,66.95999908447266,66.95999908447266,0.0,0.0,EUR
2025-12-02,66.66999816894531,66.66999816894531,0.0,0.0,EUR
2025-12-03,67.05000305175781,67.05000305175781,0.0,0.0,EUR
2025-12-04,67.11000061035156,67.11000061035156,0.0,0.0,EUR
2025-12-05,67.45999908447266,67.45999908447266,0.0,0.0,EUR
2025-12-08,67.19999694824219,67.19999694824219,0.0,0.0,EUR
2025-12-09,67.33000183105469,67.33000183105469,0.0,0.0,EUR
2025-12-10,67.44000244140625,67.44000244140625,0.0,0.0,EUR
2025-12-11,68.29000091552734,68.29000091552734,0.0,0.0,EUR
2025-12-12,68.0999984741211,68.0999984741211,0.0,0.0,EUR
2025-12-15,67.43000030517578,67.43000030517578,0.0,0.0,EUR
2025-12-16,67.06999969482422,67.06999969482422,0.0,0.0,EUR
2025-12-17,67.12000274658203,67.12000274658203,0.0,0.0,EUR
2025-12-18,67.62999725341797,67.62999725341797,0.0,0.0,EUR
2025-12-19,67.44999694824219,67.44999694824219,0.0,0.0,EUR
2025-12-22,67.7300033569336,67.7300033569336,0.0,0.0,EUR
2025-12-23,67.0,67.0,0.0,0.0,EUR
2025-12-29,67.0,67.0,0.0,0.0,EUR
2025-12-30,67.13999938964844,67.13999938964844,0.0,0.0,EUR
2026-01-02,66.8499984741211,66.8499984741211,0.0,0.0,EUR
2026-01-05,67.87000274658203,67.87000274658203,0.0,0.0,EUR
2026-01-06,68.70999908447266,68.70999908447266,0.0,0.0,EUR
2026-01-07,68.66000366210938,68.66000366210938,0.0,0.0,EUR
2026-01-08,69.62000274658203,69.62000274658203,0.0,0.0,EUR
2026-01-09,70.33000183105469,70.33000183105469,0.0,0.0,EUR
2026-01-12,70.16999816894531,70.16999816894531,0.0,0.0,EUR
2026-01-13,70.29000091552734,70.29000091552734,0.0,0.0,EUR
2026-01-14,70.80000305175781,70.80000305175781,0.0,0.0,EUR
2026-01-15,71.91999816894531,71.91999816894531,0.0,0.0,EUR
2026-01-16,71.63999938964844,71.63999938964844,0.0,0.0,EUR
2026-01-19,70.5,70.5,0.0,0.0,EUR
2026-01-20,70.11000061035156,70.11000061035156,0.0,0.0,EUR
2026-01-21,71.0999984741211,71.0999984741211,0.0,0.0,EUR
2026-01-22,72.0199966430664,72.0199966430664,0.0,0.0,EUR
2026-01-23,70.77999877929688,70.77999877929688,0.0,0.0,EUR
2026-01-26,69.61000061035156,69.61000061035156,0.0,0.0,EUR
2026-01-27,69.08000183105469,69.08000183105469,0.0,0.0,EUR
2026-01-28,69.22000122070312,69.22000122070312,0.0,0.0,EUR
2026-01-29,69.0,69.0,0.0,0.0,EUR
2026-01-30,69.01000213623047,69.01000213623047,0.0,0.0,EUR
2026-02-02,70.33999633789062,70.33999633789062,0.0,0.0,EUR
2026-02-03,70.87999725341797,70.87999725341797,0.0,0.0,EUR
2026-02-04,72.0199966430664,72.0199966430664,0.0,0.0,EUR
2026-02-05,71.33000183105469,71.33000183105469,0.0,0.0,EUR
2026-02-06,72.68000030517578,72.68000030517578,0.0,0.0,EUR
2026-02-09,72.36000061035156,72.36000061035156,0.0,0.0,EUR
2026-02-10,72.58000183105469,72.58000183105469,0.0,0.0,EUR
2026-02-11,72.47000122070312,72.47000122070312,0.0,0.0,EUR
2026-02-12,71.58000183105469,71.58000183105469,0.0,0.0,EUR
2026-02-13,72.22000122070312,72.22000122070312,0.0,0.0,EUR
2026-02-16,72.30999755859375,72.30999755859375,0.0,0.0,EUR
2026-02-17,72.06999969482422,72.06999969482422,0.0,0.0,EUR
2026-02-18,72.9000015258789,72.9000015258789,0.0,0.0,EUR
2026-02-19,72.7699966430664,72.7699966430664,0.0,0.0,EUR
2026-02-20,72.62999725341797,72.62999725341797,0.0,0.0,EUR
2026-02-23,71.36000061035156,71.36000061035156,0.0,0.0,EUR
2026-02-24,71.7699966430664,71.7699966430664,0.0,0.0,EUR
2026-02-25,71.62999725341797,71.62999725341797,0.0,0.0,EUR
2026-02-26,72.2300033569336,72.2300033569336,0.0,0.0,EUR
2026-02-27,71.62000274658203,71.62000274658203,0.0,0.0,EUR
2026-03-02,72.19000244140625,72.19000244140625,0.0,0.0,EUR
2026-03-03,71.69999694824219,71.69999694824219,0.0,0.0,EUR
2026-03-04,72.31999969482422,72.31999969482422,0.0,0.0,EUR
2026-03-05,72.0999984741211,72.0999984741211,0.0,0.0,EUR
2026-03-09,69.3499984741211,69.3499984741211,0.0,0.0,EUR
2026-03-10,70.47000122070312,70.47000122070312,0.0,0.0,EUR
2026-03-11,69.93000030517578,69.93000030517578,0.0,0.0,EUR
2026-03-12,69.80999755859375,69.80999755859375,0.0,0.0,EUR
2026-03-13,69.81999969482422,69.81999969482422,0.0,0.0,EUR
2026-03-16,69.88999938964844,69.88999938964844,0.0,0.0,EUR
2026-03-17,70.12999725341797,70.12999725341797,0.0,0.0,EUR
2026-03-18,69.93000030517578,69.93000030517578,0.0,0.0,EUR
2026-03-19,69.05000305175781,69.05000305175781,0.0,0.0,EUR
2026-03-20,68.62000274658203,68.62000274658203,0.0,0.0,EUR
2026-03-23,69.23999786376953,69.23999786376953,0.0,0.0,EUR
2026-03-24,70.2300033569336,70.2300033569336,0.0,0.0,EUR
2026-03-25,70.5,70.5,0.0,0.0,EUR
2026-03-26,70.72000122070312,70.72000122070312,0.0,0.0,EUR
2026-03-27,70.12999725341797,70.12999725341797,0.0,0.0,EUR
2026-03-30,70.4800033569336,70.4800033569336,0.0,0.0,EUR
2026-03-31,70.04000091552734,70.04000091552734,0.0,0.0,EUR
2026-04-01,70.80000305175781,70.80000305175781,0.0,0.0,EUR
2026-04-02,71.04000091552734,71.04000091552734,0.0,0.0,EUR
2026-04-07,71.2699966430664,71.2699966430664,0.0,0.0,EUR
2026-04-08,72.1500015258789,72.1500015258789,0.0,0.0,EUR
2026-04-09,72.33999633789062,72.33999633789062,0.0,0.0,EUR
2026-04-10,72.19000244140625,72.19000244140625,0.0,0.0,EUR
2026-04-13,72.20999908447266,72.20999908447266,0.0,0.0,EUR
2026-04-14,72.69999694824219,72.69999694824219,0.0,0.0,EUR
2026-04-15,72.37000274658203,72.37000274658203,0.0,0.0,EUR
2026-04-16,72.76000213623047,72.76000213623047,0.0,0.0,EUR
2026-04-17,73.94999694824219,73.94999694824219,0.0,0.0,EUR
2026-04-20,74.37999725341797,74.37999725341797,0.0,0.0,EUR
2026-04-21,74.55000305175781,74.55000305175781,0.0,0.0,EUR
2026-04-22,74.69999694824219,74.69999694824219,0.0,0.0,EUR
2026-04-23,74.68000030517578,74.68000030517578,0.0,0.0,EUR
2026-04-24,74.41000366210938,74.41000366210938,0.0,0.0,EUR
2026-04-27,74.55000305175781,74.55000305175781,0.0,0.0,EUR
2026-04-28,74.54000091552734,74.54000091552734,0.0,0.0,EUR
2026-04-29,74.33999633789062,74.33999633789062,0.0,0.0,EUR
2026-04-30,74.9800033569336,74.9800033569336,0.0,0.0,EUR
2026-05-04,74.77999877929688,74.77999877929688,0.0,0.0,EUR
2026-05-05,75.2300033569336,75.2300033569336,0.0,0.0,EUR
2026-05-06,75.6500015258789,75.6500015258789,0.0,0.0,EUR
2026-05-07,75.01000213623047,75.01000213623047,0.0,0.0,EUR
2026-05-08,74.91999816894531,74.91999816894531,0.0,0.0,EUR
2026-05-11,74.55999755859375,74.55999755859375,0.0,0.0,EUR
2026-05-12,73.69999694824219,73.69999694824219,0.0,0.0,EUR
2026-05-13,73.95999908447266,73.95999908447266,0.0,0.0,EUR
2026-05-14,74.88999938964844,74.88999938964844,0.0,0.0,EUR
2026-05-15,73.97000122070312,73.97000122070312,0.0,0.0,EUR
2026-05-18,74.33999633789062,74.33999633789062,0.0,0.0,EUR
2026-05-19,73.7699966430664,73.7699966430664,0.0,0.0,EUR
2026-05-20,74.48999786376953,74.48999786376953,0.0,0.0,EUR
2026-05-21,74.55999755859375,74.55999755859375,0.0,0.0,EUR
2026-05-22,75.55999755859375,75.55999755859375,0.0,0.0,EUR
2026-05-25,76.19999694824219,76.19999694824219,0.0,0.0,EUR
2026-05-26,76.19999694824219,76.19999694824219,0.0,0.0,EUR
2026-05-27,76.45999908447266,76.45999908447266,0.0,0.0,EUR
2026-05-28,76.48999786376953,76.48999786376953,0.0,0.0,EUR
2026-05-29,76.11000061035156,76.11000061035156,0.0,0.0,EUR
2026-06-01,76.22000122070312,76.22000122070312,0.0,0.0,EUR
2026-06-02,76.55999755859375,76.55999755859375,0.0,0.0,EUR
2026-06-03,76.33999633789062,76.33999633789062,0.0,0.0,EUR
2026-06-04,76.93000030517578,76.93000030517578,0.0,0.0,EUR
2026-06-05,76.94000244140625,76.94000244140625,0.0,0.0,EUR
2026-06-08,77.19000244140625,77.19000244140625,0.0,0.0,EUR
2026-06-09,77.12999725341797,77.12999725341797,0.0,0.0,EUR
2026-06-10,77.8499984741211,77.8499984741211,0.0,0.0,EUR
2026-06-11,77.69000244140625,77.69000244140625,0.0,0.0,EUR
2026-06-12,79.26000213623047,79.26000213623047,0.0,0.0,EUR
2026-06-15,79.16999816894531,79.16999816894531,0.0,0.0,EUR
2026-06-16,78.76000213623047,78.76000213623047,0.0,0.0,EUR
2026-06-17,78.87999725341797,78.87999725341797,0.0,0.0,EUR
2026-06-18,78.75,78.75,0.0,0.0,EUR
2026-06-19,79.0,79.0,0.0,0.0,EUR
2026-06-22,79.2300033569336,79.2300033569336,0.0,0.0,EUR
2026-06-23,79.43000030517578,79.43000030517578,0.0,0.0,EUR
2026-06-24,80.66999816894531,80.66999816894531,0.0,0.0,EUR
2026-06-25,80.83000183105469,80.83000183105469,0.0,0.0,EUR
2026-06-26,81.25,81.25,0.0,0.0,EUR
2026-06-29,80.5,80.5,0.0,0.0,EUR
2026-06-30,80.87999725341797,80.87999725341797,0.0,0.0,EUR
2026-07-01,81.83999633789062,81.83999633789062,0.0,0.0,EUR
2026-07-02,80.79000091552734,80.79000091552734,0.0,0.0,EUR
2026-07-03,80.80999755859375,80.80999755859375,0.0,0.0,EUR
2026-07-06,81.01000213623047,81.01000213623047,0.0,0.0,EUR
2026-07-07,80.88999938964844,80.88999938964844,0.0,0.0,EUR
2026-07-08,79.41000366210938,79.41000366210938,0.0,0.0,EUR
2026-07-09,80.36000061035156,80.36000061035156,0.0,0.0,EUR
2026-07-10,80.63999938964844,80.63999938964844,0.0,0.0,EUR
2026-07-13,81.0999984741211,81.0999984741211,0.0,0.0,EUR
2026-07-14,80.48999786376953,80.48999786376953,0.0,0.0,EUR
2026-07-15,81.38999938964844,81.38999938964844,0.0,0.0,EUR
2026-07-16,82.37999725341797,82.37999725341797,0.0,0.0,EUR
2026-07-17,81.66999816894531,81.66999816894531,0.0,0.0,EUR
2026-07-20,81.58000183105469,81.58000183105469,0.0,0.0,EUR
2026-07-21,81.45999908447266,81.45999908447266,0.0,0.0,EUR
2026-07-22,81.76000213623047,81.76000213623047,0.0,0.0,EUR
2026-07-23,81.0199966430664,81.0199966430664,0.0,0.0,EUR
2026-07-24,82.26000213623047,82.26000213623047,0.0,0.0,EUR
2026-07-27,82.2699966430664,82.2699966430664,0.0,0.0,EUR
2026-07-28,83.30000305175781,83.30000305175781,0.0,0.0,EUR
2026-07-29,82.87999725341797,82.87999725341797,0.0,0.0,EUR
2026-07-30,81.05000305175781,81.05000305175781,0.0,0.0,EUR
2026-07-31,81.18000030517578,81.18000030517578,0.0,0.0,EUR
2026-08-03,82.45999908447266,82.45999908447266,0.0,0.0,EUR
2026-08-04,83.13999938964844,83.13999938964844,0.0,0.0,EUR
2026-08-05,82.98999786376953,82.98999786376953,0.0,0.0,EUR
2026-08-06,82.91000366210938,82.91000366210938,0.0,0.0,EUR
2026-08-07,82.75,82.75,0.0,0.0,EUR
2026-08-10,82.52999877929688,82.52999877929688,0.0,0.0,EUR
2026-08-11,82.83000183105469,82.83000183105469,0.0,0.0,EUR
2026-08-12,82.69000244140625,82.69000244140625,0.0,0.0,EUR
2026-08-13,83.13999938964844,83.13999938964844,0.0,0.0,EUR
2026-08-14,83.2699966430664,83.2699966430664,0.0,0.0,EUR
2026-08-17,82.6500015258789,82.6500015258789,0.0,0.0,EUR
2026-08-18,82.41999816894531,82.41999816894531,0.0,0.0,EUR
2026-08-19,82.4000015258789,82.4000015258789,0.0,0.0,EUR
2026-08-20,,,0.0,0.0,EUR
